CustomerID,tenure,MonthlyCharges,Contract,InternetService,TechSupport,PaymentMethod,PredictedChurn,RiskLevel,RecommendedAction,MonthlyRevenueAtRisk,ChurnProbabilityPct
7590-VHVEG,1,29.85,Month-to-month,DSL,No,Electronic check,1,High Risk,Offer annual contract discount + proactive support,29.85,72.02
5575-GNVDE,34,56.95,One year,DSL,No,Mailed check,0,Low Risk,Continue regular engagement,0.0,3.04
3668-QPYBK,2,53.85,Month-to-month,DSL,No,Mailed check,1,Medium Risk,Offer contract upgrade incentive,53.85,36.98
7795-CFOCW,45,42.3,One year,DSL,Yes,Bank transfer (automatic),0,Low Risk,Continue regular engagement,0.0,3.96
9237-HQITU,2,70.7,Month-to-month,Fiber optic,No,Electronic check,1,Medium Risk,Offer contract upgrade incentive,70.7,66.12
9305-CDSKC,8,99.65,Month-to-month,Fiber optic,No,Electronic check,1,High Risk,Offer annual contract discount + proactive support,99.65,91.87
1452-KIOVK,22,89.1,Month-to-month,Fiber optic,No,Credit card (automatic),1,Medium Risk,Offer contract upgrade incentive,89.1,41.76
6713-OKOMC,10,29.75,Month-to-month,DSL,No,Mailed check,0,Low Risk,Continue regular engagement,0.0,15.25
7892-POOKP,28,104.8,Month-to-month,Fiber optic,Yes,Electronic check,1,Medium Risk,Offer contract upgrade incentive,104.8,53.7
6388-TABGU,62,56.15,One year,DSL,No,Bank transfer (automatic),0,Low Risk,Continue regular engagement,0.0,2.32
9763-GRSKD,13,49.95,Month-to-month,DSL,No,Mailed check,0,Low Risk,Continue regular engagement,0.0,18.04
7469-LKBCI,16,18.95,Two year,No,No internet service,Credit card (automatic),0,Low Risk,Continue regular engagement,0.0,0.91
8091-TTVAX,58,100.35,One year,Fiber optic,No,Credit card (automatic),0,Low Risk,Continue regular engagement,0.0,19.22
0280-XJGEX,49,103.7,Month-to-month,Fiber optic,No,Bank transfer (automatic),1,Medium Risk,Offer contract upgrade incentive,103.7,51.27
5129-JLPIS,25,105.5,Month-to-month,Fiber optic,Yes,Electronic check,1,Medium Risk,Offer contract upgrade incentive,105.5,56.3
3655-SNQYZ,69,113.25,Two year,Fiber optic,Yes,Credit card (automatic),0,Low Risk,Continue regular engagement,0.0,3.79
8191-XWSZG,52,20.65,One year,No,No internet service,Mailed check,0,Low Risk,Continue regular engagement,0.0,2.68
9959-WOFKT,71,106.7,Two year,Fiber optic,No,Bank transfer (automatic),0,Low Risk,Continue regular engagement,0.0,6.73
4190-MFLUW,10,55.2,Month-to-month,DSL,Yes,Credit card (automatic),0,Low Risk,Continue regular engagement,0.0,18.71
4183-MYFRB,21,90.05,Month-to-month,Fiber optic,No,Electronic check,1,Medium Risk,Offer contract upgrade incentive,90.05,48.34
8779-QRDMV,1,39.65,Month-to-month,DSL,No,Electronic check,1,High Risk,Offer annual contract discount + proactive support,39.65,85.92
1680-VDCWW,12,19.8,One year,No,No internet service,Bank transfer (automatic),0,Low Risk,Continue regular engagement,0.0,3.22
1066-JKSGK,1,20.15,Month-to-month,No,No internet service,Mailed check,1,Medium Risk,Offer contract upgrade incentive,20.15,43.94
3638-WEABW,58,59.9,Two year,DSL,Yes,Credit card (automatic),0,Low Risk,Continue regular engagement,0.0,2.04
6322-HRPFA,49,59.6,Month-to-month,DSL,Yes,Credit card (automatic),0,Low Risk,Continue regular engagement,0.0,9.97
6865-JZNKO,30,55.3,Month-to-month,DSL,No,Bank transfer (automatic),0,Low Risk,Continue regular engagement,0.0,9.59
6467-CHFZW,47,99.35,Month-to-month,Fiber optic,No,Electronic check,1,Medium Risk,Offer contract upgrade incentive,99.35,56.09
8665-UTDHZ,1,30.2,Month-to-month,DSL,No,Electronic check,1,Medium Risk,Offer contract upgrade incentive,30.2,60.33
5248-YGIJN,72,90.25,Two year,DSL,Yes,Credit card (automatic),0,Low Risk,Continue regular engagement,0.0,0.42
8773-HHUOZ,17,64.7,Month-to-month,DSL,No,Mailed check,0,Low Risk,Continue regular engagement,0.0,25.6
3841-NFECX,71,96.35,Two year,Fiber optic,Yes,Credit card (automatic),0,Low Risk,Continue regular engagement,0.0,1.59
4929-XIHVW,2,95.5,Month-to-month,Fiber optic,No,Credit card (automatic),1,High Risk,Offer annual contract discount + proactive support,95.5,80.01
6827-IEAUQ,27,66.15,One year,DSL,Yes,Mailed check,0,Low Risk,Continue regular engagement,0.0,3.03
7310-EGVHZ,1,20.2,Month-to-month,No,No internet service,Bank transfer (automatic),0,Low Risk,Continue regular engagement,0.0,31.43
3413-BMNZE,1,45.25,Month-to-month,DSL,No,Bank transfer (automatic),1,Medium Risk,Offer contract upgrade incentive,45.25,58.42
6234-RAAPL,72,99.9,Two year,Fiber optic,Yes,Bank transfer (automatic),0,Low Risk,Continue regular engagement,0.0,0.85
6047-YHPVI,5,69.7,Month-to-month,Fiber optic,No,Electronic check,1,Medium Risk,Offer contract upgrade incentive,69.7,59.96
6572-ADKRS,46,74.8,Month-to-month,Fiber optic,No,Credit card (automatic),0,Low Risk,Continue regular engagement,0.0,25.25
5380-WJKOV,34,106.35,Month-to-month,Fiber optic,No,Electronic check,1,Medium Risk,Offer contract upgrade incentive,106.35,50.96
8168-UQWWF,11,97.85,Month-to-month,Fiber optic,No,Bank transfer (automatic),1,High Risk,Offer annual contract discount + proactive support,97.85,89.73
8865-TNMNX,10,49.55,One year,DSL,No,Mailed check,0,Low Risk,Continue regular engagement,0.0,8.68
9489-DEDVP,70,69.2,Two year,DSL,No,Credit card (automatic),0,Low Risk,Continue regular engagement,0.0,3.38
9867-JCZSP,17,20.75,One year,No,No internet service,Mailed check,0,Low Risk,Continue regular engagement,0.0,2.23
4671-VJLCL,63,79.85,Two year,DSL,Yes,Credit card (automatic),0,Low Risk,Continue regular engagement,0.0,1.87
4080-IIARD,13,76.2,Month-to-month,DSL,Yes,Electronic check,0,Low Risk,Continue regular engagement,0.0,24.98
3714-NTNFO,49,84.5,Month-to-month,Fiber optic,No,Electronic check,1,Medium Risk,Offer contract upgrade incentive,84.5,43.78
5948-UJZLF,2,49.25,Month-to-month,DSL,No,Mailed check,1,Medium Risk,Offer contract upgrade incentive,49.25,41.69
7760-OYPDY,2,80.65,Month-to-month,Fiber optic,No,Electronic check,1,Medium Risk,Offer contract upgrade incentive,80.65,69.9
7639-LIAYI,52,79.75,Two year,DSL,Yes,Credit card (automatic),0,Low Risk,Continue regular engagement,0.0,2.75
2954-PIBKO,69,64.15,Two year,DSL,Yes,Credit card (automatic),0,Low Risk,Continue regular engagement,0.0,1.16
8012-SOUDQ,43,90.25,Month-to-month,Fiber optic,No,Electronic check,1,Medium Risk,Offer contract upgrade incentive,90.25,45.2
9420-LOJKX,15,99.1,Month-to-month,Fiber optic,No,Credit card (automatic),1,Medium Risk,Offer contract upgrade incentive,99.1,61.91
6575-SUVOI,25,69.5,Month-to-month,DSL,Yes,Credit card (automatic),0,Low Risk,Continue regular engagement,0.0,11.31
7495-OOKFY,8,80.65,Month-to-month,Fiber optic,No,Credit card (automatic),1,High Risk,Offer annual contract discount + proactive support,80.65,70.71
4667-QONEA,60,74.85,One year,DSL,Yes,Credit card (automatic),0,Low Risk,Continue regular engagement,0.0,5.6
1658-BYGOY,18,95.45,Month-to-month,Fiber optic,No,Electronic check,1,High Risk,Offer annual contract discount + proactive support,95.45,71.29
8769-KKTPH,63,99.65,One year,Fiber optic,No,Credit card (automatic),0,Low Risk,Continue regular engagement,0.0,18.76
5067-XJQFU,66,108.45,One year,Fiber optic,Yes,Electronic check,0,Low Risk,Continue regular engagement,0.0,25.33
3957-SQXML,34,24.95,Two year,No,No internet service,Credit card (automatic),0,Low Risk,Continue regular engagement,0.0,1.4
5954-BDFSG,72,107.5,Two year,Fiber optic,Yes,Credit card (automatic),0,Low Risk,Continue regular engagement,0.0,6.72
0434-CSFON,47,100.5,Month-to-month,Fiber optic,No,Electronic check,1,Medium Risk,Offer contract upgrade incentive,100.5,56.44
1215-FIGMP,60,89.9,Month-to-month,Fiber optic,No,Bank transfer (automatic),0,Low Risk,Continue regular engagement,0.0,21.4
0526-SXDJP,72,42.1,Two year,DSL,No,Bank transfer (automatic),0,Low Risk,Continue regular engagement,0.0,1.35
0557-ASKVU,18,54.4,One year,DSL,Yes,Credit card (automatic),0,Low Risk,Continue regular engagement,0.0,8.21
5698-BQJOH,9,94.4,Month-to-month,Fiber optic,No,Electronic check,1,High Risk,Offer annual contract discount + proactive support,94.4,73.11
5122-CYFXA,3,75.3,Month-to-month,DSL,Yes,Electronic check,1,Medium Risk,Offer contract upgrade incentive,75.3,40.47
8627-ZYGSZ,47,78.9,One year,Fiber optic,No,Electronic check,0,Low Risk,Continue regular engagement,0.0,23.07
3410-YOQBQ,31,79.2,Two year,DSL,Yes,Mailed check,0,Low Risk,Continue regular engagement,0.0,2.57
3170-NMYVV,50,20.15,Two year,No,No internet service,Bank transfer (automatic),0,Low Risk,Continue regular engagement,0.0,0.9
7410-OIEDU,10,79.85,Month-to-month,Fiber optic,No,Mailed check,1,Medium Risk,Offer contract upgrade incentive,79.85,43.46
2273-QCKXA,1,49.05,Month-to-month,DSL,Yes,Mailed check,1,Medium Risk,Offer contract upgrade incentive,49.05,35.25
0731-EBJQB,52,20.4,One year,No,No internet service,Electronic check,0,Low Risk,Continue regular engagement,0.0,3.8
1891-QRQSA,64,111.6,Two year,Fiber optic,Yes,Bank transfer (automatic),0,Low Risk,Continue regular engagement,0.0,7.74
8028-PNXHQ,62,24.25,Two year,No,No internet service,Bank transfer (automatic),0,Low Risk,Continue regular engagement,0.0,1.0
5630-AHZIL,3,64.5,Month-to-month,DSL,Yes,Bank transfer (automatic),0,Low Risk,Continue regular engagement,0.0,20.91
2673-CXQEU,56,110.5,One year,Fiber optic,No,Electronic check,0,Low Risk,Continue regular engagement,0.0,18.74
6416-JNVRK,46,55.65,One year,DSL,No,Credit card (automatic),0,Low Risk,Continue regular engagement,0.0,10.95
5590-ZSKRV,8,54.65,Month-to-month,DSL,No,Mailed check,0,Low Risk,Continue regular engagement,0.0,14.32
0191-ZHSKZ,30,74.75,Month-to-month,DSL,No,Electronic check,0,Low Risk,Continue regular engagement,0.0,16.67
3887-PBQAO,45,25.9,One year,No,No internet service,Credit card (automatic),0,Low Risk,Continue regular engagement,0.0,4.88
5919-TMRGD,1,79.35,Month-to-month,Fiber optic,No,Electronic check,1,High Risk,Offer annual contract discount + proactive support,79.35,87.11
8108-UXRQN,11,50.55,Month-to-month,DSL,No,Electronic check,0,Low Risk,Continue regular engagement,0.0,25.56
9191-MYQKX,7,75.15,Month-to-month,Fiber optic,No,Bank transfer (automatic),1,Medium Risk,Offer contract upgrade incentive,75.15,53.66
9919-YLNNG,42,103.8,Month-to-month,Fiber optic,Yes,Bank transfer (automatic),0,Low Risk,Continue regular engagement,0.0,34.28
0318-ZOPWS,49,20.15,Two year,No,No internet service,Bank transfer (automatic),0,Low Risk,Continue regular engagement,0.0,1.74
4445-ZJNMU,9,99.3,Month-to-month,Fiber optic,No,Credit card (automatic),1,High Risk,Offer annual contract discount + proactive support,99.3,88.19
4808-YNLEU,35,62.15,One year,DSL,No,Bank transfer (automatic),0,Low Risk,Continue regular engagement,0.0,4.81
1862-QRWPE,48,20.65,Two year,No,No internet service,Bank transfer (automatic),0,Low Risk,Continue regular engagement,0.0,1.17
2796-NNUFI,46,19.95,Two year,No,No internet service,Mailed check,0,Low Risk,Continue regular engagement,0.0,1.07
3016-KSVCP,29,33.75,Month-to-month,DSL,No,Mailed check,0,Low Risk,Continue regular engagement,0.0,27.03
4767-HZZHQ,30,82.05,Month-to-month,Fiber optic,No,Bank transfer (automatic),0,Low Risk,Continue regular engagement,0.0,25.99
2424-WVHPL,1,74.7,Month-to-month,Fiber optic,Yes,Electronic check,1,Medium Risk,Offer contract upgrade incentive,74.7,60.86
7233-PAHHL,66,84.0,Two year,DSL,Yes,Mailed check,0,Low Risk,Continue regular engagement,0.0,2.08
6067-NGCEU,65,111.05,Month-to-month,Fiber optic,No,Credit card (automatic),0,Low Risk,Continue regular engagement,0.0,20.87
9848-JQJTX,72,100.9,Two year,Fiber optic,No,Bank transfer (automatic),0,Low Risk,Continue regular engagement,0.0,4.79
8637-XJIVR,12,78.95,Month-to-month,Fiber optic,No,Electronic check,1,Medium Risk,Offer contract upgrade incentive,78.95,54.02
9803-FTJCG,71,66.85,One year,DSL,Yes,Credit card (automatic),0,Low Risk,Continue regular engagement,0.0,1.62
0278-YXOOG,5,21.05,Month-to-month,No,No internet service,Mailed check,0,Low Risk,Continue regular engagement,0.0,11.12
3212-KXOCR,52,21.0,Two year,No,No internet service,Bank transfer (automatic),0,Low Risk,Continue regular engagement,0.0,1.6
4598-XLKNJ,25,98.5,Month-to-month,Fiber optic,No,Electronic check,1,High Risk,Offer annual contract discount + proactive support,98.5,72.9
6380-ARCEH,1,20.2,Month-to-month,No,No internet service,Mailed check,0,Low Risk,Continue regular engagement,0.0,33.1
3679-XASPY,1,19.45,Month-to-month,No,No internet service,Electronic check,1,Medium Risk,Offer contract upgrade incentive,19.45,48.25
7123-WQUHX,38,95.0,One year,Fiber optic,Yes,Bank transfer (automatic),0,Low Risk,Continue regular engagement,0.0,9.54
5386-THSLQ,66,45.55,One year,DSL,No,Bank transfer (automatic),0,Low Risk,Continue regular engagement,0.0,10.99
3192-NQECA,68,110.0,Two year,Fiber optic,Yes,Bank transfer (automatic),0,Low Risk,Continue regular engagement,0.0,22.9
6180-YBIQI,5,24.3,Month-to-month,DSL,No,Mailed check,1,Medium Risk,Offer contract upgrade incentive,24.3,37.04
6728-DKUCO,72,104.15,One year,Fiber optic,No,Electronic check,0,Low Risk,Continue regular engagement,0.0,5.12
9750-BOOHV,32,30.15,One year,DSL,No,Mailed check,0,Low Risk,Continue regular engagement,0.0,5.96
8597-CWYHH,43,94.35,One year,Fiber optic,No,Mailed check,0,Low Risk,Continue regular engagement,0.0,15.63
2848-YXSMW,72,19.4,Two year,No,No internet service,Credit card (automatic),0,Low Risk,Continue regular engagement,0.0,0.74
0486-HECZI,55,96.75,Month-to-month,Fiber optic,No,Electronic check,0,Low Risk,Continue regular engagement,0.0,34.84
4549-ZDQYY,52,57.95,One year,DSL,Yes,Credit card (automatic),0,Low Risk,Continue regular engagement,0.0,4.42
5712-AHQNN,43,91.65,Month-to-month,Fiber optic,No,Electronic check,0,Low Risk,Continue regular engagement,0.0,31.16
4846-WHAFZ,37,76.5,Month-to-month,Fiber optic,No,Electronic check,1,Medium Risk,Offer contract upgrade incentive,76.5,56.27
5256-SKJGO,64,54.6,Two year,DSL,Yes,Electronic check,0,Low Risk,Continue regular engagement,0.0,5.43
3071-VBYPO,3,89.85,Month-to-month,Fiber optic,No,Electronic check,0,Low Risk,Continue regular engagement,0.0,30.53
9560-BBZXK,36,31.05,Two year,DSL,No,Bank transfer (automatic),0,Low Risk,Continue regular engagement,0.0,3.02
5299-RULOA,10,100.25,Month-to-month,Fiber optic,No,Electronic check,1,High Risk,Offer annual contract discount + proactive support,100.25,86.83
8402-OOOHJ,41,20.65,Two year,No,No internet service,Mailed check,0,Low Risk,Continue regular engagement,0.0,0.97
9445-ZUEQE,27,85.2,Month-to-month,Fiber optic,Yes,Credit card (automatic),0,Low Risk,Continue regular engagement,0.0,28.85
1091-SOZGA,56,99.8,One year,Fiber optic,No,Credit card (automatic),0,Low Risk,Continue regular engagement,0.0,23.1
2928-HLDBA,6,20.7,Month-to-month,No,No internet service,Mailed check,0,Low Risk,Continue regular engagement,0.0,7.91
0404-SWRVG,3,74.4,Month-to-month,Fiber optic,No,Electronic check,1,High Risk,Offer annual contract discount + proactive support,74.4,72.04
6497-TILVL,7,50.7,Month-to-month,DSL,No,Mailed check,0,Low Risk,Continue regular engagement,0.0,14.19
7219-TLZHO,4,20.85,Month-to-month,No,No internet service,Mailed check,0,Low Risk,Continue regular engagement,0.0,9.7
4622-YNKIJ,33,88.95,Two year,Fiber optic,Yes,Electronic check,0,Low Risk,Continue regular engagement,0.0,4.55
4412-YLTKF,27,78.05,Month-to-month,Fiber optic,No,Electronic check,1,Medium Risk,Offer contract upgrade incentive,78.05,55.63
6734-PSBAW,72,23.55,Two year,No,No internet service,Bank transfer (automatic),0,Low Risk,Continue regular engagement,0.0,0.76
3930-ZGWVE,1,19.75,Month-to-month,No,No internet service,Mailed check,1,Medium Risk,Offer contract upgrade incentive,19.75,38.23
2639-UGMAZ,71,56.45,One year,DSL,No,Electronic check,0,Low Risk,Continue regular engagement,0.0,8.46
2876-GZYZC,13,85.95,Month-to-month,Fiber optic,No,Electronic check,1,Medium Risk,Offer contract upgrade incentive,85.95,67.63
6207-WIOLX,25,58.6,Month-to-month,DSL,No,Credit card (automatic),0,Low Risk,Continue regular engagement,0.0,20.54
8587-XYZSF,67,50.55,Two year,DSL,Yes,Bank transfer (automatic),0,Low Risk,Continue regular engagement,0.0,1.95
3091-FYHKI,1,35.45,Month-to-month,DSL,No,Electronic check,1,High Risk,Offer annual contract discount + proactive support,35.45,80.28
2372-HWUHI,2,44.35,Month-to-month,DSL,No,Electronic check,1,Medium Risk,Offer contract upgrade incentive,44.35,50.76
7799-LGRDP,43,25.7,Two year,No,No internet service,Credit card (automatic),0,Low Risk,Continue regular engagement,0.0,3.44
7850-VWJUU,23,75.0,Month-to-month,Fiber optic,No,Bank transfer (automatic),0,Low Risk,Continue regular engagement,0.0,20.95
3774-VBNXY,64,20.2,Two year,No,No internet service,Mailed check,0,Low Risk,Continue regular engagement,0.0,1.12
6217-KDYWC,57,19.6,Two year,No,No internet service,Mailed check,0,Low Risk,Continue regular engagement,0.0,1.84
0390-DCFDQ,1,70.45,Month-to-month,Fiber optic,No,Mailed check,1,High Risk,Offer annual contract discount + proactive support,70.45,78.94
3146-MSEGF,72,88.05,Two year,DSL,Yes,Credit card (automatic),0,Low Risk,Continue regular engagement,0.0,0.76
4080-OGPJL,8,71.15,Month-to-month,DSL,Yes,Electronic check,0,Low Risk,Continue regular engagement,0.0,22.86
1095-WGNGG,61,101.05,Two year,Fiber optic,No,Bank transfer (automatic),0,Low Risk,Continue regular engagement,0.0,3.97
2636-SJDOU,64,84.3,One year,Fiber optic,No,Credit card (automatic),0,Low Risk,Continue regular engagement,0.0,6.7
1131-QQZEB,71,23.95,Two year,No,No internet service,Bank transfer (automatic),0,Low Risk,Continue regular engagement,0.0,0.98
5716-EZXZN,65,99.05,Two year,Fiber optic,Yes,Credit card (automatic),0,Low Risk,Continue regular engagement,0.0,2.37
6837-BJYDQ,3,19.6,One year,No,No internet service,Mailed check,0,Low Risk,Continue regular engagement,0.0,4.07
2135-RXIHG,1,45.65,Month-to-month,DSL,No,Electronic check,1,High Risk,Offer annual contract discount + proactive support,45.65,72.27
6440-DKQGE,30,64.5,One year,DSL,No,Credit card (automatic),0,Low Risk,Continue regular engagement,0.0,4.41
3466-BYAVD,15,69.5,Month-to-month,DSL,Yes,Mailed check,0,Low Risk,Continue regular engagement,0.0,17.78
3780-YVMFA,8,68.55,Month-to-month,DSL,Yes,Electronic check,0,Low Risk,Continue regular engagement,0.0,31.69
3874-EQOEP,7,95.0,Month-to-month,Fiber optic,No,Mailed check,1,High Risk,Offer annual contract discount + proactive support,95.0,75.91
1679-JRFBR,70,108.15,One year,Fiber optic,No,Credit card (automatic),0,Low Risk,Continue regular engagement,0.0,11.76
9073-ZZIAY,62,86.1,Two year,DSL,Yes,Electronic check,0,Low Risk,Continue regular engagement,0.0,1.89
3077-RSNTJ,6,19.7,Month-to-month,No,No internet service,Mailed check,0,Low Risk,Continue regular engagement,0.0,9.68
6551-GNYDG,14,80.9,Month-to-month,Fiber optic,No,Bank transfer (automatic),1,Medium Risk,Offer contract upgrade incentive,80.9,45.0
9167-APMXZ,22,84.15,Month-to-month,Fiber optic,No,Bank transfer (automatic),1,Medium Risk,Offer contract upgrade incentive,84.15,44.22
2749-CTKAJ,22,20.15,One year,No,No internet service,Mailed check,0,Low Risk,Continue regular engagement,0.0,3.3
6371-NZYEG,16,64.25,Two year,DSL,No,Mailed check,0,Low Risk,Continue regular engagement,0.0,2.49
7554-NEWDD,10,25.7,Two year,No,No internet service,Bank transfer (automatic),0,Low Risk,Continue regular engagement,0.0,1.89
8992-VONJD,13,56.0,Month-to-month,DSL,No,Electronic check,0,Low Risk,Continue regular engagement,0.0,22.25
0867-MKZVY,20,82.4,Month-to-month,Fiber optic,No,Electronic check,0,Low Risk,Continue regular engagement,0.0,31.67
4482-EWFMI,2,69.7,Month-to-month,Fiber optic,No,Electronic check,1,Medium Risk,Offer contract upgrade incentive,69.7,66.25
4648-YPBTM,53,73.9,Two year,DSL,Yes,Bank transfer (automatic),0,Low Risk,Continue regular engagement,0.0,1.61
2907-ILJBN,11,20.6,One year,No,No internet service,Mailed check,0,Low Risk,Continue regular engagement,0.0,2.75
6345-FZOQH,69,19.9,Two year,No,No internet service,Mailed check,0,Low Risk,Continue regular engagement,0.0,0.92
3376-BMGFE,4,70.9,Month-to-month,Fiber optic,No,Bank transfer (automatic),1,Medium Risk,Offer contract upgrade incentive,70.9,57.9
5997-OPVFA,72,89.05,Two year,DSL,Yes,Bank transfer (automatic),0,Low Risk,Continue regular engagement,0.0,0.4
3445-HXXGF,58,45.3,Month-to-month,DSL,No,Electronic check,1,Medium Risk,Offer contract upgrade incentive,45.3,51.08
1159-WFSGR,16,20.4,Month-to-month,No,No internet service,Electronic check,0,Low Risk,Continue regular engagement,0.0,11.22
7654-YWJUF,43,84.25,One year,Fiber optic,Yes,Bank transfer (automatic),0,Low Risk,Continue regular engagement,0.0,7.88
1875-QIVME,2,104.4,Month-to-month,Fiber optic,Yes,Electronic check,1,High Risk,Offer annual contract discount + proactive support,104.4,76.4
6727-IOTLZ,14,81.95,Two year,DSL,Yes,Mailed check,0,Low Risk,Continue regular engagement,0.0,3.06
0691-JVSYA,53,94.85,One year,Fiber optic,No,Bank transfer (automatic),0,Low Risk,Continue regular engagement,0.0,18.7
5918-VUKWP,32,20.55,One year,No,No internet service,Bank transfer (automatic),0,Low Risk,Continue regular engagement,0.0,1.99
1744-JHKYS,34,24.7,Month-to-month,No,No internet service,Electronic check,0,Low Risk,Continue regular engagement,0.0,7.4
2656-FMOKZ,15,74.45,Month-to-month,Fiber optic,No,Mailed check,1,Medium Risk,Offer contract upgrade incentive,74.45,54.33
2070-FNEXE,7,76.45,Month-to-month,Fiber optic,No,Bank transfer (automatic),1,Medium Risk,Offer contract upgrade incentive,76.45,36.09
5947-SGKCL,15,105.35,Month-to-month,Fiber optic,No,Bank transfer (automatic),1,Medium Risk,Offer contract upgrade incentive,105.35,52.64
3712-PKXZA,61,20.55,One year,No,No internet service,Credit card (automatic),0,Low Risk,Continue regular engagement,0.0,1.89
6317-YPKDH,1,29.95,Month-to-month,DSL,No,Bank transfer (automatic),1,Medium Risk,Offer contract upgrade incentive,29.95,46.41
6582-OIVSP,1,45.3,Month-to-month,DSL,No,Mailed check,1,Medium Risk,Offer contract upgrade incentive,45.3,53.18
9367-WXLCH,8,84.5,Month-to-month,Fiber optic,No,Bank transfer (automatic),1,Medium Risk,Offer contract upgrade incentive,84.5,67.34
5524-KHNJP,33,74.75,One year,DSL,No,Credit card (automatic),0,Low Risk,Continue regular engagement,0.0,9.88
1918-ZBFQJ,13,79.25,Month-to-month,Fiber optic,No,Electronic check,1,Medium Risk,Offer contract upgrade incentive,79.25,61.67
1024-GUALD,1,24.8,Month-to-month,DSL,No,Electronic check,1,High Risk,Offer annual contract discount + proactive support,24.8,71.69
4827-USJHP,20,51.8,Month-to-month,DSL,No,Mailed check,0,Low Risk,Continue regular engagement,0.0,20.08
8167-GJLRN,3,30.4,Month-to-month,DSL,Yes,Electronic check,1,Medium Risk,Offer contract upgrade incentive,30.4,41.21
0956-SYCWG,13,19.65,One year,No,No internet service,Electronic check,0,Low Risk,Continue regular engagement,0.0,5.77
8017-UVSZU,40,56.6,Month-to-month,DSL,No,Credit card (automatic),0,Low Risk,Continue regular engagement,0.0,17.87
7100-FQPRV,43,71.9,One year,DSL,Yes,Credit card (automatic),0,Low Risk,Continue regular engagement,0.0,9.78
2472-OVKUP,6,91.0,Month-to-month,Fiber optic,No,Electronic check,1,High Risk,Offer annual contract discount + proactive support,91.0,71.53
2984-RGEYA,69,19.75,Two year,No,No internet service,Bank transfer (automatic),0,Low Risk,Continue regular engagement,0.0,1.25
9680-NIAUV,72,109.7,Two year,Fiber optic,No,Credit card (automatic),0,Low Risk,Continue regular engagement,0.0,1.18
2146-EGVDT,59,19.3,Two year,No,No internet service,Credit card (automatic),0,Low Risk,Continue regular engagement,0.0,1.34
2604-IJPDU,20,96.55,Month-to-month,Fiber optic,Yes,Electronic check,1,Medium Risk,Offer contract upgrade incentive,96.55,54.07
9178-JHUVJ,24,24.1,Two year,No,No internet service,Bank transfer (automatic),0,Low Risk,Continue regular engagement,0.0,1.3
6168-YBYNP,59,111.35,Month-to-month,Fiber optic,Yes,Electronic check,0,Low Risk,Continue regular engagement,0.0,32.42
7255-SSFBC,72,112.25,Two year,Fiber optic,Yes,Bank transfer (automatic),0,Low Risk,Continue regular engagement,0.0,2.56
3645-DEYGF,1,20.75,Month-to-month,No,No internet service,Mailed check,0,Low Risk,Continue regular engagement,0.0,30.15
9323-HGFWY,27,101.9,One year,Fiber optic,Yes,Credit card (automatic),0,Low Risk,Continue regular engagement,0.0,21.22
8544-GOQSH,14,80.05,Month-to-month,Fiber optic,Yes,Credit card (automatic),1,Medium Risk,Offer contract upgrade incentive,80.05,37.77
3363-DTIVD,71,105.55,Two year,Fiber optic,No,Electronic check,0,Low Risk,Continue regular engagement,0.0,7.03
7018-WBJNK,13,78.3,Month-to-month,Fiber optic,No,Credit card (automatic),1,Medium Risk,Offer contract upgrade incentive,78.3,45.81
9142-KZXOP,44,68.85,Month-to-month,Fiber optic,No,Credit card (automatic),0,Low Risk,Continue regular engagement,0.0,20.54
7674-YTAFD,33,79.95,One year,Fiber optic,Yes,Bank transfer (automatic),0,Low Risk,Continue regular engagement,0.0,11.48
6348-SNFUS,72,55.45,Two year,DSL,Yes,Credit card (automatic),0,Low Risk,Continue regular engagement,0.0,0.39
1285-OKIPP,1,79.9,Month-to-month,Fiber optic,No,Electronic check,1,High Risk,Offer annual contract discount + proactive support,79.9,83.35
7825-ECJRF,19,106.6,Month-to-month,Fiber optic,Yes,Electronic check,1,Medium Risk,Offer contract upgrade incentive,106.6,66.16
1347-KTTTA,64,102.45,One year,Fiber optic,Yes,Credit card (automatic),0,Low Risk,Continue regular engagement,0.0,15.17
7841-TZDMQ,2,46.0,Month-to-month,DSL,No,Credit card (automatic),1,Medium Risk,Offer contract upgrade incentive,46.0,51.24
4195-NZGTA,1,25.25,Month-to-month,DSL,No,Electronic check,1,Medium Risk,Offer contract upgrade incentive,25.25,58.12
7157-SMCFK,61,19.75,Two year,No,No internet service,Mailed check,0,Low Risk,Continue regular engagement,0.0,1.72
4709-LKHYG,29,20.0,One year,No,No internet service,Electronic check,0,Low Risk,Continue regular engagement,0.0,2.48
2504-DSHIH,23,86.8,Month-to-month,Fiber optic,No,Electronic check,1,Medium Risk,Offer contract upgrade incentive,86.8,46.82
0699-NDKJM,57,58.75,Month-to-month,DSL,No,Bank transfer (automatic),0,Low Risk,Continue regular engagement,0.0,14.09
9286-BHDQG,72,45.25,Two year,DSL,Yes,Credit card (automatic),0,Low Risk,Continue regular engagement,0.0,0.62
0230-WEQUW,66,56.6,Two year,DSL,Yes,Bank transfer (automatic),0,Low Risk,Continue regular engagement,0.0,1.33
2040-LDIWQ,65,84.2,Two year,DSL,Yes,Bank transfer (automatic),0,Low Risk,Continue regular engagement,0.0,3.21
6496-JDSSB,8,80.0,Month-to-month,Fiber optic,No,Bank transfer (automatic),1,Medium Risk,Offer contract upgrade incentive,80.0,58.93
9408-SSNVZ,4,70.15,Month-to-month,Fiber optic,No,Electronic check,1,Medium Risk,Offer contract upgrade incentive,70.15,59.78
4443-EMBNA,71,24.75,Two year,No,No internet service,Bank transfer (automatic),0,Low Risk,Continue regular engagement,0.0,0.73
6469-MRVET,1,20.2,One year,No,No internet service,Electronic check,0,Low Risk,Continue regular engagement,0.0,22.13
0742-MOABM,4,50.05,Month-to-month,DSL,Yes,Mailed check,0,Low Risk,Continue regular engagement,0.0,26.27
5961-VUSRV,12,19.35,One year,No,No internet service,Bank transfer (automatic),0,Low Risk,Continue regular engagement,0.0,4.18
6778-JFCMK,24,50.6,One year,DSL,No,Mailed check,0,Low Risk,Continue regular engagement,0.0,12.27
6341-JVQGF,31,81.15,One year,DSL,Yes,Mailed check,0,Low Risk,Continue regular engagement,0.0,9.13
2232-DMLXU,1,55.2,Month-to-month,DSL,No,Mailed check,1,Medium Risk,Offer contract upgrade incentive,55.2,58.8
4811-JBUVU,30,89.9,Month-to-month,Fiber optic,Yes,Credit card (automatic),0,Low Risk,Continue regular engagement,0.0,30.19
0945-TSONX,47,85.3,Two year,DSL,Yes,Credit card (automatic),0,Low Risk,Continue regular engagement,0.0,1.72
2651-ZCBXV,54,108.0,Two year,Fiber optic,Yes,Credit card (automatic),0,Low Risk,Continue regular engagement,0.0,25.37
3316-UWXUY,50,93.5,Month-to-month,Fiber optic,Yes,Credit card (automatic),0,Low Risk,Continue regular engagement,0.0,16.07
8937-RDTHP,1,84.6,Month-to-month,Fiber optic,No,Mailed check,1,High Risk,Offer annual contract discount + proactive support,84.6,70.19
7083-MIOPC,72,20.25,Two year,No,No internet service,Credit card (automatic),0,Low Risk,Continue regular engagement,0.0,0.52
1984-GPTEH,29,25.15,Month-to-month,No,No internet service,Electronic check,0,Low Risk,Continue regular engagement,0.0,9.51
1251-KRREG,2,54.4,Month-to-month,DSL,No,Mailed check,1,Medium Risk,Offer contract upgrade incentive,54.4,49.3
0621-JFHOL,10,29.6,Two year,DSL,Yes,Mailed check,0,Low Risk,Continue regular engagement,0.0,5.1
9903-LYSAB,18,73.15,Month-to-month,Fiber optic,No,Electronic check,1,Medium Risk,Offer contract upgrade incentive,73.15,50.0
0094-OIFMO,11,95.0,Month-to-month,Fiber optic,No,Electronic check,1,High Risk,Offer annual contract discount + proactive support,95.0,79.32
9227-UAQFT,16,19.75,Two year,No,No internet service,Mailed check,0,Low Risk,Continue regular engagement,0.0,1.74
7301-ABVAD,72,86.6,Two year,DSL,Yes,Bank transfer (automatic),0,Low Risk,Continue regular engagement,0.0,0.57
6614-FHDBO,72,109.2,Two year,Fiber optic,Yes,Bank transfer (automatic),0,Low Risk,Continue regular engagement,0.0,2.89
7576-ASEJU,41,74.7,One year,DSL,Yes,Credit card (automatic),0,Low Risk,Continue regular engagement,0.0,12.81
9058-HRZSV,65,94.4,Month-to-month,Fiber optic,No,Electronic check,0,Low Risk,Continue regular engagement,0.0,14.62
4522-AKYLR,13,54.8,Month-to-month,DSL,No,Electronic check,0,Low Risk,Continue regular engagement,0.0,32.06
0221-WMXNQ,4,75.35,Month-to-month,Fiber optic,No,Electronic check,0,Low Risk,Continue regular engagement,0.0,34.14
0303-UNCIP,41,65.0,One year,DSL,No,Mailed check,0,Low Risk,Continue regular engagement,0.0,9.94
9947-OTFQU,15,74.4,Month-to-month,Fiber optic,No,Electronic check,1,Medium Risk,Offer contract upgrade incentive,74.4,57.61
0322-YINQP,1,48.55,Month-to-month,DSL,No,Mailed check,1,Medium Risk,Offer contract upgrade incentive,48.55,51.59
0959-WHOKV,42,99.0,One year,Fiber optic,No,Electronic check,0,Low Risk,Continue regular engagement,0.0,26.89
4075-JFPGR,51,93.5,One year,Fiber optic,No,Electronic check,0,Low Risk,Continue regular engagement,0.0,10.61
4629-NRXKX,2,70.4,Month-to-month,Fiber optic,No,Electronic check,1,Medium Risk,Offer contract upgrade incentive,70.4,57.21
9514-JDSKI,1,40.2,Month-to-month,DSL,No,Electronic check,1,High Risk,Offer annual contract discount + proactive support,40.2,76.65
3282-ZISZV,32,83.7,One year,DSL,Yes,Credit card (automatic),0,Low Risk,Continue regular engagement,0.0,12.24
3675-YDUPJ,10,19.85,Month-to-month,No,No internet service,Mailed check,0,Low Risk,Continue regular engagement,0.0,12.91
4111-BNXIF,67,59.55,Two year,DSL,Yes,Electronic check,0,Low Risk,Continue regular engagement,0.0,5.2
7017-VFHAY,61,115.1,Two year,Fiber optic,Yes,Credit card (automatic),0,Low Risk,Continue regular engagement,0.0,4.15
6655-LHBYW,50,114.35,One year,Fiber optic,Yes,Credit card (automatic),0,Low Risk,Continue regular engagement,0.0,23.45
4959-JOSRX,2,44.6,Month-to-month,DSL,No,Credit card (automatic),1,Medium Risk,Offer contract upgrade incentive,44.6,48.16
5046-NUHWD,29,45.0,Month-to-month,DSL,No,Electronic check,0,Low Risk,Continue regular engagement,0.0,26.68
7273-TEFQD,3,41.15,Month-to-month,DSL,No,Electronic check,1,High Risk,Offer annual contract discount + proactive support,41.15,72.11
3606-TWKGI,13,106.9,Month-to-month,Fiber optic,No,Electronic check,1,Medium Risk,Offer contract upgrade incentive,106.9,69.65
7529-ZDFXI,57,89.85,Month-to-month,Fiber optic,No,Electronic check,1,Medium Risk,Offer contract upgrade incentive,89.85,37.49
7605-BDWDC,31,49.85,Two year,DSL,Yes,Bank transfer (automatic),0,Low Risk,Continue regular engagement,0.0,1.6
1950-KSVVJ,45,113.3,One year,Fiber optic,Yes,Mailed check,0,Low Risk,Continue regular engagement,0.0,12.84
0123-CRBRT,61,88.1,Two year,DSL,Yes,Mailed check,0,Low Risk,Continue regular engagement,0.0,0.95
6292-TOSSS,50,24.9,Two year,No,No internet service,Bank transfer (automatic),0,Low Risk,Continue regular engagement,0.0,2.48
3197-ARFOY,19,105.0,Month-to-month,Fiber optic,Yes,Mailed check,1,Medium Risk,Offer contract upgrade incentive,105.0,57.94
6323-AYBRX,59,19.35,Two year,No,No internet service,Mailed check,0,Low Risk,Continue regular engagement,0.0,3.27
7014-ZZXAW,71,24.25,Two year,No,No internet service,Credit card (automatic),0,Low Risk,Continue regular engagement,0.0,0.76
4385-GZQXV,16,94.45,Month-to-month,Fiber optic,Yes,Electronic check,1,Medium Risk,Offer contract upgrade incentive,94.45,61.02
7633-MVPUY,57,59.75,Two year,DSL,Yes,Electronic check,0,Low Risk,Continue regular engagement,0.0,2.05
6366-ZGQGL,1,24.8,Month-to-month,DSL,No,Bank transfer (automatic),1,Medium Risk,Offer contract upgrade incentive,24.8,51.36
4716-HHKQH,20,107.05,Month-to-month,Fiber optic,Yes,Electronic check,1,Medium Risk,Offer contract upgrade incentive,107.05,47.74
5940-AHUHD,1,70.6,Month-to-month,Fiber optic,No,Mailed check,1,Medium Risk,Offer contract upgrade incentive,70.6,69.41
6432-TWQLB,5,85.4,Month-to-month,Fiber optic,Yes,Electronic check,1,High Risk,Offer annual contract discount + proactive support,85.4,73.78
4484-GLZOU,52,105.05,Month-to-month,Fiber optic,No,Electronic check,1,Medium Risk,Offer contract upgrade incentive,105.05,56.79
3179-GBRWV,21,64.95,Month-to-month,DSL,No,Bank transfer (automatic),0,Low Risk,Continue regular engagement,0.0,15.85
8645-KWHJO,14,55.0,Month-to-month,DSL,Yes,Electronic check,1,Medium Risk,Offer contract upgrade incentive,55.0,40.12
4130-MZLCC,5,50.55,Month-to-month,DSL,No,Bank transfer (automatic),0,Low Risk,Continue regular engagement,0.0,25.36
0314-TKOSI,6,55.15,Month-to-month,DSL,No,Mailed check,0,Low Risk,Continue regular engagement,0.0,13.81
8229-MYEJZ,10,51.2,Month-to-month,DSL,No,Electronic check,0,Low Risk,Continue regular engagement,0.0,21.74
2080-SRCDE,1,25.4,Month-to-month,No,No internet service,Mailed check,0,Low Risk,Continue regular engagement,0.0,20.81
9577-WJVCQ,68,54.45,Month-to-month,DSL,No,Mailed check,0,Low Risk,Continue regular engagement,0.0,4.36
9512-UIBFX,18,95.15,Month-to-month,Fiber optic,No,Mailed check,0,Low Risk,Continue regular engagement,0.0,33.12
6202-DYYFX,22,76.0,One year,Fiber optic,No,Credit card (automatic),0,Low Risk,Continue regular engagement,0.0,16.44
3808-HFKDE,20,44.35,Month-to-month,DSL,No,Electronic check,1,Medium Risk,Offer contract upgrade incentive,44.35,37.28
5583-SXDAG,1,70.0,Month-to-month,Fiber optic,No,Electronic check,1,High Risk,Offer annual contract discount + proactive support,70.0,75.55
3488-PGMQJ,8,74.5,Month-to-month,Fiber optic,No,Electronic check,1,Medium Risk,Offer contract upgrade incentive,74.5,57.12
3580-REOAC,10,44.85,Month-to-month,DSL,No,Credit card (automatic),0,Low Risk,Continue regular engagement,0.0,26.5
7534-BFESC,24,76.1,Month-to-month,Fiber optic,No,Electronic check,1,Medium Risk,Offer contract upgrade incentive,76.1,46.87
3727-OWVYD,35,61.2,One year,DSL,No,Mailed check,0,Low Risk,Continue regular engagement,0.0,3.2
2294-SALNE,23,86.8,One year,Fiber optic,Yes,Mailed check,0,Low Risk,Continue regular engagement,0.0,6.68
4847-TAJYI,6,89.35,Month-to-month,Fiber optic,No,Electronic check,1,High Risk,Offer annual contract discount + proactive support,89.35,80.98
1563-IWQEX,12,19.7,Month-to-month,No,No internet service,Mailed check,0,Low Risk,Continue regular engagement,0.0,5.41
8203-XJZRC,1,20.25,Month-to-month,No,No internet service,Mailed check,0,Low Risk,Continue regular engagement,0.0,25.58
6556-DBKZF,71,76.05,Two year,Fiber optic,No,Electronic check,0,Low Risk,Continue regular engagement,0.0,4.66
6851-WEFYX,35,100.8,Month-to-month,Fiber optic,No,Electronic check,1,Medium Risk,Offer contract upgrade incentive,100.8,54.26
2985-JUUBZ,40,74.55,Month-to-month,DSL,No,Electronic check,0,Low Risk,Continue regular engagement,0.0,27.82
6390-DSAZX,1,73.6,Month-to-month,Fiber optic,No,Mailed check,1,Medium Risk,Offer contract upgrade incentive,73.6,61.32
0895-LMRSF,23,64.9,One year,DSL,No,Bank transfer (automatic),0,Low Risk,Continue regular engagement,0.0,10.73
8098-LLAZX,4,95.45,Month-to-month,Fiber optic,No,Electronic check,1,High Risk,Offer annual contract discount + proactive support,95.45,88.92
8266-VBFQL,4,90.4,Month-to-month,Fiber optic,Yes,Electronic check,1,High Risk,Offer annual contract discount + proactive support,90.4,70.09
8181-YHCMF,68,60.3,Two year,DSL,Yes,Credit card (automatic),0,Low Risk,Continue regular engagement,0.0,1.19
2240-HSJQD,38,81.85,Month-to-month,Fiber optic,No,Mailed check,0,Low Risk,Continue regular engagement,0.0,33.08
1248-DYXUB,52,24.8,Two year,No,No internet service,Mailed check,0,Low Risk,Continue regular engagement,0.0,0.98
0265-EDXBD,32,74.9,Month-to-month,Fiber optic,No,Electronic check,1,Medium Risk,Offer contract upgrade incentive,74.9,52.68
4115-BNPJY,29,75.55,Two year,DSL,Yes,Mailed check,0,Low Risk,Continue regular engagement,0.0,1.22
3167-SNQPL,38,101.15,Month-to-month,Fiber optic,No,Electronic check,1,Medium Risk,Offer contract upgrade incentive,101.15,38.59
4091-TVOCN,48,78.75,One year,DSL,No,Credit card (automatic),0,Low Risk,Continue regular engagement,0.0,11.43
1098-TDVUQ,1,19.25,Month-to-month,No,No internet service,Bank transfer (automatic),1,Medium Risk,Offer contract upgrade incentive,19.25,36.51
7277-OZCGZ,22,89.05,Month-to-month,Fiber optic,Yes,Electronic check,0,Low Risk,Continue regular engagement,0.0,31.5
1557-EMYVT,43,115.05,Two year,Fiber optic,Yes,Credit card (automatic),0,Low Risk,Continue regular engagement,0.0,13.34
2799-ARNLO,5,69.35,Month-to-month,Fiber optic,No,Electronic check,1,Medium Risk,Offer contract upgrade incentive,69.35,62.64
7563-BIUPC,5,80.6,Month-to-month,Fiber optic,No,Electronic check,1,High Risk,Offer annual contract discount + proactive support,80.6,71.33
5027-YOCXN,51,110.05,One year,Fiber optic,Yes,Credit card (automatic),0,Low Risk,Continue regular engagement,0.0,14.74
3973-SKMLN,71,19.9,Two year,No,No internet service,Credit card (automatic),0,Low Risk,Continue regular engagement,0.0,0.88
2321-OMBXY,38,80.3,One year,DSL,Yes,Credit card (automatic),0,Low Risk,Continue regular engagement,0.0,15.18
2840-XANRC,24,93.15,Month-to-month,Fiber optic,No,Electronic check,1,Medium Risk,Offer contract upgrade incentive,93.15,55.47
6745-JEFZB,35,91.5,Month-to-month,Fiber optic,Yes,Credit card (automatic),0,Low Risk,Continue regular engagement,0.0,28.21
5020-ZSTTY,54,82.45,One year,DSL,Yes,Bank transfer (automatic),0,Low Risk,Continue regular engagement,0.0,9.23
9880-TDQAC,72,60.0,Two year,DSL,Yes,Electronic check,0,Low Risk,Continue regular engagement,0.0,3.01
8705-WZCYL,1,44.8,Month-to-month,DSL,No,Electronic check,1,Medium Risk,Offer contract upgrade incentive,44.8,61.74
7102-JJVTX,9,48.6,One year,DSL,No,Mailed check,0,Low Risk,Continue regular engagement,0.0,7.75
8626-PTQGE,69,60.05,Two year,DSL,Yes,Bank transfer (automatic),0,Low Risk,Continue regular engagement,0.0,1.49
4983-CLMLV,52,102.7,Month-to-month,Fiber optic,Yes,Credit card (automatic),0,Low Risk,Continue regular engagement,0.0,26.83
5701-YVSVF,11,82.9,Month-to-month,Fiber optic,Yes,Electronic check,1,Medium Risk,Offer contract upgrade incentive,82.9,55.61
5804-LEPIM,2,70.35,Month-to-month,Fiber optic,No,Electronic check,1,High Risk,Offer annual contract discount + proactive support,70.35,70.27
5697-GOMBF,28,35.9,Month-to-month,DSL,No,Electronic check,0,Low Risk,Continue regular engagement,0.0,33.37
2739-CACDQ,17,82.65,Month-to-month,Fiber optic,No,Credit card (automatic),1,Medium Risk,Offer contract upgrade incentive,82.65,46.04
9385-EHGDO,35,19.85,Two year,No,No internet service,Mailed check,0,Low Risk,Continue regular engagement,0.0,1.29
9498-FIMXL,8,19.2,One year,No,No internet service,Mailed check,0,Low Risk,Continue regular engagement,0.0,2.29
2379-GYFLQ,46,94.9,One year,Fiber optic,No,Credit card (automatic),0,Low Risk,Continue regular engagement,0.0,12.94
0122-OAHPZ,7,73.85,Month-to-month,Fiber optic,No,Electronic check,1,Medium Risk,Offer contract upgrade incentive,73.85,69.52
2868-SNELZ,2,80.6,Month-to-month,Fiber optic,No,Mailed check,1,High Risk,Offer annual contract discount + proactive support,80.6,70.38
4322-RCYMT,68,75.8,One year,DSL,Yes,Bank transfer (automatic),0,Low Risk,Continue regular engagement,0.0,16.87
6680-NENYN,43,104.6,Two year,Fiber optic,No,Electronic check,0,Low Risk,Continue regular engagement,0.0,34.0
2088-IEBAU,68,88.15,Two year,DSL,Yes,Electronic check,0,Low Risk,Continue regular engagement,0.0,2.51
7982-VCELR,36,94.8,Month-to-month,Fiber optic,No,Credit card (automatic),0,Low Risk,Continue regular engagement,0.0,27.11
1343-EHPYB,63,103.4,Month-to-month,Fiber optic,No,Electronic check,1,Medium Risk,Offer contract upgrade incentive,103.4,47.02
6035-BXTTY,32,54.65,Month-to-month,DSL,Yes,Bank transfer (automatic),0,Low Risk,Continue regular engagement,0.0,10.39
6885-PKOAM,71,85.75,Two year,DSL,Yes,Credit card (automatic),0,Low Risk,Continue regular engagement,0.0,0.59
7520-HQWJU,66,67.45,Month-to-month,DSL,No,Bank transfer (automatic),0,Low Risk,Continue regular engagement,0.0,7.24
9639-BUJXT,63,20.5,One year,No,No internet service,Mailed check,0,Low Risk,Continue regular engagement,0.0,1.5
5924-SNGKP,41,20.25,One year,No,No internet service,Credit card (automatic),0,Low Risk,Continue regular engagement,0.0,2.16
0021-IKXGC,1,72.1,Month-to-month,Fiber optic,No,Electronic check,1,High Risk,Offer annual contract discount + proactive support,72.1,85.62
2034-GDRCN,2,90.4,Month-to-month,Fiber optic,No,Electronic check,1,High Risk,Offer annual contract discount + proactive support,90.4,75.63
8966-SNIZF,70,19.45,Two year,No,No internet service,Bank transfer (automatic),0,Low Risk,Continue regular engagement,0.0,1.11
6243-OZGFH,23,44.95,Month-to-month,DSL,No,Electronic check,1,Medium Risk,Offer contract upgrade incentive,44.95,38.86
4654-DLAMQ,64,97.0,One year,Fiber optic,No,Bank transfer (automatic),0,Low Risk,Continue regular engagement,0.0,6.73
0513-RBGPE,37,62.8,Two year,DSL,Yes,Credit card (automatic),0,Low Risk,Continue regular engagement,0.0,1.82
5160-UXJED,17,44.6,One year,DSL,No,Mailed check,0,Low Risk,Continue regular engagement,0.0,6.93
4115-NZRKS,7,89.15,Month-to-month,Fiber optic,No,Electronic check,1,Medium Risk,Offer contract upgrade incentive,89.15,67.1
0219-YTZUE,4,84.8,Month-to-month,Fiber optic,No,Bank transfer (automatic),1,High Risk,Offer annual contract discount + proactive support,84.8,83.3
0623-IIHUG,21,41.9,Month-to-month,DSL,No,Electronic check,1,Medium Risk,Offer contract upgrade incentive,41.9,49.07
4572-DVCGN,10,80.25,Month-to-month,Fiber optic,No,Bank transfer (automatic),1,Medium Risk,Offer contract upgrade incentive,80.25,61.59
3351-NGXYI,16,54.1,Month-to-month,DSL,No,Electronic check,1,Medium Risk,Offer contract upgrade incentive,54.1,38.59
8984-EYLLL,64,105.25,Two year,Fiber optic,Yes,Electronic check,0,Low Risk,Continue regular engagement,0.0,16.09
9057-MSWCO,27,30.75,Month-to-month,DSL,No,Credit card (automatic),0,Low Risk,Continue regular engagement,0.0,23.84
9833-TGFHX,42,97.1,One year,Fiber optic,No,Electronic check,0,Low Risk,Continue regular engagement,0.0,17.67
9294-TDIPC,5,20.2,Month-to-month,No,No internet service,Mailed check,0,Low Risk,Continue regular engagement,0.0,6.21
5229-DTFYB,41,98.8,Two year,Fiber optic,Yes,Bank transfer (automatic),0,Low Risk,Continue regular engagement,0.0,3.52
0104-PPXDV,58,50.3,One year,DSL,No,Credit card (automatic),0,Low Risk,Continue regular engagement,0.0,4.52
5176-LMJXE,47,20.55,Two year,No,No internet service,Mailed check,0,Low Risk,Continue regular engagement,0.0,1.08
3583-KRKMD,18,75.9,Month-to-month,Fiber optic,Yes,Bank transfer (automatic),0,Low Risk,Continue regular engagement,0.0,24.03
1010-DIAUQ,5,96.5,Month-to-month,Fiber optic,No,Bank transfer (automatic),1,Medium Risk,Offer contract upgrade incentive,96.5,66.59
9069-LGEUL,23,59.95,Month-to-month,DSL,No,Bank transfer (automatic),0,Low Risk,Continue regular engagement,0.0,11.64
7302-ZHMHP,1,19.15,Month-to-month,No,No internet service,Mailed check,0,Low Risk,Continue regular engagement,0.0,20.35
9571-EDEBV,71,98.65,One year,Fiber optic,No,Credit card (automatic),0,Low Risk,Continue regular engagement,0.0,11.05
3520-FJGCV,72,112.6,Two year,Fiber optic,Yes,Credit card (automatic),0,Low Risk,Continue regular engagement,0.0,1.56
6563-VRERX,33,20.6,One year,No,No internet service,Mailed check,0,Low Risk,Continue regular engagement,0.0,1.69
0259-GBZSH,2,85.65,Month-to-month,Fiber optic,No,Electronic check,1,High Risk,Offer annual contract discount + proactive support,85.65,84.65
6122-EFVKN,24,35.75,Two year,DSL,Yes,Mailed check,0,Low Risk,Continue regular engagement,0.0,1.65
2805-EDJPQ,56,99.75,One year,Fiber optic,Yes,Credit card (automatic),0,Low Risk,Continue regular engagement,0.0,9.96
6862-CQUMB,37,96.1,Month-to-month,Fiber optic,No,Credit card (automatic),0,Low Risk,Continue regular engagement,0.0,32.01
7156-MXBJE,43,85.1,One year,DSL,Yes,Credit card (automatic),0,Low Risk,Continue regular engagement,0.0,11.54
6158-HDPXZ,1,25.35,Month-to-month,DSL,No,Mailed check,1,Medium Risk,Offer contract upgrade incentive,25.35,51.16
9601-BRXPO,25,104.95,Month-to-month,Fiber optic,Yes,Bank transfer (automatic),1,Medium Risk,Offer contract upgrade incentive,104.95,57.38
2863-IMQDR,61,89.65,Two year,DSL,Yes,Electronic check,0,Low Risk,Continue regular engagement,0.0,1.92
5686-CMAWK,17,86.75,One year,Fiber optic,Yes,Electronic check,0,Low Risk,Continue regular engagement,0.0,19.1
5651-CRHKQ,41,86.2,One year,Fiber optic,Yes,Bank transfer (automatic),0,Low Risk,Continue regular engagement,0.0,8.09
6905-NIQIN,1,50.65,Month-to-month,DSL,No,Mailed check,1,Medium Risk,Offer contract upgrade incentive,50.65,47.62
8204-YJCLA,72,64.8,Two year,DSL,Yes,Bank transfer (automatic),0,Low Risk,Continue regular engagement,0.0,0.75
5167-ZFFMM,1,90.85,Month-to-month,Fiber optic,No,Credit card (automatic),1,High Risk,Offer annual contract discount + proactive support,90.85,89.77
6583-SZVGP,48,108.1,Two year,Fiber optic,No,Bank transfer (automatic),0,Low Risk,Continue regular engagement,0.0,30.04
4895-TMWIR,11,19.95,Month-to-month,No,No internet service,Mailed check,0,Low Risk,Continue regular engagement,0.0,19.82
0533-BNWKF,55,85.45,Month-to-month,Fiber optic,No,Electronic check,1,Medium Risk,Offer contract upgrade incentive,85.45,43.53
1708-PBBOA,42,54.75,One year,DSL,Yes,Electronic check,0,Low Risk,Continue regular engagement,0.0,13.78
8782-LKFPK,44,90.4,Month-to-month,Fiber optic,No,Mailed check,0,Low Risk,Continue regular engagement,0.0,29.28
5522-JBWMO,1,44.0,Month-to-month,DSL,No,Electronic check,1,Medium Risk,Offer contract upgrade incentive,44.0,51.03
3597-MVHJT,27,95.6,Month-to-month,Fiber optic,No,Bank transfer (automatic),1,Medium Risk,Offer contract upgrade incentive,95.6,50.2
9774-NRNAU,27,84.8,Month-to-month,DSL,Yes,Bank transfer (automatic),0,Low Risk,Continue regular engagement,0.0,18.43
0224-RLWWD,2,44.3,Month-to-month,DSL,No,Electronic check,1,Medium Risk,Offer contract upgrade incentive,44.3,58.76
9967-ATRFS,19,19.9,Month-to-month,No,No internet service,Mailed check,0,Low Risk,Continue regular engagement,0.0,9.08
3951-NJCVI,42,95.05,Month-to-month,Fiber optic,No,Electronic check,1,Medium Risk,Offer contract upgrade incentive,95.05,52.84
2977-CEBSX,66,90.05,Two year,DSL,Yes,Credit card (automatic),0,Low Risk,Continue regular engagement,0.0,1.65
0177-PXBAT,33,109.9,Month-to-month,Fiber optic,Yes,Bank transfer (automatic),0,Low Risk,Continue regular engagement,0.0,24.19
6599-CEBNN,34,73.95,Month-to-month,Fiber optic,No,Credit card (automatic),1,Medium Risk,Offer contract upgrade incentive,73.95,36.25
2519-ERQOJ,33,54.6,Month-to-month,DSL,Yes,Electronic check,0,Low Risk,Continue regular engagement,0.0,19.03
5876-QMYLD,23,20.05,One year,No,No internet service,Mailed check,0,Low Risk,Continue regular engagement,0.0,1.81
2277-AXSDC,32,19.75,One year,No,No internet service,Bank transfer (automatic),0,Low Risk,Continue regular engagement,0.0,3.56
9442-JTWDL,11,20.05,One year,No,No internet service,Credit card (automatic),0,Low Risk,Continue regular engagement,0.0,3.51
0979-PHULV,69,99.45,Month-to-month,Fiber optic,No,Credit card (automatic),1,Medium Risk,Offer contract upgrade incentive,99.45,55.61
3067-SVMTC,68,55.9,One year,DSL,Yes,Bank transfer (automatic),0,Low Risk,Continue regular engagement,0.0,1.99
5495-GPSRW,20,19.7,Two year,No,No internet service,Mailed check,0,Low Risk,Continue regular engagement,0.0,1.69
7606-BPHHN,72,19.8,Two year,No,No internet service,Credit card (automatic),0,Low Risk,Continue regular engagement,0.0,0.63
4742-DRORA,60,95.4,One year,Fiber optic,No,Bank transfer (automatic),0,Low Risk,Continue regular engagement,0.0,8.36
0111-KLBQG,32,93.95,Month-to-month,Fiber optic,No,Mailed check,1,Medium Risk,Offer contract upgrade incentive,93.95,38.65
4800-VHZKI,1,19.9,Month-to-month,No,No internet service,Mailed check,1,Medium Risk,Offer contract upgrade incentive,19.9,50.86
7989-CHGTL,1,19.6,Month-to-month,No,No internet service,Mailed check,1,Medium Risk,Offer contract upgrade incentive,19.6,45.76
0334-GDDSO,3,81.35,Month-to-month,Fiber optic,No,Electronic check,1,High Risk,Offer annual contract discount + proactive support,81.35,74.58
4163-NCJAK,46,24.45,One year,No,No internet service,Bank transfer (automatic),0,Low Risk,Continue regular engagement,0.0,4.0
5233-AOZUF,29,74.95,Month-to-month,Fiber optic,No,Electronic check,1,Medium Risk,Offer contract upgrade incentive,74.95,47.79
5973-EJGDP,51,87.35,Month-to-month,Fiber optic,Yes,Electronic check,0,Low Risk,Continue regular engagement,0.0,26.3
1996-DBMUS,48,70.65,Month-to-month,Fiber optic,No,Bank transfer (automatic),0,Low Risk,Continue regular engagement,0.0,25.9
7916-VCCPB,16,73.25,Month-to-month,Fiber optic,No,Bank transfer (automatic),0,Low Risk,Continue regular engagement,0.0,25.03
4686-GEFRM,70,98.7,Two year,Fiber optic,Yes,Bank transfer (automatic),0,Low Risk,Continue regular engagement,0.0,3.43
5249-QYHEX,40,24.8,Two year,No,No internet service,Mailed check,0,Low Risk,Continue regular engagement,0.0,1.47
0578-SKVMF,22,83.3,Month-to-month,Fiber optic,No,Electronic check,1,Medium Risk,Offer contract upgrade incentive,83.3,38.88
5564-NEMQO,1,75.3,Month-to-month,Fiber optic,No,Bank transfer (automatic),1,High Risk,Offer annual contract discount + proactive support,75.3,80.46
2233-FAGXV,5,24.3,Month-to-month,No,No internet service,Mailed check,0,Low Risk,Continue regular engagement,0.0,12.7
5605-IYGFG,7,69.85,Month-to-month,Fiber optic,No,Bank transfer (automatic),1,Medium Risk,Offer contract upgrade incentive,69.85,52.75
7663-ZTEGJ,29,100.55,One year,Fiber optic,Yes,Credit card (automatic),0,Low Risk,Continue regular engagement,0.0,11.01
3935-TBRZZ,44,25.7,One year,No,No internet service,Mailed check,0,Low Risk,Continue regular engagement,0.0,2.96
8111-BKVDS,10,40.7,Month-to-month,DSL,No,Bank transfer (automatic),0,Low Risk,Continue regular engagement,0.0,17.84
2055-SIFSS,55,51.65,Month-to-month,DSL,No,Bank transfer (automatic),0,Low Risk,Continue regular engagement,0.0,13.99
2806-MLNTI,52,105.1,One year,Fiber optic,No,Bank transfer (automatic),0,Low Risk,Continue regular engagement,0.0,34.47
8734-DKSTZ,10,85.95,Month-to-month,Fiber optic,No,Electronic check,1,Medium Risk,Offer contract upgrade incentive,85.95,58.79
4360-PNRQB,18,75.6,Month-to-month,Fiber optic,No,Bank transfer (automatic),0,Low Risk,Continue regular engagement,0.0,34.76
6152-ONASV,68,58.25,One year,DSL,Yes,Bank transfer (automatic),0,Low Risk,Continue regular engagement,0.0,2.25
9063-ZGTUY,61,19.4,Month-to-month,No,No internet service,Mailed check,0,Low Risk,Continue regular engagement,0.0,17.78
7781-HVGMK,72,65.2,Two year,DSL,Yes,Credit card (automatic),0,Low Risk,Continue regular engagement,0.0,0.54
2181-UAESM,2,53.45,Month-to-month,DSL,No,Electronic check,1,Medium Risk,Offer contract upgrade incentive,53.45,37.22
2957-LOLHO,12,45.4,Month-to-month,DSL,No,Bank transfer (automatic),0,Low Risk,Continue regular engagement,0.0,25.79
6048-NJXHX,41,19.75,Two year,No,No internet service,Electronic check,0,Low Risk,Continue regular engagement,0.0,2.62
2320-SLKMB,26,44.45,Month-to-month,DSL,Yes,Credit card (automatic),0,Low Risk,Continue regular engagement,0.0,21.31
4980-URKXC,36,20.85,One year,No,No internet service,Bank transfer (automatic),0,Low Risk,Continue regular engagement,0.0,1.82
4376-KFVRS,72,114.05,Two year,Fiber optic,Yes,Credit card (automatic),0,Low Risk,Continue regular engagement,0.0,1.73
5886-VLQVU,35,89.85,Month-to-month,Fiber optic,Yes,Bank transfer (automatic),0,Low Risk,Continue regular engagement,0.0,27.62
3577-AMVUX,1,55.05,Month-to-month,DSL,Yes,Mailed check,1,Medium Risk,Offer contract upgrade incentive,55.05,37.84
0771-WLCLA,16,112.95,Month-to-month,Fiber optic,Yes,Electronic check,1,Medium Risk,Offer contract upgrade incentive,112.95,44.84
5628-RKIFK,49,101.55,Month-to-month,Fiber optic,No,Credit card (automatic),1,Medium Risk,Offer contract upgrade incentive,101.55,37.82
0206-TBWLC,54,114.65,One year,Fiber optic,Yes,Mailed check,0,Low Risk,Continue regular engagement,0.0,13.93
2937-FTHUR,18,64.8,Month-to-month,DSL,No,Electronic check,0,Low Risk,Continue regular engagement,0.0,24.24
1910-FMXJM,36,80.4,Month-to-month,Fiber optic,No,Electronic check,0,Low Risk,Continue regular engagement,0.0,31.52
7752-XUSCI,60,105.9,Month-to-month,Fiber optic,No,Electronic check,1,Medium Risk,Offer contract upgrade incentive,105.9,44.7
4110-PFEUZ,1,69.55,Month-to-month,Fiber optic,No,Mailed check,1,High Risk,Offer annual contract discount + proactive support,69.55,75.13
0732-OCQOC,52,25.05,Two year,No,No internet service,Bank transfer (automatic),0,Low Risk,Continue regular engagement,0.0,1.11
5168-MSWXT,8,94.75,Month-to-month,Fiber optic,No,Electronic check,1,Medium Risk,Offer contract upgrade incentive,94.75,68.07
1090-ESELR,72,105.5,Two year,Fiber optic,Yes,Bank transfer (automatic),0,Low Risk,Continue regular engagement,0.0,2.54
8592-PLTMQ,64,24.7,One year,No,No internet service,Mailed check,0,Low Risk,Continue regular engagement,0.0,1.48
5760-WRAHC,22,69.75,Month-to-month,DSL,Yes,Mailed check,0,Low Risk,Continue regular engagement,0.0,12.78
8847-GEOOQ,60,60.2,Month-to-month,DSL,Yes,Bank transfer (automatic),0,Low Risk,Continue regular engagement,0.0,9.56
0256-LTHVJ,28,81.05,Month-to-month,Fiber optic,No,Electronic check,1,Medium Risk,Offer contract upgrade incentive,81.05,40.83
4785-FCIFB,61,24.4,Two year,No,No internet service,Mailed check,0,Low Risk,Continue regular engagement,0.0,0.9
8313-NDOIA,24,104.15,Month-to-month,Fiber optic,No,Electronic check,1,Medium Risk,Offer contract upgrade incentive,104.15,69.73
5149-CUZUJ,28,92.9,One year,Fiber optic,Yes,Bank transfer (automatic),0,Low Risk,Continue regular engagement,0.0,6.47
0942-KOWSM,30,80.8,Two year,DSL,Yes,Bank transfer (automatic),0,Low Risk,Continue regular engagement,0.0,1.63
4237-CLSMM,2,20.0,Month-to-month,No,No internet service,Mailed check,0,Low Risk,Continue regular engagement,0.0,14.0
1452-VOQCH,1,75.1,Month-to-month,Fiber optic,No,Electronic check,1,High Risk,Offer annual contract discount + proactive support,75.1,85.31
4719-UMSIY,6,19.65,Month-to-month,No,No internet service,Mailed check,0,Low Risk,Continue regular engagement,0.0,4.94
6614-VBEGU,24,69.45,Month-to-month,DSL,No,Bank transfer (automatic),0,Low Risk,Continue regular engagement,0.0,15.71
0880-TKATG,4,101.15,Month-to-month,Fiber optic,No,Electronic check,1,High Risk,Offer annual contract discount + proactive support,101.15,73.55
3811-VBYBZ,7,99.8,Month-to-month,Fiber optic,No,Electronic check,1,High Risk,Offer annual contract discount + proactive support,99.8,89.24
1480-BKXGA,72,116.05,Two year,Fiber optic,Yes,Bank transfer (automatic),0,Low Risk,Continue regular engagement,0.0,2.02
2996-XAUVF,70,40.05,Two year,DSL,Yes,Mailed check,0,Low Risk,Continue regular engagement,0.0,1.42
9076-AXYIK,64,102.1,Two year,Fiber optic,Yes,Electronic check,0,Low Risk,Continue regular engagement,0.0,8.71
5968-XQIVE,72,89.7,One year,Fiber optic,No,Electronic check,0,Low Risk,Continue regular engagement,0.0,8.56
8896-RAZCR,44,19.9,Two year,No,No internet service,Mailed check,0,Low Risk,Continue regular engagement,0.0,1.03
4640-UHDOS,13,55.95,Month-to-month,DSL,No,Electronic check,0,Low Risk,Continue regular engagement,0.0,23.34
4933-IKULF,17,20.65,One year,No,No internet service,Mailed check,0,Low Risk,Continue regular engagement,0.0,5.49
3583-EKAPL,1,55.0,Month-to-month,DSL,No,Electronic check,1,High Risk,Offer annual contract discount + proactive support,55.0,71.6
1304-BCCFO,9,70.05,Month-to-month,DSL,No,Mailed check,0,Low Risk,Continue regular engagement,0.0,28.61
4104-PVRPS,24,53.6,Month-to-month,DSL,Yes,Mailed check,0,Low Risk,Continue regular engagement,0.0,6.02
9399-APLBT,1,74.7,Month-to-month,Fiber optic,No,Electronic check,1,High Risk,Offer annual contract discount + proactive support,74.7,80.36
2359-KMGLI,24,80.25,Month-to-month,Fiber optic,No,Electronic check,1,Medium Risk,Offer contract upgrade incentive,80.25,49.06
3780-DDGSE,35,76.05,Month-to-month,DSL,Yes,Electronic check,0,Low Risk,Continue regular engagement,0.0,20.18
4431-EDMIQ,7,75.7,Month-to-month,DSL,Yes,Electronic check,0,Low Risk,Continue regular engagement,0.0,25.23
0306-JAELE,5,96.1,Month-to-month,Fiber optic,Yes,Electronic check,1,High Risk,Offer annual contract discount + proactive support,96.1,75.71
6227-HWPWX,15,69.0,Month-to-month,Fiber optic,No,Bank transfer (automatic),0,Low Risk,Continue regular engagement,0.0,25.09
0486-LGCCH,11,19.65,Two year,No,No internet service,Mailed check,0,Low Risk,Continue regular engagement,0.0,1.35
0447-BEMNG,48,45.3,Month-to-month,DSL,No,Bank transfer (automatic),0,Low Risk,Continue regular engagement,0.0,17.85
4612-SSVHJ,20,81.45,Month-to-month,Fiber optic,No,Electronic check,1,Medium Risk,Offer contract upgrade incentive,81.45,51.26
5168-MQQCA,72,108.5,One year,Fiber optic,Yes,Bank transfer (automatic),0,Low Risk,Continue regular engagement,0.0,9.88
5949-XIKAE,8,83.55,Month-to-month,Fiber optic,No,Electronic check,1,Medium Risk,Offer contract upgrade incentive,83.55,67.04
7971-HLVXI,72,84.5,Two year,Fiber optic,No,Credit card (automatic),0,Low Risk,Continue regular engagement,0.0,2.37
9094-AZPHK,15,100.15,Month-to-month,Fiber optic,No,Electronic check,1,High Risk,Offer annual contract discount + proactive support,100.15,78.75
3649-JPUGY,72,88.6,Two year,DSL,Yes,Bank transfer (automatic),0,Low Risk,Continue regular engagement,0.0,0.75
4472-LVYGI,0,52.55,Two year,DSL,Yes,Bank transfer (automatic),0,Low Risk,Continue regular engagement,0.0,7.08
8372-JUXUI,1,74.35,Month-to-month,Fiber optic,No,Electronic check,1,High Risk,Offer annual contract discount + proactive support,74.35,82.19
3552-CTCYF,63,104.8,Two year,Fiber optic,No,Bank transfer (automatic),0,Low Risk,Continue regular engagement,0.0,7.5
6778-YSNIH,2,59.0,Month-to-month,DSL,No,Electronic check,1,Medium Risk,Offer contract upgrade incentive,59.0,50.77
0388-EOPEX,2,74.4,Month-to-month,Fiber optic,No,Electronic check,1,Medium Risk,Offer contract upgrade incentive,74.4,53.97
5756-OZRIO,61,64.05,One year,DSL,No,Bank transfer (automatic),0,Low Risk,Continue regular engagement,0.0,6.47
6579-JPICP,1,20.4,Month-to-month,No,No internet service,Mailed check,0,Low Risk,Continue regular engagement,0.0,23.76
8205-OTCHB,22,43.75,One year,DSL,No,Bank transfer (automatic),0,Low Risk,Continue regular engagement,0.0,28.54
4134-BSXLX,28,60.9,Month-to-month,DSL,Yes,Mailed check,0,Low Risk,Continue regular engagement,0.0,6.76
0505-SPOOW,70,19.8,Two year,No,No internet service,Bank transfer (automatic),0,Low Risk,Continue regular engagement,0.0,1.16
6235-VDHOM,5,28.45,Month-to-month,DSL,No,Electronic check,1,Medium Risk,Offer contract upgrade incentive,28.45,46.41
7783-YKGDV,12,99.7,Month-to-month,Fiber optic,No,Bank transfer (automatic),1,High Risk,Offer annual contract discount + proactive support,99.7,71.75
4374-YMUSQ,34,116.25,One year,Fiber optic,Yes,Credit card (automatic),0,Low Risk,Continue regular engagement,0.0,15.2
4513-CXYIX,71,80.7,Two year,Fiber optic,No,Credit card (automatic),0,Low Risk,Continue regular engagement,0.0,2.33
3957-HHLMR,70,65.2,One year,DSL,No,Bank transfer (automatic),0,Low Risk,Continue regular engagement,0.0,3.91
7803-XOCCZ,52,84.05,Month-to-month,Fiber optic,Yes,Bank transfer (automatic),0,Low Risk,Continue regular engagement,0.0,12.67
5736-YEJAX,69,79.45,Two year,DSL,Yes,Credit card (automatic),0,Low Risk,Continue regular engagement,0.0,2.87
5609-CEBID,20,94.1,Month-to-month,Fiber optic,No,Electronic check,1,Medium Risk,Offer contract upgrade incentive,94.1,62.33
8981-FJGLA,11,78.0,Month-to-month,Fiber optic,No,Mailed check,1,Medium Risk,Offer contract upgrade incentive,78.0,44.15
7218-HKQFK,2,94.2,Month-to-month,Fiber optic,Yes,Electronic check,1,Medium Risk,Offer contract upgrade incentive,94.2,67.74
4636-QRJKY,6,80.5,Month-to-month,Fiber optic,Yes,Electronic check,1,High Risk,Offer annual contract discount + proactive support,80.5,77.77
1135-LMECX,1,19.85,Month-to-month,No,No internet service,Mailed check,1,Medium Risk,Offer contract upgrade incentive,19.85,39.86
4332-MUOEZ,20,94.3,One year,Fiber optic,Yes,Credit card (automatic),0,Low Risk,Continue regular engagement,0.0,15.31
8535-SFUTN,61,106.45,Month-to-month,Fiber optic,No,Electronic check,1,Medium Risk,Offer contract upgrade incentive,106.45,41.11
5956-VKDTT,5,74.35,Month-to-month,Fiber optic,No,Electronic check,1,High Risk,Offer annual contract discount + proactive support,74.35,71.81
8677-HDZEE,56,105.45,Month-to-month,Fiber optic,Yes,Bank transfer (automatic),1,Medium Risk,Offer contract upgrade incentive,105.45,35.4
2475-MROZF,30,95.0,Month-to-month,Fiber optic,Yes,Credit card (automatic),0,Low Risk,Continue regular engagement,0.0,19.64
9412-GHEEC,40,104.8,Month-to-month,Fiber optic,Yes,Bank transfer (automatic),1,Medium Risk,Offer contract upgrade incentive,104.8,46.06
3482-ABPKK,28,54.3,One year,DSL,Yes,Mailed check,0,Low Risk,Continue regular engagement,0.0,2.87
6705-LXORM,5,70.05,Month-to-month,Fiber optic,No,Electronic check,1,Medium Risk,Offer contract upgrade incentive,70.05,54.11
0257-ZESQC,27,75.2,Month-to-month,Fiber optic,No,Bank transfer (automatic),0,Low Risk,Continue regular engagement,0.0,22.15
7531-GQHME,12,20.05,Month-to-month,No,No internet service,Credit card (automatic),0,Low Risk,Continue regular engagement,0.0,7.87
5174-ITUMV,67,105.4,One year,Fiber optic,No,Electronic check,0,Low Risk,Continue regular engagement,0.0,28.57
4109-CYRBD,29,51.6,Month-to-month,DSL,No,Electronic check,0,Low Risk,Continue regular engagement,0.0,19.79
0913-XWSCN,55,85.5,Month-to-month,Fiber optic,No,Bank transfer (automatic),0,Low Risk,Continue regular engagement,0.0,29.13
6825-UYPFK,23,75.6,Month-to-month,Fiber optic,No,Bank transfer (automatic),0,Low Risk,Continue regular engagement,0.0,22.89
8397-MVTAZ,34,100.05,Month-to-month,Fiber optic,No,Electronic check,1,Medium Risk,Offer contract upgrade incentive,100.05,67.79
0750-EBAIU,52,91.25,One year,Fiber optic,No,Electronic check,0,Low Risk,Continue regular engagement,0.0,8.43
8606-CIQUL,72,115.75,Two year,Fiber optic,Yes,Credit card (automatic),0,Low Risk,Continue regular engagement,0.0,1.83
3571-DPYUH,58,94.7,One year,Fiber optic,Yes,Credit card (automatic),0,Low Risk,Continue regular engagement,0.0,6.06
7601-GNDYK,35,19.6,Two year,No,No internet service,Mailed check,0,Low Risk,Continue regular engagement,0.0,1.03
0356-OBMAC,56,99.9,Two year,Fiber optic,Yes,Bank transfer (automatic),0,Low Risk,Continue regular engagement,0.0,5.66
8067-NIOYM,24,21.1,Two year,No,No internet service,Credit card (automatic),0,Low Risk,Continue regular engagement,0.0,0.98
1403-GYAFU,70,20.05,Two year,No,No internet service,Credit card (automatic),0,Low Risk,Continue regular engagement,0.0,0.97
4234-XTNEA,2,79.95,Month-to-month,Fiber optic,No,Electronic check,1,High Risk,Offer annual contract discount + proactive support,79.95,76.36
1297-VQDRP,68,107.15,One year,Fiber optic,Yes,Credit card (automatic),0,Low Risk,Continue regular engagement,0.0,21.83
9282-IZGQK,1,85.0,Month-to-month,Fiber optic,No,Electronic check,1,High Risk,Offer annual contract discount + proactive support,85.0,89.94
5348-CAGXB,12,89.55,Month-to-month,Fiber optic,No,Electronic check,1,High Risk,Offer annual contract discount + proactive support,89.55,70.37
0621-HJWXJ,63,81.55,Month-to-month,Fiber optic,No,Bank transfer (automatic),0,Low Risk,Continue regular engagement,0.0,18.23
5844-QVTAT,33,58.45,One year,DSL,No,Mailed check,0,Low Risk,Continue regular engagement,0.0,4.56
8905-IAZPF,69,95.65,One year,Fiber optic,No,Credit card (automatic),0,Low Risk,Continue regular engagement,0.0,12.33
5394-MEITZ,60,80.6,Two year,DSL,Yes,Bank transfer (automatic),0,Low Risk,Continue regular engagement,0.0,1.25
6859-QNXIQ,72,113.1,Two year,Fiber optic,Yes,Bank transfer (automatic),0,Low Risk,Continue regular engagement,0.0,1.05
2782-LFZVW,11,58.95,Month-to-month,DSL,No,Mailed check,0,Low Risk,Continue regular engagement,0.0,29.97
2866-IKBTM,1,19.55,Month-to-month,No,No internet service,Mailed check,1,Medium Risk,Offer contract upgrade incentive,19.55,35.27
1342-JPNKI,10,86.05,Month-to-month,Fiber optic,No,Bank transfer (automatic),1,Medium Risk,Offer contract upgrade incentive,86.05,67.83
2817-NTQDO,13,45.55,Month-to-month,DSL,Yes,Credit card (automatic),0,Low Risk,Continue regular engagement,0.0,26.15
7129-AZJDE,34,78.95,One year,Fiber optic,No,Bank transfer (automatic),0,Low Risk,Continue regular engagement,0.0,19.9
6986-IJDHX,39,86.3,Month-to-month,Fiber optic,No,Mailed check,1,Medium Risk,Offer contract upgrade incentive,86.3,36.99
2560-PPCHE,65,105.05,One year,Fiber optic,Yes,Bank transfer (automatic),0,Low Risk,Continue regular engagement,0.0,15.0
4676-MQUEA,50,101.9,One year,Fiber optic,No,Bank transfer (automatic),0,Low Risk,Continue regular engagement,0.0,17.7
8138-EALND,15,19.75,Month-to-month,No,No internet service,Mailed check,0,Low Risk,Continue regular engagement,0.0,9.6
3580-HYCSP,72,110.3,Two year,Fiber optic,No,Bank transfer (automatic),0,Low Risk,Continue regular engagement,0.0,1.34
1352-HNSAW,72,115.6,Two year,Fiber optic,Yes,Bank transfer (automatic),0,Low Risk,Continue regular engagement,0.0,1.12
2075-PUEPR,55,19.35,Two year,No,No internet service,Bank transfer (automatic),0,Low Risk,Continue regular engagement,0.0,1.97
1982-FEBTD,23,25.6,Two year,No,No internet service,Credit card (automatic),0,Low Risk,Continue regular engagement,0.0,1.77
5301-GAUUY,32,80.35,Month-to-month,Fiber optic,No,Bank transfer (automatic),1,Medium Risk,Offer contract upgrade incentive,80.35,36.23
5791-KAJFD,56,68.75,One year,DSL,No,Bank transfer (automatic),0,Low Risk,Continue regular engagement,0.0,4.92
2654-VBVPB,1,19.9,Month-to-month,No,No internet service,Bank transfer (automatic),1,Medium Risk,Offer contract upgrade incentive,19.9,41.24
1154-HYWWO,38,70.6,One year,DSL,Yes,Mailed check,0,Low Risk,Continue regular engagement,0.0,5.5
2501-XWWTZ,11,70.2,Month-to-month,Fiber optic,No,Electronic check,1,Medium Risk,Offer contract upgrade incentive,70.2,40.26
3716-UVSPD,1,49.3,Month-to-month,DSL,Yes,Electronic check,1,Medium Risk,Offer contract upgrade incentive,49.3,44.27
6815-ABQFQ,56,107.25,One year,Fiber optic,Yes,Electronic check,0,Low Risk,Continue regular engagement,0.0,34.72
7343-EOBEU,3,23.6,Month-to-month,No,No internet service,Mailed check,0,Low Risk,Continue regular engagement,0.0,19.27
3701-SFMUH,7,69.7,Month-to-month,DSL,No,Credit card (automatic),0,Low Risk,Continue regular engagement,0.0,15.86
6103-LIANB,59,99.5,Two year,Fiber optic,No,Credit card (automatic),0,Low Risk,Continue regular engagement,0.0,9.95
7319-VENRZ,7,64.3,Month-to-month,DSL,Yes,Bank transfer (automatic),0,Low Risk,Continue regular engagement,0.0,17.69
5846-NEQVZ,71,70.85,Two year,DSL,Yes,Credit card (automatic),0,Low Risk,Continue regular engagement,0.0,1.22
6967-QIQRV,15,101.9,One year,Fiber optic,Yes,Electronic check,0,Low Risk,Continue regular engagement,0.0,18.87
5781-RFZRP,71,73.5,Two year,DSL,Yes,Credit card (automatic),0,Low Risk,Continue regular engagement,0.0,1.45
0939-YAPAF,35,100.25,Month-to-month,Fiber optic,No,Electronic check,1,Medium Risk,Offer contract upgrade incentive,100.25,63.79
0308-IVGOK,11,40.4,One year,DSL,Yes,Credit card (automatic),0,Low Risk,Continue regular engagement,0.0,11.73
7293-LSCDV,60,19.25,Two year,No,No internet service,Credit card (automatic),0,Low Risk,Continue regular engagement,0.0,1.24
7025-WCBNE,47,59.6,Two year,DSL,Yes,Bank transfer (automatic),0,Low Risk,Continue regular engagement,0.0,3.71
5756-JYOJT,11,64.9,One year,DSL,Yes,Credit card (automatic),0,Low Risk,Continue regular engagement,0.0,10.48
4710-FDUIZ,56,100.3,One year,Fiber optic,No,Credit card (automatic),0,Low Risk,Continue regular engagement,0.0,23.55
6030-REHUX,28,110.85,Month-to-month,Fiber optic,Yes,Electronic check,1,Medium Risk,Offer contract upgrade incentive,110.85,44.07
9548-LIGTA,61,81.05,Two year,DSL,Yes,Mailed check,0,Low Risk,Continue regular engagement,0.0,1.21
5150-LJNSR,31,98.05,One year,Fiber optic,No,Bank transfer (automatic),0,Low Risk,Continue regular engagement,0.0,11.12
8270-RKSAP,9,70.5,Month-to-month,Fiber optic,No,Electronic check,1,Medium Risk,Offer contract upgrade incentive,70.5,54.79
6522-YRBXD,35,94.55,Month-to-month,Fiber optic,No,Electronic check,0,Low Risk,Continue regular engagement,0.0,30.5
2640-LYMOV,2,19.65,Month-to-month,No,No internet service,Mailed check,0,Low Risk,Continue regular engagement,0.0,17.97
1218-VKFPE,12,19.0,Month-to-month,No,No internet service,Mailed check,0,Low Risk,Continue regular engagement,0.0,7.26
3627-FHKBK,1,75.3,Month-to-month,Fiber optic,No,Mailed check,1,Medium Risk,Offer contract upgrade incentive,75.3,54.81
2865-TCHJW,4,89.2,Month-to-month,Fiber optic,No,Electronic check,1,High Risk,Offer annual contract discount + proactive support,89.2,84.32
1423-BMPBQ,1,19.0,Month-to-month,No,No internet service,Mailed check,0,Low Risk,Continue regular engagement,0.0,25.47
2393-DIVAI,3,20.0,Month-to-month,No,No internet service,Mailed check,0,Low Risk,Continue regular engagement,0.0,14.8
5192-EBGOV,1,85.7,Month-to-month,Fiber optic,No,Electronic check,1,High Risk,Offer annual contract discount + proactive support,85.7,91.39
4568-KNYWR,52,63.25,Two year,DSL,No,Credit card (automatic),0,Low Risk,Continue regular engagement,0.0,2.33
8752-IMQOS,5,20.1,One year,No,No internet service,Mailed check,0,Low Risk,Continue regular engagement,0.0,2.97
0742-LAFQK,72,99.15,Two year,Fiber optic,No,Electronic check,0,Low Risk,Continue regular engagement,0.0,2.45
0795-LAFGP,71,90.4,Two year,DSL,Yes,Electronic check,0,Low Risk,Continue regular engagement,0.0,0.97
0619-OLYUR,72,111.9,Two year,Fiber optic,Yes,Credit card (automatic),0,Low Risk,Continue regular engagement,0.0,1.51
5512-IDZEI,46,24.9,One year,No,No internet service,Electronic check,0,Low Risk,Continue regular engagement,0.0,5.36
0459-SPZHJ,63,83.5,Two year,DSL,No,Credit card (automatic),0,Low Risk,Continue regular engagement,0.0,1.96
0215-BQKGS,30,84.3,Month-to-month,Fiber optic,No,Credit card (automatic),0,Low Risk,Continue regular engagement,0.0,23.3
9244-ZVAPM,1,45.6,Month-to-month,DSL,No,Mailed check,1,Medium Risk,Offer contract upgrade incentive,45.6,53.73
0719-SYFRB,12,61.65,Month-to-month,DSL,Yes,Mailed check,0,Low Risk,Continue regular engagement,0.0,14.94
8208-EUMTE,16,54.85,Two year,DSL,Yes,Mailed check,0,Low Risk,Continue regular engagement,0.0,2.39
5172-MIGPM,4,65.55,Month-to-month,DSL,Yes,Mailed check,0,Low Risk,Continue regular engagement,0.0,26.64
1710-RCXUS,51,90.35,One year,Fiber optic,No,Credit card (automatic),0,Low Risk,Continue regular engagement,0.0,16.01
0374-FIUCA,65,20.4,Two year,No,No internet service,Credit card (automatic),0,Low Risk,Continue regular engagement,0.0,0.67
5839-SUYVZ,16,74.55,Month-to-month,Fiber optic,Yes,Credit card (automatic),0,Low Risk,Continue regular engagement,0.0,34.68
5173-ZXXXL,2,19.95,One year,No,No internet service,Mailed check,0,Low Risk,Continue regular engagement,0.0,4.64
1096-ADRUX,66,74.25,One year,Fiber optic,No,Bank transfer (automatic),0,Low Risk,Continue regular engagement,0.0,11.09
2001-MCUUW,46,108.65,Two year,Fiber optic,Yes,Electronic check,1,Medium Risk,Monitor customer + targeted engagement,108.65,36.27
2731-GJRDG,32,109.55,One year,Fiber optic,Yes,Bank transfer (automatic),0,Low Risk,Continue regular engagement,0.0,21.04
4723-BEGSG,72,86.65,Two year,DSL,Yes,Credit card (automatic),0,Low Risk,Continue regular engagement,0.0,0.5
6516-NKQBO,38,81.0,Two year,DSL,Yes,Credit card (automatic),0,Low Risk,Continue regular engagement,0.0,2.5
8672-OAUPW,51,47.85,One year,DSL,Yes,Credit card (automatic),0,Low Risk,Continue regular engagement,0.0,5.61
8207-DMRVL,72,114.55,Two year,Fiber optic,Yes,Bank transfer (automatic),0,Low Risk,Continue regular engagement,0.0,1.47
3419-SNJJD,65,105.25,Month-to-month,Fiber optic,No,Bank transfer (automatic),0,Low Risk,Continue regular engagement,0.0,30.63
6543-CPZMK,9,29.95,Month-to-month,DSL,No,Electronic check,1,Medium Risk,Offer contract upgrade incentive,29.95,41.07
4765-OXPPD,9,65.0,Month-to-month,DSL,Yes,Mailed check,0,Low Risk,Continue regular engagement,0.0,12.03
2804-ETQDK,66,20.55,Two year,No,No internet service,Mailed check,0,Low Risk,Continue regular engagement,0.0,0.65
6689-VRRTK,44,109.8,One year,Fiber optic,No,Credit card (automatic),0,Low Risk,Continue regular engagement,0.0,21.26
7138-GIRSH,50,69.5,Two year,DSL,Yes,Bank transfer (automatic),0,Low Risk,Continue regular engagement,0.0,1.69
9396-ZSFLL,15,48.85,Month-to-month,DSL,No,Mailed check,0,Low Risk,Continue regular engagement,0.0,19.8
6464-KEXXH,8,25.25,Month-to-month,DSL,No,Credit card (automatic),0,Low Risk,Continue regular engagement,0.0,30.32
7134-MJPDY,66,102.85,One year,Fiber optic,Yes,Credit card (automatic),0,Low Risk,Continue regular engagement,0.0,29.71
5240-CAOYT,57,87.55,Month-to-month,Fiber optic,Yes,Bank transfer (automatic),0,Low Risk,Continue regular engagement,0.0,10.85
4059-IIEBK,7,78.55,Month-to-month,Fiber optic,No,Bank transfer (automatic),1,Medium Risk,Offer contract upgrade incentive,78.55,60.4
4881-JVQOD,10,34.55,Month-to-month,DSL,No,Bank transfer (automatic),1,Medium Risk,Offer contract upgrade incentive,34.55,38.29
0516-UXRMT,62,92.05,One year,Fiber optic,No,Electronic check,0,Low Risk,Continue regular engagement,0.0,7.61
4851-BQDNX,40,85.05,One year,Fiber optic,No,Electronic check,0,Low Risk,Continue regular engagement,0.0,18.4
5148-HKFIR,20,19.7,Two year,No,No internet service,Mailed check,0,Low Risk,Continue regular engagement,0.0,1.44
1009-IRMNA,7,20.0,Month-to-month,No,No internet service,Bank transfer (automatic),0,Low Risk,Continue regular engagement,0.0,14.03
3003-CMDUU,25,95.15,Month-to-month,Fiber optic,Yes,Electronic check,1,Medium Risk,Offer contract upgrade incentive,95.15,50.6
5016-IBERQ,23,84.25,Month-to-month,Fiber optic,No,Electronic check,1,Medium Risk,Offer contract upgrade incentive,84.25,39.19
6797-UCJHZ,66,104.6,One year,Fiber optic,No,Credit card (automatic),0,Low Risk,Continue regular engagement,0.0,24.81
2469-DTSGX,72,111.65,Two year,Fiber optic,Yes,Electronic check,0,Low Risk,Continue regular engagement,0.0,2.03
4554-YGZIH,49,90.05,Month-to-month,Fiber optic,No,Credit card (automatic),0,Low Risk,Continue regular engagement,0.0,34.11
5099-BAILX,43,110.75,Month-to-month,Fiber optic,Yes,Bank transfer (automatic),1,Medium Risk,Offer contract upgrade incentive,110.75,44.62
9931-KGHOA,46,55.0,Month-to-month,DSL,No,Bank transfer (automatic),0,Low Risk,Continue regular engagement,0.0,10.22
1775-KWJKQ,72,89.85,Two year,DSL,Yes,Credit card (automatic),0,Low Risk,Continue regular engagement,0.0,0.49
7665-VIGUD,10,20.35,One year,No,No internet service,Mailed check,0,Low Risk,Continue regular engagement,0.0,2.4
9411-TPQQV,40,54.55,One year,DSL,Yes,Bank transfer (automatic),0,Low Risk,Continue regular engagement,0.0,10.27
7207-RMRDB,65,105.5,Month-to-month,Fiber optic,No,Electronic check,1,Medium Risk,Offer contract upgrade incentive,105.5,38.21
7954-MLBUN,31,99.45,Two year,Fiber optic,Yes,Bank transfer (automatic),0,Low Risk,Continue regular engagement,0.0,4.62
2077-DDHJK,68,70.9,Two year,DSL,Yes,Credit card (automatic),0,Low Risk,Continue regular engagement,0.0,2.99
4913-EHYUI,56,104.55,One year,Fiber optic,No,Bank transfer (automatic),0,Low Risk,Continue regular engagement,0.0,33.76
0195-IESCP,10,85.25,Month-to-month,Fiber optic,No,Electronic check,1,High Risk,Offer annual contract discount + proactive support,85.25,77.6
9574-BOSMD,68,25.4,Two year,No,No internet service,Bank transfer (automatic),0,Low Risk,Continue regular engagement,0.0,0.85
4580-TMHJU,43,56.15,Month-to-month,DSL,No,Electronic check,0,Low Risk,Continue regular engagement,0.0,23.83
0970-ETWGE,1,89.55,Month-to-month,Fiber optic,No,Electronic check,1,High Risk,Offer annual contract discount + proactive support,89.55,86.01
4908-XAXAY,49,89.85,One year,Fiber optic,No,Bank transfer (automatic),0,Low Risk,Continue regular engagement,0.0,14.06
8404-VLQFB,15,25.25,Month-to-month,No,No internet service,Electronic check,0,Low Risk,Continue regular engagement,0.0,16.64
1626-ERCMM,20,94.55,Month-to-month,Fiber optic,No,Electronic check,1,High Risk,Offer annual contract discount + proactive support,94.55,74.35
0887-HJGAR,1,45.7,Month-to-month,DSL,No,Mailed check,1,Medium Risk,Offer contract upgrade incentive,45.7,61.43
2391-IPLOP,50,69.65,One year,DSL,Yes,Electronic check,0,Low Risk,Continue regular engagement,0.0,8.57
5644-PDMZC,2,89.5,Month-to-month,Fiber optic,No,Electronic check,1,High Risk,Offer annual contract discount + proactive support,89.5,75.84
3509-GWQGF,24,70.0,Month-to-month,Fiber optic,No,Credit card (automatic),0,Low Risk,Continue regular engagement,0.0,21.66
9576-ANLXO,3,69.55,Month-to-month,Fiber optic,No,Bank transfer (automatic),1,Medium Risk,Offer contract upgrade incentive,69.55,57.9
2024-BASKD,1,74.6,Month-to-month,Fiber optic,No,Mailed check,1,High Risk,Offer annual contract discount + proactive support,74.6,76.08
5845-BZZIB,35,20.1,Two year,No,No internet service,Mailed check,0,Low Risk,Continue regular engagement,0.0,0.88
1140-UKVZG,17,24.8,Month-to-month,No,No internet service,Mailed check,0,Low Risk,Continue regular engagement,0.0,10.08
4160-AMJTL,8,19.65,Month-to-month,No,No internet service,Electronic check,0,Low Risk,Continue regular engagement,0.0,20.84
5183-SNMJQ,10,95.1,Month-to-month,Fiber optic,Yes,Credit card (automatic),1,Medium Risk,Offer contract upgrade incentive,95.1,56.26
8100-PNJMH,68,88.85,Two year,DSL,Yes,Credit card (automatic),0,Low Risk,Continue regular engagement,0.0,1.7
7838-LAZFO,45,78.8,One year,DSL,No,Bank transfer (automatic),0,Low Risk,Continue regular engagement,0.0,9.45
4464-JCOLN,2,19.85,One year,No,No internet service,Mailed check,0,Low Risk,Continue regular engagement,0.0,5.22
2085-JVGAD,37,20.35,Month-to-month,No,No internet service,Bank transfer (automatic),0,Low Risk,Continue regular engagement,0.0,3.42
5650-VDUDS,4,24.25,Month-to-month,DSL,No,Mailed check,1,Medium Risk,Offer contract upgrade incentive,24.25,45.02
8095-WANWK,10,45.25,Month-to-month,DSL,No,Mailed check,0,Low Risk,Continue regular engagement,0.0,19.46
3030-ZKIWL,1,20.05,Month-to-month,No,No internet service,Mailed check,1,Medium Risk,Offer contract upgrade incentive,20.05,40.83
9565-FLVCG,65,69.55,Two year,DSL,No,Mailed check,0,Low Risk,Continue regular engagement,0.0,1.21
8755-OGKNA,57,19.5,Two year,No,No internet service,Bank transfer (automatic),0,Low Risk,Continue regular engagement,0.0,1.52
2800-VEQXM,3,74.75,Month-to-month,Fiber optic,No,Mailed check,1,Medium Risk,Offer contract upgrade incentive,74.75,55.72
7538-GWHML,2,69.65,Month-to-month,Fiber optic,No,Electronic check,1,Medium Risk,Offer contract upgrade incentive,69.65,58.32
5533-RJFTJ,49,30.2,Month-to-month,DSL,No,Bank transfer (automatic),0,Low Risk,Continue regular engagement,0.0,20.28
3859-CVCET,4,45.65,Month-to-month,DSL,No,Mailed check,1,Medium Risk,Offer contract upgrade incentive,45.65,37.16
0214-JHPFW,70,57.8,Two year,DSL,Yes,Bank transfer (automatic),0,Low Risk,Continue regular engagement,0.0,1.48
5642-MHDQT,53,19.85,One year,No,No internet service,Bank transfer (automatic),0,Low Risk,Continue regular engagement,0.0,4.77
3088-FVYWK,53,25.55,Two year,No,No internet service,Credit card (automatic),0,Low Risk,Continue regular engagement,0.0,1.03
3276-HDUEG,1,75.05,Month-to-month,Fiber optic,No,Mailed check,1,High Risk,Offer annual contract discount + proactive support,75.05,78.87
9092-GDZKO,22,24.85,Month-to-month,No,No internet service,Credit card (automatic),0,Low Risk,Continue regular engagement,0.0,9.68
0823-HSCDJ,52,49.15,Month-to-month,DSL,No,Electronic check,1,Medium Risk,Offer contract upgrade incentive,49.15,49.93
3729-OWRVL,65,110.35,Two year,Fiber optic,Yes,Electronic check,0,Low Risk,Continue regular engagement,0.0,16.31
2324-AALNO,48,24.55,One year,No,No internet service,Bank transfer (automatic),0,Low Risk,Continue regular engagement,0.0,2.74
0822-GAVAP,2,34.7,Month-to-month,DSL,No,Electronic check,1,High Risk,Offer annual contract discount + proactive support,34.7,71.08
5760-IFJOZ,3,107.95,Month-to-month,Fiber optic,No,Mailed check,1,Medium Risk,Offer contract upgrade incentive,107.95,62.5
2826-UWHIS,45,81.4,Month-to-month,Fiber optic,No,Bank transfer (automatic),0,Low Risk,Continue regular engagement,0.0,25.07
1448-PWKYE,1,80.0,Month-to-month,Fiber optic,No,Electronic check,1,High Risk,Offer annual contract discount + proactive support,80.0,82.2
7501-IWUNG,61,73.8,Two year,DSL,Yes,Bank transfer (automatic),0,Low Risk,Continue regular engagement,0.0,1.34
4957-TREIR,3,64.4,Month-to-month,DSL,Yes,Credit card (automatic),0,Low Risk,Continue regular engagement,0.0,21.4
7251-LJBQN,40,103.75,One year,Fiber optic,Yes,Credit card (automatic),1,Medium Risk,Monitor customer + targeted engagement,103.75,38.47
8040-MNRTF,1,71.1,Month-to-month,Fiber optic,No,Mailed check,1,Medium Risk,Offer contract upgrade incentive,71.1,69.53
1536-HBSWP,1,49.9,Month-to-month,DSL,Yes,Electronic check,1,Medium Risk,Offer contract upgrade incentive,49.9,43.55
5313-FPXWG,51,24.6,One year,No,No internet service,Bank transfer (automatic),0,Low Risk,Continue regular engagement,0.0,2.37
0067-DKWBL,2,49.25,Month-to-month,DSL,No,Electronic check,1,Medium Risk,Offer contract upgrade incentive,49.25,68.25
0946-FKYTX,52,30.1,One year,DSL,No,Mailed check,0,Low Risk,Continue regular engagement,0.0,6.73
5076-YVXCM,51,83.4,Month-to-month,Fiber optic,No,Bank transfer (automatic),0,Low Risk,Continue regular engagement,0.0,30.38
8262-COGGB,1,20.45,Month-to-month,No,No internet service,Mailed check,0,Low Risk,Continue regular engagement,0.0,30.02
6663-JOCQO,31,75.25,One year,DSL,Yes,Bank transfer (automatic),0,Low Risk,Continue regular engagement,0.0,8.76
9620-QJREV,47,20.55,One year,No,No internet service,Credit card (automatic),0,Low Risk,Continue regular engagement,0.0,1.72
2276-YDAVZ,3,75.1,Month-to-month,Fiber optic,No,Credit card (automatic),1,High Risk,Offer annual contract discount + proactive support,75.1,77.44
2682-KEVRP,22,20.05,One year,No,No internet service,Mailed check,0,Low Risk,Continue regular engagement,0.0,3.78
2480-JZOSN,1,20.65,Month-to-month,No,No internet service,Mailed check,1,Medium Risk,Offer contract upgrade incentive,20.65,44.25
0078-XZMHT,72,85.15,Two year,DSL,Yes,Bank transfer (automatic),0,Low Risk,Continue regular engagement,0.0,0.81
5896-NPFWW,3,50.15,Month-to-month,DSL,No,Electronic check,1,Medium Risk,Offer contract upgrade incentive,50.15,51.27
9978-HYCIN,47,84.95,One year,Fiber optic,No,Bank transfer (automatic),0,Low Risk,Continue regular engagement,0.0,10.51
8338-QIUNR,72,66.5,Two year,DSL,Yes,Credit card (automatic),0,Low Risk,Continue regular engagement,0.0,0.79
1525-LNLOJ,66,63.3,Two year,DSL,No,Bank transfer (automatic),0,Low Risk,Continue regular engagement,0.0,2.18
9450-TRJUU,35,83.15,Month-to-month,Fiber optic,No,Electronic check,1,Medium Risk,Offer contract upgrade incentive,83.15,41.4
1766-GKNMI,29,84.9,Month-to-month,Fiber optic,No,Electronic check,1,Medium Risk,Offer contract upgrade incentive,84.9,56.36
6942-LBFDP,2,20.55,Month-to-month,No,No internet service,Mailed check,0,Low Risk,Continue regular engagement,0.0,18.13
1456-TWCGB,4,49.25,Month-to-month,DSL,No,Mailed check,0,Low Risk,Continue regular engagement,0.0,28.84
7133-VBDCG,25,79.85,Month-to-month,Fiber optic,No,Bank transfer (automatic),0,Low Risk,Continue regular engagement,0.0,23.28
7596-ZYWBB,65,59.6,Two year,DSL,Yes,Mailed check,0,Low Risk,Continue regular engagement,0.0,0.8
8329-UTMVM,27,104.65,One year,Fiber optic,Yes,Bank transfer (automatic),0,Low Risk,Continue regular engagement,0.0,27.09
3014-WJKSM,29,75.3,Month-to-month,Fiber optic,No,Credit card (automatic),0,Low Risk,Continue regular engagement,0.0,30.68
3347-YJZZE,29,80.1,Month-to-month,DSL,No,Credit card (automatic),0,Low Risk,Continue regular engagement,0.0,14.1
1029-QFBEN,1,19.55,Month-to-month,No,No internet service,Mailed check,0,Low Risk,Continue regular engagement,0.0,34.58
7929-DMBCV,20,81.0,Month-to-month,Fiber optic,Yes,Mailed check,0,Low Risk,Continue regular engagement,0.0,27.66
9661-JALZV,58,24.7,Two year,No,No internet service,Credit card (automatic),0,Low Risk,Continue regular engagement,0.0,1.28
5433-KYGHE,14,86.0,Month-to-month,Fiber optic,Yes,Mailed check,0,Low Risk,Continue regular engagement,0.0,32.37
4312-KFRXN,72,25.4,Two year,No,No internet service,Mailed check,0,Low Risk,Continue regular engagement,0.0,0.67
5575-TPIZQ,46,89.15,Month-to-month,Fiber optic,No,Credit card (automatic),0,Low Risk,Continue regular engagement,0.0,21.5
0114-IGABW,71,58.25,Two year,DSL,Yes,Bank transfer (automatic),0,Low Risk,Continue regular engagement,0.0,0.98
9944-AEXBM,32,85.65,Month-to-month,Fiber optic,No,Bank transfer (automatic),1,Medium Risk,Offer contract upgrade incentive,85.65,40.97
1853-ARAAQ,26,50.35,Month-to-month,DSL,No,Credit card (automatic),0,Low Risk,Continue regular engagement,0.0,20.33
6952-OMNWB,68,80.35,Month-to-month,Fiber optic,No,Credit card (automatic),0,Low Risk,Continue regular engagement,0.0,27.21
4697-LUPSU,2,20.2,One year,No,No internet service,Mailed check,0,Low Risk,Continue regular engagement,0.0,5.89
8434-VGEQQ,61,20.55,Two year,No,No internet service,Credit card (automatic),0,Low Risk,Continue regular engagement,0.0,0.78
4952-YSOGZ,4,85.95,Month-to-month,Fiber optic,No,Electronic check,1,High Risk,Offer annual contract discount + proactive support,85.95,84.57
1589-AGTLK,3,45.35,Month-to-month,DSL,No,Electronic check,1,Medium Risk,Offer contract upgrade incentive,45.35,58.93
5244-IRFIH,33,94.5,Month-to-month,Fiber optic,No,Electronic check,1,Medium Risk,Offer contract upgrade incentive,94.5,63.02
6549-YMFAW,9,21.25,Month-to-month,No,No internet service,Mailed check,0,Low Risk,Continue regular engagement,0.0,15.05
4950-HKQTE,22,26.25,Two year,No,No internet service,Mailed check,0,Low Risk,Continue regular engagement,0.0,2.31
6786-OBWQR,5,80.85,Month-to-month,Fiber optic,No,Electronic check,1,Medium Risk,Offer contract upgrade incentive,80.85,62.93
2684-EIWEO,30,91.7,Month-to-month,Fiber optic,No,Credit card (automatic),0,Low Risk,Continue regular engagement,0.0,34.43
2753-JMMCV,65,74.2,Two year,DSL,Yes,Credit card (automatic),0,Low Risk,Continue regular engagement,0.0,4.34
6439-GTPCA,45,87.25,Month-to-month,Fiber optic,Yes,Electronic check,0,Low Risk,Continue regular engagement,0.0,33.68
6621-YOBKI,5,20.35,Month-to-month,No,No internet service,Mailed check,0,Low Risk,Continue regular engagement,0.0,7.18
1216-JWVUX,25,75.5,Month-to-month,Fiber optic,No,Electronic check,1,Medium Risk,Offer contract upgrade incentive,75.5,38.2
7564-GHCVB,72,79.05,Two year,Fiber optic,No,Bank transfer (automatic),0,Low Risk,Continue regular engagement,0.0,0.79
1173-NOEYG,27,90.15,Month-to-month,Fiber optic,No,Bank transfer (automatic),0,Low Risk,Continue regular engagement,0.0,31.4
7595-EHCDL,32,50.6,Month-to-month,DSL,No,Credit card (automatic),0,Low Risk,Continue regular engagement,0.0,13.94
6647-ZEDXT,30,110.45,One year,Fiber optic,Yes,Credit card (automatic),0,Low Risk,Continue regular engagement,0.0,17.06
2521-NPUZR,70,101.0,Two year,Fiber optic,Yes,Credit card (automatic),0,Low Risk,Continue regular engagement,0.0,3.86
1307-TVUFB,42,79.35,Month-to-month,Fiber optic,No,Bank transfer (automatic),1,Medium Risk,Offer contract upgrade incentive,79.35,37.28
7503-MIOGA,72,89.85,Two year,DSL,Yes,Bank transfer (automatic),0,Low Risk,Continue regular engagement,0.0,0.54
4381-MHQDC,47,65.0,Two year,DSL,Yes,Mailed check,0,Low Risk,Continue regular engagement,0.0,1.4
6923-JHPMP,2,80.45,Month-to-month,Fiber optic,No,Electronic check,1,Medium Risk,Offer contract upgrade incentive,80.45,51.09
5138-WVKYJ,10,98.55,Month-to-month,Fiber optic,No,Electronic check,1,High Risk,Offer annual contract discount + proactive support,98.55,72.28
4018-PPNDW,61,24.1,Two year,No,No internet service,Mailed check,0,Low Risk,Continue regular engagement,0.0,0.8
1635-FJFCC,5,44.05,Month-to-month,DSL,No,Credit card (automatic),1,Medium Risk,Offer contract upgrade incentive,44.05,36.12
2499-AJYUA,72,110.8,Two year,Fiber optic,Yes,Credit card (automatic),0,Low Risk,Continue regular engagement,0.0,1.65
6919-ELBGL,72,114.95,Two year,Fiber optic,Yes,Bank transfer (automatic),0,Low Risk,Continue regular engagement,0.0,1.39
3966-HRMZA,3,75.05,Month-to-month,Fiber optic,No,Mailed check,1,Medium Risk,Offer contract upgrade incentive,75.05,61.76
6425-JWTDV,48,19.25,Two year,No,No internet service,Mailed check,0,Low Risk,Continue regular engagement,0.0,0.7
8405-IGQFX,63,90.05,One year,Fiber optic,Yes,Credit card (automatic),0,Low Risk,Continue regular engagement,0.0,4.02
8224-IVVPA,27,56.7,Month-to-month,DSL,No,Mailed check,0,Low Risk,Continue regular engagement,0.0,11.09
9477-LGWQI,70,80.15,Two year,DSL,No,Credit card (automatic),0,Low Risk,Continue regular engagement,0.0,2.11
1410-RSCMR,7,71.35,Month-to-month,DSL,Yes,Credit card (automatic),0,Low Risk,Continue regular engagement,0.0,16.4
3115-CZMZD,0,20.25,Two year,No,No internet service,Mailed check,0,Low Risk,Continue regular engagement,0.0,4.19
0139-IVFJG,2,90.35,Month-to-month,Fiber optic,No,Electronic check,1,Medium Risk,Offer contract upgrade incentive,90.35,45.53
6683-VLCTZ,20,98.55,Month-to-month,Fiber optic,No,Electronic check,1,High Risk,Offer annual contract discount + proactive support,98.55,78.72
5730-DBDSI,66,19.7,Two year,No,No internet service,Bank transfer (automatic),0,Low Risk,Continue regular engagement,0.0,1.14
0030-FNXPP,3,19.85,Month-to-month,No,No internet service,Mailed check,0,Low Risk,Continue regular engagement,0.0,17.33
2189-WWOEW,15,85.9,Month-to-month,Fiber optic,No,Bank transfer (automatic),1,Medium Risk,Offer contract upgrade incentive,85.9,41.03
5684-FJVYR,72,90.35,Two year,Fiber optic,Yes,Bank transfer (automatic),0,Low Risk,Continue regular engagement,0.0,0.55
4013-GUXND,1,20.8,Month-to-month,No,No internet service,Mailed check,0,Low Risk,Continue regular engagement,0.0,31.66
1894-IGFSG,22,89.25,Month-to-month,Fiber optic,No,Electronic check,1,Medium Risk,Offer contract upgrade incentive,89.25,40.58
7379-POKDZ,3,70.3,Month-to-month,Fiber optic,No,Electronic check,1,Medium Risk,Offer contract upgrade incentive,70.3,63.85
1266-NZYUI,72,66.85,Two year,DSL,Yes,Bank transfer (automatic),0,Low Risk,Continue regular engagement,0.0,0.62
7969-FFOWG,65,19.9,Two year,No,No internet service,Mailed check,0,Low Risk,Continue regular engagement,0.0,0.94
4718-DHSMV,11,35.8,Month-to-month,DSL,No,Mailed check,1,Medium Risk,Offer contract upgrade incentive,35.8,36.52
5175-WLYXL,22,78.85,Month-to-month,Fiber optic,No,Mailed check,1,Medium Risk,Offer contract upgrade incentive,78.85,36.4
7817-OMJNA,14,20.4,One year,No,No internet service,Bank transfer (automatic),0,Low Risk,Continue regular engagement,0.0,3.61
8728-SKJLR,41,74.25,Month-to-month,Fiber optic,Yes,Electronic check,1,Medium Risk,Offer contract upgrade incentive,74.25,36.49
3137-NYQQI,17,64.8,One year,DSL,No,Mailed check,0,Low Risk,Continue regular engagement,0.0,10.02
7706-DZNKK,11,20.45,Month-to-month,No,No internet service,Credit card (automatic),0,Low Risk,Continue regular engagement,0.0,7.68
0236-HFWSV,15,93.35,Month-to-month,Fiber optic,No,Electronic check,1,High Risk,Offer annual contract discount + proactive support,93.35,72.45
3900-AQPHZ,1,19.9,Month-to-month,No,No internet service,Mailed check,1,Medium Risk,Offer contract upgrade incentive,19.9,42.31
5842-POCOP,5,88.9,Month-to-month,Fiber optic,No,Mailed check,1,Medium Risk,Offer contract upgrade incentive,88.9,65.23
2037-XJFUP,33,95.8,One year,Fiber optic,No,Electronic check,0,Low Risk,Continue regular engagement,0.0,30.31
8823-RLPWL,72,110.65,Two year,Fiber optic,No,Credit card (automatic),0,Low Risk,Continue regular engagement,0.0,0.9
9505-SQFSW,3,40.3,Month-to-month,DSL,No,Mailed check,0,Low Risk,Continue regular engagement,0.0,33.67
7314-OXENN,2,82.0,Month-to-month,Fiber optic,No,Electronic check,1,High Risk,Offer annual contract discount + proactive support,82.0,83.85
3758-CKOQL,59,107.0,One year,Fiber optic,Yes,Credit card (automatic),0,Low Risk,Continue regular engagement,0.0,13.73
0322-CHQRU,2,45.35,Month-to-month,DSL,No,Electronic check,1,Medium Risk,Offer contract upgrade incentive,45.35,51.47
5676-CFLYY,71,73.35,Two year,DSL,Yes,Credit card (automatic),0,Low Risk,Continue regular engagement,0.0,2.08
7521-AFHAB,5,44.8,Month-to-month,DSL,No,Mailed check,0,Low Risk,Continue regular engagement,0.0,27.7
0285-INHLN,27,54.75,Month-to-month,DSL,No,Credit card (automatic),0,Low Risk,Continue regular engagement,0.0,10.36
4678-DVQEO,1,52.2,Month-to-month,DSL,Yes,Electronic check,1,Medium Risk,Offer contract upgrade incentive,52.2,56.04
5125-CNDSP,63,40.6,One year,DSL,Yes,Bank transfer (automatic),0,Low Risk,Continue regular engagement,0.0,3.34
0691-IFBQW,46,110.0,One year,Fiber optic,No,Electronic check,0,Low Risk,Continue regular engagement,0.0,31.65
4992-LTJNE,72,55.3,Two year,DSL,No,Bank transfer (automatic),0,Low Risk,Continue regular engagement,0.0,0.43
2202-OUTMO,34,60.85,Month-to-month,DSL,Yes,Bank transfer (automatic),0,Low Risk,Continue regular engagement,0.0,7.44
0810-BDHAW,24,78.4,One year,DSL,No,Electronic check,0,Low Risk,Continue regular engagement,0.0,8.9
0229-LFJAF,72,69.65,Two year,DSL,Yes,Bank transfer (automatic),0,Low Risk,Continue regular engagement,0.0,0.75
7131-ZQZNK,60,59.85,Two year,DSL,Yes,Credit card (automatic),0,Low Risk,Continue regular engagement,0.0,0.93
3442-ZHHCC,68,76.9,One year,DSL,No,Credit card (automatic),0,Low Risk,Continue regular engagement,0.0,13.66
5726-CVNYA,8,19.85,Two year,No,No internet service,Mailed check,0,Low Risk,Continue regular engagement,0.0,2.08
9871-ELEYA,34,67.65,Two year,DSL,Yes,Credit card (automatic),0,Low Risk,Continue regular engagement,0.0,1.82
4257-GAESD,6,45.0,Month-to-month,DSL,No,Credit card (automatic),0,Low Risk,Continue regular engagement,0.0,30.41
5173-WXOQV,2,64.2,Month-to-month,DSL,Yes,Mailed check,0,Low Risk,Continue regular engagement,0.0,32.21
2040-OBMLJ,31,81.7,One year,Fiber optic,Yes,Credit card (automatic),0,Low Risk,Continue regular engagement,0.0,9.64
6286-ZHAOK,20,25.55,Month-to-month,No,No internet service,Bank transfer (automatic),0,Low Risk,Continue regular engagement,0.0,8.37
3807-XHCJH,1,20.0,Month-to-month,No,No internet service,Electronic check,1,Medium Risk,Offer contract upgrade incentive,20.0,43.61
3009-JWMPU,62,96.75,One year,Fiber optic,No,Electronic check,0,Low Risk,Continue regular engagement,0.0,27.17
5671-RQRLP,70,75.65,Two year,Fiber optic,No,Credit card (automatic),0,Low Risk,Continue regular engagement,0.0,15.19
1450-GALXR,10,98.5,Month-to-month,Fiber optic,Yes,Electronic check,1,High Risk,Offer annual contract discount + proactive support,98.5,89.09
8859-AXJZP,39,23.8,Two year,No,No internet service,Mailed check,0,Low Risk,Continue regular engagement,0.0,1.19
3174-AKMAS,46,64.2,Two year,DSL,Yes,Credit card (automatic),0,Low Risk,Continue regular engagement,0.0,2.47
3138-BKYAV,6,85.35,Month-to-month,Fiber optic,No,Electronic check,1,Medium Risk,Offer contract upgrade incentive,85.35,65.95
9926-PJHDQ,72,76.8,Two year,DSL,No,Bank transfer (automatic),0,Low Risk,Continue regular engagement,0.0,2.4
7382-DFJTU,18,55.2,Month-to-month,DSL,Yes,Credit card (automatic),0,Low Risk,Continue regular engagement,0.0,16.84
2798-NYLMZ,71,108.55,Two year,Fiber optic,Yes,Credit card (automatic),1,Medium Risk,Monitor customer + targeted engagement,108.55,36.23
4289-DTDKW,40,101.3,Month-to-month,Fiber optic,No,Electronic check,1,Medium Risk,Offer contract upgrade incentive,101.3,62.73
1820-TQVEV,1,69.55,Month-to-month,Fiber optic,No,Electronic check,1,High Risk,Offer annual contract discount + proactive support,69.55,84.78
2239-JALAW,58,103.25,One year,Fiber optic,No,Bank transfer (automatic),1,Medium Risk,Monitor customer + targeted engagement,103.25,37.53
4853-RULSV,70,104.0,Two year,Fiber optic,Yes,Credit card (automatic),0,Low Risk,Continue regular engagement,0.0,26.2
8098-TDCBU,42,25.25,Two year,No,No internet service,Electronic check,0,Low Risk,Continue regular engagement,0.0,2.88
3551-GAEGL,34,30.4,One year,DSL,No,Bank transfer (automatic),0,Low Risk,Continue regular engagement,0.0,5.72
4785-NKHCX,5,20.05,Month-to-month,No,No internet service,Bank transfer (automatic),0,Low Risk,Continue regular engagement,0.0,16.41
3196-NVXLZ,25,84.6,Month-to-month,Fiber optic,No,Mailed check,1,Medium Risk,Offer contract upgrade incentive,84.6,42.05
6275-YDUVO,2,86.2,Month-to-month,Fiber optic,No,Mailed check,1,High Risk,Offer annual contract discount + proactive support,86.2,77.92
0036-IHMOT,55,103.7,One year,Fiber optic,Yes,Bank transfer (automatic),0,Low Risk,Continue regular engagement,0.0,10.75
0115-TFERT,21,111.2,Month-to-month,Fiber optic,Yes,Electronic check,1,Medium Risk,Offer contract upgrade incentive,111.2,59.95
4178-EGMON,70,88.0,Two year,Fiber optic,Yes,Credit card (automatic),0,Low Risk,Continue regular engagement,0.0,2.06
4220-TINQT,61,106.35,Month-to-month,Fiber optic,Yes,Electronic check,0,Low Risk,Continue regular engagement,0.0,22.25
5318-YKDPV,43,79.15,Two year,DSL,Yes,Credit card (automatic),0,Low Risk,Continue regular engagement,0.0,2.77
7975-TZMLR,47,103.1,One year,Fiber optic,No,Electronic check,1,Medium Risk,Monitor customer + targeted engagement,103.1,42.02
0295-QVKPB,5,63.95,Month-to-month,DSL,Yes,Credit card (automatic),0,Low Risk,Continue regular engagement,0.0,27.59
4335-BSMJS,62,25.8,Two year,No,No internet service,Credit card (automatic),0,Low Risk,Continue regular engagement,0.0,1.16
2311-QYMUQ,16,89.45,Month-to-month,Fiber optic,No,Credit card (automatic),1,Medium Risk,Offer contract upgrade incentive,89.45,44.33
3643-AHCFP,7,95.6,Month-to-month,Fiber optic,No,Bank transfer (automatic),1,High Risk,Offer annual contract discount + proactive support,95.6,86.39
9146-JRIOX,14,25.55,Month-to-month,No,No internet service,Mailed check,0,Low Risk,Continue regular engagement,0.0,9.24
3104-OWCGK,60,90.95,One year,Fiber optic,No,Electronic check,0,Low Risk,Continue regular engagement,0.0,9.19
5337-IIWKZ,34,44.85,Month-to-month,DSL,Yes,Electronic check,0,Low Risk,Continue regular engagement,0.0,13.98
9101-BWFSS,50,108.55,One year,Fiber optic,Yes,Electronic check,0,Low Risk,Continue regular engagement,0.0,21.68
9650-VBUOG,38,25.05,Two year,No,No internet service,Credit card (automatic),0,Low Risk,Continue regular engagement,0.0,1.14
3487-EARAT,70,74.1,One year,DSL,Yes,Credit card (automatic),0,Low Risk,Continue regular engagement,0.0,9.12
2672-TGEFF,37,88.8,Month-to-month,Fiber optic,No,Electronic check,1,Medium Risk,Offer contract upgrade incentive,88.8,37.91
9231-ZJYAM,4,78.85,Month-to-month,Fiber optic,No,Electronic check,1,High Risk,Offer annual contract discount + proactive support,78.85,70.79
4250-WAROZ,60,93.25,Month-to-month,Fiber optic,No,Electronic check,0,Low Risk,Continue regular engagement,0.0,15.26
8184-WMOFI,62,71.4,One year,DSL,Yes,Credit card (automatic),0,Low Risk,Continue regular engagement,0.0,4.05
6982-SSHFK,1,44.4,Month-to-month,DSL,No,Mailed check,1,Medium Risk,Offer contract upgrade incentive,44.4,45.82
6092-QZVPP,36,79.2,Month-to-month,DSL,Yes,Credit card (automatic),0,Low Risk,Continue regular engagement,0.0,14.34
4625-LAMOB,44,20.4,Two year,No,No internet service,Credit card (automatic),0,Low Risk,Continue regular engagement,0.0,0.95
0727-BMPLR,55,100.0,One year,Fiber optic,No,Electronic check,1,Medium Risk,Monitor customer + targeted engagement,100.0,40.8
0392-BZIUW,72,105.0,Two year,Fiber optic,No,Credit card (automatic),0,Low Risk,Continue regular engagement,0.0,4.1
1038-ZAGBI,12,19.8,One year,No,No internet service,Bank transfer (automatic),0,Low Risk,Continue regular engagement,0.0,6.84
6549-NNDYT,13,30.85,Month-to-month,DSL,No,Bank transfer (automatic),0,Low Risk,Continue regular engagement,0.0,21.54
3027-ZTDHO,1,89.9,Month-to-month,Fiber optic,No,Electronic check,1,High Risk,Offer annual contract discount + proactive support,89.9,86.38
0422-OHQHQ,15,20.55,One year,No,No internet service,Mailed check,0,Low Risk,Continue regular engagement,0.0,3.91
6916-HIJSE,65,84.85,Two year,DSL,Yes,Bank transfer (automatic),0,Low Risk,Continue regular engagement,0.0,1.66
2316-ESMLS,12,33.15,One year,DSL,Yes,Credit card (automatic),0,Low Risk,Continue regular engagement,0.0,6.01
9778-OGKQZ,72,92.0,Two year,DSL,Yes,Credit card (automatic),0,Low Risk,Continue regular engagement,0.0,0.4
7408-OFWXJ,72,89.8,Two year,DSL,Yes,Credit card (automatic),0,Low Risk,Continue regular engagement,0.0,0.45
6007-TCTST,72,115.8,Two year,Fiber optic,Yes,Bank transfer (automatic),0,Low Risk,Continue regular engagement,0.0,1.12
2252-NKNSI,52,85.15,Two year,DSL,Yes,Mailed check,0,Low Risk,Continue regular engagement,0.0,1.75
8713-IGZSO,2,24.85,Month-to-month,No,No internet service,Mailed check,0,Low Risk,Continue regular engagement,0.0,17.98
7905-TVXTA,5,64.35,Month-to-month,DSL,Yes,Electronic check,0,Low Risk,Continue regular engagement,0.0,31.58
7695-PKLCZ,68,20.5,Two year,No,No internet service,Credit card (automatic),0,Low Risk,Continue regular engagement,0.0,0.59
2382-BCKQJ,62,100.15,One year,Fiber optic,No,Electronic check,0,Low Risk,Continue regular engagement,0.0,33.71
8374-UULRV,72,86.05,Two year,DSL,Yes,Credit card (automatic),0,Low Risk,Continue regular engagement,0.0,0.45
2207-NHRJK,1,50.8,Month-to-month,DSL,No,Electronic check,1,Medium Risk,Offer contract upgrade incentive,50.8,52.45
3224-DFQNQ,66,89.0,One year,Fiber optic,Yes,Electronic check,0,Low Risk,Continue regular engagement,0.0,8.76
5275-PMFUT,72,64.8,Two year,DSL,Yes,Credit card (automatic),0,Low Risk,Continue regular engagement,0.0,0.49
4795-UXVCJ,26,19.8,One year,No,No internet service,Credit card (automatic),0,Low Risk,Continue regular engagement,0.0,1.3
9777-IQHWP,64,93.4,Two year,Fiber optic,No,Bank transfer (automatic),0,Low Risk,Continue regular engagement,0.0,3.73
0947-MUGVO,20,73.65,Month-to-month,Fiber optic,No,Electronic check,1,Medium Risk,Offer contract upgrade incentive,73.65,51.11
9944-HKVVB,3,95.1,Month-to-month,Fiber optic,No,Electronic check,1,High Risk,Offer annual contract discount + proactive support,95.1,75.3
4124-MMETB,22,94.65,Month-to-month,Fiber optic,No,Credit card (automatic),1,Medium Risk,Offer contract upgrade incentive,94.65,57.76
3671-SHRSP,4,80.6,Month-to-month,Fiber optic,Yes,Mailed check,1,Medium Risk,Offer contract upgrade incentive,80.6,58.13
0979-MOZQI,62,39.0,Two year,DSL,Yes,Bank transfer (automatic),0,Low Risk,Continue regular engagement,0.0,2.73
2732-ISEZX,5,20.5,Month-to-month,No,No internet service,Mailed check,0,Low Risk,Continue regular engagement,0.0,12.14
3313-QKNKB,59,85.55,One year,Fiber optic,No,Electronic check,0,Low Risk,Continue regular engagement,0.0,17.47
0323-XWWTN,3,26.4,Two year,No,No internet service,Mailed check,0,Low Risk,Continue regular engagement,0.0,3.45
1937-OTUKY,72,98.2,Two year,Fiber optic,Yes,Bank transfer (automatic),0,Low Risk,Continue regular engagement,0.0,0.94
1573-LGXBA,57,97.55,One year,Fiber optic,No,Credit card (automatic),0,Low Risk,Continue regular engagement,0.0,12.64
1764-VUUMT,66,19.95,Two year,No,No internet service,Credit card (automatic),0,Low Risk,Continue regular engagement,0.0,0.89
5073-WXOYN,60,50.8,Month-to-month,DSL,No,Electronic check,1,Medium Risk,Offer contract upgrade incentive,50.8,36.38
4713-ZBURT,45,99.7,Two year,Fiber optic,No,Bank transfer (automatic),0,Low Risk,Continue regular engagement,0.0,9.82
3050-GBUSH,3,34.8,Month-to-month,DSL,No,Credit card (automatic),1,Medium Risk,Offer contract upgrade incentive,34.8,51.74
0207-MDKNV,15,105.1,Month-to-month,Fiber optic,Yes,Electronic check,1,Medium Risk,Offer contract upgrade incentive,105.1,57.05
7876-AEHIG,51,60.15,One year,DSL,Yes,Bank transfer (automatic),0,Low Risk,Continue regular engagement,0.0,6.39
7945-HLKEA,60,64.75,One year,DSL,Yes,Electronic check,0,Low Risk,Continue regular engagement,0.0,3.67
9342-VNIMQ,33,54.65,Month-to-month,DSL,No,Bank transfer (automatic),0,Low Risk,Continue regular engagement,0.0,14.1
9851-KIELU,10,110.1,Month-to-month,Fiber optic,Yes,Electronic check,1,Medium Risk,Offer contract upgrade incentive,110.1,64.03
3523-BRGUW,26,19.3,One year,No,No internet service,Credit card (automatic),0,Low Risk,Continue regular engagement,0.0,1.75
3908-BLSYF,6,83.9,Month-to-month,Fiber optic,No,Electronic check,1,Medium Risk,Offer contract upgrade incentive,83.9,60.01
3199-NPKCN,67,111.25,One year,Fiber optic,Yes,Electronic check,0,Low Risk,Continue regular engagement,0.0,21.06
5170-PTRKA,49,35.8,One year,DSL,Yes,Credit card (automatic),0,Low Risk,Continue regular engagement,0.0,3.02
4661-NJEUX,1,20.05,Month-to-month,No,No internet service,Mailed check,1,Medium Risk,Offer contract upgrade incentive,20.05,49.33
2123-AGEEN,7,84.35,Month-to-month,Fiber optic,No,Electronic check,1,High Risk,Offer annual contract discount + proactive support,84.35,73.39
1258-YMZNM,27,110.5,One year,Fiber optic,No,Bank transfer (automatic),0,Low Risk,Continue regular engagement,0.0,28.86
0048-LUMLS,37,91.2,One year,Fiber optic,No,Credit card (automatic),0,Low Risk,Continue regular engagement,0.0,15.89
7549-MYGPK,63,100.55,Month-to-month,Fiber optic,No,Electronic check,0,Low Risk,Continue regular engagement,0.0,27.38
5898-IGSLP,31,89.3,Month-to-month,Fiber optic,Yes,Electronic check,0,Low Risk,Continue regular engagement,0.0,18.87
3804-RVTGV,50,103.85,Month-to-month,Fiber optic,No,Bank transfer (automatic),1,Medium Risk,Offer contract upgrade incentive,103.85,47.08
6259-WJQLC,32,81.1,Month-to-month,Fiber optic,No,Credit card (automatic),1,Medium Risk,Offer contract upgrade incentive,81.1,37.97
9227-LUNBG,1,24.6,Month-to-month,DSL,No,Electronic check,1,Medium Risk,Offer contract upgrade incentive,24.6,56.65
7997-EASSD,63,81.2,One year,Fiber optic,Yes,Credit card (automatic),0,Low Risk,Continue regular engagement,0.0,4.58
0730-KOAVE,30,94.3,Month-to-month,Fiber optic,No,Credit card (automatic),0,Low Risk,Continue regular engagement,0.0,33.06
8975-SKGRX,71,116.1,Two year,Fiber optic,Yes,Bank transfer (automatic),0,Low Risk,Continue regular engagement,0.0,3.64
0678-RLHVP,53,105.55,Two year,Fiber optic,No,Electronic check,0,Low Risk,Continue regular engagement,0.0,24.51
4315-MURBD,12,98.9,Month-to-month,Fiber optic,Yes,Bank transfer (automatic),1,High Risk,Offer annual contract discount + proactive support,98.9,75.59
2267-FPIMA,50,94.4,Month-to-month,Fiber optic,No,Credit card (automatic),0,Low Risk,Continue regular engagement,0.0,23.55
1051-GEJLJ,2,19.5,Month-to-month,No,No internet service,Mailed check,0,Low Risk,Continue regular engagement,0.0,15.19
9734-YWGEX,9,98.3,Month-to-month,Fiber optic,No,Credit card (automatic),1,High Risk,Offer annual contract discount + proactive support,98.3,83.35
2719-BDAQO,17,93.85,Month-to-month,Fiber optic,No,Electronic check,1,Medium Risk,Offer contract upgrade incentive,93.85,45.5
5285-MVEHD,56,105.6,One year,Fiber optic,No,Credit card (automatic),0,Low Risk,Continue regular engagement,0.0,27.67
0379-DJQHR,67,81.35,Two year,DSL,No,Credit card (automatic),0,Low Risk,Continue regular engagement,0.0,3.0
0781-LKXBR,9,100.5,Month-to-month,Fiber optic,No,Electronic check,1,High Risk,Offer annual contract discount + proactive support,100.5,87.49
5543-QDCRY,4,56.4,Month-to-month,DSL,No,Electronic check,1,Medium Risk,Offer contract upgrade incentive,56.4,45.24
0297-RBCSG,19,65.35,One year,DSL,Yes,Bank transfer (automatic),0,Low Risk,Continue regular engagement,0.0,11.81
4694-PHWFW,8,19.95,Month-to-month,No,No internet service,Mailed check,0,Low Risk,Continue regular engagement,0.0,9.86
0835-JKADZ,71,111.25,Two year,Fiber optic,Yes,Electronic check,0,Low Risk,Continue regular engagement,0.0,5.1
1907-UBQFC,10,72.85,Month-to-month,Fiber optic,No,Electronic check,1,Medium Risk,Offer contract upgrade incentive,72.85,54.45
7508-SMHXL,15,89.0,Month-to-month,Fiber optic,No,Credit card (automatic),1,Medium Risk,Offer contract upgrade incentive,89.0,41.69
3865-YIOTT,72,106.1,One year,Fiber optic,No,Bank transfer (automatic),0,Low Risk,Continue regular engagement,0.0,9.05
5993-BQHEA,12,20.05,One year,No,No internet service,Credit card (automatic),0,Low Risk,Continue regular engagement,0.0,3.38
6024-RUGGH,72,25.2,Two year,No,No internet service,Bank transfer (automatic),0,Low Risk,Continue regular engagement,0.0,0.62
6513-EECDB,1,73.55,Month-to-month,Fiber optic,No,Electronic check,1,High Risk,Offer annual contract discount + proactive support,73.55,84.8
3956-CJUST,23,75.4,Month-to-month,Fiber optic,No,Bank transfer (automatic),0,Low Risk,Continue regular engagement,0.0,21.13
4079-WWQQQ,72,65.55,Two year,DSL,Yes,Bank transfer (automatic),0,Low Risk,Continue regular engagement,0.0,0.77
6103-BOCOU,26,80.7,Month-to-month,Fiber optic,No,Electronic check,1,Medium Risk,Offer contract upgrade incentive,80.7,54.83
5149-TGWDZ,21,104.55,One year,Fiber optic,Yes,Mailed check,0,Low Risk,Continue regular engagement,0.0,33.69
7471-WNSUF,60,24.15,One year,No,No internet service,Bank transfer (automatic),0,Low Risk,Continue regular engagement,0.0,1.85
8942-DBMHZ,12,20.45,Month-to-month,No,No internet service,Mailed check,0,Low Risk,Continue regular engagement,0.0,6.4
4301-VVZKA,16,75.4,Month-to-month,Fiber optic,No,Electronic check,1,Medium Risk,Offer contract upgrade incentive,75.4,60.47
9199-PWQVC,63,79.7,One year,DSL,No,Credit card (automatic),0,Low Risk,Continue regular engagement,0.0,8.44
4824-GUCBY,22,81.7,Month-to-month,Fiber optic,No,Electronic check,0,Low Risk,Continue regular engagement,0.0,28.55
5393-HJZSM,32,76.3,Month-to-month,DSL,Yes,Bank transfer (automatic),0,Low Risk,Continue regular engagement,0.0,10.3
7074-IEVOJ,3,79.4,Month-to-month,Fiber optic,No,Electronic check,1,High Risk,Offer annual contract discount + proactive support,79.4,73.48
9625-QSTYE,13,81.15,Month-to-month,Fiber optic,No,Electronic check,1,Medium Risk,Offer contract upgrade incentive,81.15,53.86
0862-PRCBS,68,103.75,Two year,Fiber optic,Yes,Credit card (automatic),0,Low Risk,Continue regular engagement,0.0,5.33
8812-ZRHFP,30,86.45,One year,Fiber optic,No,Electronic check,0,Low Risk,Continue regular engagement,0.0,17.38
5146-CBVOE,16,75.1,Month-to-month,Fiber optic,No,Bank transfer (automatic),0,Low Risk,Continue regular engagement,0.0,24.99
0454-OKRCT,33,80.6,Two year,Fiber optic,Yes,Bank transfer (automatic),0,Low Risk,Continue regular engagement,0.0,2.48
5787-KXGIY,72,19.3,Two year,No,No internet service,Credit card (automatic),0,Low Risk,Continue regular engagement,0.0,0.47
4750-ZRXIU,4,84.6,Month-to-month,Fiber optic,No,Electronic check,1,High Risk,Offer annual contract discount + proactive support,84.6,85.42
4198-VFOEA,12,33.6,One year,DSL,Yes,Mailed check,0,Low Risk,Continue regular engagement,0.0,9.19
6630-UJZMY,4,83.25,Month-to-month,Fiber optic,No,Electronic check,1,High Risk,Offer annual contract discount + proactive support,83.25,80.15
5709-LVOEQ,0,80.85,Two year,DSL,No,Mailed check,0,Low Risk,Continue regular engagement,0.0,5.06
6400-BWQKW,6,79.05,Month-to-month,Fiber optic,No,Electronic check,1,Medium Risk,Offer contract upgrade incentive,79.05,59.09
2692-AQCPF,65,108.05,One year,Fiber optic,Yes,Credit card (automatic),0,Low Risk,Continue regular engagement,0.0,13.41
0347-UBKUZ,15,19.9,Month-to-month,No,No internet service,Mailed check,0,Low Risk,Continue regular engagement,0.0,8.7
0835-DUUIQ,24,21.05,One year,No,No internet service,Bank transfer (automatic),0,Low Risk,Continue regular engagement,0.0,2.13
0811-GSDTP,13,30.15,Month-to-month,DSL,No,Electronic check,0,Low Risk,Continue regular engagement,0.0,22.58
7567-ECMCM,24,79.85,Month-to-month,Fiber optic,No,Credit card (automatic),0,Low Risk,Continue regular engagement,0.0,33.6
6115-ZTBFQ,72,65.5,Two year,DSL,Yes,Bank transfer (automatic),0,Low Risk,Continue regular engagement,0.0,0.74
6353-BRMMA,54,104.1,Month-to-month,Fiber optic,No,Bank transfer (automatic),0,Low Risk,Continue regular engagement,0.0,29.57
6680-WKXRZ,3,74.4,Month-to-month,Fiber optic,No,Bank transfer (automatic),1,Medium Risk,Offer contract upgrade incentive,74.4,55.51
6231-WFGFH,4,20.5,Month-to-month,No,No internet service,Mailed check,0,Low Risk,Continue regular engagement,0.0,18.26
9904-EHEVJ,32,91.35,Month-to-month,Fiber optic,No,Mailed check,1,Medium Risk,Offer contract upgrade incentive,91.35,37.93
7028-DVOIQ,35,99.05,Month-to-month,Fiber optic,No,Electronic check,1,Medium Risk,Offer contract upgrade incentive,99.05,65.27
6169-PPETC,35,20.5,Two year,No,No internet service,Bank transfer (automatic),0,Low Risk,Continue regular engagement,0.0,0.8
4208-UFFGW,2,44.95,Month-to-month,DSL,No,Mailed check,1,Medium Risk,Offer contract upgrade incentive,44.95,46.7
8584-KMVXD,8,75.6,Month-to-month,Fiber optic,No,Electronic check,1,Medium Risk,Offer contract upgrade incentive,75.6,40.25
8467-WYNSR,22,55.1,Month-to-month,DSL,Yes,Mailed check,0,Low Risk,Continue regular engagement,0.0,8.99
0851-DFJKB,15,58.95,Month-to-month,DSL,Yes,Electronic check,0,Low Risk,Continue regular engagement,0.0,20.68
5382-SOYZL,22,95.1,Month-to-month,Fiber optic,No,Electronic check,1,High Risk,Offer annual contract discount + proactive support,95.1,70.97
9448-REEVD,1,44.7,Month-to-month,DSL,No,Credit card (automatic),1,Medium Risk,Offer contract upgrade incentive,44.7,46.15
3261-CQXOL,71,25.45,Two year,No,No internet service,Bank transfer (automatic),0,Low Risk,Continue regular engagement,0.0,0.63
8388-FYNPZ,4,56.75,Month-to-month,DSL,No,Electronic check,0,Low Risk,Continue regular engagement,0.0,22.99
4002-BQWPQ,25,81.75,Month-to-month,DSL,Yes,Bank transfer (automatic),0,Low Risk,Continue regular engagement,0.0,8.59
5651-YLPRD,32,86.1,Month-to-month,Fiber optic,No,Electronic check,1,Medium Risk,Offer contract upgrade incentive,86.1,44.22
2826-DXLQO,7,29.8,Month-to-month,DSL,No,Bank transfer (automatic),0,Low Risk,Continue regular engagement,0.0,28.25
4378-BZYFP,17,20.5,One year,No,No internet service,Mailed check,0,Low Risk,Continue regular engagement,0.0,3.4
9489-UTFKA,8,60.9,Month-to-month,DSL,No,Bank transfer (automatic),0,Low Risk,Continue regular engagement,0.0,17.37
4849-PYRLQ,56,73.25,Two year,DSL,Yes,Bank transfer (automatic),0,Low Risk,Continue regular engagement,0.0,2.22
9117-SHLZX,1,45.7,Month-to-month,DSL,No,Mailed check,1,Medium Risk,Offer contract upgrade incentive,45.7,61.43
9889-TMAHG,8,100.3,Month-to-month,Fiber optic,Yes,Credit card (automatic),1,High Risk,Offer annual contract discount + proactive support,100.3,70.11
4541-RMRLG,7,19.25,Month-to-month,No,No internet service,Electronic check,0,Low Risk,Continue regular engagement,0.0,5.79
7764-BDPEE,3,20.85,Month-to-month,No,No internet service,Mailed check,0,Low Risk,Continue regular engagement,0.0,12.5
3429-IFLEM,71,77.35,Two year,DSL,Yes,Credit card (automatic),0,Low Risk,Continue regular engagement,0.0,1.14
3158-MOERK,2,96.0,Month-to-month,Fiber optic,No,Electronic check,1,High Risk,Offer annual contract discount + proactive support,96.0,84.88
7294-TMAOP,1,90.55,Month-to-month,Fiber optic,No,Electronic check,1,High Risk,Offer annual contract discount + proactive support,90.55,84.33
5002-GCQFH,49,93.85,Month-to-month,Fiber optic,No,Bank transfer (automatic),0,Low Risk,Continue regular engagement,0.0,24.3
0556-FJEGU,58,70.1,Two year,DSL,Yes,Bank transfer (automatic),0,Low Risk,Continue regular engagement,0.0,1.41
8919-FYFQZ,44,30.35,Month-to-month,DSL,No,Electronic check,1,Medium Risk,Offer contract upgrade incentive,30.35,36.77
0604-THJFP,59,75.95,Two year,DSL,Yes,Credit card (automatic),0,Low Risk,Continue regular engagement,0.0,1.28
2834-JRTUA,71,108.05,Two year,Fiber optic,Yes,Electronic check,1,Medium Risk,Monitor customer + targeted engagement,108.05,45.99
5875-YPQFJ,1,69.9,Month-to-month,Fiber optic,No,Electronic check,1,High Risk,Offer annual contract discount + proactive support,69.9,82.58
5879-SESNB,11,75.25,Month-to-month,Fiber optic,No,Electronic check,1,Medium Risk,Offer contract upgrade incentive,75.25,53.03
6646-QVXLR,62,103.75,One year,Fiber optic,No,Electronic check,0,Low Risk,Continue regular engagement,0.0,31.77
6461-PPAXN,35,54.95,One year,DSL,Yes,Bank transfer (automatic),0,Low Risk,Continue regular engagement,0.0,3.11
3318-ISQFQ,20,19.5,Month-to-month,No,No internet service,Bank transfer (automatic),0,Low Risk,Continue regular engagement,0.0,7.55
1106-HRLKZ,40,19.6,Two year,No,No internet service,Mailed check,0,Low Risk,Continue regular engagement,0.0,0.97
2483-XSSMZ,39,47.85,One year,DSL,No,Electronic check,0,Low Risk,Continue regular engagement,0.0,7.2
8603-IJWDN,1,86.6,Month-to-month,Fiber optic,No,Electronic check,1,High Risk,Offer annual contract discount + proactive support,86.6,88.86
8165-ZJRNM,72,23.75,Two year,No,No internet service,Bank transfer (automatic),0,Low Risk,Continue regular engagement,0.0,0.46
9369-XFEHK,33,80.6,Month-to-month,Fiber optic,No,Bank transfer (automatic),1,Medium Risk,Offer contract upgrade incentive,80.6,42.09
2604-XVDAM,12,43.8,Month-to-month,DSL,No,Bank transfer (automatic),0,Low Risk,Continue regular engagement,0.0,20.66
3717-OFRTN,1,19.75,Month-to-month,No,No internet service,Bank transfer (automatic),1,Medium Risk,Offer contract upgrade incentive,19.75,37.2
9046-JBFWA,27,19.15,Month-to-month,No,No internet service,Mailed check,0,Low Risk,Continue regular engagement,0.0,2.25
3280-NMUVX,34,19.6,One year,No,No internet service,Credit card (automatic),0,Low Risk,Continue regular engagement,0.0,1.51
1206-EHBDD,56,80.3,Two year,Fiber optic,No,Bank transfer (automatic),0,Low Risk,Continue regular engagement,0.0,2.77
8361-LBRDI,58,24.35,Two year,No,No internet service,Credit card (automatic),0,Low Risk,Continue regular engagement,0.0,0.98
4883-KCPZJ,22,25.25,Two year,No,No internet service,Credit card (automatic),0,Low Risk,Continue regular engagement,0.0,1.42
9108-EQPNQ,10,26.1,Two year,No,No internet service,Credit card (automatic),0,Low Risk,Continue regular engagement,0.0,1.82
7277-KAMWT,13,20.0,Two year,No,No internet service,Credit card (automatic),0,Low Risk,Continue regular engagement,0.0,1.54
3842-IYKUE,35,85.3,Month-to-month,Fiber optic,Yes,Credit card (automatic),0,Low Risk,Continue regular engagement,0.0,27.57
6641-XRPSU,34,70.0,Month-to-month,Fiber optic,No,Credit card (automatic),0,Low Risk,Continue regular engagement,0.0,33.51
1374-DMZUI,4,94.3,Month-to-month,Fiber optic,No,Electronic check,1,High Risk,Offer annual contract discount + proactive support,94.3,87.16
2545-LXYVJ,72,20.7,Two year,No,No internet service,Bank transfer (automatic),0,Low Risk,Continue regular engagement,0.0,0.44
3234-VKACU,2,70.3,Month-to-month,DSL,Yes,Electronic check,1,Medium Risk,Offer contract upgrade incentive,70.3,35.99
8357-EQXFO,7,95.35,Month-to-month,Fiber optic,No,Electronic check,1,High Risk,Offer annual contract discount + proactive support,95.35,79.06
1989-PRJHP,27,75.5,Month-to-month,Fiber optic,No,Electronic check,1,Medium Risk,Offer contract upgrade incentive,75.5,40.61
8120-JDCAM,4,69.55,Month-to-month,Fiber optic,No,Mailed check,1,Medium Risk,Offer contract upgrade incentive,69.55,56.12
8917-FAEMR,37,19.85,Two year,No,No internet service,Mailed check,0,Low Risk,Continue regular engagement,0.0,1.57
7047-YXDMZ,21,20.0,Month-to-month,No,No internet service,Mailed check,0,Low Risk,Continue regular engagement,0.0,6.59
2858-EIMXH,53,95.85,One year,Fiber optic,No,Credit card (automatic),0,Low Risk,Continue regular engagement,0.0,29.34
9524-EGPJC,18,90.1,Month-to-month,Fiber optic,Yes,Electronic check,1,Medium Risk,Offer contract upgrade incentive,90.1,53.68
6993-OHLXR,2,68.95,Month-to-month,Fiber optic,No,Electronic check,1,Medium Risk,Offer contract upgrade incentive,68.95,57.51
8818-XYFCQ,32,99.55,Month-to-month,Fiber optic,No,Credit card (automatic),1,Medium Risk,Offer contract upgrade incentive,99.55,49.34
6419-ZTTLE,23,20.75,One year,No,No internet service,Electronic check,0,Low Risk,Continue regular engagement,0.0,4.97
0929-HYQEW,3,50.15,Month-to-month,DSL,No,Mailed check,0,Low Risk,Continue regular engagement,0.0,29.56
6614-YOLAC,71,58.65,Two year,DSL,Yes,Mailed check,0,Low Risk,Continue regular engagement,0.0,0.42
7426-RHZGU,9,95.9,Month-to-month,Fiber optic,Yes,Bank transfer (automatic),1,Medium Risk,Offer contract upgrade incentive,95.9,66.89
4065-JJAVA,1,49.5,Month-to-month,DSL,No,Electronic check,1,Medium Risk,Offer contract upgrade incentive,49.5,44.87
4695-VADHF,18,57.45,Month-to-month,DSL,No,Electronic check,0,Low Risk,Continue regular engagement,0.0,22.28
3863-IUBJR,12,53.65,One year,DSL,No,Credit card (automatic),0,Low Risk,Continue regular engagement,0.0,14.06
7649-SIJJF,71,80.1,Two year,DSL,Yes,Mailed check,0,Low Risk,Continue regular engagement,0.0,0.88
9361-YNQWJ,64,24.4,One year,No,No internet service,Bank transfer (automatic),0,Low Risk,Continue regular engagement,0.0,1.83
3748-FVMZZ,4,40.05,Month-to-month,DSL,Yes,Electronic check,1,Medium Risk,Offer contract upgrade incentive,40.05,49.64
9391-TTOYH,23,19.5,Month-to-month,No,No internet service,Mailed check,0,Low Risk,Continue regular engagement,0.0,6.24
1452-XRSJV,39,51.05,Month-to-month,DSL,No,Credit card (automatic),0,Low Risk,Continue regular engagement,0.0,8.21
3422-WJOYD,28,54.35,One year,DSL,Yes,Mailed check,0,Low Risk,Continue regular engagement,0.0,3.32
8242-SOQUO,5,84.7,Month-to-month,Fiber optic,No,Electronic check,1,Medium Risk,Offer contract upgrade incentive,84.7,64.34
7460-ITWWP,45,86.1,Month-to-month,Fiber optic,No,Electronic check,1,Medium Risk,Offer contract upgrade incentive,86.1,36.61
7147-AYBAA,37,70.35,Month-to-month,Fiber optic,No,Mailed check,0,Low Risk,Continue regular engagement,0.0,29.63
7868-TMWMZ,60,110.0,Two year,Fiber optic,Yes,Bank transfer (automatic),0,Low Risk,Continue regular engagement,0.0,5.73
4822-RVYBB,8,100.6,Month-to-month,Fiber optic,No,Electronic check,1,High Risk,Offer annual contract discount + proactive support,100.6,89.11
6732-FZUGP,47,94.9,One year,Fiber optic,No,Credit card (automatic),0,Low Risk,Continue regular engagement,0.0,8.31
8436-BJUMM,26,83.75,Month-to-month,Fiber optic,No,Electronic check,1,Medium Risk,Offer contract upgrade incentive,83.75,56.68
4184-TJFAN,3,88.3,Month-to-month,Fiber optic,Yes,Mailed check,1,Medium Risk,Offer contract upgrade incentive,88.3,67.46
8329-GWVPJ,50,69.75,Month-to-month,Fiber optic,No,Bank transfer (automatic),0,Low Risk,Continue regular engagement,0.0,18.98
1352-VHKAJ,27,71.6,Month-to-month,DSL,Yes,Bank transfer (automatic),0,Low Risk,Continue regular engagement,0.0,7.49
4145-UQXUQ,8,92.1,Month-to-month,Fiber optic,No,Electronic check,1,High Risk,Offer annual contract discount + proactive support,92.1,74.16
2632-TACXW,62,23.65,Two year,No,No internet service,Bank transfer (automatic),0,Low Risk,Continue regular engagement,0.0,0.94
8146-QQKZH,71,81.85,Two year,DSL,Yes,Bank transfer (automatic),0,Low Risk,Continue regular engagement,0.0,0.72
1767-CJKBA,66,25.1,Two year,No,No internet service,Mailed check,0,Low Risk,Continue regular engagement,0.0,0.69
6445-TNRXS,68,114.7,Two year,Fiber optic,Yes,Bank transfer (automatic),0,Low Risk,Continue regular engagement,0.0,8.97
4581-LNWUM,13,49.15,Month-to-month,DSL,No,Electronic check,1,Medium Risk,Offer contract upgrade incentive,49.15,35.28
4869-EPIUS,56,80.9,One year,Fiber optic,No,Electronic check,0,Low Risk,Continue regular engagement,0.0,14.55
9948-YPTDG,38,79.45,Month-to-month,Fiber optic,No,Electronic check,1,Medium Risk,Offer contract upgrade incentive,79.45,36.82
1236-WFCDV,14,90.45,Month-to-month,Fiber optic,No,Credit card (automatic),1,Medium Risk,Offer contract upgrade incentive,90.45,46.58
1915-OAKWD,16,19.3,One year,No,No internet service,Bank transfer (automatic),0,Low Risk,Continue regular engagement,0.0,3.31
7296-PIXQY,14,70.2,Month-to-month,Fiber optic,No,Electronic check,1,Medium Risk,Offer contract upgrade incentive,70.2,37.8
4883-QICIH,32,69.75,Month-to-month,Fiber optic,No,Bank transfer (automatic),1,Medium Risk,Offer contract upgrade incentive,69.75,35.25
3354-OADJP,8,54.25,One year,DSL,Yes,Bank transfer (automatic),0,Low Risk,Continue regular engagement,0.0,6.63
3524-WQDSG,43,99.3,Month-to-month,Fiber optic,No,Bank transfer (automatic),1,Medium Risk,Offer contract upgrade incentive,99.3,50.41
0810-DHDBD,52,74.0,One year,DSL,Yes,Credit card (automatic),0,Low Risk,Continue regular engagement,0.0,4.32
4026-SKKHW,3,50.25,Month-to-month,DSL,Yes,Mailed check,0,Low Risk,Continue regular engagement,0.0,33.39
2829-HYVZP,29,19.8,One year,No,No internet service,Mailed check,0,Low Risk,Continue regular engagement,0.0,3.21
8329-IBCTI,1,19.65,Month-to-month,No,No internet service,Mailed check,1,Medium Risk,Offer contract upgrade incentive,19.65,38.34
1271-SJBGZ,12,43.65,Month-to-month,DSL,Yes,Electronic check,1,Medium Risk,Offer contract upgrade incentive,43.65,45.13
3845-JHAMY,16,35.5,Month-to-month,DSL,No,Credit card (automatic),0,Low Risk,Continue regular engagement,0.0,27.49
7013-PSXHK,40,80.75,One year,DSL,Yes,Mailed check,0,Low Risk,Continue regular engagement,0.0,15.69
5669-SRAIP,5,39.5,Month-to-month,DSL,No,Electronic check,1,Medium Risk,Offer contract upgrade incentive,39.5,51.78
5981-ITEMU,40,97.1,Month-to-month,Fiber optic,No,Bank transfer (automatic),1,Medium Risk,Offer contract upgrade incentive,97.1,45.0
3486-NPGST,36,19.55,One year,No,No internet service,Mailed check,0,Low Risk,Continue regular engagement,0.0,1.36
6941-PMGEP,5,80.0,Month-to-month,Fiber optic,No,Electronic check,1,High Risk,Offer annual contract discount + proactive support,80.0,73.26
1624-WOIWJ,10,84.7,Month-to-month,Fiber optic,No,Mailed check,1,Medium Risk,Offer contract upgrade incentive,84.7,48.17
2074-GKOWZ,2,89.55,Month-to-month,Fiber optic,No,Bank transfer (automatic),1,High Risk,Offer annual contract discount + proactive support,89.55,78.52
0376-YMCJC,23,90.6,Month-to-month,Fiber optic,Yes,Electronic check,1,Medium Risk,Offer contract upgrade incentive,90.6,47.91
6100-FJZDG,26,20.05,One year,No,No internet service,Bank transfer (automatic),0,Low Risk,Continue regular engagement,0.0,2.8
4829-ZLJTK,72,112.4,Two year,Fiber optic,No,Electronic check,0,Low Risk,Continue regular engagement,0.0,1.27
1730-VFMWO,34,50.2,Month-to-month,DSL,Yes,Bank transfer (automatic),0,Low Risk,Continue regular engagement,0.0,6.91
7143-BQIBA,10,62.25,Month-to-month,DSL,Yes,Bank transfer (automatic),0,Low Risk,Continue regular engagement,0.0,13.33
3800-LYTRK,14,55.7,One year,DSL,Yes,Mailed check,0,Low Risk,Continue regular engagement,0.0,5.5
0634-SZPQA,23,90.05,Month-to-month,Fiber optic,No,Bank transfer (automatic),1,Medium Risk,Offer contract upgrade incentive,90.05,36.96
9646-NMHXE,47,19.65,Two year,No,No internet service,Mailed check,0,Low Risk,Continue regular engagement,0.0,1.29
7030-NJVDP,24,89.25,Month-to-month,Fiber optic,Yes,Electronic check,0,Low Risk,Continue regular engagement,0.0,27.81
5536-RTPWK,49,99.05,Month-to-month,Fiber optic,No,Bank transfer (automatic),1,Medium Risk,Offer contract upgrade incentive,99.05,46.14
8883-GRDWQ,20,54.0,One year,DSL,Yes,Mailed check,0,Low Risk,Continue regular engagement,0.0,10.23
6166-ILMNY,2,69.75,Month-to-month,Fiber optic,No,Bank transfer (automatic),1,Medium Risk,Offer contract upgrade incentive,69.75,55.9
3097-NNSPB,2,49.05,Month-to-month,DSL,No,Credit card (automatic),1,Medium Risk,Offer contract upgrade incentive,49.05,55.91
7771-ZONAT,22,56.75,Two year,DSL,Yes,Bank transfer (automatic),0,Low Risk,Continue regular engagement,0.0,2.02
0655-RBDUG,7,98.05,Month-to-month,Fiber optic,No,Bank transfer (automatic),1,High Risk,Offer annual contract discount + proactive support,98.05,90.67
2111-DWYHN,1,21.1,Month-to-month,No,No internet service,Mailed check,0,Low Risk,Continue regular engagement,0.0,32.6
4194-WHFCB,59,96.65,Month-to-month,Fiber optic,Yes,Bank transfer (automatic),0,Low Risk,Continue regular engagement,0.0,18.55
4121-AGSIN,58,24.5,One year,No,No internet service,Credit card (automatic),0,Low Risk,Continue regular engagement,0.0,2.22
4361-BKAXE,41,114.5,Month-to-month,Fiber optic,Yes,Bank transfer (automatic),0,Low Risk,Continue regular engagement,0.0,34.71
9845-PEEKO,59,79.2,Two year,Fiber optic,No,Credit card (automatic),0,Low Risk,Continue regular engagement,0.0,6.27
0455-XFASS,3,69.55,Month-to-month,Fiber optic,No,Electronic check,1,Medium Risk,Offer contract upgrade incentive,69.55,62.91
0301-KOBTQ,32,20.05,Two year,No,No internet service,Bank transfer (automatic),0,Low Risk,Continue regular engagement,0.0,1.17
1751-NCDLI,46,98.85,Month-to-month,Fiber optic,No,Electronic check,1,Medium Risk,Offer contract upgrade incentive,98.85,63.46
4367-NUYAO,0,25.75,Two year,No,No internet service,Mailed check,0,Low Risk,Continue regular engagement,0.0,3.73
9878-TNQGW,2,80.95,Month-to-month,Fiber optic,No,Electronic check,1,High Risk,Offer annual contract discount + proactive support,80.95,73.09
9170-ARBTB,52,19.6,One year,No,No internet service,Credit card (automatic),0,Low Risk,Continue regular engagement,0.0,3.6
4441-NIHPT,13,74.3,Month-to-month,Fiber optic,No,Electronic check,1,Medium Risk,Offer contract upgrade incentive,74.3,57.9
8999-BOHSE,11,89.7,Month-to-month,Fiber optic,No,Bank transfer (automatic),1,High Risk,Offer annual contract discount + proactive support,89.7,75.15
7241-AJHFS,32,87.65,Month-to-month,Fiber optic,Yes,Bank transfer (automatic),0,Low Risk,Continue regular engagement,0.0,16.58
7029-RPUAV,17,100.45,Month-to-month,Fiber optic,No,Credit card (automatic),1,Medium Risk,Offer contract upgrade incentive,100.45,58.39
4546-FOKWR,16,74.75,Month-to-month,Fiber optic,No,Credit card (automatic),1,Medium Risk,Offer contract upgrade incentive,74.75,46.82
9036-CSKBW,51,107.45,One year,Fiber optic,No,Bank transfer (automatic),0,Low Risk,Continue regular engagement,0.0,12.89
5832-TRLPB,29,75.35,One year,DSL,Yes,Bank transfer (automatic),0,Low Risk,Continue regular engagement,0.0,9.69
8590-YFFQO,70,64.95,Two year,DSL,Yes,Credit card (automatic),0,Low Risk,Continue regular engagement,0.0,1.79
8659-IOOPU,71,100.45,Two year,Fiber optic,Yes,Electronic check,0,Low Risk,Continue regular engagement,0.0,2.25
1338-CECEE,41,68.5,One year,DSL,No,Bank transfer (automatic),0,Low Risk,Continue regular engagement,0.0,5.47
7439-DKZTW,1,80.55,Month-to-month,Fiber optic,No,Electronic check,1,High Risk,Offer annual contract discount + proactive support,80.55,83.92
4646-QZXTF,7,81.25,Month-to-month,DSL,Yes,Bank transfer (automatic),0,Low Risk,Continue regular engagement,0.0,17.35
4607-CHPCA,25,90.4,One year,Fiber optic,No,Electronic check,0,Low Risk,Continue regular engagement,0.0,30.11
9742-XOKTS,67,89.55,One year,Fiber optic,Yes,Electronic check,0,Low Risk,Continue regular engagement,0.0,7.25
6921-OZMFH,5,55.7,Month-to-month,DSL,Yes,Mailed check,0,Low Risk,Continue regular engagement,0.0,34.0
9578-FOMUK,15,24.8,Month-to-month,No,No internet service,Electronic check,0,Low Risk,Continue regular engagement,0.0,15.79
4712-UYOOI,20,20.0,Month-to-month,No,No internet service,Electronic check,0,Low Risk,Continue regular engagement,0.0,7.99
8824-RWFXJ,3,56.15,Month-to-month,DSL,No,Mailed check,1,Medium Risk,Offer contract upgrade incentive,56.15,40.02
7722-CVFXN,54,105.2,One year,Fiber optic,Yes,Electronic check,0,Low Risk,Continue regular engagement,0.0,25.58
8717-VCTXJ,42,19.55,One year,No,No internet service,Mailed check,0,Low Risk,Continue regular engagement,0.0,2.39
7363-QTBIW,9,79.75,Month-to-month,Fiber optic,No,Electronic check,1,Medium Risk,Offer contract upgrade incentive,79.75,63.76
4159-NAAIX,63,97.45,Two year,Fiber optic,No,Bank transfer (automatic),0,Low Risk,Continue regular engagement,0.0,3.11
0971-QIFJK,69,24.25,Two year,No,No internet service,Bank transfer (automatic),0,Low Risk,Continue regular engagement,0.0,0.87
9397-TZSHA,69,24.6,Two year,No,No internet service,Credit card (automatic),0,Low Risk,Continue regular engagement,0.0,0.71
3391-JSQEW,40,50.15,Month-to-month,DSL,No,Mailed check,0,Low Risk,Continue regular engagement,0.0,12.52
0343-QLUZP,60,39.6,Two year,DSL,No,Bank transfer (automatic),0,Low Risk,Continue regular engagement,0.0,3.06
9763-PDTKK,4,94.4,Month-to-month,Fiber optic,Yes,Bank transfer (automatic),1,Medium Risk,Offer contract upgrade incentive,94.4,69.67
2176-LVPNX,71,89.85,Two year,DSL,Yes,Mailed check,0,Low Risk,Continue regular engagement,0.0,0.82
7627-JKIAZ,37,78.95,Month-to-month,Fiber optic,No,Credit card (automatic),1,Medium Risk,Offer contract upgrade incentive,78.95,38.33
3312-UUMZW,32,98.85,Month-to-month,Fiber optic,No,Credit card (automatic),1,Medium Risk,Offer contract upgrade incentive,98.85,49.57
1271-UODNO,39,53.85,Two year,DSL,Yes,Credit card (automatic),0,Low Risk,Continue regular engagement,0.0,2.47
8461-EFQYM,38,24.25,One year,No,No internet service,Electronic check,0,Low Risk,Continue regular engagement,0.0,6.78
6900-RBKER,52,89.45,Two year,Fiber optic,No,Credit card (automatic),0,Low Risk,Continue regular engagement,0.0,5.72
6891-JPYFF,48,105.25,Month-to-month,Fiber optic,No,Credit card (automatic),0,Low Risk,Continue regular engagement,0.0,32.13
1459-QNFQT,70,59.5,Two year,DSL,Yes,Bank transfer (automatic),0,Low Risk,Continue regular engagement,0.0,1.16
1047-NNCBF,20,70.55,Month-to-month,Fiber optic,No,Credit card (automatic),0,Low Risk,Continue regular engagement,0.0,23.34
3696-XRIEN,50,82.5,One year,DSL,Yes,Credit card (automatic),0,Low Risk,Continue regular engagement,0.0,10.09
4081-DYXAV,19,44.85,One year,DSL,No,Credit card (automatic),0,Low Risk,Continue regular engagement,0.0,29.67
0074-HDKDG,25,61.6,One year,DSL,No,Bank transfer (automatic),0,Low Risk,Continue regular engagement,0.0,5.25
8791-GFXLZ,12,49.05,Month-to-month,DSL,No,Bank transfer (automatic),0,Low Risk,Continue regular engagement,0.0,20.52
8111-SLLHI,39,105.65,Month-to-month,Fiber optic,No,Electronic check,1,Medium Risk,Offer contract upgrade incentive,105.65,66.33
0927-LCSMG,7,74.65,Month-to-month,Fiber optic,No,Mailed check,1,Medium Risk,Offer contract upgrade incentive,74.65,43.36
9330-DHBFL,23,66.25,One year,DSL,Yes,Mailed check,0,Low Risk,Continue regular engagement,0.0,3.92
0098-BOWSO,27,19.4,Month-to-month,No,No internet service,Electronic check,0,Low Risk,Continue regular engagement,0.0,8.93
3452-ABWRL,47,86.05,Month-to-month,Fiber optic,No,Credit card (automatic),0,Low Risk,Continue regular engagement,0.0,32.57
5859-HZYLF,26,19.15,Two year,No,No internet service,Credit card (automatic),0,Low Risk,Continue regular engagement,0.0,0.57
8257-RZAHR,14,64.7,Month-to-month,DSL,No,Bank transfer (automatic),0,Low Risk,Continue regular engagement,0.0,20.46
5293-WXJAK,11,104.05,Month-to-month,Fiber optic,Yes,Bank transfer (automatic),1,High Risk,Offer annual contract discount + proactive support,104.05,84.57
3156-QLHBO,2,19.25,Month-to-month,No,No internet service,Mailed check,0,Low Risk,Continue regular engagement,0.0,6.99
2208-NQBCT,26,81.95,Month-to-month,Fiber optic,No,Electronic check,0,Low Risk,Continue regular engagement,0.0,21.55
1779-PWPMG,72,114.65,Two year,Fiber optic,Yes,Bank transfer (automatic),0,Low Risk,Continue regular engagement,0.0,1.23
6621-NRZAK,63,20.0,Two year,No,No internet service,Credit card (automatic),0,Low Risk,Continue regular engagement,0.0,1.67
0831-JNISG,71,19.8,Two year,No,No internet service,Mailed check,0,Low Risk,Continue regular engagement,0.0,1.23
0774-IFUVM,11,65.15,Month-to-month,DSL,No,Bank transfer (automatic),0,Low Risk,Continue regular engagement,0.0,19.23
3082-WQRVY,14,19.65,One year,No,No internet service,Mailed check,0,Low Risk,Continue regular engagement,0.0,3.49
9553-DLCLU,13,88.95,Two year,DSL,Yes,Credit card (automatic),0,Low Risk,Continue regular engagement,0.0,2.99
1641-BYBTK,6,20.2,Month-to-month,No,No internet service,Mailed check,0,Low Risk,Continue regular engagement,0.0,6.59
2460-NGXBJ,11,75.2,Month-to-month,Fiber optic,No,Credit card (automatic),1,Medium Risk,Offer contract upgrade incentive,75.2,48.05
2446-ZKVAF,18,56.8,Month-to-month,DSL,No,Credit card (automatic),0,Low Risk,Continue regular engagement,0.0,19.8
0841-NULXI,1,35.55,Month-to-month,DSL,No,Electronic check,1,High Risk,Offer annual contract discount + proactive support,35.55,80.28
3522-CDKHF,32,75.5,Month-to-month,Fiber optic,No,Bank transfer (automatic),0,Low Risk,Continue regular engagement,0.0,24.13
1430-SFQSA,29,35.6,One year,DSL,Yes,Mailed check,0,Low Risk,Continue regular engagement,0.0,5.86
0411-EZJZE,3,60.25,Month-to-month,DSL,No,Electronic check,1,Medium Risk,Offer contract upgrade incentive,60.25,56.53
7851-WZEKY,2,95.15,Month-to-month,Fiber optic,No,Electronic check,1,High Risk,Offer annual contract discount + proactive support,95.15,86.59
8844-TONUD,13,96.65,Month-to-month,Fiber optic,No,Mailed check,1,Medium Risk,Offer contract upgrade incentive,96.65,66.67
8807-ARQET,41,40.35,Month-to-month,DSL,No,Electronic check,0,Low Risk,Continue regular engagement,0.0,28.87
8992-CEUEN,1,18.85,Month-to-month,No,No internet service,Electronic check,0,Low Risk,Continue regular engagement,0.0,21.86
4320-QMLLA,7,54.85,Month-to-month,DSL,No,Mailed check,0,Low Risk,Continue regular engagement,0.0,26.11
8777-PVYGU,52,64.3,One year,DSL,No,Mailed check,0,Low Risk,Continue regular engagement,0.0,4.33
8292-ITGYJ,45,24.65,Two year,No,No internet service,Bank transfer (automatic),0,Low Risk,Continue regular engagement,0.0,1.66
6870-ZWMNX,70,76.1,Two year,DSL,Yes,Credit card (automatic),0,Low Risk,Continue regular engagement,0.0,4.85
0621-CXBKL,53,18.7,Two year,No,No internet service,Mailed check,0,Low Risk,Continue regular engagement,0.0,1.18
5268-DSMNQ,62,97.95,One year,Fiber optic,No,Credit card (automatic),0,Low Risk,Continue regular engagement,0.0,11.76
5334-JLAXU,60,94.1,Month-to-month,Fiber optic,No,Credit card (automatic),0,Low Risk,Continue regular engagement,0.0,16.24
4086-YQSNZ,3,80.4,Month-to-month,Fiber optic,No,Electronic check,1,High Risk,Offer annual contract discount + proactive support,80.4,72.3
6242-MBHPK,23,95.1,Month-to-month,Fiber optic,No,Electronic check,1,Medium Risk,Offer contract upgrade incentive,95.1,58.89
5868-CZJDR,1,31.35,Month-to-month,DSL,No,Mailed check,1,Medium Risk,Offer contract upgrade incentive,31.35,62.99
9359-UGBTK,67,72.35,One year,DSL,Yes,Bank transfer (automatic),0,Low Risk,Continue regular engagement,0.0,6.95
0135-NMXAP,12,89.75,Month-to-month,Fiber optic,No,Bank transfer (automatic),1,Medium Risk,Offer contract upgrade incentive,89.75,66.53
4782-OSFXZ,71,82.7,Two year,DSL,Yes,Bank transfer (automatic),0,Low Risk,Continue regular engagement,0.0,0.94
6479-OAUSD,25,19.9,One year,No,No internet service,Credit card (automatic),0,Low Risk,Continue regular engagement,0.0,1.96
7129-ACFOG,5,53.8,Month-to-month,DSL,No,Electronic check,1,Medium Risk,Offer contract upgrade incentive,53.8,38.33
4189-NAKJS,26,51.55,One year,DSL,No,Credit card (automatic),0,Low Risk,Continue regular engagement,0.0,6.16
5562-BETPV,1,19.65,One year,No,No internet service,Mailed check,0,Low Risk,Continue regular engagement,0.0,14.7
1282-IHQAC,70,44.05,One year,DSL,No,Credit card (automatic),0,Low Risk,Continue regular engagement,0.0,8.44
9127-FHJBZ,72,114.0,Two year,Fiber optic,Yes,Electronic check,0,Low Risk,Continue regular engagement,0.0,1.65
6270-OMFIW,60,94.4,One year,Fiber optic,No,Electronic check,0,Low Risk,Continue regular engagement,0.0,16.02
1641-RQDAY,32,100.4,Month-to-month,Fiber optic,No,Electronic check,1,Medium Risk,Offer contract upgrade incentive,100.4,49.63
0107-WESLM,1,19.85,Month-to-month,No,No internet service,Electronic check,1,Medium Risk,Offer contract upgrade incentive,19.85,56.55
6994-ORCWG,14,54.25,One year,DSL,No,Mailed check,0,Low Risk,Continue regular engagement,0.0,12.32
1346-UFHAX,13,80.0,Month-to-month,Fiber optic,No,Credit card (automatic),1,Medium Risk,Offer contract upgrade incentive,80.0,43.78
3992-YWPKO,6,109.9,Month-to-month,Fiber optic,Yes,Credit card (automatic),1,High Risk,Offer annual contract discount + proactive support,109.9,78.7
2933-XEUJM,46,79.2,Two year,DSL,No,Mailed check,0,Low Risk,Continue regular engagement,0.0,1.89
0125-LZQXK,15,101.35,Month-to-month,Fiber optic,Yes,Electronic check,1,Medium Risk,Offer contract upgrade incentive,101.35,55.21
5461-QKNTN,43,94.3,Month-to-month,Fiber optic,Yes,Electronic check,1,Medium Risk,Offer contract upgrade incentive,94.3,38.03
4835-YSJMR,39,49.8,Two year,DSL,Yes,Bank transfer (automatic),0,Low Risk,Continue regular engagement,0.0,1.92
8399-YNDCH,21,60.05,Month-to-month,DSL,No,Bank transfer (automatic),0,Low Risk,Continue regular engagement,0.0,25.04
3164-YAXFY,57,53.75,Month-to-month,DSL,No,Electronic check,0,Low Risk,Continue regular engagement,0.0,26.45
0887-WBJVH,53,93.45,One year,Fiber optic,Yes,Electronic check,0,Low Risk,Continue regular engagement,0.0,14.36
4660-IRIBM,18,87.9,Month-to-month,Fiber optic,No,Mailed check,0,Low Risk,Continue regular engagement,0.0,30.08
5673-FSSMF,1,60.15,Month-to-month,DSL,No,Electronic check,1,High Risk,Offer annual contract discount + proactive support,60.15,74.05
7670-ZBPOQ,58,61.05,One year,DSL,Yes,Bank transfer (automatic),0,Low Risk,Continue regular engagement,0.0,3.24
8089-UZWLX,71,104.05,Two year,Fiber optic,No,Bank transfer (automatic),0,Low Risk,Continue regular engagement,0.0,8.95
0080-OROZO,35,99.25,One year,Fiber optic,Yes,Electronic check,0,Low Risk,Continue regular engagement,0.0,26.12
3916-NRPAP,3,85.7,Month-to-month,Fiber optic,No,Credit card (automatic),1,Medium Risk,Offer contract upgrade incentive,85.7,64.95
6807-SIWJI,38,104.85,One year,Fiber optic,No,Electronic check,0,Low Risk,Continue regular engagement,0.0,28.17
8221-HVAYI,35,69.15,Two year,DSL,Yes,Credit card (automatic),0,Low Risk,Continue regular engagement,0.0,1.72
1579-KLYDT,7,90.45,Month-to-month,Fiber optic,No,Electronic check,1,High Risk,Offer annual contract discount + proactive support,90.45,82.15
5232-NXPAY,47,74.45,Two year,DSL,Yes,Mailed check,0,Low Risk,Continue regular engagement,0.0,1.82
8967-SZQAS,14,50.45,Month-to-month,DSL,No,Electronic check,0,Low Risk,Continue regular engagement,0.0,21.43
4468-KAZHE,20,60.0,Month-to-month,DSL,No,Electronic check,0,Low Risk,Continue regular engagement,0.0,30.37
0455-ENTCR,66,85.25,Two year,DSL,Yes,Electronic check,0,Low Risk,Continue regular engagement,0.0,3.57
8944-AILEF,15,19.45,Month-to-month,No,No internet service,Credit card (automatic),0,Low Risk,Continue regular engagement,0.0,9.87
5542-NKVRU,42,20.75,Two year,No,No internet service,Bank transfer (automatic),0,Low Risk,Continue regular engagement,0.0,1.22
7126-RBHSD,17,78.9,Month-to-month,Fiber optic,No,Electronic check,0,Low Risk,Continue regular engagement,0.0,33.73
5370-IIVVL,37,104.5,One year,Fiber optic,Yes,Credit card (automatic),0,Low Risk,Continue regular engagement,0.0,23.43
6789-HJBWG,12,49.4,Month-to-month,DSL,No,Electronic check,0,Low Risk,Continue regular engagement,0.0,30.24
3927-NLNRY,53,94.25,One year,Fiber optic,No,Bank transfer (automatic),0,Low Risk,Continue regular engagement,0.0,17.49
9087-EYCPR,60,25.0,Two year,No,No internet service,Mailed check,0,Low Risk,Continue regular engagement,0.0,0.99
6791-YBNAK,18,25.55,Month-to-month,DSL,No,Credit card (automatic),0,Low Risk,Continue regular engagement,0.0,14.45
6358-LYNGM,1,74.9,Month-to-month,Fiber optic,No,Electronic check,1,High Risk,Offer annual contract discount + proactive support,74.9,85.31
6077-BDPXA,3,70.15,Month-to-month,Fiber optic,No,Electronic check,1,Medium Risk,Offer contract upgrade incentive,70.15,63.01
0013-MHZWF,9,69.4,Month-to-month,DSL,Yes,Credit card (automatic),0,Low Risk,Continue regular engagement,0.0,21.65
5494-HECPR,1,80.25,Month-to-month,Fiber optic,No,Electronic check,1,High Risk,Offer annual contract discount + proactive support,80.25,86.32
8268-YDIXR,56,93.15,One year,Fiber optic,No,Electronic check,0,Low Risk,Continue regular engagement,0.0,10.41
9824-BEMCV,17,69.0,Month-to-month,Fiber optic,No,Electronic check,1,Medium Risk,Offer contract upgrade incentive,69.0,54.75
1373-ORVIZ,11,66.35,Month-to-month,DSL,Yes,Electronic check,0,Low Risk,Continue regular engagement,0.0,32.85
4291-SHSBH,7,69.55,Month-to-month,Fiber optic,No,Electronic check,1,Medium Risk,Offer contract upgrade incentive,69.55,59.41
6980-IMXXE,69,20.2,Two year,No,No internet service,Bank transfer (automatic),0,Low Risk,Continue regular engagement,0.0,0.71
9866-QEVEE,19,86.0,Month-to-month,Fiber optic,No,Bank transfer (automatic),1,Medium Risk,Offer contract upgrade incentive,86.0,44.44
9897-KXHCM,3,80.3,Month-to-month,Fiber optic,No,Electronic check,1,High Risk,Offer annual contract discount + proactive support,80.3,72.4
0040-HALCW,54,20.4,Two year,No,No internet service,Credit card (automatic),0,Low Risk,Continue regular engagement,0.0,1.3
0784-GTUUK,62,23.75,One year,No,No internet service,Credit card (automatic),0,Low Risk,Continue regular engagement,0.0,2.35
7979-CORPM,24,90.55,Month-to-month,Fiber optic,No,Credit card (automatic),1,Medium Risk,Offer contract upgrade incentive,90.55,45.89
2294-DMMUS,62,70.45,Month-to-month,DSL,No,Credit card (automatic),0,Low Risk,Continue regular engagement,0.0,13.02
0872-JCPIB,17,65.75,Month-to-month,DSL,No,Bank transfer (automatic),0,Low Risk,Continue regular engagement,0.0,16.7
3055-MJDSB,9,24.6,Month-to-month,DSL,No,Mailed check,0,Low Risk,Continue regular engagement,0.0,29.12
9091-WTUUY,64,69.25,Two year,DSL,Yes,Mailed check,0,Low Risk,Continue regular engagement,0.0,0.89
1618-CFHME,2,75.9,Month-to-month,Fiber optic,No,Electronic check,1,High Risk,Offer annual contract discount + proactive support,75.9,76.66
3165-HDOEW,1,45.85,Month-to-month,DSL,No,Mailed check,1,Medium Risk,Offer contract upgrade incentive,45.85,61.08
6581-NQCBA,16,49.95,Month-to-month,DSL,Yes,Electronic check,1,Medium Risk,Offer contract upgrade incentive,49.95,43.96
7115-IRDHS,72,24.65,Two year,No,No internet service,Bank transfer (automatic),0,Low Risk,Continue regular engagement,0.0,0.57
8496-DMZUK,30,90.4,One year,Fiber optic,No,Bank transfer (automatic),0,Low Risk,Continue regular engagement,0.0,6.92
2040-VZIKE,49,100.85,Month-to-month,Fiber optic,No,Mailed check,0,Low Risk,Continue regular engagement,0.0,30.93
9068-VPWQQ,61,75.35,Two year,DSL,Yes,Credit card (automatic),0,Low Risk,Continue regular engagement,0.0,1.9
0178-SZBHO,47,87.2,Month-to-month,Fiber optic,No,Electronic check,0,Low Risk,Continue regular engagement,0.0,32.65
0384-RVBPI,20,64.4,Month-to-month,DSL,No,Credit card (automatic),0,Low Risk,Continue regular engagement,0.0,12.61
1689-MRZQR,34,78.3,Month-to-month,Fiber optic,No,Electronic check,1,Medium Risk,Offer contract upgrade incentive,78.3,39.86
1299-AURJA,70,24.7,Two year,No,No internet service,Bank transfer (automatic),0,Low Risk,Continue regular engagement,0.0,0.86
4525-VZCZG,54,105.85,One year,Fiber optic,Yes,Electronic check,0,Low Risk,Continue regular engagement,0.0,16.39
1543-LLLFT,61,98.3,One year,Fiber optic,Yes,Mailed check,0,Low Risk,Continue regular engagement,0.0,7.0
5835-BEQEU,3,76.95,Month-to-month,Fiber optic,No,Electronic check,1,High Risk,Offer annual contract discount + proactive support,76.95,74.81
2788-CJQAQ,13,19.45,One year,No,No internet service,Mailed check,0,Low Risk,Continue regular engagement,0.0,2.56
5565-FILXA,16,96.15,Month-to-month,Fiber optic,No,Electronic check,1,High Risk,Offer annual contract discount + proactive support,96.15,78.71
0319-QZTCO,3,58.7,Month-to-month,DSL,No,Credit card (automatic),1,Medium Risk,Offer contract upgrade incentive,58.7,40.76
2120-SMPEX,25,20.15,Month-to-month,No,No internet service,Mailed check,0,Low Risk,Continue regular engagement,0.0,7.62
0096-FCPUF,30,64.5,Month-to-month,DSL,No,Mailed check,0,Low Risk,Continue regular engagement,0.0,8.77
0668-OGMHD,21,28.5,Month-to-month,DSL,No,Electronic check,0,Low Risk,Continue regular engagement,0.0,26.02
5552-ZNFSJ,1,45.3,Month-to-month,DSL,No,Electronic check,1,Medium Risk,Offer contract upgrade incentive,45.3,63.19
2223-KAGMX,15,19.4,Month-to-month,No,No internet service,Bank transfer (automatic),0,Low Risk,Continue regular engagement,0.0,16.64
6507-ZJSUR,23,90.45,Month-to-month,Fiber optic,No,Electronic check,1,Medium Risk,Offer contract upgrade incentive,90.45,55.8
9408-HRXRK,45,105.15,Month-to-month,Fiber optic,No,Electronic check,0,Low Risk,Continue regular engagement,0.0,33.19
5593-SUAOO,24,83.15,One year,Fiber optic,No,Bank transfer (automatic),0,Low Risk,Continue regular engagement,0.0,9.11
7321-PKUYW,11,90.15,Month-to-month,Fiber optic,Yes,Electronic check,1,Medium Risk,Offer contract upgrade incentive,90.15,56.95
2833-SLKDQ,1,45.05,Month-to-month,DSL,No,Mailed check,1,Medium Risk,Offer contract upgrade incentive,45.05,52.99
6766-HFKLA,56,103.2,Two year,Fiber optic,Yes,Bank transfer (automatic),0,Low Risk,Continue regular engagement,0.0,5.41
7595-EUIVN,1,75.8,Month-to-month,Fiber optic,No,Electronic check,1,High Risk,Offer annual contract discount + proactive support,75.8,75.24
7617-EYGLW,1,19.45,Month-to-month,No,No internet service,Electronic check,1,Medium Risk,Offer contract upgrade incentive,19.45,41.36
2026-TGDHM,7,79.3,Month-to-month,Fiber optic,No,Electronic check,1,Medium Risk,Offer contract upgrade incentive,79.3,65.44
9220-ZNKJI,55,88.8,Two year,Fiber optic,Yes,Credit card (automatic),0,Low Risk,Continue regular engagement,0.0,4.64
4030-VPZBD,2,30.9,Month-to-month,DSL,Yes,Electronic check,1,Medium Risk,Offer contract upgrade incentive,30.9,58.24
2226-ICFDO,72,85.9,Two year,DSL,Yes,Credit card (automatic),0,Low Risk,Continue regular engagement,0.0,0.52
0723-VSOBE,45,34.2,One year,DSL,No,Electronic check,0,Low Risk,Continue regular engagement,0.0,20.05
5529-GIBVH,47,20.15,Two year,No,No internet service,Mailed check,0,Low Risk,Continue regular engagement,0.0,1.59
4187-CINZD,46,95.25,One year,Fiber optic,No,Credit card (automatic),0,Low Risk,Continue regular engagement,0.0,17.88
9992-UJOEL,2,50.3,Month-to-month,DSL,No,Mailed check,1,Medium Risk,Offer contract upgrade incentive,50.3,52.5
4741-WWJQZ,2,80.15,Month-to-month,Fiber optic,Yes,Electronic check,1,Medium Risk,Offer contract upgrade incentive,80.15,60.15
6625-UTXEW,12,51.25,Month-to-month,DSL,No,Electronic check,0,Low Risk,Continue regular engagement,0.0,32.5
6818-WOBHJ,68,89.6,Month-to-month,Fiber optic,No,Bank transfer (automatic),0,Low Risk,Continue regular engagement,0.0,27.92
6244-BESBM,69,95.2,Two year,Fiber optic,Yes,Credit card (automatic),0,Low Risk,Continue regular engagement,0.0,2.91
1004-NOZNR,56,94.8,One year,Fiber optic,No,Credit card (automatic),0,Low Risk,Continue regular engagement,0.0,13.91
1251-STYSZ,4,80.25,Month-to-month,Fiber optic,No,Electronic check,1,Medium Risk,Offer contract upgrade incentive,80.25,59.94
2612-PHGOX,64,76.1,Two year,DSL,Yes,Bank transfer (automatic),0,Low Risk,Continue regular engagement,0.0,2.33
2408-TZMJL,59,110.15,One year,Fiber optic,No,Electronic check,0,Low Risk,Continue regular engagement,0.0,26.53
8480-PPONV,62,115.55,Two year,Fiber optic,Yes,Bank transfer (automatic),0,Low Risk,Continue regular engagement,0.0,5.09
8780-IHCRN,63,24.65,Two year,No,No internet service,Credit card (automatic),0,Low Risk,Continue regular engagement,0.0,0.82
4598-ZADCK,53,53.6,One year,DSL,Yes,Electronic check,0,Low Risk,Continue regular engagement,0.0,9.49
1257-SXUXQ,5,19.45,Month-to-month,No,No internet service,Mailed check,0,Low Risk,Continue regular engagement,0.0,6.79
9681-KYGYB,49,88.2,Month-to-month,Fiber optic,No,Electronic check,0,Low Risk,Continue regular engagement,0.0,29.57
7182-OVLBJ,62,101.15,Two year,Fiber optic,No,Bank transfer (automatic),0,Low Risk,Continue regular engagement,0.0,13.51
5095-ETBRJ,55,56.8,Two year,DSL,Yes,Mailed check,0,Low Risk,Continue regular engagement,0.0,1.21
7005-CYUIL,71,99.4,Two year,Fiber optic,Yes,Electronic check,0,Low Risk,Continue regular engagement,0.0,1.63
4821-WQOYN,72,20.1,Two year,No,No internet service,Credit card (automatic),0,Low Risk,Continue regular engagement,0.0,0.55
4730-AWNAU,36,60.7,One year,DSL,Yes,Credit card (automatic),0,Low Risk,Continue regular engagement,0.0,6.38
3452-FLHYD,25,20.95,One year,No,No internet service,Bank transfer (automatic),0,Low Risk,Continue regular engagement,0.0,2.82
2388-LAESQ,72,114.85,Two year,Fiber optic,Yes,Bank transfer (automatic),0,Low Risk,Continue regular engagement,0.0,1.23
9531-NSBMR,36,19.25,One year,No,No internet service,Bank transfer (automatic),0,Low Risk,Continue regular engagement,0.0,2.09
6260-ONULR,1,62.8,Month-to-month,DSL,No,Mailed check,1,Medium Risk,Offer contract upgrade incentive,62.8,58.17
4389-UEFCZ,72,105.5,Two year,Fiber optic,No,Electronic check,0,Low Risk,Continue regular engagement,0.0,3.56
8711-LOBKY,59,19.85,Two year,No,No internet service,Mailed check,0,Low Risk,Continue regular engagement,0.0,2.27
9134-CEQMF,7,89.5,Month-to-month,Fiber optic,No,Electronic check,1,High Risk,Offer annual contract discount + proactive support,89.5,80.59
8985-OOPOS,1,74.1,One year,DSL,Yes,Credit card (automatic),0,Low Risk,Continue regular engagement,0.0,22.93
8800-ZKRFW,30,107.5,Month-to-month,Fiber optic,Yes,Electronic check,0,Low Risk,Continue regular engagement,0.0,34.32
2616-FLVQC,64,19.55,Two year,No,No internet service,Mailed check,0,Low Risk,Continue regular engagement,0.0,1.46
9968-FFVVH,63,68.8,One year,DSL,Yes,Bank transfer (automatic),0,Low Risk,Continue regular engagement,0.0,2.43
3108-PCCGG,72,84.45,Two year,DSL,No,Credit card (automatic),0,Low Risk,Continue regular engagement,0.0,0.84
7993-PYKOF,8,75.0,Month-to-month,Fiber optic,No,Electronic check,1,Medium Risk,Offer contract upgrade incentive,75.0,39.0
8390-FESFV,62,84.5,Two year,DSL,Yes,Bank transfer (automatic),0,Low Risk,Continue regular engagement,0.0,1.64
3022-BEXHZ,67,111.2,Two year,Fiber optic,Yes,Bank transfer (automatic),0,Low Risk,Continue regular engagement,0.0,16.66
5027-XWQHA,6,44.75,Month-to-month,DSL,No,Electronic check,1,Medium Risk,Offer contract upgrade incentive,44.75,35.04
6248-TKCQV,70,80.6,Two year,DSL,Yes,Bank transfer (automatic),0,Low Risk,Continue regular engagement,0.0,2.88
6729-GDNGC,20,80.7,Month-to-month,Fiber optic,No,Bank transfer (automatic),0,Low Risk,Continue regular engagement,0.0,30.1
6198-ZFIOJ,5,75.6,Month-to-month,Fiber optic,No,Electronic check,1,Medium Risk,Offer contract upgrade incentive,75.6,63.31
5989-OMNJE,24,57.6,One year,DSL,No,Electronic check,0,Low Risk,Continue regular engagement,0.0,12.12
4566-QVRRW,11,44.05,Month-to-month,DSL,No,Electronic check,0,Low Risk,Continue regular engagement,0.0,33.4
1291-CUOCY,72,110.6,Two year,Fiber optic,Yes,Credit card (automatic),0,Low Risk,Continue regular engagement,0.0,2.62
9795-SHUHB,66,58.2,Two year,DSL,Yes,Credit card (automatic),0,Low Risk,Continue regular engagement,0.0,0.83
3230-IUALN,45,81.0,Two year,DSL,Yes,Mailed check,0,Low Risk,Continue regular engagement,0.0,1.11
0042-RLHYP,69,19.7,Two year,No,No internet service,Bank transfer (automatic),0,Low Risk,Continue regular engagement,0.0,0.82
8519-IMDHU,15,85.6,Month-to-month,Fiber optic,No,Bank transfer (automatic),1,Medium Risk,Offer contract upgrade incentive,85.6,54.92
4945-RVMTE,28,59.55,Month-to-month,DSL,No,Bank transfer (automatic),0,Low Risk,Continue regular engagement,0.0,13.65
0201-OAMXR,70,115.55,One year,Fiber optic,Yes,Credit card (automatic),0,Low Risk,Continue regular engagement,0.0,29.38
1866-NXPSP,36,75.55,One year,DSL,Yes,Mailed check,0,Low Risk,Continue regular engagement,0.0,8.77
3372-KWFBM,16,86.6,Month-to-month,Fiber optic,No,Electronic check,1,Medium Risk,Offer contract upgrade incentive,86.6,64.15
7831-QGOXH,18,85.2,Month-to-month,Fiber optic,No,Electronic check,1,Medium Risk,Offer contract upgrade incentive,85.2,63.06
6393-WRYZE,34,97.65,Month-to-month,Fiber optic,No,Electronic check,1,High Risk,Offer annual contract discount + proactive support,97.65,72.85
3941-XTSKM,42,45.1,One year,DSL,No,Credit card (automatic),0,Low Risk,Continue regular engagement,0.0,10.95
1661-CZBAU,48,70.95,One year,DSL,Yes,Bank transfer (automatic),0,Low Risk,Continue regular engagement,0.0,6.58
6599-RCLCJ,47,109.55,Month-to-month,Fiber optic,Yes,Electronic check,1,Medium Risk,Offer contract upgrade incentive,109.55,49.27
9831-BPFRI,39,89.55,One year,Fiber optic,Yes,Electronic check,0,Low Risk,Continue regular engagement,0.0,17.91
5158-RIVOP,11,20.9,Two year,No,No internet service,Credit card (automatic),0,Low Risk,Continue regular engagement,0.0,1.53
9788-YTFGE,7,19.95,Month-to-month,No,No internet service,Mailed check,0,Low Risk,Continue regular engagement,0.0,10.83
9277-JOOMO,3,24.6,Month-to-month,No,No internet service,Mailed check,0,Low Risk,Continue regular engagement,0.0,15.88
1907-YLNYW,8,66.7,Month-to-month,DSL,No,Electronic check,0,Low Risk,Continue regular engagement,0.0,27.58
1725-MIMXW,1,19.45,Month-to-month,No,No internet service,Mailed check,1,Medium Risk,Offer contract upgrade incentive,19.45,42.02
8947-YRTDV,32,94.8,One year,Fiber optic,No,Mailed check,0,Low Risk,Continue regular engagement,0.0,5.92
3161-ONRWK,60,65.85,One year,DSL,Yes,Bank transfer (automatic),0,Low Risk,Continue regular engagement,0.0,1.7
0114-RSRRW,10,19.95,Month-to-month,No,No internet service,Bank transfer (automatic),0,Low Risk,Continue regular engagement,0.0,11.27
4565-NLZBV,71,24.65,Two year,No,No internet service,Bank transfer (automatic),0,Low Risk,Continue regular engagement,0.0,1.14
0031-PVLZI,4,20.35,Month-to-month,No,No internet service,Mailed check,0,Low Risk,Continue regular engagement,0.0,16.78
7206-GZCDC,1,69.25,Month-to-month,Fiber optic,No,Electronic check,1,High Risk,Offer annual contract discount + proactive support,69.25,87.43
6682-VCIXC,43,51.25,One year,DSL,Yes,Bank transfer (automatic),0,Low Risk,Continue regular engagement,0.0,4.36
4791-QRGMF,59,99.5,One year,Fiber optic,No,Bank transfer (automatic),1,Medium Risk,Monitor customer + targeted engagement,99.5,37.95
6475-VHUIZ,23,54.25,Month-to-month,DSL,Yes,Electronic check,0,Low Risk,Continue regular engagement,0.0,12.86
3910-MRQOY,72,19.4,Two year,No,No internet service,Bank transfer (automatic),0,Low Risk,Continue regular engagement,0.0,0.75
0661-WCQNQ,22,56.25,One year,DSL,Yes,Credit card (automatic),0,Low Risk,Continue regular engagement,0.0,6.02
7537-RBWEA,1,25.15,Month-to-month,DSL,No,Mailed check,1,Medium Risk,Offer contract upgrade incentive,25.15,60.16
4656-CAURT,69,23.95,Two year,No,No internet service,Bank transfer (automatic),0,Low Risk,Continue regular engagement,0.0,0.65
0121-SNYRK,50,35.4,One year,DSL,Yes,Mailed check,0,Low Risk,Continue regular engagement,0.0,3.1
1768-ZAIFU,1,25.2,Month-to-month,DSL,No,Electronic check,1,High Risk,Offer annual contract discount + proactive support,25.2,83.19
4671-LXRDQ,2,45.0,Month-to-month,DSL,No,Mailed check,1,Medium Risk,Offer contract upgrade incentive,45.0,53.71
3733-LSYCE,15,75.35,Month-to-month,Fiber optic,No,Bank transfer (automatic),0,Low Risk,Continue regular engagement,0.0,28.36
6265-FRMTQ,31,20.4,Two year,No,No internet service,Bank transfer (automatic),0,Low Risk,Continue regular engagement,0.0,0.92
1934-SJVJK,1,20.15,Month-to-month,No,No internet service,Mailed check,1,Medium Risk,Offer contract upgrade incentive,20.15,43.94
3838-OZURD,66,105.0,Month-to-month,Fiber optic,No,Credit card (automatic),1,Medium Risk,Offer contract upgrade incentive,105.0,60.79
1371-DWPAZ,0,56.05,Two year,DSL,Yes,Credit card (automatic),0,Low Risk,Continue regular engagement,0.0,3.65
9269-CQOOL,3,54.7,Month-to-month,DSL,No,Credit card (automatic),1,Medium Risk,Offer contract upgrade incentive,54.7,45.79
2017-CCBLH,8,20.0,Two year,No,No internet service,Mailed check,0,Low Risk,Continue regular engagement,0.0,1.55
7690-KPNCU,64,73.05,One year,DSL,No,Credit card (automatic),0,Low Risk,Continue regular engagement,0.0,7.12
0536-BGFMZ,28,20.5,Month-to-month,No,No internet service,Mailed check,0,Low Risk,Continue regular engagement,0.0,4.7
2293-IJWPS,57,100.75,One year,Fiber optic,No,Credit card (automatic),1,Medium Risk,Monitor customer + targeted engagement,100.75,35.22
2845-HSJCY,14,87.25,Month-to-month,Fiber optic,No,Electronic check,1,Medium Risk,Offer contract upgrade incentive,87.25,60.01
5469-NUJUR,19,19.95,Two year,No,No internet service,Mailed check,0,Low Risk,Continue regular engagement,0.0,1.95
1184-PJVDB,10,79.95,Month-to-month,Fiber optic,No,Electronic check,1,Medium Risk,Offer contract upgrade incentive,79.95,68.36
2625-TRCZQ,51,49.65,Month-to-month,DSL,No,Electronic check,1,Medium Risk,Offer contract upgrade incentive,49.65,37.27
4102-HLENU,67,65.65,Two year,DSL,No,Mailed check,0,Low Risk,Continue regular engagement,0.0,1.12
7266-GSSJX,11,20.45,Month-to-month,No,No internet service,Electronic check,0,Low Risk,Continue regular engagement,0.0,9.68
7722-VJRQD,72,60.95,Two year,DSL,Yes,Bank transfer (automatic),0,Low Risk,Continue regular engagement,0.0,0.49
7073-QETQY,66,20.35,One year,No,No internet service,Electronic check,0,Low Risk,Continue regular engagement,0.0,2.67
9415-DPEWS,18,88.35,Month-to-month,Fiber optic,Yes,Electronic check,1,Medium Risk,Offer contract upgrade incentive,88.35,56.59
5624-RYAMH,9,19.5,Month-to-month,No,No internet service,Electronic check,0,Low Risk,Continue regular engagement,0.0,19.21
0196-JTUQI,9,75.2,Month-to-month,Fiber optic,No,Credit card (automatic),1,Medium Risk,Offer contract upgrade incentive,75.2,55.41
7130-YXBRO,48,111.45,Month-to-month,Fiber optic,No,Bank transfer (automatic),0,Low Risk,Continue regular engagement,0.0,34.24
9272-LSVYH,10,70.15,Month-to-month,Fiber optic,No,Mailed check,0,Low Risk,Continue regular engagement,0.0,34.89
7943-RQCHR,9,94.75,Month-to-month,Fiber optic,No,Electronic check,1,High Risk,Offer annual contract discount + proactive support,94.75,84.35
3793-MMFUH,13,95.05,Month-to-month,Fiber optic,No,Electronic check,1,High Risk,Offer annual contract discount + proactive support,95.05,77.2
3249-ZPQRG,4,78.45,Month-to-month,Fiber optic,No,Electronic check,1,Medium Risk,Offer contract upgrade incentive,78.45,65.74
2568-BRGYX,4,70.2,Month-to-month,Fiber optic,No,Electronic check,1,Medium Risk,Offer contract upgrade incentive,70.2,58.18
3084-DOWLE,72,92.0,Two year,DSL,Yes,Bank transfer (automatic),0,Low Risk,Continue regular engagement,0.0,0.33
1084-MNSMJ,51,85.5,Two year,DSL,Yes,Credit card (automatic),0,Low Risk,Continue regular engagement,0.0,1.44
7721-JXEAW,59,41.05,Month-to-month,DSL,No,Bank transfer (automatic),0,Low Risk,Continue regular engagement,0.0,34.04
7249-WBIYX,10,85.6,Month-to-month,Fiber optic,No,Electronic check,1,High Risk,Offer annual contract discount + proactive support,85.6,72.48
4238-HFHSN,61,82.15,Month-to-month,Fiber optic,No,Electronic check,0,Low Risk,Continue regular engagement,0.0,27.22
6250-CGGUN,54,84.4,One year,Fiber optic,Yes,Electronic check,0,Low Risk,Continue regular engagement,0.0,8.49
5478-JJVZK,33,60.9,Month-to-month,DSL,No,Mailed check,0,Low Risk,Continue regular engagement,0.0,9.23
7596-IIWYC,27,20.25,Two year,No,No internet service,Bank transfer (automatic),0,Low Risk,Continue regular engagement,0.0,1.24
6567-HOOPW,1,79.2,Month-to-month,Fiber optic,No,Electronic check,1,High Risk,Offer annual contract discount + proactive support,79.2,90.88
9793-WECQC,23,95.3,Month-to-month,Fiber optic,No,Mailed check,0,Low Risk,Continue regular engagement,0.0,34.89
4291-HPAXL,1,19.85,Month-to-month,No,No internet service,Mailed check,1,Medium Risk,Offer contract upgrade incentive,19.85,37.25
8999-YPYBV,45,84.35,Two year,DSL,Yes,Mailed check,0,Low Risk,Continue regular engagement,0.0,1.44
1839-FBNFR,39,19.85,Two year,No,No internet service,Bank transfer (automatic),0,Low Risk,Continue regular engagement,0.0,1.32
3164-AALRN,5,70.0,One year,DSL,No,Mailed check,0,Low Risk,Continue regular engagement,0.0,27.33
3071-MVJCD,72,82.3,Two year,DSL,Yes,Bank transfer (automatic),0,Low Risk,Continue regular engagement,0.0,0.42
1697-BCSHV,58,66.8,Month-to-month,DSL,No,Bank transfer (automatic),0,Low Risk,Continue regular engagement,0.0,10.12
0562-KBDVM,70,44.6,Two year,DSL,Yes,Bank transfer (automatic),0,Low Risk,Continue regular engagement,0.0,1.3
1131-SUEKT,61,98.45,One year,Fiber optic,Yes,Bank transfer (automatic),0,Low Risk,Continue regular engagement,0.0,9.31
3717-OEAUQ,2,70.7,Month-to-month,Fiber optic,No,Mailed check,1,Medium Risk,Offer contract upgrade incentive,70.7,56.69
4538-WNTMJ,46,24.95,One year,No,No internet service,Mailed check,0,Low Risk,Continue regular engagement,0.0,3.03
3334-CTHOL,1,49.95,Month-to-month,DSL,No,Bank transfer (automatic),1,Medium Risk,Offer contract upgrade incentive,49.95,51.45
4704-ERYFC,22,69.25,Month-to-month,Fiber optic,No,Electronic check,1,Medium Risk,Offer contract upgrade incentive,69.25,46.3
9432-RUVSL,48,102.5,Two year,Fiber optic,Yes,Credit card (automatic),0,Low Risk,Continue regular engagement,0.0,5.68
8060-HIWJJ,64,86.55,Two year,DSL,Yes,Credit card (automatic),0,Low Risk,Continue regular engagement,0.0,1.49
7684-XSZIY,72,24.3,Two year,No,No internet service,Bank transfer (automatic),0,Low Risk,Continue regular engagement,0.0,0.44
9089-UOWJG,12,58.35,Month-to-month,DSL,No,Credit card (automatic),0,Low Risk,Continue regular engagement,0.0,27.11
8621-MNIHH,34,94.25,Month-to-month,Fiber optic,No,Electronic check,1,Medium Risk,Offer contract upgrade incentive,94.25,53.79
8039-ACLPL,72,68.75,Two year,DSL,No,Credit card (automatic),0,Low Risk,Continue regular engagement,0.0,0.7
9885-AIBVB,29,85.8,Month-to-month,Fiber optic,No,Electronic check,1,Medium Risk,Offer contract upgrade incentive,85.8,49.46
1934-MKPXS,33,20.1,One year,No,No internet service,Credit card (automatic),0,Low Risk,Continue regular engagement,0.0,1.31
2592-YKDIF,1,20.35,Month-to-month,No,No internet service,Mailed check,0,Low Risk,Continue regular engagement,0.0,26.03
2272-JKMSI,62,110.8,One year,Fiber optic,Yes,Electronic check,0,Low Risk,Continue regular engagement,0.0,10.48
0471-LVHGK,41,73.0,One year,DSL,No,Electronic check,0,Low Risk,Continue regular engagement,0.0,15.8
9518-RWHZL,64,100.05,One year,Fiber optic,No,Credit card (automatic),0,Low Risk,Continue regular engagement,0.0,21.43
8714-CTZJW,4,82.85,Month-to-month,Fiber optic,No,Credit card (automatic),1,Medium Risk,Offer contract upgrade incentive,82.85,63.73
3569-EDBPQ,24,84.35,Month-to-month,Fiber optic,Yes,Electronic check,1,Medium Risk,Offer contract upgrade incentive,84.35,35.55
3131-NWVFJ,14,19.55,One year,No,No internet service,Mailed check,0,Low Risk,Continue regular engagement,0.0,2.65
7521-YXVZY,3,19.95,Month-to-month,No,No internet service,Mailed check,0,Low Risk,Continue regular engagement,0.0,15.35
5419-CONWX,4,99.8,Month-to-month,Fiber optic,No,Credit card (automatic),1,High Risk,Offer annual contract discount + proactive support,99.8,83.43
6240-EURKS,18,35.0,Month-to-month,DSL,No,Electronic check,1,Medium Risk,Offer contract upgrade incentive,35.0,41.87
2373-NTKOD,8,66.25,Month-to-month,DSL,No,Electronic check,1,Medium Risk,Offer contract upgrade incentive,66.25,36.79
1970-KKFWL,35,23.3,Two year,No,No internet service,Bank transfer (automatic),0,Low Risk,Continue regular engagement,0.0,1.49
6960-HVYXR,1,76.0,Month-to-month,Fiber optic,No,Electronic check,1,High Risk,Offer annual contract discount + proactive support,76.0,82.43
9337-SRRNI,66,25.3,Two year,No,No internet service,Credit card (automatic),0,Low Risk,Continue regular engagement,0.0,0.81
0895-UADGO,8,44.55,Two year,DSL,Yes,Mailed check,0,Low Risk,Continue regular engagement,0.0,3.29
5678-VFNEQ,71,104.1,One year,Fiber optic,No,Credit card (automatic),0,Low Risk,Continue regular engagement,0.0,10.42
5977-CKHON,43,92.55,Month-to-month,Fiber optic,No,Bank transfer (automatic),0,Low Risk,Continue regular engagement,0.0,32.77
7024-OHCCK,2,93.85,Month-to-month,Fiber optic,No,Electronic check,1,High Risk,Offer annual contract discount + proactive support,93.85,86.5
2692-BUCFV,29,101.45,Month-to-month,Fiber optic,No,Bank transfer (automatic),1,Medium Risk,Offer contract upgrade incentive,101.45,42.7
7861-UVUFT,15,84.3,Month-to-month,Fiber optic,No,Electronic check,1,Medium Risk,Offer contract upgrade incentive,84.3,52.47
1830-GGFNM,65,94.55,Two year,Fiber optic,Yes,Credit card (automatic),0,Low Risk,Continue regular engagement,0.0,2.89
5302-BDJNT,35,95.5,Month-to-month,Fiber optic,Yes,Electronic check,0,Low Risk,Continue regular engagement,0.0,27.76
5223-UZAVK,64,100.3,One year,Fiber optic,No,Credit card (automatic),0,Low Risk,Continue regular engagement,0.0,16.28
4859-ZSRDZ,58,55.5,Two year,DSL,Yes,Credit card (automatic),0,Low Risk,Continue regular engagement,0.0,2.05
5651-WYIPH,18,49.85,Month-to-month,DSL,No,Credit card (automatic),0,Low Risk,Continue regular engagement,0.0,27.88
9350-VLHMB,67,89.55,Month-to-month,Fiber optic,No,Bank transfer (automatic),0,Low Risk,Continue regular engagement,0.0,26.26
3498-LZGQZ,63,19.15,Two year,No,No internet service,Mailed check,0,Low Risk,Continue regular engagement,0.0,1.6
8785-CJSHH,60,99.8,Month-to-month,Fiber optic,No,Electronic check,1,Medium Risk,Offer contract upgrade incentive,99.8,39.7
5357-TZHPP,9,84.4,Month-to-month,Fiber optic,No,Credit card (automatic),1,High Risk,Offer annual contract discount + proactive support,84.4,71.64
3870-SPZSI,70,113.05,Two year,Fiber optic,Yes,Credit card (automatic),0,Low Risk,Continue regular engagement,0.0,5.63
0680-DFNNY,15,101.1,Month-to-month,Fiber optic,No,Electronic check,1,High Risk,Offer annual contract discount + proactive support,101.1,75.45
7560-QRBXH,48,19.95,One year,No,No internet service,Mailed check,0,Low Risk,Continue regular engagement,0.0,2.27
7077-XJMET,12,74.15,Month-to-month,DSL,Yes,Electronic check,0,Low Risk,Continue regular engagement,0.0,28.79
8752-GHJFU,71,92.0,One year,Fiber optic,Yes,Electronic check,0,Low Risk,Continue regular engagement,0.0,4.04
6896-SRVYQ,44,73.85,Month-to-month,Fiber optic,No,Electronic check,1,Medium Risk,Offer contract upgrade incentive,73.85,36.66
7767-UXAGJ,1,50.45,Month-to-month,DSL,No,Electronic check,1,High Risk,Offer annual contract discount + proactive support,50.45,70.09
4652-ODEVH,45,24.45,Two year,No,No internet service,Mailed check,0,Low Risk,Continue regular engagement,0.0,2.03
6510-UPNKS,23,24.8,One year,No,No internet service,Credit card (automatic),0,Low Risk,Continue regular engagement,0.0,5.19
6718-BDGHG,43,64.85,One year,DSL,Yes,Bank transfer (automatic),0,Low Risk,Continue regular engagement,0.0,7.28
9046-DQMTP,35,20.75,Month-to-month,No,No internet service,Bank transfer (automatic),0,Low Risk,Continue regular engagement,0.0,4.45
6439-LAJXL,9,68.95,Month-to-month,DSL,Yes,Mailed check,0,Low Risk,Continue regular engagement,0.0,15.73
1571-SAVHK,12,99.95,Month-to-month,Fiber optic,Yes,Mailed check,1,High Risk,Offer annual contract discount + proactive support,99.95,84.16
9052-VKDUW,65,109.4,Month-to-month,Fiber optic,No,Credit card (automatic),0,Low Risk,Continue regular engagement,0.0,17.01
9546-CQJSU,2,91.4,Month-to-month,Fiber optic,No,Electronic check,1,High Risk,Offer annual contract discount + proactive support,91.4,87.2
1666-JZPZT,27,49.0,Month-to-month,DSL,No,Mailed check,0,Low Risk,Continue regular engagement,0.0,9.99
5777-KJIRB,40,50.25,One year,DSL,No,Mailed check,0,Low Risk,Continue regular engagement,0.0,4.89
0506-LVNGN,5,75.55,Month-to-month,Fiber optic,No,Credit card (automatic),1,Medium Risk,Offer contract upgrade incentive,75.55,61.32
7677-SJJJK,8,19.9,One year,No,No internet service,Credit card (automatic),0,Low Risk,Continue regular engagement,0.0,4.98
2480-EJWYP,58,97.8,One year,Fiber optic,No,Bank transfer (automatic),0,Low Risk,Continue regular engagement,0.0,24.17
3253-HKOKL,52,100.3,One year,Fiber optic,No,Electronic check,0,Low Risk,Continue regular engagement,0.0,11.23
7055-HNEOJ,3,55.8,Month-to-month,DSL,Yes,Mailed check,1,Medium Risk,Offer contract upgrade incentive,55.8,36.4
5514-YQENT,41,111.15,Two year,Fiber optic,Yes,Electronic check,0,Low Risk,Continue regular engagement,0.0,17.05
3211-AAPKX,20,98.55,Month-to-month,Fiber optic,Yes,Mailed check,1,Medium Risk,Offer contract upgrade incentive,98.55,61.83
8445-DNBAE,1,50.05,Month-to-month,DSL,No,Electronic check,1,Medium Risk,Offer contract upgrade incentive,50.05,58.5
2951-QOQTK,4,80.8,Month-to-month,Fiber optic,Yes,Credit card (automatic),1,Medium Risk,Offer contract upgrade incentive,80.8,68.14
2958-NHPPS,23,20.85,Month-to-month,No,No internet service,Electronic check,0,Low Risk,Continue regular engagement,0.0,5.49
6806-YDEUL,6,19.5,Month-to-month,No,No internet service,Bank transfer (automatic),0,Low Risk,Continue regular engagement,0.0,9.27
1735-XMJVH,8,19.35,Month-to-month,No,No internet service,Mailed check,0,Low Risk,Continue regular engagement,0.0,15.66
6890-PFRQX,18,69.5,Month-to-month,DSL,No,Mailed check,0,Low Risk,Continue regular engagement,0.0,14.33
0222-CNVPT,52,48.8,Month-to-month,DSL,No,Credit card (automatic),0,Low Risk,Continue regular engagement,0.0,21.5
5899-OUVKV,31,94.5,Month-to-month,Fiber optic,No,Electronic check,1,Medium Risk,Offer contract upgrade incentive,94.5,38.23
8681-ICONS,29,20.65,Month-to-month,No,No internet service,Mailed check,0,Low Risk,Continue regular engagement,0.0,4.82
1621-YNCJH,36,106.05,Two year,Fiber optic,Yes,Credit card (automatic),0,Low Risk,Continue regular engagement,0.0,12.73
3473-XIIIT,16,100.0,Month-to-month,Fiber optic,No,Electronic check,1,High Risk,Offer annual contract discount + proactive support,100.0,78.63
6362-QHAFM,42,108.3,One year,Fiber optic,Yes,Electronic check,1,Medium Risk,Monitor customer + targeted engagement,108.3,45.9
7893-IXHRQ,1,20.55,Month-to-month,No,No internet service,Electronic check,0,Low Risk,Continue regular engagement,0.0,33.78
3070-BDOQC,60,99.65,Two year,Fiber optic,No,Electronic check,0,Low Risk,Continue regular engagement,0.0,4.93
2952-QAYZF,5,85.3,Month-to-month,Fiber optic,No,Electronic check,1,High Risk,Offer annual contract discount + proactive support,85.3,80.68
6234-PFPXL,22,95.9,Month-to-month,Fiber optic,Yes,Credit card (automatic),1,Medium Risk,Offer contract upgrade incentive,95.9,39.7
9824-QCJPK,36,20.0,One year,No,No internet service,Mailed check,0,Low Risk,Continue regular engagement,0.0,1.34
4763-PGDPO,4,70.4,Month-to-month,Fiber optic,No,Electronic check,1,Medium Risk,Offer contract upgrade incentive,70.4,50.53
4283-IVYCI,9,64.95,Month-to-month,DSL,Yes,Mailed check,0,Low Risk,Continue regular engagement,0.0,12.71
1866-OBPNR,1,74.6,Month-to-month,Fiber optic,No,Credit card (automatic),1,Medium Risk,Offer contract upgrade incentive,74.6,66.1
8205-MQUGY,12,49.2,Month-to-month,DSL,No,Electronic check,0,Low Risk,Continue regular engagement,0.0,31.89
8970-ANWXO,23,73.75,One year,DSL,Yes,Mailed check,0,Low Risk,Continue regular engagement,0.0,9.47
9480-BQJEI,62,92.3,One year,Fiber optic,No,Bank transfer (automatic),0,Low Risk,Continue regular engagement,0.0,7.54
5394-SVGJV,37,98.8,Month-to-month,Fiber optic,Yes,Bank transfer (automatic),1,Medium Risk,Offer contract upgrade incentive,98.8,36.18
6979-TNDEU,8,19.2,Month-to-month,No,No internet service,Mailed check,0,Low Risk,Continue regular engagement,0.0,5.83
9777-WJJPR,31,88.65,Month-to-month,Fiber optic,No,Credit card (automatic),0,Low Risk,Continue regular engagement,0.0,31.13
9283-LZQOH,13,74.4,Month-to-month,Fiber optic,No,Credit card (automatic),1,Medium Risk,Offer contract upgrade incentive,74.4,42.62
7079-QRCBC,24,98.75,Month-to-month,Fiber optic,No,Electronic check,1,High Risk,Offer annual contract discount + proactive support,98.75,78.51
9495-SKLKD,45,95.95,Month-to-month,Fiber optic,No,Bank transfer (automatic),0,Low Risk,Continue regular engagement,0.0,31.33
6048-UWKAL,69,105.4,Two year,Fiber optic,Yes,Credit card (automatic),0,Low Risk,Continue regular engagement,0.0,5.68
5067-DGXLL,2,20.25,Month-to-month,No,No internet service,Mailed check,0,Low Risk,Continue regular engagement,0.0,12.35
5469-CTCWN,61,106.0,One year,Fiber optic,No,Electronic check,0,Low Risk,Continue regular engagement,0.0,17.42
9851-QXEEQ,41,104.7,Month-to-month,Fiber optic,No,Electronic check,1,Medium Risk,Offer contract upgrade incentive,104.7,66.22
6281-FKEWS,44,49.05,One year,DSL,No,Electronic check,0,Low Risk,Continue regular engagement,0.0,25.1
8898-KASCD,39,35.55,One year,DSL,Yes,Mailed check,0,Low Risk,Continue regular engagement,0.0,5.11
9242-TKFSV,72,65.1,Two year,DSL,Yes,Credit card (automatic),0,Low Risk,Continue regular engagement,0.0,0.59
9290-SHCMB,13,96.85,Month-to-month,Fiber optic,No,Electronic check,1,High Risk,Offer annual contract discount + proactive support,96.85,74.7
0743-HNPFG,51,69.75,One year,DSL,Yes,Credit card (automatic),0,Low Risk,Continue regular engagement,0.0,4.9
2277-BKJKN,71,99.2,Two year,Fiber optic,No,Electronic check,0,Low Risk,Continue regular engagement,0.0,5.62
9809-IMGCQ,22,96.7,Month-to-month,Fiber optic,No,Electronic check,1,High Risk,Offer annual contract discount + proactive support,96.7,80.14
5208-HFSBT,2,55.05,Month-to-month,DSL,Yes,Credit card (automatic),1,Medium Risk,Offer contract upgrade incentive,55.05,50.8
5035-PGZXH,56,106.8,One year,Fiber optic,No,Electronic check,1,Medium Risk,Monitor customer + targeted engagement,106.8,35.19
8695-WDYEA,1,51.25,Month-to-month,DSL,No,Mailed check,1,Medium Risk,Offer contract upgrade incentive,51.25,38.49
6543-JXSOO,23,57.75,One year,DSL,Yes,Mailed check,0,Low Risk,Continue regular engagement,0.0,4.01
8016-ZMGMO,66,70.85,One year,DSL,No,Bank transfer (automatic),0,Low Risk,Continue regular engagement,0.0,8.25
8605-ITULD,1,19.55,Month-to-month,No,No internet service,Mailed check,1,Medium Risk,Offer contract upgrade incentive,19.55,35.27
3254-YRILK,19,88.2,Month-to-month,Fiber optic,No,Electronic check,1,Medium Risk,Offer contract upgrade incentive,88.2,67.66
6416-YJTTB,11,79.5,Month-to-month,Fiber optic,No,Bank transfer (automatic),1,Medium Risk,Offer contract upgrade incentive,79.5,37.81
2667-WYLWJ,8,19.75,One year,No,No internet service,Mailed check,0,Low Risk,Continue regular engagement,0.0,4.89
4472-VESGY,52,98.15,Month-to-month,Fiber optic,No,Bank transfer (automatic),0,Low Risk,Continue regular engagement,0.0,16.38
3195-TQDZX,3,20.25,Month-to-month,No,No internet service,Electronic check,0,Low Risk,Continue regular engagement,0.0,18.95
3128-YOVTD,51,79.15,Month-to-month,Fiber optic,No,Bank transfer (automatic),0,Low Risk,Continue regular engagement,0.0,16.07
0529-ONKER,15,75.65,Month-to-month,Fiber optic,No,Electronic check,1,Medium Risk,Offer contract upgrade incentive,75.65,57.81
1728-CXQBE,64,94.25,Month-to-month,Fiber optic,No,Electronic check,0,Low Risk,Continue regular engagement,0.0,30.84
7041-TXQJH,37,40.2,Month-to-month,DSL,No,Credit card (automatic),0,Low Risk,Continue regular engagement,0.0,20.75
5014-GSOUQ,13,19.95,Two year,No,No internet service,Mailed check,0,Low Risk,Continue regular engagement,0.0,1.75
5724-BIDBU,49,55.35,One year,DSL,No,Electronic check,0,Low Risk,Continue regular engagement,0.0,9.76
0481-SUMCB,45,102.15,One year,Fiber optic,No,Bank transfer (automatic),0,Low Risk,Continue regular engagement,0.0,32.9
1769-GRUIK,18,71.1,Month-to-month,Fiber optic,No,Electronic check,1,Medium Risk,Offer contract upgrade incentive,71.1,45.06
5240-IJOQT,1,74.7,Month-to-month,Fiber optic,No,Electronic check,1,High Risk,Offer annual contract discount + proactive support,74.7,86.75
8819-WFGGJ,68,54.1,Two year,DSL,No,Bank transfer (automatic),0,Low Risk,Continue regular engagement,0.0,2.35
7427-AUFPY,54,19.65,Two year,No,No internet service,Credit card (automatic),0,Low Risk,Continue regular engagement,0.0,1.61
2811-POVEX,23,88.45,Month-to-month,Fiber optic,No,Bank transfer (automatic),1,Medium Risk,Offer contract upgrade incentive,88.45,37.6
1092-GANHU,17,76.65,Month-to-month,Fiber optic,No,Electronic check,1,Medium Risk,Offer contract upgrade incentive,76.65,42.22
7898-PDWQE,71,80.4,Two year,DSL,Yes,Credit card (automatic),0,Low Risk,Continue regular engagement,0.0,0.75
9972-EWRJS,67,19.25,Two year,No,No internet service,Bank transfer (automatic),0,Low Risk,Continue regular engagement,0.0,0.77
9314-IJWSQ,14,84.8,Month-to-month,Fiber optic,No,Electronic check,1,Medium Risk,Offer contract upgrade incentive,84.8,67.89
0661-XEYAN,1,25.8,Month-to-month,DSL,No,Mailed check,1,High Risk,Offer annual contract discount + proactive support,25.8,75.72
5799-JRCZO,63,19.5,Two year,No,No internet service,Credit card (automatic),0,Low Risk,Continue regular engagement,0.0,2.03
1921-KYSAY,41,68.6,One year,DSL,Yes,Electronic check,0,Low Risk,Continue regular engagement,0.0,13.45
6198-RTPMF,17,92.6,Month-to-month,Fiber optic,No,Electronic check,1,Medium Risk,Offer contract upgrade incentive,92.6,48.01
2924-KHUVI,56,100.55,One year,Fiber optic,No,Electronic check,0,Low Risk,Continue regular engagement,0.0,27.66
1925-GMVBW,5,20.55,Month-to-month,No,No internet service,Credit card (automatic),0,Low Risk,Continue regular engagement,0.0,14.24
7881-EVUAD,2,42.6,Month-to-month,DSL,No,Electronic check,1,Medium Risk,Offer contract upgrade incentive,42.6,63.12
6184-DYUOB,3,19.6,Month-to-month,No,No internet service,Mailed check,0,Low Risk,Continue regular engagement,0.0,13.34
9207-ZPANB,37,67.45,One year,DSL,Yes,Electronic check,0,Low Risk,Continue regular engagement,0.0,7.45
5766-XQXMQ,29,68.85,Month-to-month,DSL,No,Bank transfer (automatic),0,Low Risk,Continue regular engagement,0.0,9.98
9327-QSDED,8,43.55,Month-to-month,DSL,No,Mailed check,0,Low Risk,Continue regular engagement,0.0,23.93
1656-DRSMG,63,109.85,Month-to-month,Fiber optic,Yes,Credit card (automatic),0,Low Risk,Continue regular engagement,0.0,20.46
3012-VFFMN,7,20.65,Month-to-month,No,No internet service,Mailed check,0,Low Risk,Continue regular engagement,0.0,7.63
2984-AFWNC,3,95.4,Month-to-month,Fiber optic,No,Electronic check,1,Medium Risk,Offer contract upgrade incentive,95.4,58.06
0640-YJTPY,72,21.0,Two year,No,No internet service,Bank transfer (automatic),0,Low Risk,Continue regular engagement,0.0,0.45
8096-LOIST,19,56.2,Month-to-month,DSL,No,Electronic check,0,Low Risk,Continue regular engagement,0.0,34.67
9764-REAFF,59,18.4,Two year,No,No internet service,Bank transfer (automatic),0,Low Risk,Continue regular engagement,0.0,0.99
3703-VAVCL,2,90.0,Month-to-month,Fiber optic,Yes,Credit card (automatic),1,Medium Risk,Offer contract upgrade incentive,90.0,66.2
7107-UBYKY,35,25.75,Month-to-month,No,No internet service,Electronic check,0,Low Risk,Continue regular engagement,0.0,8.14
4881-GQJTW,14,19.6,Month-to-month,No,No internet service,Credit card (automatic),0,Low Risk,Continue regular engagement,0.0,6.52
8519-QJGJD,14,75.35,Month-to-month,Fiber optic,No,Electronic check,1,Medium Risk,Offer contract upgrade incentive,75.35,39.11
7876-DNYAP,69,19.8,Two year,No,No internet service,Credit card (automatic),0,Low Risk,Continue regular engagement,0.0,0.79
7905-NJMXS,7,64.2,Month-to-month,DSL,Yes,Electronic check,0,Low Risk,Continue regular engagement,0.0,19.39
2882-WDTBA,69,75.75,Two year,DSL,Yes,Bank transfer (automatic),0,Low Risk,Continue regular engagement,0.0,2.81
2091-GPPIQ,72,78.95,Two year,DSL,Yes,Electronic check,0,Low Risk,Continue regular engagement,0.0,1.81
6326-MTTXK,8,100.85,Month-to-month,Fiber optic,No,Electronic check,1,High Risk,Offer annual contract discount + proactive support,100.85,71.57
5071-FBJFS,4,50.3,Month-to-month,DSL,No,Electronic check,0,Low Risk,Continue regular engagement,0.0,26.15
2796-UUZZO,63,80.3,Month-to-month,Fiber optic,No,Credit card (automatic),0,Low Risk,Continue regular engagement,0.0,13.72
2429-AYKKO,72,19.85,Two year,No,No internet service,Bank transfer (automatic),0,Low Risk,Continue regular engagement,0.0,0.74
9798-OPFEM,46,21.1,Two year,No,No internet service,Electronic check,0,Low Risk,Continue regular engagement,0.0,1.77
0330-IVZHA,5,69.95,Month-to-month,Fiber optic,No,Electronic check,1,Medium Risk,Offer contract upgrade incentive,69.95,50.2
3794-NFNCH,30,50.0,Month-to-month,DSL,No,Mailed check,0,Low Risk,Continue regular engagement,0.0,11.5
5193-QLVZB,63,104.75,Two year,Fiber optic,No,Bank transfer (automatic),0,Low Risk,Continue regular engagement,0.0,8.33
7114-AEOZE,60,19.85,Two year,No,No internet service,Bank transfer (automatic),0,Low Risk,Continue regular engagement,0.0,1.79
2886-KEFUM,63,107.5,One year,Fiber optic,No,Electronic check,0,Low Risk,Continue regular engagement,0.0,23.38
5522-NYKPB,25,85.9,Month-to-month,Fiber optic,Yes,Electronic check,0,Low Risk,Continue regular engagement,0.0,32.74
4237-RLAQD,1,45.85,Month-to-month,DSL,No,Mailed check,1,Medium Risk,Offer contract upgrade incentive,45.85,61.43
9957-YODKZ,6,80.8,Month-to-month,Fiber optic,No,Electronic check,1,High Risk,Offer annual contract discount + proactive support,80.8,75.69
6518-KZXCB,22,25.25,Two year,No,No internet service,Mailed check,0,Low Risk,Continue regular engagement,0.0,1.48
2245-ADZFJ,31,80.55,Two year,DSL,Yes,Bank transfer (automatic),0,Low Risk,Continue regular engagement,0.0,2.09
7776-QGYJC,39,81.5,Month-to-month,Fiber optic,Yes,Bank transfer (automatic),0,Low Risk,Continue regular engagement,0.0,23.65
9313-QOLTZ,26,20.9,Month-to-month,No,No internet service,Mailed check,0,Low Risk,Continue regular engagement,0.0,4.52
9651-GTSAQ,53,106.1,One year,Fiber optic,No,Bank transfer (automatic),0,Low Risk,Continue regular engagement,0.0,28.43
3186-BAXNB,1,91.7,Month-to-month,Fiber optic,Yes,Electronic check,1,Medium Risk,Offer contract upgrade incentive,91.7,65.16
4672-FOTSD,12,67.25,Month-to-month,DSL,Yes,Electronic check,0,Low Risk,Continue regular engagement,0.0,24.7
0637-YLETY,16,95.6,Month-to-month,Fiber optic,No,Credit card (automatic),1,Medium Risk,Offer contract upgrade incentive,95.6,49.82
9818-XQCUV,2,20.35,Month-to-month,No,No internet service,Mailed check,0,Low Risk,Continue regular engagement,0.0,11.09
7338-ERIVA,39,45.05,One year,DSL,Yes,Bank transfer (automatic),0,Low Risk,Continue regular engagement,0.0,4.62
1157-BQCUW,1,74.95,Month-to-month,Fiber optic,No,Electronic check,1,High Risk,Offer annual contract discount + proactive support,74.95,85.31
8259-NFJTV,7,34.65,Month-to-month,DSL,Yes,Mailed check,0,Low Risk,Continue regular engagement,0.0,13.83
3223-DWFIO,4,69.35,Month-to-month,Fiber optic,No,Electronic check,1,Medium Risk,Offer contract upgrade incentive,69.35,52.05
2660-EMUBI,10,95.35,Month-to-month,Fiber optic,No,Electronic check,1,High Risk,Offer annual contract discount + proactive support,95.35,82.66
6968-GMKPR,55,81.55,Month-to-month,Fiber optic,No,Electronic check,0,Low Risk,Continue regular engagement,0.0,26.16
4751-ERMAN,72,75.4,Two year,DSL,No,Bank transfer (automatic),0,Low Risk,Continue regular engagement,0.0,1.87
1436-ZMJAN,10,67.8,Month-to-month,DSL,No,Credit card (automatic),0,Low Risk,Continue regular engagement,0.0,27.81
3292-PBZEJ,11,111.4,Month-to-month,Fiber optic,Yes,Electronic check,1,High Risk,Offer annual contract discount + proactive support,111.4,72.27
0799-DDIHE,15,46.3,Month-to-month,DSL,No,Electronic check,0,Low Risk,Continue regular engagement,0.0,23.41
3070-FNFZQ,23,20.4,Two year,No,No internet service,Bank transfer (automatic),0,Low Risk,Continue regular engagement,0.0,0.85
2812-SFXMJ,1,20.05,Month-to-month,No,No internet service,Mailed check,1,Medium Risk,Offer contract upgrade incentive,20.05,37.3
7675-OZCZG,3,45.0,Month-to-month,DSL,No,Electronic check,1,Medium Risk,Offer contract upgrade incentive,45.0,47.57
5014-WUQMG,47,96.1,One year,Fiber optic,No,Electronic check,0,Low Risk,Continue regular engagement,0.0,14.07
5312-TSZVC,15,19.65,One year,No,No internet service,Mailed check,0,Low Risk,Continue regular engagement,0.0,2.4
2003-CKLOR,66,99.5,Month-to-month,Fiber optic,No,Electronic check,1,Medium Risk,Offer contract upgrade incentive,99.5,37.96
0993-OSGPT,68,60.65,One year,DSL,Yes,Bank transfer (automatic),0,Low Risk,Continue regular engagement,0.0,2.86
9254-RBFON,17,98.6,One year,Fiber optic,Yes,Bank transfer (automatic),0,Low Risk,Continue regular engagement,0.0,17.95
1205-WNWPJ,7,59.5,Month-to-month,DSL,Yes,Mailed check,0,Low Risk,Continue regular engagement,0.0,24.97
9391-EOYLI,12,80.45,Month-to-month,Fiber optic,No,Electronic check,1,Medium Risk,Offer contract upgrade incentive,80.45,62.48
7108-DGVUU,21,71.7,One year,DSL,No,Bank transfer (automatic),0,Low Risk,Continue regular engagement,0.0,14.1
2782-JEEBU,21,36.0,Month-to-month,DSL,Yes,Mailed check,0,Low Risk,Continue regular engagement,0.0,19.24
5127-BZENZ,56,65.2,One year,DSL,No,Bank transfer (automatic),0,Low Risk,Continue regular engagement,0.0,3.07
2720-FVBQP,6,48.95,Month-to-month,DSL,No,Credit card (automatic),1,Medium Risk,Offer contract upgrade incentive,48.95,36.94
9906-NHHVC,65,53.5,Two year,DSL,No,Bank transfer (automatic),0,Low Risk,Continue regular engagement,0.0,4.18
4522-XRWWI,42,80.45,One year,DSL,Yes,Credit card (automatic),0,Low Risk,Continue regular engagement,0.0,12.0
3766-EJLFL,68,109.05,Two year,Fiber optic,Yes,Bank transfer (automatic),0,Low Risk,Continue regular engagement,0.0,17.76
5939-SXWHM,48,26.3,Two year,No,No internet service,Bank transfer (automatic),0,Low Risk,Continue regular engagement,0.0,0.97
8152-UOBNY,50,106.8,One year,Fiber optic,Yes,Electronic check,0,Low Risk,Continue regular engagement,0.0,29.79
7351-KYHQH,7,64.95,Month-to-month,DSL,No,Electronic check,1,Medium Risk,Offer contract upgrade incentive,64.95,36.33
7643-RCHXS,63,19.35,Two year,No,No internet service,Electronic check,0,Low Risk,Continue regular engagement,0.0,3.16
8246-SHFGA,17,21.1,Month-to-month,No,No internet service,Credit card (automatic),0,Low Risk,Continue regular engagement,0.0,5.98
8387-MOJJT,42,77.95,Month-to-month,Fiber optic,No,Credit card (automatic),1,Medium Risk,Offer contract upgrade incentive,77.95,41.45
0620-XEFWH,4,18.85,Month-to-month,No,No internet service,Mailed check,0,Low Risk,Continue regular engagement,0.0,3.8
6485-QXWWE,62,26.0,Two year,No,No internet service,Bank transfer (automatic),0,Low Risk,Continue regular engagement,0.0,1.02
2761-OCIAX,2,74.7,Month-to-month,Fiber optic,No,Electronic check,1,High Risk,Offer annual contract discount + proactive support,74.7,70.33
7321-VGNKU,2,70.35,Month-to-month,Fiber optic,No,Electronic check,1,Medium Risk,Offer contract upgrade incentive,70.35,66.09
5327-CNLUQ,48,96.9,Two year,Fiber optic,No,Bank transfer (automatic),0,Low Risk,Continue regular engagement,0.0,4.92
7552-KEYGT,27,19.55,Two year,No,No internet service,Bank transfer (automatic),0,Low Risk,Continue regular engagement,0.0,1.48
5816-JMLGY,70,80.4,Two year,DSL,Yes,Bank transfer (automatic),0,Low Risk,Continue regular engagement,0.0,1.65
3068-OMWZA,1,88.8,Month-to-month,Fiber optic,No,Electronic check,1,High Risk,Offer annual contract discount + proactive support,88.8,91.12
2927-QRRQV,46,94.65,One year,Fiber optic,No,Electronic check,0,Low Risk,Continue regular engagement,0.0,24.58
6032-KRXXO,30,90.25,Month-to-month,Fiber optic,No,Electronic check,1,Medium Risk,Offer contract upgrade incentive,90.25,49.56
7459-RRWQZ,15,64.65,Month-to-month,DSL,No,Bank transfer (automatic),0,Low Risk,Continue regular engagement,0.0,19.22
6265-SXWBU,69,95.75,One year,Fiber optic,No,Credit card (automatic),0,Low Risk,Continue regular engagement,0.0,7.46
7941-RCJOW,65,19.55,Two year,No,No internet service,Credit card (automatic),0,Low Risk,Continue regular engagement,0.0,1.04
6374-NTQLP,72,104.1,Two year,Fiber optic,Yes,Credit card (automatic),0,Low Risk,Continue regular engagement,0.0,3.34
4154-AQUGT,13,89.05,Month-to-month,Fiber optic,Yes,Bank transfer (automatic),1,Medium Risk,Offer contract upgrade incentive,89.05,54.8
2387-KDZQY,17,20.1,One year,No,No internet service,Mailed check,0,Low Risk,Continue regular engagement,0.0,2.75
3584-WKTTW,51,111.55,One year,Fiber optic,Yes,Electronic check,0,Low Risk,Continue regular engagement,0.0,23.31
3399-BMLVW,51,60.5,Two year,DSL,Yes,Credit card (automatic),0,Low Risk,Continue regular engagement,0.0,1.6
1971-DTCZB,72,90.95,Two year,DSL,Yes,Bank transfer (automatic),0,Low Risk,Continue regular engagement,0.0,0.36
3092-IGHWF,67,87.4,One year,Fiber optic,No,Electronic check,0,Low Risk,Continue regular engagement,0.0,16.77
3374-PZLXD,34,19.7,Month-to-month,No,No internet service,Mailed check,0,Low Risk,Continue regular engagement,0.0,6.13
3813-DHBBB,67,50.95,Two year,DSL,Yes,Bank transfer (automatic),0,Low Risk,Continue regular engagement,0.0,1.64
2812-REYAT,49,20.05,One year,No,No internet service,Bank transfer (automatic),0,Low Risk,Continue regular engagement,0.0,2.76
6518-PPLMZ,53,19.4,Two year,No,No internet service,Mailed check,0,Low Risk,Continue regular engagement,0.0,1.98
4939-KYYPY,27,59.45,Month-to-month,DSL,Yes,Electronic check,0,Low Risk,Continue regular engagement,0.0,9.39
8017-LXHFA,23,94.75,Month-to-month,Fiber optic,No,Electronic check,1,Medium Risk,Offer contract upgrade incentive,94.75,56.37
5930-GBIWP,69,81.5,Two year,DSL,Yes,Credit card (automatic),0,Low Risk,Continue regular engagement,0.0,2.3
6022-KOUQO,2,29.05,Month-to-month,DSL,Yes,Bank transfer (automatic),0,Low Risk,Continue regular engagement,0.0,29.85
6352-TWCAU,35,86.45,Month-to-month,Fiber optic,No,Electronic check,1,Medium Risk,Offer contract upgrade incentive,86.45,52.7
2361-UPSND,46,70.6,One year,DSL,Yes,Mailed check,0,Low Risk,Continue regular engagement,0.0,6.92
6035-RIIOM,54,97.2,Two year,Fiber optic,No,Bank transfer (automatic),0,Low Risk,Continue regular engagement,0.0,9.75
2929-QNSRW,56,98.25,One year,Fiber optic,No,Electronic check,0,Low Risk,Continue regular engagement,0.0,29.54
1262-OPMFY,9,75.75,Month-to-month,Fiber optic,No,Bank transfer (automatic),1,Medium Risk,Offer contract upgrade incentive,75.75,49.26
9504-DSHWM,20,59.2,Month-to-month,DSL,Yes,Bank transfer (automatic),0,Low Risk,Continue regular engagement,0.0,15.27
5035-BVCXS,11,75.9,Month-to-month,Fiber optic,No,Mailed check,1,Medium Risk,Offer contract upgrade incentive,75.9,40.4
6267-DCFFZ,30,90.05,Month-to-month,Fiber optic,No,Electronic check,1,Medium Risk,Offer contract upgrade incentive,90.05,57.35
3533-UVMOM,68,70.95,Two year,DSL,No,Bank transfer (automatic),0,Low Risk,Continue regular engagement,0.0,2.23
2439-LYPMQ,38,102.6,Month-to-month,Fiber optic,No,Electronic check,1,Medium Risk,Offer contract upgrade incentive,102.6,61.92
4248-QPAVC,17,85.35,Month-to-month,Fiber optic,No,Bank transfer (automatic),1,Medium Risk,Offer contract upgrade incentive,85.35,39.31
1899-VXWXM,48,106.1,One year,Fiber optic,No,Credit card (automatic),1,Medium Risk,Monitor customer + targeted engagement,106.1,41.21
1478-VPOAD,1,43.8,Month-to-month,DSL,No,Electronic check,1,Medium Risk,Offer contract upgrade incentive,43.8,50.76
9995-HOTOH,63,59.0,Two year,DSL,No,Electronic check,0,Low Risk,Continue regular engagement,0.0,6.06
2988-PLAHS,3,69.95,One year,DSL,No,Electronic check,0,Low Risk,Continue regular engagement,0.0,32.17
1371-OJCEK,48,24.35,One year,No,No internet service,Bank transfer (automatic),0,Low Risk,Continue regular engagement,0.0,3.57
4999-IEZLT,66,29.45,One year,DSL,Yes,Credit card (automatic),0,Low Risk,Continue regular engagement,0.0,2.25
8883-ANODQ,68,84.4,Two year,Fiber optic,No,Credit card (automatic),0,Low Risk,Continue regular engagement,0.0,3.88
4690-LLKUA,17,45.05,Month-to-month,DSL,No,Electronic check,1,Medium Risk,Offer contract upgrade incentive,45.05,42.2
2351-RRBUE,7,20.65,One year,No,No internet service,Mailed check,0,Low Risk,Continue regular engagement,0.0,5.65
5980-BDHPY,72,87.1,Two year,DSL,Yes,Bank transfer (automatic),0,Low Risk,Continue regular engagement,0.0,0.41
1498-DQNRX,29,19.85,Month-to-month,No,No internet service,Mailed check,0,Low Risk,Continue regular engagement,0.0,6.24
9469-WEJBT,37,90.35,Month-to-month,Fiber optic,Yes,Electronic check,0,Low Risk,Continue regular engagement,0.0,25.22
3331-HQDTW,34,109.8,Month-to-month,Fiber optic,No,Mailed check,0,Low Risk,Continue regular engagement,0.0,29.4
9490-DFPMD,42,84.65,Month-to-month,Fiber optic,No,Electronic check,1,Medium Risk,Offer contract upgrade incentive,84.65,53.35
2581-VKIRT,59,65.5,One year,DSL,Yes,Mailed check,0,Low Risk,Continue regular engagement,0.0,1.75
5442-XSDCW,11,79.5,Month-to-month,Fiber optic,No,Bank transfer (automatic),1,Medium Risk,Offer contract upgrade incentive,79.5,53.86
7426-WEIJX,60,80.95,Month-to-month,Fiber optic,No,Electronic check,0,Low Risk,Continue regular engagement,0.0,17.09
2851-MMUTZ,27,56.15,Month-to-month,DSL,Yes,Mailed check,0,Low Risk,Continue regular engagement,0.0,9.25
3049-NDXFL,1,85.8,Month-to-month,Fiber optic,No,Mailed check,1,High Risk,Offer annual contract discount + proactive support,85.8,83.21
8580-AECUZ,1,79.1,Month-to-month,Fiber optic,No,Electronic check,1,High Risk,Offer annual contract discount + proactive support,79.1,90.13
3307-TLCUD,17,34.4,Month-to-month,DSL,No,Mailed check,0,Low Risk,Continue regular engagement,0.0,21.33
6625-FLENO,58,20.75,Two year,No,No internet service,Mailed check,0,Low Risk,Continue regular engagement,0.0,1.32
2967-MXRAV,1,18.8,One year,No,No internet service,Mailed check,0,Low Risk,Continue regular engagement,0.0,5.42
7963-GQRMY,3,44.3,Month-to-month,DSL,No,Mailed check,0,Low Risk,Continue regular engagement,0.0,31.48
8189-HBVRW,53,90.8,Month-to-month,Fiber optic,No,Electronic check,0,Low Risk,Continue regular engagement,0.0,15.63
4163-KIUHY,35,25.6,Month-to-month,No,No internet service,Electronic check,0,Low Risk,Continue regular engagement,0.0,9.2
1228-FZFRV,50,105.95,Month-to-month,Fiber optic,No,Credit card (automatic),1,Medium Risk,Offer contract upgrade incentive,105.95,47.15
3500-NSDOA,68,70.8,Two year,DSL,Yes,Credit card (automatic),0,Low Risk,Continue regular engagement,0.0,3.4
1171-TYKUR,47,25.4,Month-to-month,No,No internet service,Electronic check,0,Low Risk,Continue regular engagement,0.0,12.14
3761-FLYZI,65,108.8,Month-to-month,Fiber optic,No,Bank transfer (automatic),0,Low Risk,Continue regular engagement,0.0,29.61
2058-DCJBE,5,69.75,Month-to-month,Fiber optic,No,Electronic check,1,Medium Risk,Offer contract upgrade incentive,69.75,60.74
5364-XYIRR,51,94.65,Month-to-month,Fiber optic,No,Electronic check,1,Medium Risk,Offer contract upgrade incentive,94.65,59.71
4829-AUOAX,46,96.05,Month-to-month,Fiber optic,No,Bank transfer (automatic),1,Medium Risk,Offer contract upgrade incentive,96.05,35.62
1219-NNDDO,9,76.85,Month-to-month,Fiber optic,No,Electronic check,1,Medium Risk,Offer contract upgrade incentive,76.85,65.59
8388-DMKAE,8,20.25,Two year,No,No internet service,Mailed check,0,Low Risk,Continue regular engagement,0.0,2.04
4403-BWPAY,14,24.8,One year,No,No internet service,Credit card (automatic),0,Low Risk,Continue regular engagement,0.0,5.34
9659-QEQSY,45,115.65,Month-to-month,Fiber optic,Yes,Electronic check,0,Low Risk,Continue regular engagement,0.0,29.64
5405-ZMYXQ,8,74.6,Month-to-month,Fiber optic,No,Credit card (automatic),1,Medium Risk,Offer contract upgrade incentive,74.6,57.85
5047-LHVLY,1,50.15,Month-to-month,DSL,No,Mailed check,1,Medium Risk,Offer contract upgrade incentive,50.15,56.79
1442-OKRJE,66,103.15,One year,Fiber optic,No,Bank transfer (automatic),0,Low Risk,Continue regular engagement,0.0,18.01
4737-AQCPU,72,72.1,Two year,DSL,Yes,Credit card (automatic),0,Low Risk,Continue regular engagement,0.0,0.74
9158-VCTQB,41,113.6,Month-to-month,Fiber optic,Yes,Bank transfer (automatic),0,Low Risk,Continue regular engagement,0.0,34.17
2808-CHTDM,23,25.1,Two year,No,No internet service,Mailed check,0,Low Risk,Continue regular engagement,0.0,2.11
6311-UEUME,29,78.9,Month-to-month,Fiber optic,No,Electronic check,1,Medium Risk,Offer contract upgrade incentive,78.9,52.76
0793-TWELN,4,80.15,Month-to-month,Fiber optic,No,Electronic check,1,Medium Risk,Offer contract upgrade incentive,80.15,56.4
3283-WCWXT,6,25.4,Two year,No,No internet service,Mailed check,0,Low Risk,Continue regular engagement,0.0,1.54
1060-ENTOF,67,105.4,One year,Fiber optic,Yes,Credit card (automatic),0,Low Risk,Continue regular engagement,0.0,12.49
0999-QXNSA,7,45.75,Month-to-month,DSL,No,Mailed check,0,Low Risk,Continue regular engagement,0.0,31.4
5451-MHQOF,56,24.45,One year,No,No internet service,Mailed check,0,Low Risk,Continue regular engagement,0.0,2.02
4836-WNFNO,72,25.0,Two year,No,No internet service,Credit card (automatic),0,Low Risk,Continue regular engagement,0.0,0.56
9225-BZLNZ,72,85.25,Two year,DSL,No,Electronic check,0,Low Risk,Continue regular engagement,0.0,1.46
0354-VXMJC,23,19.6,Two year,No,No internet service,Credit card (automatic),0,Low Risk,Continue regular engagement,0.0,0.81
4422-QVIJA,35,50.15,Month-to-month,DSL,No,Mailed check,0,Low Risk,Continue regular engagement,0.0,9.32
9365-SRSZE,27,70.55,Month-to-month,Fiber optic,No,Electronic check,1,Medium Risk,Offer contract upgrade incentive,70.55,37.19
6839-ITVZJ,26,60.05,Month-to-month,DSL,Yes,Electronic check,0,Low Risk,Continue regular engagement,0.0,19.24
8332-OSJDW,12,26.4,One year,No,No internet service,Mailed check,0,Low Risk,Continue regular engagement,0.0,3.8
4735-BJKOU,40,20.15,Two year,No,No internet service,Mailed check,0,Low Risk,Continue regular engagement,0.0,1.31
0274-JKUJR,7,58.85,Month-to-month,DSL,No,Mailed check,0,Low Risk,Continue regular engagement,0.0,17.69
5740-YHGTW,70,97.55,Month-to-month,Fiber optic,No,Credit card (automatic),0,Low Risk,Continue regular engagement,0.0,21.1
8917-SZTTJ,60,19.65,Two year,No,No internet service,Credit card (automatic),0,Low Risk,Continue regular engagement,0.0,2.52
1696-MZVAU,39,25.25,One year,DSL,No,Credit card (automatic),0,Low Risk,Continue regular engagement,0.0,6.31
7359-WWYJV,72,114.45,Two year,Fiber optic,Yes,Credit card (automatic),0,Low Risk,Continue regular engagement,0.0,1.9
0375-HVGXO,1,34.7,Month-to-month,DSL,No,Electronic check,1,High Risk,Offer annual contract discount + proactive support,34.7,78.45
4906-ZHGPK,54,70.7,One year,DSL,Yes,Electronic check,0,Low Risk,Continue regular engagement,0.0,6.39
8593-WHYHV,3,85.3,Month-to-month,Fiber optic,No,Electronic check,1,High Risk,Offer annual contract discount + proactive support,85.3,82.02
3795-GWTRD,63,75.55,Two year,DSL,Yes,Credit card (automatic),0,Low Risk,Continue regular engagement,0.0,1.13
1298-PHBTI,71,84.8,Two year,Fiber optic,Yes,Electronic check,0,Low Risk,Continue regular engagement,0.0,3.44
6223-DHJGV,42,20.65,One year,No,No internet service,Mailed check,0,Low Risk,Continue regular engagement,0.0,2.47
6961-MJKBO,47,20.45,Two year,No,No internet service,Bank transfer (automatic),0,Low Risk,Continue regular engagement,0.0,0.98
6097-EQISJ,66,102.45,One year,Fiber optic,No,Credit card (automatic),0,Low Risk,Continue regular engagement,0.0,20.43
4423-YLHDV,21,104.4,Month-to-month,Fiber optic,No,Bank transfer (automatic),1,High Risk,Offer annual contract discount + proactive support,104.4,70.34
8158-WPEZG,11,35.65,Month-to-month,DSL,Yes,Electronic check,0,Low Risk,Continue regular engagement,0.0,34.01
0107-YHINA,1,99.75,Month-to-month,Fiber optic,No,Electronic check,1,High Risk,Offer annual contract discount + proactive support,99.75,91.27
4918-FYJNT,55,90.45,Month-to-month,Fiber optic,Yes,Electronic check,0,Low Risk,Continue regular engagement,0.0,19.62
0727-BNRLG,69,97.65,Two year,Fiber optic,Yes,Credit card (automatic),0,Low Risk,Continue regular engagement,0.0,3.53
4854-CIDCF,3,73.85,Month-to-month,Fiber optic,No,Electronic check,1,Medium Risk,Offer contract upgrade incentive,73.85,59.76
8640-SDGKB,4,74.4,Month-to-month,DSL,Yes,Electronic check,1,Medium Risk,Offer contract upgrade incentive,74.4,38.28
3280-MRDOF,30,69.1,Two year,DSL,Yes,Credit card (automatic),0,Low Risk,Continue regular engagement,0.0,2.57
6435-SRWBJ,5,82.75,Month-to-month,Fiber optic,Yes,Electronic check,1,High Risk,Offer annual contract discount + proactive support,82.75,77.57
9964-WBQDJ,71,24.4,Two year,No,No internet service,Credit card (automatic),0,Low Risk,Continue regular engagement,0.0,0.76
6303-KFWSL,29,55.25,One year,DSL,No,Electronic check,0,Low Risk,Continue regular engagement,0.0,10.29
1702-CCFNJ,52,61.35,Month-to-month,DSL,Yes,Bank transfer (automatic),0,Low Risk,Continue regular engagement,0.0,9.06
8932-CZHRQ,68,76.75,One year,DSL,No,Credit card (automatic),0,Low Risk,Continue regular engagement,0.0,13.5
0386-CWRGM,46,19.4,Two year,No,No internet service,Mailed check,0,Low Risk,Continue regular engagement,0.0,1.25
5515-RUGKN,8,54.75,Month-to-month,DSL,No,Credit card (automatic),0,Low Risk,Continue regular engagement,0.0,29.15
0404-AHASP,72,19.7,Two year,No,No internet service,Credit card (automatic),0,Low Risk,Continue regular engagement,0.0,0.66
7279-NMVJC,17,19.9,One year,No,No internet service,Bank transfer (automatic),0,Low Risk,Continue regular engagement,0.0,3.22
2081-VEYEH,3,107.95,Month-to-month,Fiber optic,Yes,Electronic check,1,Medium Risk,Offer contract upgrade incentive,107.95,57.47
6407-UTSLV,2,83.8,Month-to-month,Fiber optic,No,Bank transfer (automatic),1,Medium Risk,Offer contract upgrade incentive,83.8,69.53
4116-TZAQJ,9,74.25,Month-to-month,Fiber optic,No,Credit card (automatic),1,Medium Risk,Offer contract upgrade incentive,74.25,40.87
9060-HJJRW,51,56.4,One year,DSL,No,Credit card (automatic),0,Low Risk,Continue regular engagement,0.0,17.02
2587-YNLES,6,20.1,Two year,No,No internet service,Mailed check,0,Low Risk,Continue regular engagement,0.0,1.57
7398-SKNQZ,3,94.9,Month-to-month,Fiber optic,No,Electronic check,1,High Risk,Offer annual contract discount + proactive support,94.9,74.43
5935-FCCNB,17,94.2,Month-to-month,Fiber optic,No,Electronic check,1,High Risk,Offer annual contract discount + proactive support,94.2,70.64
1958-RNRKS,30,49.9,Month-to-month,DSL,No,Electronic check,0,Low Risk,Continue regular engagement,0.0,14.23
5136-RGMZO,31,71.05,Month-to-month,DSL,Yes,Electronic check,0,Low Risk,Continue regular engagement,0.0,15.48
8345-MVDYC,45,81.65,Two year,DSL,Yes,Bank transfer (automatic),0,Low Risk,Continue regular engagement,0.0,1.49
8226-BXGES,64,89.45,One year,Fiber optic,No,Bank transfer (automatic),0,Low Risk,Continue regular engagement,0.0,4.37
3877-JRJIP,1,59.85,Month-to-month,DSL,No,Electronic check,1,High Risk,Offer annual contract discount + proactive support,59.85,72.73
8375-DKEBR,1,69.6,Month-to-month,Fiber optic,No,Electronic check,1,High Risk,Offer annual contract discount + proactive support,69.6,87.43
9705-IOVQQ,61,99.0,One year,Fiber optic,No,Electronic check,0,Low Risk,Continue regular engagement,0.0,14.61
1015-OWJKI,1,19.05,Month-to-month,No,No internet service,Mailed check,0,Low Risk,Continue regular engagement,0.0,17.09
7511-YMXVQ,9,45.4,Month-to-month,DSL,No,Electronic check,1,Medium Risk,Offer contract upgrade incentive,45.4,62.64
2040-XBAVJ,72,114.45,Two year,Fiber optic,Yes,Bank transfer (automatic),0,Low Risk,Continue regular engagement,0.0,1.27
7551-JOHTI,1,19.5,Month-to-month,No,No internet service,Mailed check,1,Medium Risk,Offer contract upgrade incentive,19.5,39.16
8887-IPQNC,7,44.25,Month-to-month,DSL,No,Mailed check,0,Low Risk,Continue regular engagement,0.0,28.83
8646-JCOMS,66,90.55,One year,Fiber optic,Yes,Bank transfer (automatic),0,Low Risk,Continue regular engagement,0.0,6.1
9804-ICWBG,1,69.9,Month-to-month,Fiber optic,No,Electronic check,1,High Risk,Offer annual contract discount + proactive support,69.9,82.58
1222-KJNZD,40,20.4,Month-to-month,No,No internet service,Bank transfer (automatic),0,Low Risk,Continue regular engagement,0.0,4.32
0106-GHRQR,16,71.4,Month-to-month,DSL,No,Bank transfer (automatic),0,Low Risk,Continue regular engagement,0.0,24.96
5318-IXUZF,2,87.15,Month-to-month,Fiber optic,No,Bank transfer (automatic),1,High Risk,Offer annual contract discount + proactive support,87.15,78.42
3768-VHXQO,67,24.85,Two year,No,No internet service,Credit card (automatic),0,Low Risk,Continue regular engagement,0.0,0.78
8952-WCVCD,41,104.45,One year,Fiber optic,No,Bank transfer (automatic),0,Low Risk,Continue regular engagement,0.0,24.49
2418-TPEUN,56,19.8,Two year,No,No internet service,Credit card (automatic),0,Low Risk,Continue regular engagement,0.0,1.75
3963-RYFNS,72,116.45,Two year,Fiber optic,Yes,Bank transfer (automatic),0,Low Risk,Continue regular engagement,0.0,0.99
3198-VELRD,3,84.75,Month-to-month,Fiber optic,No,Bank transfer (automatic),1,High Risk,Offer annual contract discount + proactive support,84.75,79.03
8540-ZQGEA,54,20.05,Two year,No,No internet service,Credit card (automatic),0,Low Risk,Continue regular engagement,0.0,1.61
1320-REHCS,52,110.75,Month-to-month,Fiber optic,Yes,Electronic check,1,Medium Risk,Offer contract upgrade incentive,110.75,40.21
4137-JOPHL,50,89.7,Two year,Fiber optic,Yes,Bank transfer (automatic),0,Low Risk,Continue regular engagement,0.0,2.26
9436-ZBZCT,14,89.95,Month-to-month,Fiber optic,Yes,Electronic check,1,High Risk,Offer annual contract discount + proactive support,89.95,71.22
7801-CEDNV,27,48.7,One year,DSL,No,Credit card (automatic),0,Low Risk,Continue regular engagement,0.0,3.36
2057-BOYKM,72,96.6,Two year,Fiber optic,Yes,Bank transfer (automatic),0,Low Risk,Continue regular engagement,0.0,0.88
3658-QQJYD,62,74.3,One year,DSL,No,Credit card (automatic),0,Low Risk,Continue regular engagement,0.0,8.21
1803-BGNBD,12,54.3,Month-to-month,DSL,Yes,Electronic check,0,Low Risk,Continue regular engagement,0.0,30.07
0134-XWXCE,44,74.85,One year,DSL,Yes,Bank transfer (automatic),0,Low Risk,Continue regular engagement,0.0,11.41
6950-TWMYB,54,79.95,Two year,Fiber optic,Yes,Bank transfer (automatic),0,Low Risk,Continue regular engagement,0.0,2.36
5848-FHRFC,68,20.05,Two year,No,No internet service,Bank transfer (automatic),0,Low Risk,Continue regular engagement,0.0,0.72
2243-FNMMI,20,19.4,Month-to-month,No,No internet service,Mailed check,0,Low Risk,Continue regular engagement,0.0,6.11
2511-MORQY,50,54.9,One year,DSL,No,Bank transfer (automatic),0,Low Risk,Continue regular engagement,0.0,6.15
5356-KZCKT,58,24.45,Two year,No,No internet service,Credit card (automatic),0,Low Risk,Continue regular engagement,0.0,1.33
9470-XCCEM,35,89.65,Month-to-month,Fiber optic,No,Bank transfer (automatic),0,Low Risk,Continue regular engagement,0.0,30.5
6519-CFDBX,2,45.4,Month-to-month,DSL,No,Electronic check,1,Medium Risk,Offer contract upgrade incentive,45.4,60.14
3902-MIVLE,63,75.7,Two year,DSL,Yes,Mailed check,0,Low Risk,Continue regular engagement,0.0,1.1
0409-WTMPL,58,110.65,One year,Fiber optic,No,Credit card (automatic),0,Low Risk,Continue regular engagement,0.0,23.04
8763-KIAFH,27,20.55,One year,No,No internet service,Mailed check,0,Low Risk,Continue regular engagement,0.0,2.45
3669-WHAFY,71,115.15,Two year,Fiber optic,Yes,Credit card (automatic),0,Low Risk,Continue regular engagement,0.0,2.27
3055-VTCGS,63,58.55,One year,DSL,No,Credit card (automatic),0,Low Risk,Continue regular engagement,0.0,5.48
3144-KMTWZ,71,93.25,Month-to-month,Fiber optic,No,Bank transfer (automatic),0,Low Risk,Continue regular engagement,0.0,14.06
7279-BUYWN,41,113.2,Month-to-month,Fiber optic,No,Electronic check,1,Medium Risk,Offer contract upgrade incentive,113.2,42.16
7156-MHUGY,13,90.5,Month-to-month,Fiber optic,No,Electronic check,1,High Risk,Offer annual contract discount + proactive support,90.5,73.63
7198-GLXTC,2,79.0,Month-to-month,Fiber optic,No,Electronic check,1,Medium Risk,Offer contract upgrade incentive,79.0,65.34
2007-QVGAW,68,19.35,Two year,No,No internet service,Bank transfer (automatic),0,Low Risk,Continue regular engagement,0.0,1.62
5207-PLSTK,1,48.75,Month-to-month,DSL,No,Mailed check,1,Medium Risk,Offer contract upgrade incentive,48.75,50.94
2307-FYNNL,65,109.05,Two year,Fiber optic,Yes,Electronic check,0,Low Risk,Continue regular engagement,0.0,27.9
5605-XNWEN,72,25.0,Two year,No,No internet service,Bank transfer (automatic),0,Low Risk,Continue regular engagement,0.0,0.96
2155-AMQRX,28,54.9,Month-to-month,DSL,Yes,Credit card (automatic),0,Low Risk,Continue regular engagement,0.0,10.44
6181-AXXYF,72,24.75,Two year,No,No internet service,Credit card (automatic),0,Low Risk,Continue regular engagement,0.0,0.49
5091-HFAZW,2,91.15,Month-to-month,Fiber optic,No,Electronic check,1,Medium Risk,Offer contract upgrade incentive,91.15,54.54
0516-VRYBW,18,20.15,One year,No,No internet service,Bank transfer (automatic),0,Low Risk,Continue regular engagement,0.0,3.35
2519-LBNQL,60,104.35,One year,Fiber optic,No,Electronic check,1,Medium Risk,Monitor customer + targeted engagement,104.35,35.83
8623-ULFNQ,26,66.05,Month-to-month,DSL,Yes,Electronic check,0,Low Risk,Continue regular engagement,0.0,20.59
8380-PEFPE,1,71.65,Month-to-month,Fiber optic,No,Electronic check,1,High Risk,Offer annual contract discount + proactive support,71.65,79.89
5687-DKDTV,4,20.35,Month-to-month,No,No internet service,Mailed check,0,Low Risk,Continue regular engagement,0.0,16.74
1568-LJSZU,68,92.2,Two year,DSL,Yes,Credit card (automatic),0,Low Risk,Continue regular engagement,0.0,1.75
7530-HDYDS,38,84.25,Month-to-month,Fiber optic,Yes,Credit card (automatic),0,Low Risk,Continue regular engagement,0.0,34.41
7789-HKSBS,42,105.2,One year,Fiber optic,No,Bank transfer (automatic),0,Low Risk,Continue regular engagement,0.0,24.62
7416-CKTEP,57,19.6,Two year,No,No internet service,Bank transfer (automatic),0,Low Risk,Continue regular engagement,0.0,2.66
2586-CWXVV,54,30.4,Month-to-month,DSL,No,Electronic check,0,Low Risk,Continue regular engagement,0.0,27.5
3096-IZETN,12,78.1,Month-to-month,Fiber optic,No,Bank transfer (automatic),1,Medium Risk,Offer contract upgrade incentive,78.1,41.0
2348-KCJLT,44,61.5,One year,DSL,No,Mailed check,0,Low Risk,Continue regular engagement,0.0,5.7
8401-EMUWF,42,69.4,Month-to-month,DSL,No,Bank transfer (automatic),0,Low Risk,Continue regular engagement,0.0,12.22
4193-IBKSW,72,24.75,Two year,No,No internet service,Bank transfer (automatic),0,Low Risk,Continue regular engagement,0.0,0.51
5377-NDTOU,71,91.05,Two year,DSL,Yes,Mailed check,0,Low Risk,Continue regular engagement,0.0,0.53
5922-ABDVO,19,89.65,Month-to-month,Fiber optic,No,Mailed check,1,Medium Risk,Offer contract upgrade incentive,89.65,37.14
2474-LCNUE,23,73.65,Month-to-month,DSL,Yes,Credit card (automatic),0,Low Risk,Continue regular engagement,0.0,11.37
0839-QNXME,30,19.4,Two year,No,No internet service,Credit card (automatic),0,Low Risk,Continue regular engagement,0.0,1.58
3506-OVLKD,35,26.2,One year,No,No internet service,Bank transfer (automatic),0,Low Risk,Continue regular engagement,0.0,4.97
9172-ANCRX,10,98.7,Month-to-month,Fiber optic,No,Electronic check,1,High Risk,Offer annual contract discount + proactive support,98.7,85.56
6650-VJONK,1,43.85,Month-to-month,DSL,No,Bank transfer (automatic),1,Medium Risk,Offer contract upgrade incentive,43.85,51.8
2178-PMGCJ,22,69.7,Month-to-month,Fiber optic,No,Mailed check,0,Low Risk,Continue regular engagement,0.0,32.95
7492-TAFJD,7,38.55,Two year,DSL,No,Mailed check,0,Low Risk,Continue regular engagement,0.0,3.88
2773-MADBQ,36,53.1,Two year,DSL,Yes,Mailed check,0,Low Risk,Continue regular engagement,0.0,1.53
6016-LVTJQ,34,20.65,Month-to-month,No,No internet service,Mailed check,0,Low Risk,Continue regular engagement,0.0,4.08
7860-KSUGX,72,64.45,Two year,DSL,No,Credit card (automatic),0,Low Risk,Continue regular engagement,0.0,0.65
8966-KZXXA,36,25.1,Two year,No,No internet service,Credit card (automatic),0,Low Risk,Continue regular engagement,0.0,1.09
6910-HADCM,1,76.35,Month-to-month,Fiber optic,No,Electronic check,1,High Risk,Offer annual contract discount + proactive support,76.35,80.52
4816-LXZYW,23,79.15,Month-to-month,Fiber optic,No,Electronic check,1,Medium Risk,Offer contract upgrade incentive,79.15,46.86
9606-PBKBQ,32,85.0,Month-to-month,Fiber optic,No,Electronic check,1,Medium Risk,Offer contract upgrade incentive,85.0,59.96
5149-QYTTU,71,95.15,One year,Fiber optic,Yes,Credit card (automatic),0,Low Risk,Continue regular engagement,0.0,2.08
2070-XYMFH,23,79.35,Month-to-month,Fiber optic,No,Mailed check,0,Low Risk,Continue regular engagement,0.0,31.68
2085-BOJKI,17,96.65,One year,Fiber optic,No,Bank transfer (automatic),0,Low Risk,Continue regular engagement,0.0,27.0
0817-HSUSE,1,75.5,Month-to-month,DSL,Yes,Electronic check,1,Medium Risk,Offer contract upgrade incentive,75.5,50.07
5442-PPTJY,12,19.7,Two year,No,No internet service,Mailed check,0,Low Risk,Continue regular engagement,0.0,1.73
1927-QEWMY,72,20.5,Two year,No,No internet service,Credit card (automatic),0,Low Risk,Continue regular engagement,0.0,0.44
1663-MHLHE,1,19.2,Month-to-month,No,No internet service,Mailed check,0,Low Risk,Continue regular engagement,0.0,17.09
5663-QBGIS,72,98.35,Two year,Fiber optic,No,Bank transfer (automatic),0,Low Risk,Continue regular engagement,0.0,2.43
4450-MDZFX,60,74.35,Month-to-month,Fiber optic,No,Bank transfer (automatic),0,Low Risk,Continue regular engagement,0.0,16.74
6701-DHKWQ,61,51.35,Two year,DSL,Yes,Credit card (automatic),0,Low Risk,Continue regular engagement,0.0,1.49
7554-AKDQF,6,45.65,Month-to-month,DSL,No,Mailed check,0,Low Risk,Continue regular engagement,0.0,22.87
3536-IQCTX,32,85.3,Month-to-month,Fiber optic,No,Electronic check,1,Medium Risk,Offer contract upgrade incentive,85.3,54.31
4911-BANWH,31,86.55,Month-to-month,Fiber optic,No,Credit card (automatic),1,Medium Risk,Offer contract upgrade incentive,86.55,40.47
8496-EJAUI,19,73.85,Month-to-month,Fiber optic,No,Credit card (automatic),1,Medium Risk,Offer contract upgrade incentive,73.85,36.61
0794-YVSGE,72,20.3,Two year,No,No internet service,Bank transfer (automatic),0,Low Risk,Continue regular engagement,0.0,0.76
5423-BHIXO,32,54.2,Month-to-month,DSL,No,Electronic check,0,Low Risk,Continue regular engagement,0.0,17.95
6908-VVYHM,65,90.65,Month-to-month,Fiber optic,No,Electronic check,0,Low Risk,Continue regular engagement,0.0,32.89
2959-EEXWB,45,50.9,Month-to-month,DSL,No,Bank transfer (automatic),0,Low Risk,Continue regular engagement,0.0,15.78
1839-UMACK,42,25.05,One year,No,No internet service,Electronic check,0,Low Risk,Continue regular engagement,0.0,4.22
3030-YDNRM,8,74.85,Month-to-month,Fiber optic,No,Electronic check,1,Medium Risk,Offer contract upgrade incentive,74.85,68.33
7321-KKSDU,32,20.5,Two year,No,No internet service,Mailed check,0,Low Risk,Continue regular engagement,0.0,0.9
3402-XRIUO,22,63.55,Month-to-month,DSL,Yes,Mailed check,0,Low Risk,Continue regular engagement,0.0,13.24
3132-TVFDZ,57,44.85,Month-to-month,DSL,No,Electronic check,1,Medium Risk,Offer contract upgrade incentive,44.85,54.87
8286-AFUYI,1,47.95,Month-to-month,DSL,No,Electronic check,1,Medium Risk,Offer contract upgrade incentive,47.95,51.03
8080-DDEMJ,1,45.1,Month-to-month,DSL,No,Electronic check,1,Medium Risk,Offer contract upgrade incentive,45.1,66.63
8356-WUAOJ,1,45.0,Month-to-month,DSL,No,Electronic check,1,Medium Risk,Offer contract upgrade incentive,45.0,61.3
6365-MTGZX,24,96.0,Month-to-month,Fiber optic,Yes,Electronic check,1,Medium Risk,Offer contract upgrade incentive,96.0,48.82
1349-WXNGG,1,20.05,Month-to-month,No,No internet service,Bank transfer (automatic),1,Medium Risk,Offer contract upgrade incentive,20.05,39.77
8058-DMYRU,54,90.05,Month-to-month,Fiber optic,No,Electronic check,1,Medium Risk,Offer contract upgrade incentive,90.05,42.31
9350-ZXYJC,4,25.3,Two year,No,No internet service,Credit card (automatic),0,Low Risk,Continue regular engagement,0.0,3.95
6990-YNRIO,65,108.65,Two year,Fiber optic,Yes,Bank transfer (automatic),1,Medium Risk,Monitor customer + targeted engagement,108.65,41.79
8958-JPTRR,56,24.3,One year,No,No internet service,Electronic check,0,Low Risk,Continue regular engagement,0.0,3.71
6959-GQEGV,45,75.95,Month-to-month,DSL,No,Electronic check,0,Low Risk,Continue regular engagement,0.0,17.26
3173-WSSUE,71,19.7,Two year,No,No internet service,Credit card (automatic),0,Low Risk,Continue regular engagement,0.0,0.88
1265-HVPZB,59,66.4,One year,DSL,No,Credit card (automatic),0,Low Risk,Continue regular engagement,0.0,3.67
4115-UMJFQ,69,35.75,One year,DSL,No,Bank transfer (automatic),0,Low Risk,Continue regular engagement,0.0,9.43
7369-TRPFD,19,18.8,One year,No,No internet service,Mailed check,0,Low Risk,Continue regular engagement,0.0,1.04
1098-KFQEC,55,19.4,Two year,No,No internet service,Credit card (automatic),0,Low Risk,Continue regular engagement,0.0,2.14
7190-XHTWJ,38,19.3,One year,No,No internet service,Mailed check,0,Low Risk,Continue regular engagement,0.0,1.73
0621-TWIEM,10,45.55,Month-to-month,DSL,No,Electronic check,1,Medium Risk,Offer contract upgrade incentive,45.55,38.92
3537-RYBHH,47,67.45,Month-to-month,DSL,No,Credit card (automatic),0,Low Risk,Continue regular engagement,0.0,16.26
2485-ITVKB,2,35.1,Month-to-month,DSL,No,Electronic check,1,High Risk,Offer annual contract discount + proactive support,35.1,74.59
3669-OYSJI,1,46.2,Month-to-month,DSL,No,Credit card (automatic),1,Medium Risk,Offer contract upgrade incentive,46.2,55.18
1612-EOHDH,1,45.15,Month-to-month,DSL,No,Electronic check,1,Medium Risk,Offer contract upgrade incentive,45.15,59.83
6702-OHFWR,1,43.3,Month-to-month,DSL,No,Electronic check,1,High Risk,Offer annual contract discount + proactive support,43.3,82.31
5296-BFCYD,46,20.1,Two year,No,No internet service,Mailed check,0,Low Risk,Continue regular engagement,0.0,0.92
4510-PYUSH,38,57.15,Month-to-month,DSL,No,Credit card (automatic),0,Low Risk,Continue regular engagement,0.0,19.14
9359-JANWS,65,58.9,Two year,DSL,Yes,Credit card (automatic),0,Low Risk,Continue regular engagement,0.0,1.18
7517-SAWMO,19,73.2,Month-to-month,Fiber optic,No,Electronic check,1,Medium Risk,Offer contract upgrade incentive,73.2,41.3
4143-HHPMK,52,85.35,Month-to-month,Fiber optic,No,Electronic check,1,Medium Risk,Offer contract upgrade incentive,85.35,39.69
3279-DYZQM,71,19.45,Two year,No,No internet service,Mailed check,0,Low Risk,Continue regular engagement,0.0,1.42
7054-LGEQW,1,45.95,Month-to-month,DSL,No,Mailed check,1,Medium Risk,Offer contract upgrade incentive,45.95,53.18
0523-VNGTF,52,50.5,Month-to-month,DSL,Yes,Electronic check,0,Low Risk,Continue regular engagement,0.0,23.16
9575-IWCAZ,6,25.1,One year,No,No internet service,Mailed check,0,Low Risk,Continue regular engagement,0.0,6.44
7105-MXJLL,26,60.7,One year,DSL,No,Mailed check,0,Low Risk,Continue regular engagement,0.0,8.9
7064-FRRSW,48,99.0,One year,Fiber optic,No,Electronic check,1,Medium Risk,Monitor customer + targeted engagement,99.0,35.05
7940-UQQUG,64,104.4,One year,Fiber optic,Yes,Bank transfer (automatic),0,Low Risk,Continue regular engagement,0.0,12.26
0923-PNFUB,3,83.75,Month-to-month,Fiber optic,No,Electronic check,1,Medium Risk,Offer contract upgrade incentive,83.75,52.06
3961-SXAXY,1,44.05,Month-to-month,DSL,No,Bank transfer (automatic),1,Medium Risk,Offer contract upgrade incentive,44.05,51.8
7010-BRBUU,72,24.1,Two year,No,No internet service,Credit card (automatic),0,Low Risk,Continue regular engagement,0.0,0.54
3566-HJGPK,1,45.55,Month-to-month,DSL,No,Mailed check,1,Medium Risk,Offer contract upgrade incentive,45.55,61.43
3062-ICYZQ,51,93.8,Month-to-month,Fiber optic,No,Electronic check,0,Low Risk,Continue regular engagement,0.0,22.71
9938-PRCVK,41,19.7,Two year,No,No internet service,Bank transfer (automatic),0,Low Risk,Continue regular engagement,0.0,1.36
0973-KYVNF,72,70.65,Two year,DSL,No,Credit card (automatic),0,Low Risk,Continue regular engagement,0.0,0.92
5129-HHMZC,43,86.45,Two year,DSL,Yes,Credit card (automatic),0,Low Risk,Continue regular engagement,0.0,1.82
9637-CDTKZ,72,114.1,Two year,Fiber optic,Yes,Credit card (automatic),0,Low Risk,Continue regular engagement,0.0,1.83
3946-JEWRQ,47,95.2,One year,Fiber optic,No,Credit card (automatic),0,Low Risk,Continue regular engagement,0.0,24.44
7873-CVMAW,72,88.55,Two year,DSL,Yes,Credit card (automatic),0,Low Risk,Continue regular engagement,0.0,0.44
0463-WZZKO,3,20.75,Month-to-month,No,No internet service,Credit card (automatic),0,Low Risk,Continue regular engagement,0.0,15.4
3494-JCHRQ,1,70.05,Month-to-month,Fiber optic,No,Electronic check,1,High Risk,Offer annual contract discount + proactive support,70.05,81.66
6474-FVJLC,2,86.0,Month-to-month,Fiber optic,No,Electronic check,1,High Risk,Offer annual contract discount + proactive support,86.0,80.27
4524-QCSSM,26,44.65,Month-to-month,DSL,No,Bank transfer (automatic),0,Low Risk,Continue regular engagement,0.0,26.47
5832-EXGTT,29,60.2,Month-to-month,DSL,No,Mailed check,0,Low Risk,Continue regular engagement,0.0,9.53
8840-DQLGN,35,100.5,Month-to-month,Fiber optic,Yes,Bank transfer (automatic),0,Low Risk,Continue regular engagement,0.0,22.84
2039-JONDJ,27,55.45,One year,DSL,No,Bank transfer (automatic),0,Low Risk,Continue regular engagement,0.0,3.65
7217-JYHOQ,24,70.3,Month-to-month,DSL,Yes,Credit card (automatic),0,Low Risk,Continue regular engagement,0.0,7.68
6695-FRVEC,67,60.4,Two year,DSL,Yes,Bank transfer (automatic),0,Low Risk,Continue regular engagement,0.0,0.79
4547-LYTDD,16,72.65,Month-to-month,Fiber optic,No,Electronic check,1,Medium Risk,Offer contract upgrade incentive,72.65,42.06
9894-QMIMJ,23,55.8,One year,DSL,No,Bank transfer (automatic),0,Low Risk,Continue regular engagement,0.0,4.57
8069-YQQAJ,14,31.1,Month-to-month,DSL,No,Mailed check,0,Low Risk,Continue regular engagement,0.0,29.8
6770-XUAGN,1,21.0,Month-to-month,No,No internet service,Electronic check,1,Medium Risk,Offer contract upgrade incentive,21.0,45.87
4193-ORFCL,1,45.1,Month-to-month,DSL,No,Mailed check,1,Medium Risk,Offer contract upgrade incentive,45.1,61.97
1636-NTNCO,4,50.95,Month-to-month,DSL,No,Credit card (automatic),1,Medium Risk,Offer contract upgrade incentive,50.95,50.98
3466-WAESX,16,69.1,Month-to-month,DSL,No,Electronic check,0,Low Risk,Continue regular engagement,0.0,30.03
9281-PKKZE,46,43.95,Month-to-month,DSL,No,Electronic check,0,Low Risk,Continue regular engagement,0.0,32.33
3638-VBZTA,68,86.5,Two year,DSL,Yes,Bank transfer (automatic),0,Low Risk,Continue regular engagement,0.0,1.83
7459-IMVYU,38,69.95,Month-to-month,DSL,Yes,Electronic check,0,Low Risk,Continue regular engagement,0.0,11.64
7776-QWNFX,30,50.4,Month-to-month,DSL,No,Bank transfer (automatic),0,Low Risk,Continue regular engagement,0.0,15.76
6689-TCZHQ,5,78.95,Month-to-month,Fiber optic,No,Electronic check,1,Medium Risk,Offer contract upgrade incentive,78.95,62.81
8563-OYMQY,17,90.95,Month-to-month,Fiber optic,No,Credit card (automatic),1,Medium Risk,Offer contract upgrade incentive,90.95,37.78
0754-EEBDC,4,19.9,Two year,No,No internet service,Mailed check,0,Low Risk,Continue regular engagement,0.0,2.93
5777-ZPQNC,12,20.15,One year,No,No internet service,Electronic check,0,Low Risk,Continue regular engagement,0.0,6.76
1951-IEYXM,72,90.6,Two year,DSL,Yes,Credit card (automatic),0,Low Risk,Continue regular engagement,0.0,0.47
3318-NMQXL,3,92.0,Month-to-month,Fiber optic,No,Electronic check,1,High Risk,Offer annual contract discount + proactive support,92.0,73.34
3143-ILDAL,56,94.45,Month-to-month,Fiber optic,Yes,Electronic check,0,Low Risk,Continue regular engagement,0.0,22.78
1022-RKXDR,41,24.85,One year,No,No internet service,Mailed check,0,Low Risk,Continue regular engagement,0.0,3.36
2361-FJWNO,40,36.0,One year,DSL,Yes,Credit card (automatic),0,Low Risk,Continue regular engagement,0.0,6.08
2272-UOINI,7,78.5,Month-to-month,DSL,Yes,Electronic check,0,Low Risk,Continue regular engagement,0.0,24.12
8232-UTFOZ,69,19.95,Two year,No,No internet service,Credit card (automatic),0,Low Risk,Continue regular engagement,0.0,0.67
3750-YHRYO,7,20.65,One year,No,No internet service,Mailed check,0,Low Risk,Continue regular engagement,0.0,3.19
6637-KYRCV,5,30.5,Month-to-month,DSL,No,Electronic check,1,Medium Risk,Offer contract upgrade incentive,30.5,47.77
5668-MEISB,72,106.1,Two year,Fiber optic,Yes,Credit card (automatic),0,Low Risk,Continue regular engagement,0.0,3.1
0129-QMPDR,44,20.5,One year,No,No internet service,Bank transfer (automatic),0,Low Risk,Continue regular engagement,0.0,1.95
7188-CBBBA,65,95.5,One year,Fiber optic,No,Electronic check,0,Low Risk,Continue regular engagement,0.0,19.26
5356-CSVSQ,3,64.6,Month-to-month,DSL,Yes,Electronic check,1,Medium Risk,Offer contract upgrade incentive,64.6,37.54
3221-CJMSG,24,51.1,Month-to-month,DSL,Yes,Credit card (automatic),0,Low Risk,Continue regular engagement,0.0,9.12
4720-VSTSI,44,84.8,Month-to-month,Fiber optic,No,Bank transfer (automatic),0,Low Risk,Continue regular engagement,0.0,30.72
3219-JQRSL,72,89.1,Two year,DSL,Yes,Credit card (automatic),0,Low Risk,Continue regular engagement,0.0,0.59
2801-NISEI,24,54.95,Month-to-month,DSL,Yes,Electronic check,0,Low Risk,Continue regular engagement,0.0,9.65
3946-MHCZW,1,50.9,Month-to-month,DSL,No,Mailed check,1,Medium Risk,Offer contract upgrade incentive,50.9,55.19
4623-ZKHLY,22,20.45,Month-to-month,No,No internet service,Bank transfer (automatic),0,Low Risk,Continue regular engagement,0.0,6.12
6732-VAILE,70,85.95,Two year,DSL,Yes,Credit card (automatic),0,Low Risk,Continue regular engagement,0.0,2.17
8201-AAXCB,25,60.35,Month-to-month,DSL,No,Electronic check,0,Low Risk,Continue regular engagement,0.0,19.41
7696-CFTAT,37,19.8,Two year,No,No internet service,Bank transfer (automatic),0,Low Risk,Continue regular engagement,0.0,1.27
1845-CSBRZ,22,85.35,Month-to-month,Fiber optic,No,Bank transfer (automatic),1,Medium Risk,Offer contract upgrade incentive,85.35,40.42
2123-VSCOT,59,72.1,Two year,DSL,Yes,Bank transfer (automatic),0,Low Risk,Continue regular engagement,0.0,1.2
6651-AZVTJ,49,99.8,Month-to-month,Fiber optic,No,Electronic check,1,Medium Risk,Offer contract upgrade incentive,99.8,58.49
4566-GOLUK,47,107.35,Month-to-month,Fiber optic,Yes,Bank transfer (automatic),1,Medium Risk,Offer contract upgrade incentive,107.35,42.87
2484-DGXPZ,31,19.55,Month-to-month,No,No internet service,Mailed check,0,Low Risk,Continue regular engagement,0.0,6.91
2018-QKYGT,1,81.05,Month-to-month,Fiber optic,No,Electronic check,1,High Risk,Offer annual contract discount + proactive support,81.05,79.6
2792-VPPET,3,20.5,Month-to-month,No,No internet service,Electronic check,0,Low Risk,Continue regular engagement,0.0,19.68
7409-JURKQ,53,111.8,One year,Fiber optic,Yes,Bank transfer (automatic),0,Low Risk,Continue regular engagement,0.0,20.79
3247-MHJKM,1,20.2,Month-to-month,No,No internet service,Mailed check,0,Low Risk,Continue regular engagement,0.0,33.1
1964-SVLEA,20,19.7,One year,No,No internet service,Mailed check,0,Low Risk,Continue regular engagement,0.0,3.48
4587-NUKOX,3,79.1,Month-to-month,Fiber optic,No,Electronic check,1,Medium Risk,Offer contract upgrade incentive,79.1,50.79
7297-DVYGA,51,19.85,One year,No,No internet service,Bank transfer (automatic),0,Low Risk,Continue regular engagement,0.0,3.46
2239-CGBUZ,51,60.5,One year,DSL,Yes,Bank transfer (automatic),0,Low Risk,Continue regular engagement,0.0,4.19
0854-UYHZD,13,19.55,Two year,No,No internet service,Mailed check,0,Low Risk,Continue regular engagement,0.0,1.17
7243-LCGGZ,1,20.9,Month-to-month,No,No internet service,Mailed check,1,Medium Risk,Offer contract upgrade incentive,20.9,36.99
8267-KFGYD,1,21.05,Month-to-month,No,No internet service,Mailed check,1,Medium Risk,Offer contract upgrade incentive,21.05,37.52
4890-VMUAV,63,71.5,One year,DSL,Yes,Electronic check,0,Low Risk,Continue regular engagement,0.0,3.83
9261-WDCAF,3,54.65,Month-to-month,DSL,No,Mailed check,1,Medium Risk,Offer contract upgrade incentive,54.65,37.04
3764-MNMOI,46,19.2,Two year,No,No internet service,Credit card (automatic),0,Low Risk,Continue regular engagement,0.0,0.62
7442-YGZFK,1,49.8,Month-to-month,DSL,No,Credit card (automatic),1,Medium Risk,Offer contract upgrade incentive,49.8,51.8
0420-BWTPW,8,25.5,Month-to-month,DSL,No,Mailed check,0,Low Risk,Continue regular engagement,0.0,25.57
8229-BUJHX,71,20.5,Two year,No,No internet service,Bank transfer (automatic),0,Low Risk,Continue regular engagement,0.0,0.64
7449-HVPIV,55,90.4,Month-to-month,Fiber optic,No,Credit card (automatic),0,Low Risk,Continue regular engagement,0.0,25.75
5504-WSIUR,70,90.25,One year,Fiber optic,Yes,Bank transfer (automatic),0,Low Risk,Continue regular engagement,0.0,5.72
8183-ONMXC,2,80.75,Month-to-month,Fiber optic,No,Electronic check,1,Medium Risk,Offer contract upgrade incentive,80.75,62.1
8466-PZBLH,67,104.6,Two year,Fiber optic,Yes,Bank transfer (automatic),0,Low Risk,Continue regular engagement,0.0,9.23
9614-RMGHA,65,91.85,Month-to-month,Fiber optic,No,Bank transfer (automatic),0,Low Risk,Continue regular engagement,0.0,26.54
8735-IJJEG,14,50.2,Month-to-month,DSL,No,Credit card (automatic),0,Low Risk,Continue regular engagement,0.0,19.01
0564-MUUQK,20,95.5,Month-to-month,Fiber optic,Yes,Bank transfer (automatic),1,Medium Risk,Offer contract upgrade incentive,95.5,37.47
5054-IEXZT,1,75.35,Month-to-month,Fiber optic,No,Electronic check,1,High Risk,Offer annual contract discount + proactive support,75.35,80.22
5834-ASPWA,1,75.45,Month-to-month,Fiber optic,No,Electronic check,1,High Risk,Offer annual contract discount + proactive support,75.45,85.27
0701-RFGFI,49,95.4,Month-to-month,Fiber optic,No,Bank transfer (automatic),1,Medium Risk,Offer contract upgrade incentive,95.4,39.07
0019-EFAEP,72,101.3,Two year,Fiber optic,No,Bank transfer (automatic),0,Low Risk,Continue regular engagement,0.0,1.32
5619-PTMIK,46,53.1,Month-to-month,DSL,No,Electronic check,0,Low Risk,Continue regular engagement,0.0,13.36
3737-XBQDD,24,84.85,Month-to-month,Fiber optic,No,Bank transfer (automatic),1,Medium Risk,Offer contract upgrade incentive,84.85,37.57
5882-CMAZQ,5,34.25,Month-to-month,DSL,Yes,Electronic check,0,Low Risk,Continue regular engagement,0.0,29.22
5846-QFDFI,33,88.6,Month-to-month,Fiber optic,Yes,Credit card (automatic),0,Low Risk,Continue regular engagement,0.0,19.41
4445-KWOKW,42,60.15,One year,DSL,No,Bank transfer (automatic),0,Low Risk,Continue regular engagement,0.0,6.28
3511-APPBJ,23,99.95,One year,Fiber optic,No,Credit card (automatic),0,Low Risk,Continue regular engagement,0.0,31.39
7967-HYCDE,8,70.7,Month-to-month,Fiber optic,No,Bank transfer (automatic),1,Medium Risk,Offer contract upgrade incentive,70.7,42.45
2430-RRYUW,66,54.8,One year,DSL,No,Mailed check,0,Low Risk,Continue regular engagement,0.0,2.82
3948-XHGNA,24,49.55,Month-to-month,DSL,No,Bank transfer (automatic),0,Low Risk,Continue regular engagement,0.0,15.02
3723-BFBGR,24,54.8,Month-to-month,DSL,No,Credit card (automatic),0,Low Risk,Continue regular engagement,0.0,16.05
0565-IYCGT,69,78.6,One year,DSL,Yes,Credit card (automatic),0,Low Risk,Continue regular engagement,0.0,18.56
5447-WZAFP,53,100.3,One year,Fiber optic,No,Mailed check,0,Low Risk,Continue regular engagement,0.0,14.37
5110-CHOPY,60,53.6,Two year,DSL,No,Electronic check,0,Low Risk,Continue regular engagement,0.0,9.11
5445-UTODQ,7,81.1,Month-to-month,Fiber optic,No,Electronic check,1,Medium Risk,Offer contract upgrade incentive,81.1,67.17
4425-OWHWB,20,19.35,One year,No,No internet service,Credit card (automatic),0,Low Risk,Continue regular engagement,0.0,3.53
7892-QVYKW,23,85.6,Month-to-month,Fiber optic,No,Electronic check,0,Low Risk,Continue regular engagement,0.0,33.44
9675-ICXCT,72,80.8,Two year,DSL,Yes,Electronic check,0,Low Risk,Continue regular engagement,0.0,0.93
1024-VRZHF,11,74.95,Month-to-month,Fiber optic,No,Electronic check,1,Medium Risk,Offer contract upgrade incentive,74.95,62.51
4703-MQYKT,21,19.6,Two year,No,No internet service,Mailed check,0,Low Risk,Continue regular engagement,0.0,1.15
9497-QCMMS,1,93.55,Month-to-month,Fiber optic,No,Electronic check,1,High Risk,Offer annual contract discount + proactive support,93.55,92.93
5692-ICXLW,31,90.7,Month-to-month,Fiber optic,No,Electronic check,1,Medium Risk,Offer contract upgrade incentive,90.7,52.94
0602-DDUML,57,69.75,Two year,DSL,Yes,Mailed check,0,Low Risk,Continue regular engagement,0.0,1.12
2208-MPXIO,45,20.0,Two year,No,No internet service,Bank transfer (automatic),0,Low Risk,Continue regular engagement,0.0,1.08
1960-UYCNN,10,95.25,Month-to-month,Fiber optic,No,Electronic check,1,High Risk,Offer annual contract discount + proactive support,95.25,71.0
0348-SDKOL,58,102.1,Month-to-month,Fiber optic,Yes,Credit card (automatic),1,Medium Risk,Offer contract upgrade incentive,102.1,38.45
3190-FZATL,14,19.95,Month-to-month,No,No internet service,Mailed check,0,Low Risk,Continue regular engagement,0.0,7.34
7336-RLLRH,27,80.85,One year,DSL,Yes,Mailed check,0,Low Risk,Continue regular engagement,0.0,7.85
4373-MAVJG,14,90.9,Month-to-month,Fiber optic,No,Bank transfer (automatic),1,Medium Risk,Offer contract upgrade incentive,90.9,51.05
8901-HJXTF,12,29.2,Month-to-month,DSL,No,Mailed check,0,Low Risk,Continue regular engagement,0.0,16.81
7710-JSYOA,69,93.3,Two year,Fiber optic,Yes,Bank transfer (automatic),0,Low Risk,Continue regular engagement,0.0,2.53
5419-KLXBN,25,89.15,Month-to-month,Fiber optic,No,Bank transfer (automatic),1,Medium Risk,Offer contract upgrade incentive,89.15,36.71
3424-NMNBO,58,108.85,One year,Fiber optic,No,Electronic check,0,Low Risk,Continue regular engagement,0.0,33.58
9885-MFVSU,35,46.35,Two year,DSL,Yes,Credit card (automatic),0,Low Risk,Continue regular engagement,0.0,1.47
4514-GFCFI,16,84.75,Month-to-month,Fiber optic,No,Electronic check,1,Medium Risk,Offer contract upgrade incentive,84.75,65.64
0607-MVMGC,45,78.75,One year,DSL,No,Credit card (automatic),0,Low Risk,Continue regular engagement,0.0,12.62
3365-SAIGS,17,83.55,Month-to-month,Fiber optic,No,Electronic check,1,Medium Risk,Offer contract upgrade incentive,83.55,46.51
9828-AOQLM,1,45.7,Month-to-month,DSL,No,Electronic check,1,High Risk,Offer annual contract discount + proactive support,45.7,70.1
8022-BECSI,22,19.6,One year,No,No internet service,Mailed check,0,Low Risk,Continue regular engagement,0.0,2.93
8000-REIQB,1,69.95,Month-to-month,Fiber optic,No,Electronic check,1,High Risk,Offer annual contract discount + proactive support,69.95,85.55
9993-LHIEB,67,67.85,Two year,DSL,Yes,Mailed check,0,Low Risk,Continue regular engagement,0.0,1.53
0266-CLZKZ,67,105.65,Two year,Fiber optic,Yes,Bank transfer (automatic),0,Low Risk,Continue regular engagement,0.0,8.11
7615-ESMYF,2,44.6,Month-to-month,DSL,No,Electronic check,1,High Risk,Offer annual contract discount + proactive support,44.6,71.06
3858-VOBET,23,74.95,Month-to-month,Fiber optic,No,Electronic check,1,Medium Risk,Offer contract upgrade incentive,74.95,46.37
7020-OZKXZ,9,75.5,Month-to-month,Fiber optic,No,Credit card (automatic),1,Medium Risk,Offer contract upgrade incentive,75.5,42.32
3977-QCRSL,5,20.15,Month-to-month,No,No internet service,Mailed check,0,Low Risk,Continue regular engagement,0.0,11.22
0017-DINOC,54,45.2,Two year,DSL,Yes,Credit card (automatic),0,Low Risk,Continue regular engagement,0.0,2.24
1447-PJGGA,57,95.25,Two year,Fiber optic,No,Electronic check,0,Low Risk,Continue regular engagement,0.0,15.45
8565-CLBZW,24,89.85,Month-to-month,Fiber optic,No,Mailed check,1,Medium Risk,Offer contract upgrade incentive,89.85,41.47
9139-WQQDY,49,100.45,One year,Fiber optic,No,Mailed check,0,Low Risk,Continue regular engagement,0.0,14.24
0224-HJAPT,5,47.15,Month-to-month,DSL,No,Electronic check,1,Medium Risk,Offer contract upgrade incentive,47.15,47.02
8086-OVPWV,2,80.2,Month-to-month,Fiber optic,No,Electronic check,1,High Risk,Offer annual contract discount + proactive support,80.2,78.27
9430-FRQOC,4,87.1,Month-to-month,Fiber optic,Yes,Mailed check,1,High Risk,Offer annual contract discount + proactive support,87.1,76.62
7639-OPLNG,70,79.25,Two year,DSL,Yes,Bank transfer (automatic),0,Low Risk,Continue regular engagement,0.0,2.07
3074-GQWYX,5,75.9,Month-to-month,Fiber optic,No,Bank transfer (automatic),1,Medium Risk,Offer contract upgrade incentive,75.9,65.87
1492-QGCLU,53,85.7,Month-to-month,DSL,Yes,Electronic check,0,Low Risk,Continue regular engagement,0.0,11.41
6845-RGTYS,47,98.75,Month-to-month,Fiber optic,No,Electronic check,1,Medium Risk,Offer contract upgrade incentive,98.75,38.68
7328-OWMOM,31,20.1,One year,No,No internet service,Credit card (automatic),0,Low Risk,Continue regular engagement,0.0,1.41
4418-LZMSV,13,61.8,Month-to-month,DSL,Yes,Bank transfer (automatic),0,Low Risk,Continue regular engagement,0.0,10.81
5155-AZQPB,28,49.9,Month-to-month,DSL,No,Mailed check,0,Low Risk,Continue regular engagement,0.0,9.26
8861-HGGKB,10,86.45,Month-to-month,Fiber optic,No,Electronic check,1,Medium Risk,Offer contract upgrade incentive,86.45,61.57
1087-GRUYI,38,20.4,Two year,No,No internet service,Bank transfer (automatic),0,Low Risk,Continue regular engagement,0.0,0.98
7065-YUNRY,1,45.3,Month-to-month,DSL,No,Mailed check,1,Medium Risk,Offer contract upgrade incentive,45.3,60.91
7694-VLBWQ,67,104.1,One year,Fiber optic,No,Electronic check,1,Medium Risk,Monitor customer + targeted engagement,104.1,40.32
2546-KZAAT,52,75.4,One year,DSL,No,Mailed check,0,Low Risk,Continue regular engagement,0.0,8.18
0181-RITDD,62,108.15,Two year,Fiber optic,Yes,Mailed check,0,Low Risk,Continue regular engagement,0.0,8.37
5989-PGKJB,16,86.25,Month-to-month,Fiber optic,No,Electronic check,1,Medium Risk,Offer contract upgrade incentive,86.25,49.74
4795-KTRTH,5,81.0,Month-to-month,Fiber optic,No,Electronic check,1,High Risk,Offer annual contract discount + proactive support,81.0,74.14
8272-ONJLV,12,95.7,One year,Fiber optic,No,Electronic check,0,Low Risk,Continue regular engagement,0.0,34.94
1488-PBLJN,72,116.85,Two year,Fiber optic,Yes,Bank transfer (automatic),0,Low Risk,Continue regular engagement,0.0,1.12
0308-GIQJT,71,105.75,One year,Fiber optic,Yes,Bank transfer (automatic),0,Low Risk,Continue regular engagement,0.0,11.06
3778-FOAQW,24,20.15,One year,No,No internet service,Mailed check,0,Low Risk,Continue regular engagement,0.0,3.6
4452-ROHMO,15,19.6,Two year,No,No internet service,Mailed check,0,Low Risk,Continue regular engagement,0.0,2.0
6481-OGDOO,67,90.6,One year,Fiber optic,No,Credit card (automatic),0,Low Risk,Continue regular engagement,0.0,11.16
3090-LETTY,2,60.95,Month-to-month,DSL,No,Bank transfer (automatic),0,Low Risk,Continue regular engagement,0.0,20.3
5349-AZPEW,5,25.05,Month-to-month,DSL,No,Mailed check,0,Low Risk,Continue regular engagement,0.0,26.58
3753-TSEMP,15,88.15,Month-to-month,Fiber optic,No,Electronic check,1,Medium Risk,Offer contract upgrade incentive,88.15,45.14
8305-VHZBZ,1,20.2,Month-to-month,No,No internet service,Mailed check,1,Medium Risk,Offer contract upgrade incentive,20.2,40.52
9720-JJJOR,41,60.3,One year,DSL,No,Bank transfer (automatic),0,Low Risk,Continue regular engagement,0.0,7.06
8100-HZZLJ,43,63.95,Month-to-month,DSL,No,Electronic check,0,Low Risk,Continue regular engagement,0.0,13.62
8775-ERLNB,1,74.3,Month-to-month,Fiber optic,No,Electronic check,1,High Risk,Offer annual contract discount + proactive support,74.3,79.57
8309-IEYJD,1,70.6,Month-to-month,Fiber optic,No,Mailed check,1,High Risk,Offer annual contract discount + proactive support,70.6,78.94
9172-JITSM,26,90.8,Month-to-month,Fiber optic,No,Electronic check,1,Medium Risk,Offer contract upgrade incentive,90.8,52.97
6298-QDFNH,22,79.35,Month-to-month,Fiber optic,No,Electronic check,1,Medium Risk,Offer contract upgrade incentive,79.35,56.37
7398-HPYZQ,71,90.55,Two year,DSL,Yes,Bank transfer (automatic),0,Low Risk,Continue regular engagement,0.0,0.56
3546-GHEAE,7,19.45,Two year,No,No internet service,Mailed check,0,Low Risk,Continue regular engagement,0.0,2.05
7361-YPXFS,28,64.45,Month-to-month,DSL,Yes,Bank transfer (automatic),0,Low Risk,Continue regular engagement,0.0,9.2
6557-BZXLQ,16,69.65,Month-to-month,Fiber optic,No,Electronic check,1,Medium Risk,Offer contract upgrade incentive,69.65,49.45
2550-QHZGP,7,19.5,One year,No,No internet service,Mailed check,0,Low Risk,Continue regular engagement,0.0,2.75
7519-JTWQH,69,110.5,Two year,Fiber optic,Yes,Bank transfer (automatic),0,Low Risk,Continue regular engagement,0.0,13.6
2538-OIMXF,1,24.7,Month-to-month,DSL,No,Mailed check,1,Medium Risk,Offer contract upgrade incentive,24.7,44.52
8543-MSDMF,3,77.4,Month-to-month,DSL,No,Electronic check,1,Medium Risk,Offer contract upgrade incentive,77.4,35.72
9961-JBNMK,21,96.8,Month-to-month,Fiber optic,No,Bank transfer (automatic),1,Medium Risk,Offer contract upgrade incentive,96.8,54.25
1170-SASML,69,85.4,Month-to-month,Fiber optic,No,Bank transfer (automatic),0,Low Risk,Continue regular engagement,0.0,27.73
4872-JCVCA,71,47.6,Two year,DSL,Yes,Bank transfer (automatic),0,Low Risk,Continue regular engagement,0.0,1.36
5346-BZCHP,69,19.4,Two year,No,No internet service,Mailed check,0,Low Risk,Continue regular engagement,0.0,2.1
2038-LLMLM,48,103.85,Month-to-month,Fiber optic,Yes,Electronic check,1,Medium Risk,Offer contract upgrade incentive,103.85,46.74
6173-ITPWD,47,83.35,Month-to-month,Fiber optic,No,Bank transfer (automatic),1,Medium Risk,Offer contract upgrade incentive,83.35,37.15
9734-UYXQI,2,49.4,Month-to-month,DSL,No,Electronic check,1,Medium Risk,Offer contract upgrade incentive,49.4,61.13
1216-BGTSP,45,108.45,Month-to-month,Fiber optic,Yes,Credit card (automatic),0,Low Risk,Continue regular engagement,0.0,27.76
4138-NAXED,51,81.0,Month-to-month,Fiber optic,No,Bank transfer (automatic),0,Low Risk,Continue regular engagement,0.0,22.7
2189-UXTKY,22,79.2,Month-to-month,DSL,Yes,Electronic check,0,Low Risk,Continue regular engagement,0.0,32.15
0744-BIKKF,72,86.65,Two year,DSL,Yes,Bank transfer (automatic),0,Low Risk,Continue regular engagement,0.0,0.41
7483-IQWIB,37,92.95,Month-to-month,Fiber optic,No,Electronic check,1,Medium Risk,Offer contract upgrade incentive,92.95,35.85
5248-KWLAR,71,90.35,Two year,DSL,Yes,Electronic check,0,Low Risk,Continue regular engagement,0.0,1.01
4958-GZWIY,7,48.7,Month-to-month,DSL,No,Electronic check,1,Medium Risk,Offer contract upgrade incentive,48.7,35.11
7996-MHXLW,66,25.15,Two year,No,No internet service,Credit card (automatic),0,Low Risk,Continue regular engagement,0.0,0.88
7833-PKIHD,51,76.4,One year,DSL,Yes,Bank transfer (automatic),0,Low Risk,Continue regular engagement,0.0,6.18
7061-OVMIM,30,19.55,One year,No,No internet service,Bank transfer (automatic),0,Low Risk,Continue regular engagement,0.0,2.03
5153-RTHKF,34,85.35,Month-to-month,Fiber optic,No,Electronic check,1,Medium Risk,Offer contract upgrade incentive,85.35,43.64
1852-QSWCD,64,24.8,Two year,No,No internet service,Mailed check,0,Low Risk,Continue regular engagement,0.0,1.19
4832-VRBMR,65,103.15,One year,Fiber optic,No,Bank transfer (automatic),0,Low Risk,Continue regular engagement,0.0,26.46
9079-LWTFD,47,100.75,Month-to-month,Fiber optic,Yes,Mailed check,0,Low Risk,Continue regular engagement,0.0,15.43
6356-ELRKD,1,95.6,Month-to-month,Fiber optic,No,Electronic check,1,High Risk,Offer annual contract discount + proactive support,95.6,85.35
8624-GIOUT,49,59.75,Month-to-month,DSL,No,Credit card (automatic),0,Low Risk,Continue regular engagement,0.0,13.23
3392-EHMNK,67,94.1,Two year,Fiber optic,Yes,Credit card (automatic),0,Low Risk,Continue regular engagement,0.0,3.99
5986-WWXDV,39,19.35,One year,No,No internet service,Bank transfer (automatic),0,Low Risk,Continue regular engagement,0.0,1.95
3061-BCKYI,14,19.9,Month-to-month,No,No internet service,Mailed check,0,Low Risk,Continue regular engagement,0.0,6.39
6179-GJPSO,43,108.15,Month-to-month,Fiber optic,Yes,Credit card (automatic),1,Medium Risk,Offer contract upgrade incentive,108.15,41.82
7901-TBKJX,56,101.05,Month-to-month,Fiber optic,No,Electronic check,1,Medium Risk,Offer contract upgrade incentive,101.05,54.78
7228-PAQPD,14,59.1,One year,DSL,Yes,Credit card (automatic),0,Low Risk,Continue regular engagement,0.0,10.11
3177-LASXD,1,71.35,Month-to-month,Fiber optic,No,Electronic check,1,High Risk,Offer annual contract discount + proactive support,71.35,74.35
7746-QYVCO,16,55.85,One year,DSL,No,Mailed check,0,Low Risk,Continue regular engagement,0.0,7.85
5804-HYIEZ,70,106.05,Month-to-month,Fiber optic,No,Electronic check,1,Medium Risk,Offer contract upgrade incentive,106.05,38.41
9919-FZDED,72,84.1,Two year,DSL,No,Credit card (automatic),0,Low Risk,Continue regular engagement,0.0,1.01
5934-TSSAU,23,75.3,Month-to-month,Fiber optic,No,Credit card (automatic),0,Low Risk,Continue regular engagement,0.0,24.94
3486-KHMLI,21,24.7,Month-to-month,No,No internet service,Mailed check,0,Low Risk,Continue regular engagement,0.0,5.77
4897-QSUYC,1,20.15,Month-to-month,No,No internet service,Mailed check,1,Medium Risk,Offer contract upgrade incentive,20.15,53.43
1084-UQCHV,1,69.75,Month-to-month,Fiber optic,No,Bank transfer (automatic),1,High Risk,Offer annual contract discount + proactive support,69.75,74.66
8290-YWKHZ,32,93.2,Month-to-month,Fiber optic,No,Electronic check,1,Medium Risk,Offer contract upgrade incentive,93.2,56.56
2955-BJZHG,17,80.85,Month-to-month,Fiber optic,No,Electronic check,1,Medium Risk,Offer contract upgrade incentive,80.85,36.83
3806-DXQOM,4,33.65,Month-to-month,DSL,No,Electronic check,1,Medium Risk,Offer contract upgrade incentive,33.65,47.79
6784-XYJAE,36,55.8,One year,DSL,No,Electronic check,0,Low Risk,Continue regular engagement,0.0,7.31
3933-DQPWX,50,39.7,Two year,DSL,Yes,Credit card (automatic),0,Low Risk,Continue regular engagement,0.0,1.43
6661-EIPZC,48,29.5,Month-to-month,DSL,Yes,Credit card (automatic),0,Low Risk,Continue regular engagement,0.0,11.3
8957-THMOA,50,20.15,Two year,No,No internet service,Credit card (automatic),0,Low Risk,Continue regular engagement,0.0,1.32
2251-PYLPB,72,79.55,Two year,DSL,Yes,Credit card (automatic),0,Low Risk,Continue regular engagement,0.0,0.54
5555-RNPGT,10,24.8,Month-to-month,No,No internet service,Credit card (automatic),0,Low Risk,Continue regular engagement,0.0,7.82
1057-FOGLZ,18,19.65,Month-to-month,No,No internet service,Mailed check,0,Low Risk,Continue regular engagement,0.0,8.8
9300-RENDD,1,79.95,Month-to-month,Fiber optic,No,Electronic check,1,High Risk,Offer annual contract discount + proactive support,79.95,87.31
0761-AETCS,1,19.3,Month-to-month,No,No internet service,Electronic check,1,Medium Risk,Offer contract upgrade incentive,19.3,36.38
8087-LGYHQ,9,94.05,Month-to-month,Fiber optic,No,Electronic check,1,Medium Risk,Offer contract upgrade incentive,94.05,66.81
4137-BTIKL,2,90.75,Month-to-month,Fiber optic,No,Mailed check,1,Medium Risk,Offer contract upgrade incentive,90.75,50.35
2190-BCXEC,40,78.85,Month-to-month,Fiber optic,Yes,Credit card (automatic),0,Low Risk,Continue regular engagement,0.0,33.65
6227-FBDXH,69,99.5,One year,Fiber optic,No,Bank transfer (automatic),0,Low Risk,Continue regular engagement,0.0,15.93
2153-MREFK,37,99.2,One year,Fiber optic,Yes,Electronic check,0,Low Risk,Continue regular engagement,0.0,30.89
2911-WDXMV,18,80.55,Month-to-month,Fiber optic,No,Credit card (automatic),1,Medium Risk,Offer contract upgrade incentive,80.55,36.81
7206-PQBBZ,11,70.2,Month-to-month,Fiber optic,No,Electronic check,1,Medium Risk,Offer contract upgrade incentive,70.2,54.86
3106-ULWFW,8,85.2,Month-to-month,Fiber optic,No,Credit card (automatic),1,High Risk,Offer annual contract discount + proactive support,85.2,71.8
0925-VYDLG,3,75.25,Month-to-month,Fiber optic,No,Electronic check,1,Medium Risk,Offer contract upgrade incentive,75.25,65.41
4547-FZJWE,55,59.45,One year,DSL,No,Credit card (automatic),0,Low Risk,Continue regular engagement,0.0,7.09
7422-WNBTY,33,93.35,Month-to-month,Fiber optic,No,Electronic check,1,Medium Risk,Offer contract upgrade incentive,93.35,44.04
0842-IWYCP,46,44.95,Month-to-month,DSL,No,Bank transfer (automatic),0,Low Risk,Continue regular engagement,0.0,12.28
3521-HTQTV,34,26.1,Two year,No,No internet service,Bank transfer (automatic),0,Low Risk,Continue regular engagement,0.0,2.45
3744-ZBHON,3,20.2,Month-to-month,No,No internet service,Electronic check,0,Low Risk,Continue regular engagement,0.0,17.01
3373-DIUUN,30,21.25,Two year,No,No internet service,Mailed check,0,Low Risk,Continue regular engagement,0.0,1.08
8383-SGHJU,33,59.4,One year,DSL,Yes,Electronic check,0,Low Risk,Continue regular engagement,0.0,4.97
7607-QKKTJ,45,95.0,One year,Fiber optic,No,Credit card (automatic),0,Low Risk,Continue regular engagement,0.0,13.71
7707-PYBBH,40,61.9,Month-to-month,DSL,Yes,Mailed check,0,Low Risk,Continue regular engagement,0.0,9.42
8984-HPEMB,71,118.65,Two year,Fiber optic,Yes,Electronic check,0,Low Risk,Continue regular engagement,0.0,3.0
4349-GFQHK,1,54.35,Month-to-month,DSL,No,Electronic check,1,Medium Risk,Offer contract upgrade incentive,54.35,62.31
4139-DETXS,72,64.45,Two year,DSL,Yes,Bank transfer (automatic),0,Low Risk,Continue regular engagement,0.0,0.4
9779-DPNEJ,22,80.15,Month-to-month,Fiber optic,No,Electronic check,1,Medium Risk,Offer contract upgrade incentive,80.15,51.97
9805-FILKB,46,20.2,One year,No,No internet service,Bank transfer (automatic),0,Low Risk,Continue regular engagement,0.0,1.57
5793-YOLJN,55,21.0,Two year,No,No internet service,Mailed check,0,Low Risk,Continue regular engagement,0.0,1.07
0673-IGUQO,1,20.45,Month-to-month,No,No internet service,Mailed check,0,Low Risk,Continue regular engagement,0.0,23.76
4123-FCVCB,12,75.85,One year,DSL,Yes,Mailed check,0,Low Risk,Continue regular engagement,0.0,18.71
8819-IMISP,31,80.45,Month-to-month,Fiber optic,No,Electronic check,1,Medium Risk,Offer contract upgrade incentive,80.45,51.6
7802-EFKNY,5,24.95,Month-to-month,DSL,No,Electronic check,1,Medium Risk,Offer contract upgrade incentive,24.95,62.49
8311-UEUAB,67,75.5,Two year,DSL,No,Electronic check,0,Low Risk,Continue regular engagement,0.0,11.35
5858-EAFCZ,1,44.45,Month-to-month,DSL,No,Mailed check,1,Medium Risk,Offer contract upgrade incentive,44.45,45.82
8035-BUYVG,40,42.35,One year,DSL,No,Electronic check,0,Low Risk,Continue regular engagement,0.0,16.59
1163-ONYEY,41,74.55,Month-to-month,DSL,No,Credit card (automatic),0,Low Risk,Continue regular engagement,0.0,17.92
9787-XVQIU,1,75.3,Month-to-month,Fiber optic,No,Electronic check,1,High Risk,Offer annual contract discount + proactive support,75.3,85.53
8945-MUQUF,51,94.8,One year,Fiber optic,No,Electronic check,0,Low Risk,Continue regular engagement,0.0,19.17
5656-MJEFC,42,48.15,Two year,DSL,Yes,Credit card (automatic),0,Low Risk,Continue regular engagement,0.0,1.98
6082-OQFBA,23,19.65,One year,No,No internet service,Mailed check,0,Low Risk,Continue regular engagement,0.0,2.29
8051-HJRLT,1,70.55,Month-to-month,Fiber optic,No,Electronic check,1,High Risk,Offer annual contract discount + proactive support,70.55,84.76
8974-OVACP,1,20.15,Month-to-month,No,No internet service,Mailed check,1,Medium Risk,Offer contract upgrade incentive,20.15,45.45
4010-YLMVT,56,106.6,Month-to-month,Fiber optic,No,Credit card (automatic),0,Low Risk,Continue regular engagement,0.0,32.82
1379-FRVEB,15,91.0,Month-to-month,Fiber optic,No,Electronic check,1,Medium Risk,Offer contract upgrade incentive,91.0,68.62
8612-GXIDD,12,25.4,Two year,No,No internet service,Bank transfer (automatic),0,Low Risk,Continue regular engagement,0.0,1.87
6288-CHQJB,54,69.95,Two year,DSL,Yes,Bank transfer (automatic),0,Low Risk,Continue regular engagement,0.0,1.01
8160-HOWOX,7,66.85,Month-to-month,DSL,No,Electronic check,1,Medium Risk,Offer contract upgrade incentive,66.85,38.31
3023-GFLBR,33,86.15,Month-to-month,Fiber optic,No,Credit card (automatic),0,Low Risk,Continue regular engagement,0.0,34.35
6648-INWPS,16,20.15,Month-to-month,No,No internet service,Electronic check,0,Low Risk,Continue regular engagement,0.0,10.69
4223-BKEOR,21,64.85,One year,DSL,No,Mailed check,0,Low Risk,Continue regular engagement,0.0,7.92
4079-VTGLK,30,74.85,Two year,DSL,No,Electronic check,0,Low Risk,Continue regular engagement,0.0,6.05
1763-WQFUK,3,50.5,Month-to-month,DSL,Yes,Mailed check,1,Medium Risk,Offer contract upgrade incentive,50.5,37.41
1391-UBDAR,11,72.9,Month-to-month,Fiber optic,No,Electronic check,1,Medium Risk,Offer contract upgrade incentive,72.9,38.91
8894-JVDCV,62,115.05,One year,Fiber optic,Yes,Credit card (automatic),0,Low Risk,Continue regular engagement,0.0,11.99
2023-VQFDL,18,19.0,Month-to-month,No,No internet service,Electronic check,0,Low Risk,Continue regular engagement,0.0,6.68
1345-GKDZZ,6,19.55,Month-to-month,No,No internet service,Mailed check,0,Low Risk,Continue regular engagement,0.0,8.61
2014-MKGMH,46,101.1,One year,Fiber optic,No,Electronic check,1,Medium Risk,Monitor customer + targeted engagement,101.1,38.23
5628-FCGYG,21,84.1,Month-to-month,Fiber optic,No,Electronic check,1,Medium Risk,Offer contract upgrade incentive,84.1,60.36
2560-WBWXF,68,24.15,Two year,No,No internet service,Bank transfer (automatic),0,Low Risk,Continue regular engagement,0.0,0.85
0248-IPDFW,1,50.1,Month-to-month,DSL,No,Electronic check,1,Medium Risk,Offer contract upgrade incentive,50.1,60.95
7978-DKUQH,25,74.6,Month-to-month,Fiber optic,No,Electronic check,1,Medium Risk,Offer contract upgrade incentive,74.6,37.22
4335-UPJSI,24,19.75,Two year,No,No internet service,Mailed check,0,Low Risk,Continue regular engagement,0.0,1.37
0524-IAVZO,30,85.0,Month-to-month,Fiber optic,No,Electronic check,1,Medium Risk,Offer contract upgrade incentive,85.0,55.85
2737-YNGYW,2,80.55,Month-to-month,Fiber optic,No,Electronic check,1,Medium Risk,Offer contract upgrade incentive,80.55,69.25
1784-EZDKJ,51,106.8,One year,Fiber optic,No,Bank transfer (automatic),0,Low Risk,Continue regular engagement,0.0,34.14
9297-FVVDH,57,84.5,Two year,DSL,Yes,Electronic check,0,Low Risk,Continue regular engagement,0.0,3.92
8007-YYPWD,15,25.05,Two year,No,No internet service,Bank transfer (automatic),0,Low Risk,Continue regular engagement,0.0,2.02
7101-HRBLJ,72,83.7,Two year,DSL,Yes,Bank transfer (automatic),0,Low Risk,Continue regular engagement,0.0,0.41
5159-YFPKQ,2,75.8,Month-to-month,Fiber optic,No,Electronic check,1,High Risk,Offer annual contract discount + proactive support,75.8,72.42
6635-CPNUN,28,96.6,Month-to-month,Fiber optic,No,Credit card (automatic),0,Low Risk,Continue regular engagement,0.0,31.37
4021-RQSNY,29,98.5,Month-to-month,Fiber optic,No,Electronic check,1,Medium Risk,Offer contract upgrade incentive,98.5,69.75
5453-YBTWV,70,101.1,Two year,Fiber optic,Yes,Credit card (automatic),0,Low Risk,Continue regular engagement,0.0,2.31
5039-LZRQT,13,20.2,One year,No,No internet service,Mailed check,0,Low Risk,Continue regular engagement,0.0,3.1
2931-VUVJN,59,94.05,One year,Fiber optic,Yes,Electronic check,0,Low Risk,Continue regular engagement,0.0,9.58
9061-TIHDA,13,95.25,Month-to-month,Fiber optic,No,Electronic check,1,High Risk,Offer annual contract discount + proactive support,95.25,80.33
8699-ASUFO,7,74.4,Month-to-month,Fiber optic,No,Mailed check,1,Medium Risk,Offer contract upgrade incentive,74.4,63.91
6418-PIQSP,62,81.0,Two year,DSL,Yes,Mailed check,0,Low Risk,Continue regular engagement,0.0,1.27
8220-OCUFY,21,60.25,One year,DSL,Yes,Electronic check,0,Low Risk,Continue regular engagement,0.0,12.11
3995-WFCSM,2,60.85,Month-to-month,DSL,No,Electronic check,1,Medium Risk,Offer contract upgrade incentive,60.85,45.21
1895-QTKDO,1,43.95,Month-to-month,DSL,No,Credit card (automatic),1,Medium Risk,Offer contract upgrade incentive,43.95,43.66
2038-OEQZH,4,86.05,Month-to-month,Fiber optic,No,Electronic check,1,Medium Risk,Offer contract upgrade incentive,86.05,55.4
1178-PZGAB,19,20.25,One year,No,No internet service,Credit card (automatic),0,Low Risk,Continue regular engagement,0.0,2.98
7927-AUXBZ,30,85.15,Month-to-month,Fiber optic,Yes,Electronic check,0,Low Risk,Continue regular engagement,0.0,34.57
2626-VEEWG,67,19.4,Two year,No,No internet service,Credit card (automatic),0,Low Risk,Continue regular engagement,0.0,1.34
2878-RMWXY,72,102.65,Two year,Fiber optic,No,Credit card (automatic),0,Low Risk,Continue regular engagement,0.0,2.26
1657-DYMBM,53,19.9,Two year,No,No internet service,Credit card (automatic),0,Low Risk,Continue regular engagement,0.0,1.8
7311-MQJCH,5,19.55,One year,No,No internet service,Electronic check,0,Low Risk,Continue regular engagement,0.0,8.93
7375-WMVMT,71,95.5,Two year,Fiber optic,Yes,Credit card (automatic),0,Low Risk,Continue regular engagement,0.0,2.15
1136-XGEQU,50,84.15,One year,DSL,Yes,Credit card (automatic),0,Low Risk,Continue regular engagement,0.0,9.73
2530-FMFXO,56,103.2,Two year,Fiber optic,Yes,Electronic check,0,Low Risk,Continue regular engagement,0.0,11.61
6844-DZKRF,2,50.2,Month-to-month,DSL,Yes,Credit card (automatic),1,Medium Risk,Offer contract upgrade incentive,50.2,36.89
4695-WJZUE,2,88.55,Month-to-month,Fiber optic,No,Electronic check,1,High Risk,Offer annual contract discount + proactive support,88.55,86.87
7619-ODSGN,24,54.75,Month-to-month,DSL,No,Electronic check,0,Low Risk,Continue regular engagement,0.0,14.48
5970-GHJAW,46,19.95,Two year,No,No internet service,Credit card (automatic),0,Low Risk,Continue regular engagement,0.0,0.76
8879-XUAHX,71,116.25,Two year,Fiber optic,Yes,Electronic check,0,Low Risk,Continue regular engagement,0.0,3.69
3689-MOZGR,29,31.2,Month-to-month,DSL,Yes,Electronic check,0,Low Risk,Continue regular engagement,0.0,19.68
4195-PNGZS,69,24.45,Two year,No,No internet service,Bank transfer (automatic),0,Low Risk,Continue regular engagement,0.0,0.62
5003-XZWWO,71,84.2,Two year,DSL,Yes,Credit card (automatic),0,Low Risk,Continue regular engagement,0.0,1.07
3988-RQIXO,1,91.3,Month-to-month,Fiber optic,No,Electronic check,1,High Risk,Offer annual contract discount + proactive support,91.3,90.69
7622-FWGEW,56,85.65,Two year,DSL,Yes,Bank transfer (automatic),0,Low Risk,Continue regular engagement,0.0,2.9
6922-NCEDI,56,21.2,One year,No,No internet service,Mailed check,0,Low Risk,Continue regular engagement,0.0,2.07
2514-GINMM,1,79.5,Month-to-month,Fiber optic,No,Electronic check,1,High Risk,Offer annual contract discount + proactive support,79.5,88.4
9891-NQDBD,28,25.55,One year,No,No internet service,Mailed check,0,Low Risk,Continue regular engagement,0.0,3.94
6131-IUNXN,19,20.2,Month-to-month,No,No internet service,Mailed check,0,Low Risk,Continue regular engagement,0.0,7.29
8548-AWOFC,66,63.85,Month-to-month,DSL,Yes,Electronic check,0,Low Risk,Continue regular engagement,0.0,10.23
9798-DRYDS,17,61.95,One year,DSL,Yes,Mailed check,0,Low Risk,Continue regular engagement,0.0,9.98
8532-UEFWH,52,25.75,Two year,No,No internet service,Mailed check,0,Low Risk,Continue regular engagement,0.0,0.8
6296-DDOOR,19,58.2,One year,DSL,No,Electronic check,0,Low Risk,Continue regular engagement,0.0,15.39
7951-VRDVK,36,85.85,One year,DSL,Yes,Bank transfer (automatic),0,Low Risk,Continue regular engagement,0.0,6.92
5931-FLJJF,7,70.1,Month-to-month,Fiber optic,No,Mailed check,1,Medium Risk,Offer contract upgrade incentive,70.1,56.32
4815-YOSUK,72,104.9,One year,Fiber optic,Yes,Credit card (automatic),0,Low Risk,Continue regular engagement,0.0,3.54
2659-VXMWZ,67,111.3,One year,Fiber optic,No,Electronic check,0,Low Risk,Continue regular engagement,0.0,17.08
0380-NEAVX,34,99.85,One year,Fiber optic,No,Electronic check,0,Low Risk,Continue regular engagement,0.0,26.66
3207-OYBWH,57,95.25,Month-to-month,Fiber optic,No,Bank transfer (automatic),1,Medium Risk,Offer contract upgrade incentive,95.25,35.69
4285-GYRQC,7,86.25,Month-to-month,Fiber optic,No,Electronic check,1,High Risk,Offer annual contract discount + proactive support,86.25,72.97
7216-EWTRS,1,100.8,Month-to-month,Fiber optic,No,Electronic check,1,High Risk,Offer annual contract discount + proactive support,100.8,94.13
4365-MSDYN,8,19.55,Month-to-month,No,No internet service,Bank transfer (automatic),0,Low Risk,Continue regular engagement,0.0,13.98
7036-TYDEC,69,104.0,Two year,Fiber optic,Yes,Electronic check,0,Low Risk,Continue regular engagement,0.0,15.53
5802-ADBRC,50,104.4,One year,Fiber optic,No,Mailed check,0,Low Risk,Continue regular engagement,0.0,25.57
8076-FEZKJ,10,19.5,One year,No,No internet service,Mailed check,0,Low Risk,Continue regular engagement,0.0,3.45
5197-YPYBZ,12,25.25,Two year,No,No internet service,Credit card (automatic),0,Low Risk,Continue regular engagement,0.0,1.93
8337-MSSXB,14,86.3,Month-to-month,Fiber optic,No,Electronic check,1,Medium Risk,Offer contract upgrade incentive,86.3,57.04
4312-GVYNH,70,49.85,Two year,DSL,Yes,Bank transfer (automatic),0,Low Risk,Continue regular engagement,0.0,1.75
8495-LJDFO,64,108.95,Month-to-month,Fiber optic,Yes,Bank transfer (automatic),0,Low Risk,Continue regular engagement,0.0,12.99
0839-JTCUD,66,89.9,Two year,DSL,Yes,Credit card (automatic),0,Low Risk,Continue regular engagement,0.0,1.71
5494-WOZRZ,71,82.0,Two year,DSL,Yes,Credit card (automatic),0,Low Risk,Continue regular engagement,0.0,0.83
1302-UHBDD,20,89.95,Month-to-month,Fiber optic,No,Electronic check,1,Medium Risk,Offer contract upgrade incentive,89.95,41.27
2234-EOFPT,72,79.35,Two year,DSL,Yes,Bank transfer (automatic),0,Low Risk,Continue regular engagement,0.0,0.4
8619-IJNDK,71,64.05,Two year,DSL,Yes,Credit card (automatic),0,Low Risk,Continue regular engagement,0.0,0.67
8378-LKJAF,38,101.15,Month-to-month,Fiber optic,No,Credit card (automatic),1,Medium Risk,Offer contract upgrade incentive,101.15,53.09
8182-BJDSI,28,89.95,Month-to-month,Fiber optic,No,Electronic check,1,Medium Risk,Offer contract upgrade incentive,89.95,52.31
2528-HFYZX,17,76.45,Month-to-month,Fiber optic,No,Electronic check,1,Medium Risk,Offer contract upgrade incentive,76.45,49.17
1153-GNOLC,33,39.1,One year,DSL,No,Electronic check,0,Low Risk,Continue regular engagement,0.0,18.33
3298-QEICA,23,34.6,Two year,DSL,Yes,Mailed check,0,Low Risk,Continue regular engagement,0.0,1.47
0788-DXBFY,58,19.55,One year,No,No internet service,Electronic check,0,Low Risk,Continue regular engagement,0.0,9.37
3597-YASZG,70,104.45,Two year,Fiber optic,Yes,Bank transfer (automatic),0,Low Risk,Continue regular engagement,0.0,7.51
3496-LFSZU,4,70.5,Month-to-month,Fiber optic,No,Electronic check,1,Medium Risk,Offer contract upgrade incentive,70.5,50.56
5242-UOWHD,45,20.35,Two year,No,No internet service,Mailed check,0,Low Risk,Continue regular engagement,0.0,0.73
2482-CZGBB,10,70.0,Month-to-month,Fiber optic,No,Electronic check,1,Medium Risk,Offer contract upgrade incentive,70.0,55.06
6479-SZPLM,36,19.45,Two year,No,No internet service,Credit card (automatic),0,Low Risk,Continue regular engagement,0.0,0.86
8097-VBQTZ,54,69.9,Month-to-month,DSL,Yes,Mailed check,0,Low Risk,Continue regular engagement,0.0,5.85
4500-HKANN,23,59.7,Two year,DSL,Yes,Mailed check,0,Low Risk,Continue regular engagement,0.0,1.61
9917-KWRBE,41,78.35,One year,DSL,No,Credit card (automatic),0,Low Risk,Continue regular engagement,0.0,10.03
3420-ZDBMA,5,71.45,Month-to-month,Fiber optic,No,Mailed check,1,Medium Risk,Offer contract upgrade incentive,71.45,56.49
2212-LYASK,27,45.85,One year,DSL,No,Credit card (automatic),0,Low Risk,Continue regular engagement,0.0,14.18
1393-IMKZG,1,95.85,Month-to-month,Fiber optic,Yes,Electronic check,1,High Risk,Offer annual contract discount + proactive support,95.85,76.14
8069-RHUXK,67,35.7,Two year,DSL,Yes,Credit card (automatic),0,Low Risk,Continue regular engagement,0.0,1.01
3398-GCPMU,72,89.55,Two year,DSL,Yes,Credit card (automatic),0,Low Risk,Continue regular engagement,0.0,0.76
2908-WGAXL,56,24.95,Two year,No,No internet service,Credit card (automatic),0,Low Risk,Continue regular engagement,0.0,1.3
3378-AJRAO,44,24.85,One year,No,No internet service,Electronic check,0,Low Risk,Continue regular engagement,0.0,3.59
1013-QCWAM,66,100.8,Month-to-month,Fiber optic,No,Electronic check,1,Medium Risk,Offer contract upgrade incentive,100.8,47.46
0866-QLSIR,34,64.4,One year,DSL,Yes,Mailed check,0,Low Risk,Continue regular engagement,0.0,3.37
6050-FFXES,69,105.35,Two year,Fiber optic,Yes,Bank transfer (automatic),0,Low Risk,Continue regular engagement,0.0,9.08
7181-BQYBV,1,102.45,Month-to-month,Fiber optic,No,Electronic check,1,High Risk,Offer annual contract discount + proactive support,102.45,84.87
0362-RAOQO,40,19.65,Two year,No,No internet service,Credit card (automatic),0,Low Risk,Continue regular engagement,0.0,1.27
9554-DFKIC,30,54.45,Month-to-month,DSL,No,Bank transfer (automatic),0,Low Risk,Continue regular engagement,0.0,8.75
5527-ACHSO,11,70.5,Month-to-month,DSL,Yes,Mailed check,0,Low Risk,Continue regular engagement,0.0,16.89
0829-DDVLK,15,20.1,One year,No,No internet service,Credit card (automatic),0,Low Risk,Continue regular engagement,0.0,4.01
1399-UBQIU,11,69.35,Month-to-month,DSL,No,Electronic check,0,Low Risk,Continue regular engagement,0.0,34.44
1813-JLKWR,64,19.8,One year,No,No internet service,Bank transfer (automatic),0,Low Risk,Continue regular engagement,0.0,2.24
0336-PIKEI,72,74.4,Two year,DSL,Yes,Bank transfer (automatic),0,Low Risk,Continue regular engagement,0.0,1.26
7322-OCWHC,72,93.05,Two year,Fiber optic,Yes,Bank transfer (automatic),0,Low Risk,Continue regular engagement,0.0,0.62
9537-VHDTA,1,51.2,Month-to-month,DSL,No,Mailed check,1,Medium Risk,Offer contract upgrade incentive,51.2,38.25
4957-TIALW,15,65.6,One year,DSL,Yes,Credit card (automatic),0,Low Risk,Continue regular engagement,0.0,5.15
2054-PJOCK,60,80.55,One year,DSL,Yes,Credit card (automatic),0,Low Risk,Continue regular engagement,0.0,6.87
9150-HEPMB,56,52.7,One year,DSL,No,Mailed check,0,Low Risk,Continue regular engagement,0.0,3.68
9030-QGZNL,8,20.85,Two year,No,No internet service,Mailed check,0,Low Risk,Continue regular engagement,0.0,1.93
6204-IEUXJ,3,80.1,Month-to-month,Fiber optic,Yes,Credit card (automatic),1,Medium Risk,Offer contract upgrade incentive,80.1,57.6
3126-WQMGH,49,52.15,Month-to-month,DSL,No,Credit card (automatic),0,Low Risk,Continue regular engagement,0.0,17.32
4529-CKBCL,2,80.2,Month-to-month,Fiber optic,No,Electronic check,1,High Risk,Offer annual contract discount + proactive support,80.2,71.6
2506-CLAKW,6,98.15,Month-to-month,Fiber optic,Yes,Bank transfer (automatic),1,High Risk,Offer annual contract discount + proactive support,98.15,74.28
7176-WRTNX,70,114.95,Two year,Fiber optic,Yes,Bank transfer (automatic),0,Low Risk,Continue regular engagement,0.0,16.73
1583-IHQZE,12,112.95,Month-to-month,Fiber optic,Yes,Mailed check,1,Medium Risk,Offer contract upgrade incentive,112.95,61.44
5732-IKGQH,52,104.45,One year,Fiber optic,Yes,Bank transfer (automatic),0,Low Risk,Continue regular engagement,0.0,32.45
9239-GZHZE,72,113.65,Two year,Fiber optic,Yes,Credit card (automatic),0,Low Risk,Continue regular engagement,0.0,1.28
7205-BAIAD,40,20.6,Two year,No,No internet service,Bank transfer (automatic),0,Low Risk,Continue regular engagement,0.0,1.22
0151-ONTOV,1,70.9,Month-to-month,Fiber optic,No,Mailed check,1,Medium Risk,Offer contract upgrade incentive,70.9,69.53
4140-MUHUG,3,86.85,Month-to-month,Fiber optic,No,Electronic check,1,High Risk,Offer annual contract discount + proactive support,86.85,73.69
0093-EXYQL,40,91.55,Month-to-month,Fiber optic,No,Electronic check,1,Medium Risk,Offer contract upgrade incentive,91.55,39.3
8064-RAVOH,1,49.85,Month-to-month,DSL,No,Electronic check,1,Medium Risk,Offer contract upgrade incentive,49.85,58.09
0219-QAERP,30,19.8,One year,No,No internet service,Credit card (automatic),0,Low Risk,Continue regular engagement,0.0,2.65
0320-JDNQG,23,99.85,Month-to-month,Fiber optic,Yes,Electronic check,1,Medium Risk,Offer contract upgrade incentive,99.85,57.17
7180-PISOG,1,74.5,Month-to-month,Fiber optic,No,Electronic check,1,High Risk,Offer annual contract discount + proactive support,74.5,84.26
9168-INPSZ,44,104.15,Month-to-month,Fiber optic,Yes,Electronic check,1,Medium Risk,Offer contract upgrade incentive,104.15,50.93
3571-RFHAR,65,109.15,Month-to-month,Fiber optic,Yes,Electronic check,1,Medium Risk,Offer contract upgrade incentive,109.15,45.17
0015-UOCOJ,7,48.2,Month-to-month,DSL,No,Electronic check,1,Medium Risk,Offer contract upgrade incentive,48.2,43.06
5334-AFQJB,72,25.1,Two year,No,No internet service,Credit card (automatic),0,Low Risk,Continue regular engagement,0.0,1.02
2754-SDJRD,8,100.15,Month-to-month,Fiber optic,Yes,Credit card (automatic),1,High Risk,Offer annual contract discount + proactive support,100.15,86.15
9578-VRMNM,16,65.2,Month-to-month,DSL,No,Credit card (automatic),0,Low Risk,Continue regular engagement,0.0,29.51
1587-FKLZB,66,99.5,Month-to-month,Fiber optic,No,Credit card (automatic),1,Medium Risk,Offer contract upgrade incentive,99.5,53.95
6140-QNRQQ,1,71.55,Month-to-month,Fiber optic,No,Mailed check,1,High Risk,Offer annual contract discount + proactive support,71.55,75.07
8963-JLGJT,3,55.9,Month-to-month,DSL,No,Mailed check,0,Low Risk,Continue regular engagement,0.0,23.25
4307-KTUMW,53,93.9,Month-to-month,Fiber optic,No,Electronic check,0,Low Risk,Continue regular engagement,0.0,28.42
1465-LNTLJ,8,64.4,Month-to-month,DSL,Yes,Credit card (automatic),0,Low Risk,Continue regular engagement,0.0,23.38
5440-FLBQG,69,108.4,Two year,Fiber optic,Yes,Bank transfer (automatic),1,Medium Risk,Monitor customer + targeted engagement,108.4,36.7
2135-DQWAQ,5,85.3,Month-to-month,Fiber optic,No,Mailed check,1,High Risk,Offer annual contract discount + proactive support,85.3,72.55
4056-QHXHZ,72,107.45,Two year,Fiber optic,Yes,Mailed check,0,Low Risk,Continue regular engagement,0.0,1.19
7470-MCQTK,13,48.75,Month-to-month,DSL,No,Bank transfer (automatic),1,Medium Risk,Offer contract upgrade incentive,48.75,40.27
7488-MXJIV,4,85.65,Month-to-month,Fiber optic,No,Electronic check,1,High Risk,Offer annual contract discount + proactive support,85.65,79.12
7401-JIXNM,54,91.3,Two year,DSL,Yes,Credit card (automatic),0,Low Risk,Continue regular engagement,0.0,1.43
9339-FIIJL,72,85.95,Two year,DSL,Yes,Bank transfer (automatic),0,Low Risk,Continue regular engagement,0.0,0.61
2027-FECZV,12,106.7,Month-to-month,Fiber optic,No,Electronic check,1,Medium Risk,Offer contract upgrade incentive,106.7,66.35
2672-DZUOY,1,25.15,Month-to-month,DSL,No,Electronic check,1,High Risk,Offer annual contract discount + proactive support,25.15,74.52
4706-DGAHW,1,45.2,Month-to-month,DSL,No,Electronic check,1,Medium Risk,Offer contract upgrade incentive,45.2,66.63
3870-MQAMG,54,110.35,One year,Fiber optic,Yes,Electronic check,0,Low Risk,Continue regular engagement,0.0,25.94
6670-MFRPK,69,79.2,Two year,Fiber optic,No,Credit card (automatic),0,Low Risk,Continue regular engagement,0.0,6.73
6177-PEVRA,48,55.5,Two year,DSL,No,Credit card (automatic),0,Low Risk,Continue regular engagement,0.0,2.12
4800-CZMPC,48,103.25,One year,Fiber optic,No,Credit card (automatic),0,Low Risk,Continue regular engagement,0.0,21.88
4813-HQMGZ,8,90.25,Month-to-month,Fiber optic,Yes,Electronic check,1,High Risk,Offer annual contract discount + proactive support,90.25,74.04
7579-KKLOE,71,91.25,Two year,DSL,Yes,Mailed check,0,Low Risk,Continue regular engagement,0.0,0.61
7377-DMMRI,2,47.8,Month-to-month,DSL,No,Electronic check,1,Medium Risk,Offer contract upgrade incentive,47.8,63.12
8402-EIVQS,67,100.9,One year,Fiber optic,No,Credit card (automatic),0,Low Risk,Continue regular engagement,0.0,18.4
4947-DSMXK,34,97.7,Month-to-month,Fiber optic,No,Bank transfer (automatic),1,Medium Risk,Offer contract upgrade incentive,97.7,45.53
7245-NIIWQ,3,69.85,Month-to-month,Fiber optic,No,Electronic check,1,Medium Risk,Offer contract upgrade incentive,69.85,63.6
0002-ORFBO,9,65.6,One year,DSL,Yes,Mailed check,0,Low Risk,Continue regular engagement,0.0,9.82
3324-OIRTO,71,104.65,One year,Fiber optic,No,Bank transfer (automatic),0,Low Risk,Continue regular engagement,0.0,5.51
5414-OFQCB,57,90.45,Two year,Fiber optic,Yes,Credit card (automatic),0,Low Risk,Continue regular engagement,0.0,3.92
4967-WPNCF,72,63.7,Two year,DSL,Yes,Bank transfer (automatic),0,Low Risk,Continue regular engagement,0.0,0.58
8552-OBVRU,48,104.5,Month-to-month,Fiber optic,Yes,Electronic check,0,Low Risk,Continue regular engagement,0.0,32.43
8499-BRXTD,18,20.1,One year,No,No internet service,Mailed check,0,Low Risk,Continue regular engagement,0.0,2.75
9154-QDGTH,43,104.3,One year,Fiber optic,Yes,Credit card (automatic),1,Medium Risk,Monitor customer + targeted engagement,104.3,35.8
8197-BFWVU,72,93.25,Two year,DSL,Yes,Bank transfer (automatic),0,Low Risk,Continue regular engagement,0.0,0.43
2577-GVSIL,35,73.45,One year,DSL,Yes,Bank transfer (automatic),0,Low Risk,Continue regular engagement,0.0,10.22
9367-OIUXP,4,20.7,Month-to-month,No,No internet service,Mailed check,0,Low Risk,Continue regular engagement,0.0,8.28
6770-UAYGJ,49,25.25,Two year,No,No internet service,Mailed check,0,Low Risk,Continue regular engagement,0.0,1.13
6463-HHXJR,71,100.5,Two year,Fiber optic,No,Bank transfer (automatic),0,Low Risk,Continue regular engagement,0.0,1.08
7928-VJYAB,11,90.6,Month-to-month,Fiber optic,No,Electronic check,1,Medium Risk,Offer contract upgrade incentive,90.6,51.28
1187-WILMM,63,89.4,Two year,DSL,Yes,Credit card (automatic),0,Low Risk,Continue regular engagement,0.0,1.13
9776-OJUZI,65,95.45,Month-to-month,Fiber optic,No,Bank transfer (automatic),0,Low Risk,Continue regular engagement,0.0,27.37
1306-RPWXZ,49,20.45,Two year,No,No internet service,Credit card (automatic),0,Low Risk,Continue regular engagement,0.0,0.85
8949-JTMAY,29,98.6,Month-to-month,Fiber optic,No,Credit card (automatic),1,Medium Risk,Offer contract upgrade incentive,98.6,65.08
2774-LVQUS,15,83.05,Month-to-month,Fiber optic,Yes,Electronic check,1,Medium Risk,Offer contract upgrade incentive,83.05,59.18
3097-PYWXL,4,19.95,Month-to-month,No,No internet service,Electronic check,0,Low Risk,Continue regular engagement,0.0,15.33
2266-SJNAT,72,109.15,One year,Fiber optic,Yes,Credit card (automatic),0,Low Risk,Continue regular engagement,0.0,7.02
0869-PAPRP,26,85.7,Month-to-month,Fiber optic,No,Credit card (automatic),0,Low Risk,Continue regular engagement,0.0,31.1
4238-JSSWH,35,102.05,Month-to-month,Fiber optic,No,Bank transfer (automatic),1,Medium Risk,Offer contract upgrade incentive,102.05,37.53
2972-YDYUW,57,94.7,One year,Fiber optic,Yes,Electronic check,0,Low Risk,Continue regular engagement,0.0,10.77
1104-FEJAM,28,64.4,Month-to-month,DSL,No,Electronic check,0,Low Risk,Continue regular engagement,0.0,11.39
2809-ILCYT,25,26.8,One year,No,No internet service,Mailed check,0,Low Risk,Continue regular engagement,0.0,8.04
5499-ECUTN,47,66.05,One year,DSL,No,Credit card (automatic),0,Low Risk,Continue regular engagement,0.0,6.52
4981-FLTMF,57,65.2,Month-to-month,DSL,Yes,Bank transfer (automatic),0,Low Risk,Continue regular engagement,0.0,3.83
9121-PHQSR,16,85.05,Month-to-month,Fiber optic,No,Credit card (automatic),1,Medium Risk,Offer contract upgrade incentive,85.05,50.0
3113-IWHLC,5,55.8,Month-to-month,DSL,No,Mailed check,0,Low Risk,Continue regular engagement,0.0,25.54
3211-ILJTT,17,70.4,Month-to-month,Fiber optic,No,Bank transfer (automatic),0,Low Risk,Continue regular engagement,0.0,34.69
4612-THJBS,56,104.75,One year,Fiber optic,No,Bank transfer (automatic),0,Low Risk,Continue regular engagement,0.0,26.78
4277-BWBML,72,19.95,Two year,No,No internet service,Bank transfer (automatic),0,Low Risk,Continue regular engagement,0.0,0.53
4094-NSEDU,21,94.25,Month-to-month,Fiber optic,No,Electronic check,1,High Risk,Offer annual contract discount + proactive support,94.25,73.54
0234-TEVTT,48,45.0,One year,DSL,No,Credit card (automatic),0,Low Risk,Continue regular engagement,0.0,8.86
4304-TSPVK,68,114.9,Two year,Fiber optic,Yes,Bank transfer (automatic),0,Low Risk,Continue regular engagement,0.0,7.46
1552-AAGRX,30,106.4,Month-to-month,Fiber optic,Yes,Bank transfer (automatic),1,Medium Risk,Offer contract upgrade incentive,106.4,35.81
2637-FKFSY,3,46.1,Month-to-month,DSL,No,Mailed check,1,Medium Risk,Offer contract upgrade incentive,46.1,40.35
9796-MVYXX,14,39.7,Two year,DSL,Yes,Mailed check,0,Low Risk,Continue regular engagement,0.0,4.09
7874-ECPQJ,4,20.05,Month-to-month,No,No internet service,Bank transfer (automatic),0,Low Risk,Continue regular engagement,0.0,11.91
0020-INWCK,71,95.75,Two year,Fiber optic,No,Credit card (automatic),0,Low Risk,Continue regular engagement,0.0,3.03
7089-RKVSZ,8,24.4,One year,No,No internet service,Mailed check,0,Low Risk,Continue regular engagement,0.0,3.65
2683-JXWQQ,61,33.6,Month-to-month,DSL,No,Bank transfer (automatic),0,Low Risk,Continue regular engagement,0.0,12.3
9548-ZMVTX,72,90.45,Two year,Fiber optic,Yes,Bank transfer (automatic),0,Low Risk,Continue regular engagement,0.0,0.81
8739-XNIKG,5,84.0,Month-to-month,Fiber optic,No,Electronic check,1,High Risk,Offer annual contract discount + proactive support,84.0,81.9
9755-JHNMN,49,67.4,Two year,DSL,Yes,Bank transfer (automatic),0,Low Risk,Continue regular engagement,0.0,1.61
3981-QSVQI,8,19.7,Month-to-month,No,No internet service,Bank transfer (automatic),0,Low Risk,Continue regular engagement,0.0,12.12
2789-HQBOU,3,80.35,Month-to-month,Fiber optic,No,Electronic check,1,High Risk,Offer annual contract discount + proactive support,80.35,70.44
9424-CMPOG,9,19.6,Two year,No,No internet service,Mailed check,0,Low Risk,Continue regular engagement,0.0,1.64
5067-WJEUN,67,54.2,Two year,DSL,No,Bank transfer (automatic),0,Low Risk,Continue regular engagement,0.0,1.09
3450-WXOAT,46,45.2,Month-to-month,DSL,No,Credit card (automatic),0,Low Risk,Continue regular engagement,0.0,11.17
9251-WNSOD,67,75.1,One year,DSL,No,Mailed check,0,Low Risk,Continue regular engagement,0.0,8.05
6974-DAFLI,55,19.7,One year,No,No internet service,Electronic check,0,Low Risk,Continue regular engagement,0.0,5.62
2616-UUTFK,33,72.75,Month-to-month,DSL,No,Bank transfer (automatic),0,Low Risk,Continue regular engagement,0.0,13.57
7064-JHXCE,62,20.05,Two year,No,No internet service,Credit card (automatic),0,Low Risk,Continue regular engagement,0.0,0.86
5103-MHMHY,1,45.95,Month-to-month,DSL,No,Mailed check,1,Medium Risk,Offer contract upgrade incentive,45.95,52.51
7989-AWGEH,49,39.2,Month-to-month,DSL,No,Electronic check,0,Low Risk,Continue regular engagement,0.0,17.99
4373-VVHQL,1,44.75,Month-to-month,DSL,No,Electronic check,1,Medium Risk,Offer contract upgrade incentive,44.75,61.74
4559-UWIHT,14,82.65,Month-to-month,Fiber optic,No,Electronic check,1,Medium Risk,Offer contract upgrade incentive,82.65,67.27
7268-IGMFD,18,93.9,Month-to-month,Fiber optic,Yes,Bank transfer (automatic),1,Medium Risk,Offer contract upgrade incentive,93.9,37.4
1846-XWOQN,1,70.15,Month-to-month,Fiber optic,No,Electronic check,1,High Risk,Offer annual contract discount + proactive support,70.15,84.76
0235-KGSLC,1,85.55,Month-to-month,Fiber optic,No,Credit card (automatic),1,High Risk,Offer annual contract discount + proactive support,85.55,84.32
6650-BWFRT,72,117.15,Two year,Fiber optic,Yes,Credit card (automatic),0,Low Risk,Continue regular engagement,0.0,1.52
9570-KYEUA,64,99.25,Two year,Fiber optic,Yes,Credit card (automatic),0,Low Risk,Continue regular engagement,0.0,5.29
6993-YGFJV,69,112.55,Two year,Fiber optic,Yes,Bank transfer (automatic),0,Low Risk,Continue regular engagement,0.0,13.37
2712-SYWAY,1,25.7,Month-to-month,No,No internet service,Electronic check,0,Low Risk,Continue regular engagement,0.0,31.74
0730-BGQGF,71,90.3,Two year,DSL,Yes,Credit card (automatic),0,Low Risk,Continue regular engagement,0.0,0.7
5498-IBWPI,66,49.4,One year,DSL,Yes,Credit card (automatic),0,Low Risk,Continue regular engagement,0.0,4.37
9101-NTIXF,2,19.4,Month-to-month,No,No internet service,Mailed check,0,Low Risk,Continue regular engagement,0.0,11.72
0013-SMEOE,71,109.7,Two year,Fiber optic,Yes,Bank transfer (automatic),0,Low Risk,Continue regular engagement,0.0,2.15
9314-QDMDW,11,61.25,One year,DSL,No,Electronic check,0,Low Risk,Continue regular engagement,0.0,17.64
9308-ANMVE,47,55.3,Month-to-month,DSL,No,Electronic check,0,Low Risk,Continue regular engagement,0.0,13.58
2884-GBPFB,35,70.3,Month-to-month,Fiber optic,No,Electronic check,1,Medium Risk,Offer contract upgrade incentive,70.3,43.58
3757-NJYBX,32,106.35,Month-to-month,Fiber optic,No,Bank transfer (automatic),1,Medium Risk,Offer contract upgrade incentive,106.35,46.4
3413-DHLPB,60,103.75,Month-to-month,Fiber optic,Yes,Bank transfer (automatic),0,Low Risk,Continue regular engagement,0.0,20.69
7649-PHJVR,11,19.5,One year,No,No internet service,Mailed check,0,Low Risk,Continue regular engagement,0.0,2.85
6114-TCFID,29,39.5,One year,DSL,Yes,Credit card (automatic),0,Low Risk,Continue regular engagement,0.0,6.17
3787-TRIAL,21,26.05,Month-to-month,DSL,No,Electronic check,1,Medium Risk,Offer contract upgrade incentive,26.05,36.59
2573-GYRUU,48,91.05,Month-to-month,Fiber optic,No,Credit card (automatic),1,Medium Risk,Offer contract upgrade incentive,91.05,37.06
5156-UMKOW,3,29.65,Month-to-month,DSL,No,Mailed check,0,Low Risk,Continue regular engagement,0.0,30.47
1247-QBVSH,43,50.2,Month-to-month,DSL,No,Mailed check,0,Low Risk,Continue regular engagement,0.0,10.45
6734-GMPVK,5,105.3,Month-to-month,Fiber optic,No,Electronic check,1,Medium Risk,Offer contract upgrade incentive,105.3,54.76
9822-OAOVB,1,55.45,Month-to-month,DSL,No,Electronic check,1,Medium Risk,Offer contract upgrade incentive,55.45,69.76
6161-ERDGD,71,85.45,One year,DSL,Yes,Electronic check,0,Low Risk,Continue regular engagement,0.0,5.11
1226-JZNKR,8,19.8,One year,No,No internet service,Electronic check,0,Low Risk,Continue regular engagement,0.0,10.71
7318-EIVKO,8,59.25,Month-to-month,DSL,No,Electronic check,1,Medium Risk,Offer contract upgrade incentive,59.25,44.92
3771-PZOBW,20,90.7,Month-to-month,Fiber optic,No,Credit card (automatic),1,Medium Risk,Offer contract upgrade incentive,90.7,43.86
5136-KCKGI,33,103.7,One year,Fiber optic,No,Mailed check,0,Low Risk,Continue regular engagement,0.0,29.08
8231-BSWXX,71,79.05,One year,Fiber optic,No,Credit card (automatic),0,Low Risk,Continue regular engagement,0.0,6.53
6486-LHTMA,31,90.7,One year,Fiber optic,No,Electronic check,0,Low Risk,Continue regular engagement,0.0,30.12
4083-BFNYK,38,95.0,One year,Fiber optic,No,Credit card (automatic),0,Low Risk,Continue regular engagement,0.0,15.91
3722-WPXTK,1,88.35,Month-to-month,Fiber optic,No,Electronic check,1,High Risk,Offer annual contract discount + proactive support,88.35,85.43
7389-KBFIT,2,30.25,Month-to-month,DSL,No,Mailed check,1,Medium Risk,Offer contract upgrade incentive,30.25,49.56
7176-WIONM,12,49.85,Month-to-month,DSL,No,Bank transfer (automatic),1,Medium Risk,Offer contract upgrade incentive,49.85,39.61
5141-ZUVBH,9,93.0,Month-to-month,Fiber optic,Yes,Bank transfer (automatic),1,Medium Risk,Offer contract upgrade incentive,93.0,45.8
1089-HDMKP,11,54.55,Month-to-month,DSL,Yes,Electronic check,0,Low Risk,Continue regular engagement,0.0,24.47
7623-HKYRK,6,19.7,Month-to-month,No,No internet service,Mailed check,0,Low Risk,Continue regular engagement,0.0,5.95
0310-SUCIN,71,84.8,One year,DSL,Yes,Bank transfer (automatic),0,Low Risk,Continue regular engagement,0.0,2.91
5197-PYEPU,42,94.45,One year,Fiber optic,No,Credit card (automatic),0,Low Risk,Continue regular engagement,0.0,7.08
2929-ERCFZ,8,94.2,Month-to-month,Fiber optic,No,Electronic check,1,Medium Risk,Offer contract upgrade incentive,94.2,67.71
7548-SEPYI,5,96.25,Month-to-month,Fiber optic,No,Electronic check,1,High Risk,Offer annual contract discount + proactive support,96.25,77.68
8835-VSDSE,2,70.7,Month-to-month,Fiber optic,No,Electronic check,1,Medium Risk,Offer contract upgrade incentive,70.7,66.83
6619-RPLQZ,45,20.85,Two year,No,No internet service,Mailed check,0,Low Risk,Continue regular engagement,0.0,0.81
3275-RHRNE,28,60.0,One year,DSL,Yes,Credit card (automatic),0,Low Risk,Continue regular engagement,0.0,8.99
3503-TYDAY,43,80.45,Month-to-month,Fiber optic,No,Electronic check,0,Low Risk,Continue regular engagement,0.0,32.84
6901-GOGZG,60,84.95,Two year,DSL,Yes,Electronic check,0,Low Risk,Continue regular engagement,0.0,4.03
1623-NLDOT,42,33.55,One year,DSL,Yes,Mailed check,0,Low Risk,Continue regular engagement,0.0,7.58
7021-XSNYE,7,49.65,Two year,DSL,Yes,Credit card (automatic),0,Low Risk,Continue regular engagement,0.0,3.33
9621-OUPYD,25,20.2,One year,No,No internet service,Bank transfer (automatic),0,Low Risk,Continue regular engagement,0.0,2.75
9898-KZQDZ,40,94.55,Month-to-month,Fiber optic,No,Credit card (automatic),1,Medium Risk,Offer contract upgrade incentive,94.55,38.84
8982-NHAVY,27,100.5,One year,Fiber optic,No,Bank transfer (automatic),0,Low Risk,Continue regular engagement,0.0,29.02
4307-KWMXE,10,35.75,Month-to-month,DSL,Yes,Electronic check,0,Low Risk,Continue regular engagement,0.0,24.91
0141-YEAYS,27,86.45,Month-to-month,Fiber optic,No,Bank transfer (automatic),1,Medium Risk,Offer contract upgrade incentive,86.45,37.89
2450-ZKEED,11,53.8,One year,DSL,Yes,Bank transfer (automatic),0,Low Risk,Continue regular engagement,0.0,7.65
3694-DELSO,4,38.55,Month-to-month,DSL,No,Credit card (automatic),0,Low Risk,Continue regular engagement,0.0,30.45
3893-JRNFS,68,39.9,Month-to-month,DSL,No,Bank transfer (automatic),0,Low Risk,Continue regular engagement,0.0,18.34
9603-OAIHC,1,70.05,Month-to-month,Fiber optic,No,Electronic check,1,High Risk,Offer annual contract discount + proactive support,70.05,83.9
1133-KXCGE,18,20.1,One year,No,No internet service,Mailed check,0,Low Risk,Continue regular engagement,0.0,2.83
5236-PERKL,57,112.95,Two year,Fiber optic,No,Bank transfer (automatic),0,Low Risk,Continue regular engagement,0.0,12.45
0142-GVYSN,26,20.3,Month-to-month,No,No internet service,Electronic check,0,Low Risk,Continue regular engagement,0.0,6.65
1049-FYSYG,17,35.65,Month-to-month,DSL,No,Credit card (automatic),0,Low Risk,Continue regular engagement,0.0,30.36
7854-FOKSF,1,35.9,Month-to-month,DSL,No,Electronic check,1,Medium Risk,Offer contract upgrade incentive,35.9,68.31
2519-FAKOD,38,99.25,Month-to-month,Fiber optic,No,Bank transfer (automatic),1,Medium Risk,Offer contract upgrade incentive,99.25,52.87
8406-LNMHF,59,82.95,One year,Fiber optic,No,Credit card (automatic),0,Low Risk,Continue regular engagement,0.0,4.89
1821-BUCWY,30,55.65,Two year,DSL,No,Mailed check,0,Low Risk,Continue regular engagement,0.0,1.49
8263-JQAIK,2,24.45,Month-to-month,DSL,No,Mailed check,1,Medium Risk,Offer contract upgrade incentive,24.45,68.27
0023-UYUPN,50,25.2,One year,No,No internet service,Electronic check,0,Low Risk,Continue regular engagement,0.0,4.51
8314-DPQHL,9,50.8,One year,DSL,Yes,Mailed check,0,Low Risk,Continue regular engagement,0.0,12.5
1465-WCZVT,3,19.65,Month-to-month,No,No internet service,Mailed check,0,Low Risk,Continue regular engagement,0.0,14.06
9481-SFCQY,14,59.8,Month-to-month,DSL,No,Credit card (automatic),0,Low Risk,Continue regular engagement,0.0,21.59
6360-SVNWV,31,73.55,Month-to-month,Fiber optic,No,Credit card (automatic),0,Low Risk,Continue regular engagement,0.0,20.42
0567-GGCAC,7,61.4,Month-to-month,DSL,No,Electronic check,0,Low Risk,Continue regular engagement,0.0,15.38
7089-IVVAZ,8,103.35,Month-to-month,Fiber optic,Yes,Bank transfer (automatic),1,High Risk,Offer annual contract discount + proactive support,103.35,84.83
8884-MRNSU,17,19.9,One year,No,No internet service,Bank transfer (automatic),0,Low Risk,Continue regular engagement,0.0,4.62
2171-UDMFD,32,19.45,Month-to-month,No,No internet service,Credit card (automatic),0,Low Risk,Continue regular engagement,0.0,4.85
9050-IKDZA,2,81.5,Month-to-month,Fiber optic,No,Mailed check,1,Medium Risk,Offer contract upgrade incentive,81.5,66.57
2205-YMZZJ,7,84.8,Month-to-month,Fiber optic,No,Electronic check,1,High Risk,Offer annual contract discount + proactive support,84.8,78.66
9802-CAQUT,72,109.55,Two year,Fiber optic,No,Credit card (automatic),0,Low Risk,Continue regular engagement,0.0,0.98
1254-IZEYF,31,99.95,Month-to-month,Fiber optic,No,Electronic check,1,Medium Risk,Offer contract upgrade incentive,99.95,67.82
0187-WZNAB,27,74.4,Month-to-month,Fiber optic,No,Mailed check,0,Low Risk,Continue regular engagement,0.0,16.37
9492-TOKRI,18,90.0,Month-to-month,Fiber optic,No,Credit card (automatic),1,Medium Risk,Offer contract upgrade incentive,90.0,47.55
1475-VWVDO,7,74.9,Month-to-month,Fiber optic,No,Electronic check,1,Medium Risk,Offer contract upgrade incentive,74.9,60.13
9221-OTIVJ,14,104.85,Month-to-month,Fiber optic,No,Electronic check,1,Medium Risk,Offer contract upgrade incentive,104.85,68.05
1357-MVDOZ,11,59.65,Month-to-month,DSL,No,Bank transfer (automatic),0,Low Risk,Continue regular engagement,0.0,24.9
7602-MVRMB,72,110.45,Two year,Fiber optic,Yes,Bank transfer (automatic),0,Low Risk,Continue regular engagement,0.0,1.03
3325-FUYCG,28,106.1,One year,Fiber optic,No,Electronic check,0,Low Risk,Continue regular engagement,0.0,21.69
5908-QMGOE,15,74.2,Month-to-month,Fiber optic,No,Credit card (automatic),1,Medium Risk,Offer contract upgrade incentive,74.2,55.44
1197-BVMVG,4,74.45,Month-to-month,Fiber optic,No,Electronic check,1,High Risk,Offer annual contract discount + proactive support,74.45,73.13
5406-KGRMX,71,24.55,Two year,No,No internet service,Electronic check,0,Low Risk,Continue regular engagement,0.0,2.32
8481-YYXWG,5,89.35,Month-to-month,Fiber optic,Yes,Electronic check,1,High Risk,Offer annual contract discount + proactive support,89.35,72.45
5968-HYJRZ,47,24.55,Two year,No,No internet service,Mailed check,0,Low Risk,Continue regular engagement,0.0,1.5
5198-EFNBM,57,90.65,One year,Fiber optic,No,Electronic check,0,Low Risk,Continue regular engagement,0.0,14.07
7516-GMHUV,50,105.05,Two year,Fiber optic,No,Credit card (automatic),0,Low Risk,Continue regular engagement,0.0,21.93
7140-ADSMJ,8,20.45,Month-to-month,No,No internet service,Credit card (automatic),0,Low Risk,Continue regular engagement,0.0,7.94
2230-XTUWL,48,19.55,Two year,No,No internet service,Mailed check,0,Low Risk,Continue regular engagement,0.0,0.76
7706-YLMQA,70,19.7,One year,No,No internet service,Bank transfer (automatic),0,Low Risk,Continue regular engagement,0.0,2.06
2585-KTFRE,1,70.45,Month-to-month,DSL,Yes,Bank transfer (automatic),0,Low Risk,Continue regular engagement,0.0,25.13
7994-UYIVZ,8,85.65,Month-to-month,Fiber optic,No,Bank transfer (automatic),1,Medium Risk,Offer contract upgrade incentive,85.65,68.04
2609-IAICY,1,77.15,Month-to-month,Fiber optic,No,Electronic check,1,High Risk,Offer annual contract discount + proactive support,77.15,89.11
1740-CSDJP,1,35.25,Month-to-month,DSL,No,Bank transfer (automatic),1,High Risk,Offer annual contract discount + proactive support,35.25,70.89
7717-BICXI,60,20.55,Two year,No,No internet service,Mailed check,0,Low Risk,Continue regular engagement,0.0,1.36
6559-RAKOZ,49,97.95,One year,Fiber optic,Yes,Electronic check,0,Low Risk,Continue regular engagement,0.0,28.99
2636-OHFMN,4,48.55,Month-to-month,DSL,No,Electronic check,1,Medium Risk,Offer contract upgrade incentive,48.55,65.63
4716-MRVEN,29,20.0,One year,No,No internet service,Mailed check,0,Low Risk,Continue regular engagement,0.0,2.35
2143-LJULT,67,25.25,Two year,No,No internet service,Credit card (automatic),0,Low Risk,Continue regular engagement,0.0,0.79
1323-OOEPC,53,98.4,Month-to-month,Fiber optic,No,Credit card (automatic),1,Medium Risk,Offer contract upgrade incentive,98.4,41.15
3200-MNQTF,67,70.9,Two year,DSL,Yes,Credit card (automatic),0,Low Risk,Continue regular engagement,0.0,2.8
6164-HXUGH,6,19.85,Month-to-month,No,No internet service,Mailed check,0,Low Risk,Continue regular engagement,0.0,12.12
5630-IXDXV,47,106.35,Month-to-month,Fiber optic,No,Electronic check,1,Medium Risk,Offer contract upgrade incentive,106.35,51.0
0320-DWVTU,53,99.5,Two year,Fiber optic,Yes,Mailed check,0,Low Risk,Continue regular engagement,0.0,2.95
9135-MGVPY,69,84.7,Two year,DSL,Yes,Mailed check,0,Low Risk,Continue regular engagement,0.0,1.43
1212-GLHMD,3,86.05,Month-to-month,Fiber optic,No,Mailed check,1,Medium Risk,Offer contract upgrade incentive,86.05,38.42
7878-JGDKK,4,44.55,Month-to-month,DSL,No,Mailed check,0,Low Risk,Continue regular engagement,0.0,29.12
1088-AUUZZ,56,75.85,Two year,DSL,Yes,Credit card (automatic),0,Low Risk,Continue regular engagement,0.0,1.36
0397-GZBBC,59,93.85,Month-to-month,Fiber optic,No,Bank transfer (automatic),1,Medium Risk,Offer contract upgrade incentive,93.85,44.97
6614-YWYSC,61,25.0,Two year,No,No internet service,Bank transfer (automatic),0,Low Risk,Continue regular engagement,0.0,1.62
9588-OZDMQ,2,45.0,Month-to-month,DSL,No,Electronic check,1,Medium Risk,Offer contract upgrade incentive,45.0,55.11
7641-EUYET,46,100.7,Month-to-month,Fiber optic,No,Electronic check,1,Medium Risk,Offer contract upgrade incentive,100.7,39.41
6476-EPYZR,12,20.5,Month-to-month,No,No internet service,Mailed check,0,Low Risk,Continue regular engagement,0.0,5.66
9921-ZVRHG,14,80.45,Month-to-month,Fiber optic,No,Electronic check,1,Medium Risk,Offer contract upgrade incentive,80.45,64.09
1174-FGIFN,28,90.45,One year,Fiber optic,Yes,Electronic check,0,Low Risk,Continue regular engagement,0.0,24.53
6620-HVDUJ,24,60.45,Month-to-month,DSL,Yes,Bank transfer (automatic),0,Low Risk,Continue regular engagement,0.0,8.26
4701-MLJPN,31,55.25,Month-to-month,DSL,Yes,Electronic check,0,Low Risk,Continue regular engagement,0.0,11.32
1032-MAELW,68,78.45,One year,DSL,Yes,Electronic check,0,Low Risk,Continue regular engagement,0.0,14.15
7641-TQFHN,39,100.55,Two year,Fiber optic,Yes,Mailed check,0,Low Risk,Continue regular engagement,0.0,3.99
1552-TKMXS,42,20.35,Month-to-month,No,No internet service,Credit card (automatic),0,Low Risk,Continue regular engagement,0.0,4.68
9206-GVPEQ,13,54.45,Month-to-month,DSL,Yes,Electronic check,1,Medium Risk,Offer contract upgrade incentive,54.45,41.54
8622-ZLFKO,6,90.75,Month-to-month,Fiber optic,No,Electronic check,1,High Risk,Offer annual contract discount + proactive support,90.75,81.62
1596-BBVTG,35,75.35,Month-to-month,Fiber optic,No,Credit card (automatic),0,Low Risk,Continue regular engagement,0.0,28.07
6188-UXBBR,38,20.25,One year,No,No internet service,Credit card (automatic),0,Low Risk,Continue regular engagement,0.0,2.67
2333-KWEWW,18,20.05,Two year,No,No internet service,Credit card (automatic),0,Low Risk,Continue regular engagement,0.0,1.59
5702-SKUOB,4,19.6,Month-to-month,No,No internet service,Mailed check,0,Low Risk,Continue regular engagement,0.0,11.1
1134-YWTYF,27,53.8,Month-to-month,DSL,Yes,Electronic check,0,Low Risk,Continue regular engagement,0.0,12.51
6061-GWWAV,41,70.2,One year,DSL,No,Mailed check,0,Low Risk,Continue regular engagement,0.0,4.21
0679-TDGAK,50,75.5,One year,DSL,Yes,Electronic check,0,Low Risk,Continue regular engagement,0.0,8.04
6585-WCEWR,72,20.35,Two year,No,No internet service,Electronic check,0,Low Risk,Continue regular engagement,0.0,1.46
9067-YGSCA,70,26.05,One year,No,No internet service,Credit card (automatic),0,Low Risk,Continue regular engagement,0.0,1.35
9067-SQTNS,44,20.6,One year,No,No internet service,Bank transfer (automatic),0,Low Risk,Continue regular engagement,0.0,1.6
8433-WXGNA,2,75.7,Month-to-month,Fiber optic,No,Electronic check,1,Medium Risk,Offer contract upgrade incentive,75.7,65.26
1776-SPBWV,34,20.1,One year,No,No internet service,Bank transfer (automatic),0,Low Risk,Continue regular engagement,0.0,2.68
8735-SDUFN,72,24.3,Two year,No,No internet service,Bank transfer (automatic),0,Low Risk,Continue regular engagement,0.0,0.73
9668-PUGNU,71,24.5,Two year,No,No internet service,Electronic check,0,Low Risk,Continue regular engagement,0.0,2.16
9405-GPBBG,64,110.5,Two year,Fiber optic,Yes,Credit card (automatic),0,Low Risk,Continue regular engagement,0.0,5.61
1926-QUZNN,72,25.25,Two year,No,No internet service,Bank transfer (automatic),0,Low Risk,Continue regular engagement,0.0,0.67
3707-GNWHM,1,74.25,Month-to-month,Fiber optic,No,Mailed check,1,High Risk,Offer annual contract discount + proactive support,74.25,76.3
7016-NVRIC,29,90.1,One year,Fiber optic,No,Bank transfer (automatic),0,Low Risk,Continue regular engagement,0.0,13.73
5829-NVSQN,23,68.75,One year,DSL,Yes,Bank transfer (automatic),0,Low Risk,Continue regular engagement,0.0,6.13
9565-AXSMR,52,19.2,Two year,No,No internet service,Mailed check,0,Low Risk,Continue regular engagement,0.0,0.71
8922-LIEGH,25,89.7,Month-to-month,Fiber optic,No,Electronic check,1,Medium Risk,Offer contract upgrade incentive,89.7,62.47
8869-LIHMK,64,115.1,Two year,Fiber optic,Yes,Bank transfer (automatic),0,Low Risk,Continue regular engagement,0.0,4.79
8245-UMPYT,16,96.4,Month-to-month,Fiber optic,No,Electronic check,1,High Risk,Offer annual contract discount + proactive support,96.4,75.83
5186-SAMNZ,1,69.5,Month-to-month,Fiber optic,No,Bank transfer (automatic),1,High Risk,Offer annual contract discount + proactive support,69.5,82.01
0447-RXSGD,24,99.65,Month-to-month,Fiber optic,No,Bank transfer (automatic),1,Medium Risk,Offer contract upgrade incentive,99.65,63.36
4927-WWOOZ,2,91.45,Month-to-month,Fiber optic,No,Electronic check,1,High Risk,Offer annual contract discount + proactive support,91.45,82.95
5788-YPOEG,34,84.75,Two year,DSL,Yes,Mailed check,0,Low Risk,Continue regular engagement,0.0,1.59
5373-SFODM,36,85.25,Month-to-month,Fiber optic,No,Credit card (automatic),1,Medium Risk,Offer contract upgrade incentive,85.25,48.55
0661-KBKPA,53,78.75,One year,DSL,Yes,Mailed check,0,Low Risk,Continue regular engagement,0.0,8.73
9081-WWXKP,47,20.25,Two year,No,No internet service,Credit card (automatic),0,Low Risk,Continue regular engagement,0.0,0.76
0784-ZQJZX,72,19.9,Two year,No,No internet service,Credit card (automatic),0,Low Risk,Continue regular engagement,0.0,0.52
3133-PZNSR,72,97.75,Two year,Fiber optic,Yes,Credit card (automatic),0,Low Risk,Continue regular engagement,0.0,0.67
5766-ZJYBB,1,19.4,Month-to-month,No,No internet service,Mailed check,0,Low Risk,Continue regular engagement,0.0,33.66
8931-GJJIQ,9,83.3,Month-to-month,Fiber optic,No,Electronic check,1,High Risk,Offer annual contract discount + proactive support,83.3,74.63
4277-PVRAN,8,80.1,Month-to-month,Fiber optic,No,Bank transfer (automatic),1,Medium Risk,Offer contract upgrade incentive,80.1,68.6
0022-TCJCI,45,62.7,One year,DSL,No,Credit card (automatic),0,Low Risk,Continue regular engagement,0.0,11.42
0722-SVSFK,7,100.4,Month-to-month,Fiber optic,Yes,Electronic check,1,High Risk,Offer annual contract discount + proactive support,100.4,70.44
3612-YVGSJ,71,24.45,Two year,No,No internet service,Credit card (automatic),0,Low Risk,Continue regular engagement,0.0,1.18
9825-YCXWZ,41,101.1,One year,Fiber optic,Yes,Bank transfer (automatic),0,Low Risk,Continue regular engagement,0.0,16.17
5397-NSKQG,67,50.9,Two year,DSL,No,Credit card (automatic),0,Low Risk,Continue regular engagement,0.0,2.89
8565-HBFNN,69,107.2,One year,Fiber optic,Yes,Credit card (automatic),0,Low Risk,Continue regular engagement,0.0,20.58
2000-DHJUY,70,92.2,Two year,DSL,Yes,Bank transfer (automatic),0,Low Risk,Continue regular engagement,0.0,2.33
0203-HHYIJ,25,25.3,One year,No,No internet service,Bank transfer (automatic),0,Low Risk,Continue regular engagement,0.0,6.52
8670-ERCJH,72,113.4,Two year,Fiber optic,Yes,Bank transfer (automatic),0,Low Risk,Continue regular engagement,0.0,1.98
7758-UJWYS,34,40.55,Two year,DSL,Yes,Electronic check,0,Low Risk,Continue regular engagement,0.0,4.99
2050-ONYDQ,65,26.0,Two year,No,No internet service,Credit card (automatic),0,Low Risk,Continue regular engagement,0.0,0.64
7055-JCGNI,70,111.95,Two year,Fiber optic,Yes,Credit card (automatic),0,Low Risk,Continue regular engagement,0.0,8.59
0739-UUAJR,72,53.8,Two year,DSL,No,Credit card (automatic),0,Low Risk,Continue regular engagement,0.0,0.6
4826-DXMUP,35,72.1,One year,DSL,Yes,Mailed check,0,Low Risk,Continue regular engagement,0.0,12.02
0952-KMEEH,13,98.15,Month-to-month,Fiber optic,No,Mailed check,1,Medium Risk,Offer contract upgrade incentive,98.15,62.59
7285-KLOTR,12,78.85,One year,DSL,No,Electronic check,0,Low Risk,Continue regular engagement,0.0,16.6
0654-PQKDW,62,70.75,One year,DSL,Yes,Bank transfer (automatic),0,Low Risk,Continue regular engagement,0.0,2.01
7175-NTIXE,25,76.15,Month-to-month,DSL,Yes,Credit card (automatic),0,Low Risk,Continue regular engagement,0.0,10.17
7963-SHNDT,52,39.1,Two year,DSL,Yes,Mailed check,0,Low Risk,Continue regular engagement,0.0,1.26
9796-BPKIW,8,69.95,Month-to-month,Fiber optic,No,Credit card (automatic),1,Medium Risk,Offer contract upgrade incentive,69.95,53.47
0188-GWFLE,2,20.05,Month-to-month,No,No internet service,Mailed check,0,Low Risk,Continue regular engagement,0.0,12.95
8129-GMVGI,56,20.05,Two year,No,No internet service,Mailed check,0,Low Risk,Continue regular engagement,0.0,2.63
2882-DDZPG,12,19.45,Month-to-month,No,No internet service,Bank transfer (automatic),0,Low Risk,Continue regular engagement,0.0,8.62
3547-LQRIK,47,26.9,One year,No,No internet service,Electronic check,0,Low Risk,Continue regular engagement,0.0,5.85
9137-NOQKA,2,19.2,Month-to-month,No,No internet service,Electronic check,0,Low Risk,Continue regular engagement,0.0,11.03
5843-TTHGI,18,50.0,Month-to-month,DSL,No,Mailed check,0,Low Risk,Continue regular engagement,0.0,20.45
1849-RJYIG,8,60.0,Month-to-month,DSL,No,Electronic check,0,Low Risk,Continue regular engagement,0.0,31.61
8868-GAGIO,45,84.55,Month-to-month,Fiber optic,No,Mailed check,0,Low Risk,Continue regular engagement,0.0,20.89
4061-UKJWL,3,45.45,Month-to-month,DSL,No,Mailed check,1,Medium Risk,Offer contract upgrade incentive,45.45,41.39
5380-XPJNZ,38,20.05,One year,No,No internet service,Mailed check,0,Low Risk,Continue regular engagement,0.0,1.19
8263-QMNTJ,72,115.55,Two year,Fiber optic,Yes,Electronic check,0,Low Risk,Continue regular engagement,0.0,2.32
8178-EYZUO,46,93.7,Month-to-month,Fiber optic,No,Electronic check,0,Low Risk,Continue regular engagement,0.0,32.2
3230-JCNZS,71,99.0,Two year,Fiber optic,No,Credit card (automatic),0,Low Risk,Continue regular engagement,0.0,1.63
0277-ORXQS,66,50.55,Two year,DSL,Yes,Bank transfer (automatic),0,Low Risk,Continue regular engagement,0.0,1.85
5130-IEKQT,25,105.95,Month-to-month,Fiber optic,No,Mailed check,1,Medium Risk,Offer contract upgrade incentive,105.95,67.83
3230-WYKIR,18,82.0,One year,DSL,Yes,Credit card (automatic),0,Low Risk,Continue regular engagement,0.0,18.93
7996-BPXHY,13,25.0,Two year,No,No internet service,Bank transfer (automatic),0,Low Risk,Continue regular engagement,0.0,1.94
3227-WLKLI,65,91.55,Two year,DSL,Yes,Bank transfer (automatic),0,Low Risk,Continue regular engagement,0.0,1.44
0407-BDJKB,60,95.75,Month-to-month,Fiber optic,No,Electronic check,1,Medium Risk,Offer contract upgrade incentive,95.75,40.63
2266-FUBDZ,15,19.35,Two year,No,No internet service,Mailed check,0,Low Risk,Continue regular engagement,0.0,1.74
8237-ULIXL,72,24.85,Two year,No,No internet service,Credit card (automatic),0,Low Risk,Continue regular engagement,0.0,0.56
9600-UDOPK,30,94.05,Month-to-month,Fiber optic,No,Credit card (automatic),1,Medium Risk,Offer contract upgrade incentive,94.05,52.05
8216-AZUUZ,42,100.4,Two year,Fiber optic,Yes,Electronic check,0,Low Risk,Continue regular engagement,0.0,6.91
9153-BTBVV,71,25.0,Two year,No,No internet service,Bank transfer (automatic),0,Low Risk,Continue regular engagement,0.0,0.73
4074-SJFFA,1,54.75,Month-to-month,DSL,No,Mailed check,1,Medium Risk,Offer contract upgrade incentive,54.75,61.51
3269-ATYWD,39,95.65,Month-to-month,Fiber optic,No,Bank transfer (automatic),1,Medium Risk,Offer contract upgrade incentive,95.65,48.79
5186-PEIZU,35,19.25,Month-to-month,No,No internet service,Bank transfer (automatic),0,Low Risk,Continue regular engagement,0.0,2.08
1074-AMIOH,53,108.25,Month-to-month,Fiber optic,Yes,Bank transfer (automatic),0,Low Risk,Continue regular engagement,0.0,19.38
4910-GMJOT,1,94.6,Month-to-month,Fiber optic,No,Electronic check,1,High Risk,Offer annual contract discount + proactive support,94.6,91.91
0354-WYROK,31,98.9,Month-to-month,Fiber optic,Yes,Electronic check,1,Medium Risk,Offer contract upgrade incentive,98.9,52.84
4361-FEBGN,48,20.15,Two year,No,No internet service,Credit card (automatic),0,Low Risk,Continue regular engagement,0.0,1.28
7748-UMTRK,30,101.3,Month-to-month,Fiber optic,Yes,Electronic check,1,Medium Risk,Offer contract upgrade incentive,101.3,46.61
0380-ZCSBI,10,20.0,Month-to-month,No,No internet service,Credit card (automatic),0,Low Risk,Continue regular engagement,0.0,8.34
7145-FEJWU,12,105.3,Month-to-month,Fiber optic,No,Electronic check,1,Medium Risk,Offer contract upgrade incentive,105.3,67.02
6463-MVYRY,57,69.85,Two year,DSL,Yes,Bank transfer (automatic),0,Low Risk,Continue regular engagement,0.0,1.86
3969-JQABI,58,65.25,Month-to-month,DSL,No,Credit card (automatic),0,Low Risk,Continue regular engagement,0.0,9.15
9624-EGDEQ,37,19.8,Two year,No,No internet service,Mailed check,0,Low Risk,Continue regular engagement,0.0,1.57
1051-EQPZR,44,19.6,Month-to-month,No,No internet service,Mailed check,0,Low Risk,Continue regular engagement,0.0,2.7
5849-ASHZJ,27,20.05,One year,No,No internet service,Credit card (automatic),0,Low Risk,Continue regular engagement,0.0,1.82
5780-INQIK,8,49.4,Month-to-month,DSL,Yes,Electronic check,0,Low Risk,Continue regular engagement,0.0,27.52
7576-OYWBN,3,76.05,Month-to-month,Fiber optic,No,Electronic check,1,High Risk,Offer annual contract discount + proactive support,76.05,76.99
4526-ZJJTM,25,88.4,Month-to-month,Fiber optic,No,Bank transfer (automatic),0,Low Risk,Continue regular engagement,0.0,33.52
8384-FZBJK,57,100.6,Month-to-month,Fiber optic,No,Electronic check,1,Medium Risk,Offer contract upgrade incentive,100.6,38.99
3750-RNQKR,12,19.45,Month-to-month,No,No internet service,Mailed check,0,Low Risk,Continue regular engagement,0.0,7.08
0962-CQPWQ,62,20.3,Two year,No,No internet service,Bank transfer (automatic),0,Low Risk,Continue regular engagement,0.0,0.82
3096-YXENJ,65,107.65,Two year,Fiber optic,Yes,Bank transfer (automatic),0,Low Risk,Continue regular engagement,0.0,13.3
1265-BCFEO,71,80.45,Two year,DSL,Yes,Bank transfer (automatic),0,Low Risk,Continue regular engagement,0.0,1.57
5837-LXSDN,21,58.85,One year,DSL,No,Credit card (automatic),0,Low Risk,Continue regular engagement,0.0,13.91
5945-AZYHT,71,109.6,One year,Fiber optic,No,Electronic check,0,Low Risk,Continue regular engagement,0.0,16.33
8325-QRPZR,7,75.15,Month-to-month,Fiber optic,No,Electronic check,1,Medium Risk,Offer contract upgrade incentive,75.15,60.18
6384-VMJHP,72,73.0,Two year,DSL,Yes,Credit card (automatic),0,Low Risk,Continue regular engagement,0.0,0.94
2262-SLNVK,1,70.1,Month-to-month,Fiber optic,No,Electronic check,1,High Risk,Offer annual contract discount + proactive support,70.1,74.35
7730-CLDSV,72,98.65,Two year,Fiber optic,Yes,Bank transfer (automatic),0,Low Risk,Continue regular engagement,0.0,1.17
1135-HIORI,64,111.45,One year,Fiber optic,Yes,Electronic check,0,Low Risk,Continue regular engagement,0.0,9.86
0164-APGRB,72,114.9,Two year,Fiber optic,Yes,Electronic check,0,Low Risk,Continue regular engagement,0.0,1.77
6481-ESCNL,29,100.55,Month-to-month,Fiber optic,No,Bank transfer (automatic),0,Low Risk,Continue regular engagement,0.0,34.51
1790-NESIO,13,20.4,Two year,No,No internet service,Mailed check,0,Low Risk,Continue regular engagement,0.0,1.97
1550-EENBN,31,104.35,Month-to-month,Fiber optic,No,Electronic check,0,Low Risk,Continue regular engagement,0.0,27.91
5539-TMZLF,1,69.75,Month-to-month,Fiber optic,No,Electronic check,1,High Risk,Offer annual contract discount + proactive support,69.75,86.7
4323-SADQS,7,34.5,Month-to-month,DSL,Yes,Electronic check,0,Low Risk,Continue regular engagement,0.0,32.79
4446-BZKHU,61,105.55,Month-to-month,Fiber optic,No,Electronic check,1,Medium Risk,Offer contract upgrade incentive,105.55,49.46
5202-IVJNU,39,30.1,Month-to-month,DSL,No,Credit card (automatic),0,Low Risk,Continue regular engagement,0.0,23.07
5976-JCJRH,10,70.3,Month-to-month,Fiber optic,No,Electronic check,1,Medium Risk,Offer contract upgrade incentive,70.3,54.61
8198-RKSZG,14,80.45,Month-to-month,DSL,Yes,Credit card (automatic),0,Low Risk,Continue regular engagement,0.0,22.74
0137-OCGAB,1,80.2,Month-to-month,Fiber optic,No,Mailed check,1,High Risk,Offer annual contract discount + proactive support,80.2,85.29
3351-NQLDI,67,94.35,One year,Fiber optic,Yes,Credit card (automatic),0,Low Risk,Continue regular engagement,0.0,13.08
9297-EONCV,72,91.35,Two year,DSL,Yes,Bank transfer (automatic),0,Low Risk,Continue regular engagement,0.0,0.39
7593-JNWRU,6,44.6,Month-to-month,DSL,No,Bank transfer (automatic),0,Low Risk,Continue regular engagement,0.0,27.58
4588-YBNIB,1,19.6,Month-to-month,No,No internet service,Mailed check,1,Medium Risk,Offer contract upgrade incentive,19.6,47.92
1069-QJOEE,25,19.9,One year,No,No internet service,Electronic check,0,Low Risk,Continue regular engagement,0.0,3.18
3336-JORSO,33,110.45,Month-to-month,Fiber optic,Yes,Electronic check,1,Medium Risk,Offer contract upgrade incentive,110.45,42.86
7799-DSEWS,18,68.35,Month-to-month,DSL,Yes,Electronic check,0,Low Risk,Continue regular engagement,0.0,19.83
8766-PAFNE,71,79.1,Two year,DSL,Yes,Credit card (automatic),0,Low Risk,Continue regular engagement,0.0,1.76
5315-CKEQK,28,51.0,One year,DSL,No,Electronic check,0,Low Risk,Continue regular engagement,0.0,9.66
3130-ICDUP,2,80.55,Month-to-month,Fiber optic,No,Credit card (automatic),1,Medium Risk,Offer contract upgrade incentive,80.55,58.07
0820-FNRNX,17,66.7,Month-to-month,DSL,Yes,Mailed check,0,Low Risk,Continue regular engagement,0.0,17.39
0880-FVFWF,56,86.4,Month-to-month,Fiber optic,No,Electronic check,0,Low Risk,Continue regular engagement,0.0,19.72
4611-ANLQC,60,50.05,One year,DSL,No,Electronic check,0,Low Risk,Continue regular engagement,0.0,12.42
4213-HKBJO,33,25.7,Two year,No,No internet service,Credit card (automatic),0,Low Risk,Continue regular engagement,0.0,1.64
2792-LSHWX,1,83.4,Month-to-month,Fiber optic,Yes,Mailed check,1,Medium Risk,Offer contract upgrade incentive,83.4,53.53
5028-GZLDO,2,70.7,Month-to-month,Fiber optic,No,Credit card (automatic),1,Medium Risk,Offer contract upgrade incentive,70.7,54.42
0014-BMAQU,63,84.65,Two year,Fiber optic,Yes,Credit card (automatic),0,Low Risk,Continue regular engagement,0.0,2.63
6861-XWTWQ,7,99.25,Month-to-month,Fiber optic,No,Electronic check,1,High Risk,Offer annual contract discount + proactive support,99.25,91.75
9018-PCIOK,55,64.75,Two year,DSL,No,Mailed check,0,Low Risk,Continue regular engagement,0.0,1.88
4837-QUSFT,65,100.15,One year,Fiber optic,Yes,Bank transfer (automatic),0,Low Risk,Continue regular engagement,0.0,8.65
6877-TJMBR,1,84.8,Month-to-month,Fiber optic,Yes,Electronic check,1,High Risk,Offer annual contract discount + proactive support,84.8,73.46
9953-ZMKSM,63,25.25,Two year,No,No internet service,Mailed check,0,Low Risk,Continue regular engagement,0.0,0.89
0907-HQNTS,70,113.0,Two year,Fiber optic,Yes,Credit card (automatic),0,Low Risk,Continue regular engagement,0.0,5.26
7665-NKLAV,36,40.65,Two year,DSL,Yes,Credit card (automatic),0,Low Risk,Continue regular engagement,0.0,1.22
6769-DCQLI,52,105.0,One year,Fiber optic,Yes,Bank transfer (automatic),0,Low Risk,Continue regular engagement,0.0,27.06
2433-KMEAS,22,54.45,Month-to-month,DSL,No,Electronic check,1,Medium Risk,Offer contract upgrade incentive,54.45,44.28
4391-LNRXK,22,94.95,Month-to-month,Fiber optic,Yes,Bank transfer (automatic),0,Low Risk,Continue regular engagement,0.0,24.22
8250-ZNGGW,5,59.9,Month-to-month,DSL,Yes,Credit card (automatic),0,Low Risk,Continue regular engagement,0.0,22.59
2195-ZRVAX,47,85.3,Month-to-month,Fiber optic,No,Electronic check,1,Medium Risk,Offer contract upgrade incentive,85.3,41.88
3550-SAHFP,33,83.35,Month-to-month,Fiber optic,No,Electronic check,1,Medium Risk,Offer contract upgrade incentive,83.35,56.07
2011-TRQYE,18,33.5,Month-to-month,DSL,No,Credit card (automatic),0,Low Risk,Continue regular engagement,0.0,29.32
8562-GHPPI,1,19.8,Month-to-month,No,No internet service,Credit card (automatic),0,Low Risk,Continue regular engagement,0.0,29.75
5893-PYOLZ,56,81.8,Two year,DSL,Yes,Credit card (automatic),0,Low Risk,Continue regular engagement,0.0,1.82
4986-MXSFP,2,20.0,Month-to-month,No,No internet service,Mailed check,0,Low Risk,Continue regular engagement,0.0,13.92
6131-FOYAS,35,59.6,Month-to-month,DSL,No,Electronic check,0,Low Risk,Continue regular engagement,0.0,14.88
3027-YNWZU,64,25.0,Two year,No,No internet service,Credit card (automatic),0,Low Risk,Continue regular engagement,0.0,0.91
5609-IMCGG,15,84.35,Month-to-month,Fiber optic,No,Credit card (automatic),0,Low Risk,Continue regular engagement,0.0,34.03
4873-ILOLJ,24,90.35,Month-to-month,Fiber optic,No,Electronic check,1,Medium Risk,Offer contract upgrade incentive,90.35,54.01
4727-MCYZG,1,55.55,Month-to-month,DSL,No,Mailed check,1,Medium Risk,Offer contract upgrade incentive,55.55,54.91
9481-WHGWY,70,75.35,Two year,DSL,Yes,Credit card (automatic),0,Low Risk,Continue regular engagement,0.0,2.66
2725-KXXWT,1,90.75,Month-to-month,Fiber optic,No,Electronic check,1,High Risk,Offer annual contract discount + proactive support,90.75,88.06
9565-DJPIB,4,89.6,Month-to-month,Fiber optic,No,Mailed check,1,High Risk,Offer annual contract discount + proactive support,89.6,74.75
4328-VUFWD,39,59.3,One year,DSL,Yes,Electronic check,0,Low Risk,Continue regular engagement,0.0,8.69
3301-LSLWQ,29,66.1,Month-to-month,DSL,No,Electronic check,0,Low Risk,Continue regular engagement,0.0,13.06
7473-ZBDSN,14,18.8,Two year,No,No internet service,Mailed check,0,Low Risk,Continue regular engagement,0.0,0.71
3166-PNEOF,61,86.45,Two year,DSL,Yes,Credit card (automatic),0,Low Risk,Continue regular engagement,0.0,1.79
5639-NTUPK,13,52.1,Month-to-month,DSL,No,Credit card (automatic),0,Low Risk,Continue regular engagement,0.0,17.84
8780-YRMTT,66,47.4,Two year,DSL,Yes,Mailed check,0,Low Risk,Continue regular engagement,0.0,1.35
8348-HFYIV,2,49.25,Month-to-month,DSL,No,Electronic check,1,High Risk,Offer annual contract discount + proactive support,49.25,80.89
5140-FOMCQ,59,109.15,One year,Fiber optic,No,Credit card (automatic),0,Low Risk,Continue regular engagement,0.0,16.78
6242-SGYTS,62,94.95,One year,Fiber optic,No,Credit card (automatic),0,Low Risk,Continue regular engagement,0.0,6.04
8166-ORCHU,33,93.55,One year,Fiber optic,Yes,Electronic check,0,Low Risk,Continue regular engagement,0.0,15.4
8414-OOEEL,66,79.5,Two year,DSL,Yes,Credit card (automatic),0,Low Risk,Continue regular engagement,0.0,4.96
8454-AATJP,72,115.05,Two year,Fiber optic,Yes,Credit card (automatic),0,Low Risk,Continue regular engagement,0.0,1.53
6849-WLEYG,1,19.75,Month-to-month,No,No internet service,Mailed check,1,Medium Risk,Offer contract upgrade incentive,19.75,37.26
4659-NZRUF,19,95.15,Month-to-month,Fiber optic,No,Electronic check,1,Medium Risk,Offer contract upgrade incentive,95.15,62.07
4531-AUZNK,51,95.15,One year,Fiber optic,Yes,Mailed check,0,Low Risk,Continue regular engagement,0.0,5.67
4191-XOVOM,63,105.4,Month-to-month,Fiber optic,Yes,Electronic check,0,Low Risk,Continue regular engagement,0.0,27.81
2150-OEGBV,27,20.1,One year,No,No internet service,Bank transfer (automatic),0,Low Risk,Continue regular engagement,0.0,2.09
8429-XIBUM,22,101.35,Month-to-month,Fiber optic,No,Bank transfer (automatic),1,Medium Risk,Offer contract upgrade incentive,101.35,67.07
1855-CFULU,4,20.05,Month-to-month,No,No internet service,Mailed check,0,Low Risk,Continue regular engagement,0.0,18.02
4878-BUNFV,42,20.7,Two year,No,No internet service,Mailed check,0,Low Risk,Continue regular engagement,0.0,0.79
1872-EBWSC,29,20.35,One year,No,No internet service,Mailed check,0,Low Risk,Continue regular engagement,0.0,2.09
2608-BHKFN,4,70.05,Month-to-month,Fiber optic,No,Credit card (automatic),1,Medium Risk,Offer contract upgrade incentive,70.05,57.37
7026-YMSBE,30,19.7,One year,No,No internet service,Mailed check,0,Low Risk,Continue regular engagement,0.0,2.39
7341-LXCAF,4,74.65,Month-to-month,Fiber optic,No,Electronic check,1,High Risk,Offer annual contract discount + proactive support,74.65,70.78
6997-UVGOX,71,85.45,Two year,DSL,Yes,Bank transfer (automatic),0,Low Risk,Continue regular engagement,0.0,0.7
9674-EHPPG,46,40.4,Two year,DSL,Yes,Credit card (automatic),0,Low Risk,Continue regular engagement,0.0,1.97
9462-MJUAW,4,50.4,Month-to-month,DSL,No,Mailed check,1,Medium Risk,Offer contract upgrade incentive,50.4,38.78
8128-YVJRG,7,79.65,Month-to-month,Fiber optic,No,Mailed check,1,Medium Risk,Offer contract upgrade incentive,79.65,59.22
5440-VHLUL,69,105.2,One year,Fiber optic,Yes,Bank transfer (automatic),1,Medium Risk,Monitor customer + targeted engagement,105.2,35.96
5781-BKHOP,72,100.65,Two year,Fiber optic,No,Bank transfer (automatic),0,Low Risk,Continue regular engagement,0.0,1.02
4283-FUTGF,19,79.85,Month-to-month,Fiber optic,No,Electronic check,1,Medium Risk,Offer contract upgrade incentive,79.85,63.19
5213-TWWJU,28,91.0,Month-to-month,Fiber optic,Yes,Electronic check,0,Low Risk,Continue regular engagement,0.0,28.33
1569-TTNYJ,5,78.75,Month-to-month,Fiber optic,No,Electronic check,1,High Risk,Offer annual contract discount + proactive support,78.75,76.39
8628-MFKAX,72,116.75,Two year,Fiber optic,Yes,Credit card (automatic),0,Low Risk,Continue regular engagement,0.0,1.5
2397-BRLOM,8,80.45,Month-to-month,Fiber optic,No,Credit card (automatic),1,Medium Risk,Offer contract upgrade incentive,80.45,58.34
7629-WIXZF,7,59.1,One year,DSL,No,Electronic check,0,Low Risk,Continue regular engagement,0.0,20.19
5445-GLVOT,22,49.8,Month-to-month,DSL,No,Electronic check,1,Medium Risk,Offer contract upgrade incentive,49.8,36.31
3976-HXHCE,72,19.3,Two year,No,No internet service,Bank transfer (automatic),0,Low Risk,Continue regular engagement,0.0,0.71
2466-NEJOJ,8,19.65,Month-to-month,No,No internet service,Credit card (automatic),0,Low Risk,Continue regular engagement,0.0,7.8
0254-KCJGT,52,81.4,One year,DSL,Yes,Credit card (automatic),0,Low Risk,Continue regular engagement,0.0,8.66
5472-CVMDX,68,38.9,Two year,DSL,Yes,Mailed check,0,Low Risk,Continue regular engagement,0.0,0.9
6461-SZMCV,71,87.95,Two year,DSL,Yes,Bank transfer (automatic),0,Low Risk,Continue regular engagement,0.0,0.53
8150-QUDFX,2,19.85,Month-to-month,No,No internet service,Mailed check,0,Low Risk,Continue regular engagement,0.0,13.28
9508-ILZDG,34,96.35,Month-to-month,Fiber optic,Yes,Electronic check,1,Medium Risk,Offer contract upgrade incentive,96.35,46.39
2346-DJQTB,35,24.15,Month-to-month,DSL,No,Electronic check,0,Low Risk,Continue regular engagement,0.0,18.7
1697-LYYYX,61,19.1,One year,No,No internet service,Credit card (automatic),0,Low Risk,Continue regular engagement,0.0,1.91
1942-OQFRW,1,44.0,Month-to-month,DSL,No,Electronic check,1,Medium Risk,Offer contract upgrade incentive,44.0,52.15
4749-VFKVB,1,50.1,Month-to-month,DSL,No,Mailed check,1,Medium Risk,Offer contract upgrade incentive,50.1,51.25
9640-ZSLDC,53,60.6,One year,DSL,No,Credit card (automatic),0,Low Risk,Continue regular engagement,0.0,7.36
4231-LZUYM,72,25.65,Two year,No,No internet service,Bank transfer (automatic),0,Low Risk,Continue regular engagement,0.0,0.56
7598-UAASY,2,76.4,Month-to-month,Fiber optic,No,Electronic check,1,Medium Risk,Offer contract upgrade incentive,76.4,62.56
7938-OUHIO,3,98.7,Month-to-month,Fiber optic,Yes,Electronic check,1,High Risk,Offer annual contract discount + proactive support,98.7,80.89
8510-AWCXC,13,100.8,Month-to-month,Fiber optic,No,Electronic check,1,High Risk,Offer annual contract discount + proactive support,100.8,80.93
6128-AQBMT,41,53.95,Month-to-month,DSL,No,Electronic check,1,Medium Risk,Offer contract upgrade incentive,53.95,49.04
3594-BDSOA,24,20.4,One year,No,No internet service,Credit card (automatic),0,Low Risk,Continue regular engagement,0.0,2.39
0431-APWVY,28,90.1,One year,Fiber optic,No,Bank transfer (automatic),0,Low Risk,Continue regular engagement,0.0,21.78
5133-VRSAB,8,29.35,Month-to-month,DSL,No,Mailed check,0,Low Risk,Continue regular engagement,0.0,18.65
5996-DAOQL,1,20.45,Month-to-month,No,No internet service,Mailed check,0,Low Risk,Continue regular engagement,0.0,30.02
6838-YAUVY,54,95.1,Two year,Fiber optic,Yes,Bank transfer (automatic),0,Low Risk,Continue regular engagement,0.0,7.0
0484-JPBRU,41,25.25,Month-to-month,No,No internet service,Bank transfer (automatic),0,Low Risk,Continue regular engagement,0.0,7.26
7883-ROJOC,19,44.9,Month-to-month,DSL,No,Mailed check,0,Low Risk,Continue regular engagement,0.0,16.28
0244-LGNFY,72,92.65,Two year,DSL,Yes,Bank transfer (automatic),0,Low Risk,Continue regular engagement,0.0,0.4
7274-CGTOD,62,43.7,Two year,DSL,Yes,Bank transfer (automatic),0,Low Risk,Continue regular engagement,0.0,1.49
4295-YURET,56,72.6,Two year,DSL,Yes,Credit card (automatic),0,Low Risk,Continue regular engagement,0.0,1.92
3426-NIYYL,15,51.55,Month-to-month,DSL,No,Electronic check,0,Low Risk,Continue regular engagement,0.0,32.02
8225-BTJAU,10,79.25,Month-to-month,Fiber optic,No,Electronic check,1,Medium Risk,Offer contract upgrade incentive,79.25,65.2
4635-EJYPD,32,18.95,Two year,No,No internet service,Mailed check,0,Low Risk,Continue regular engagement,0.0,0.69
1866-ZSLJM,21,20.5,Month-to-month,No,No internet service,Credit card (automatic),0,Low Risk,Continue regular engagement,0.0,5.27
4636-TVXVG,62,19.95,One year,No,No internet service,Bank transfer (automatic),0,Low Risk,Continue regular engagement,0.0,2.51
4236-UJPWO,2,24.5,Month-to-month,DSL,No,Electronic check,1,Medium Risk,Offer contract upgrade incentive,24.5,48.56
9392-XBGTD,27,20.6,Two year,No,No internet service,Mailed check,0,Low Risk,Continue regular engagement,0.0,0.89
3387-VATUS,5,94.85,Month-to-month,Fiber optic,No,Bank transfer (automatic),1,High Risk,Offer annual contract discount + proactive support,94.85,84.6
6402-SSEJG,25,61.05,One year,DSL,No,Electronic check,0,Low Risk,Continue regular engagement,0.0,11.02
1143-NMNQJ,2,85.7,Month-to-month,Fiber optic,No,Electronic check,1,High Risk,Offer annual contract discount + proactive support,85.7,82.4
1169-SAOCL,49,106.65,One year,Fiber optic,Yes,Bank transfer (automatic),0,Low Risk,Continue regular engagement,0.0,28.32
1110-KYLGQ,63,108.25,Month-to-month,Fiber optic,No,Credit card (automatic),0,Low Risk,Continue regular engagement,0.0,23.36
9929-PLVPA,4,20.4,Month-to-month,No,No internet service,Credit card (automatic),0,Low Risk,Continue regular engagement,0.0,8.34
3518-PZXZQ,1,55.3,Month-to-month,DSL,No,Mailed check,1,Medium Risk,Offer contract upgrade incentive,55.3,65.58
2371-JUNGC,11,20.25,Month-to-month,No,No internet service,Mailed check,0,Low Risk,Continue regular engagement,0.0,7.03
7693-QPEFS,52,72.95,Month-to-month,Fiber optic,No,Bank transfer (automatic),0,Low Risk,Continue regular engagement,0.0,24.4
0924-BJCRC,60,89.45,Month-to-month,Fiber optic,No,Electronic check,0,Low Risk,Continue regular engagement,0.0,20.27
5074-FBGHB,64,104.65,One year,Fiber optic,Yes,Credit card (automatic),1,Medium Risk,Monitor customer + targeted engagement,104.65,35.59
2351-BKRZW,43,75.2,Two year,DSL,No,Bank transfer (automatic),0,Low Risk,Continue regular engagement,0.0,2.16
4455-BFSPD,61,101.15,One year,Fiber optic,Yes,Bank transfer (automatic),0,Low Risk,Continue regular engagement,0.0,12.96
0415-MOSGF,1,44.4,Month-to-month,DSL,No,Mailed check,1,Medium Risk,Offer contract upgrade incentive,44.4,45.27
1724-BQUHA,5,89.5,Month-to-month,Fiber optic,No,Electronic check,1,High Risk,Offer annual contract discount + proactive support,89.5,81.62
3948-KXDUF,66,68.75,Two year,DSL,Yes,Bank transfer (automatic),0,Low Risk,Continue regular engagement,0.0,1.34
2323-ARSVR,67,111.05,Two year,Fiber optic,Yes,Electronic check,0,Low Risk,Continue regular engagement,0.0,8.8
0815-MFZGM,42,99.0,Two year,Fiber optic,Yes,Credit card (automatic),0,Low Risk,Continue regular engagement,0.0,4.75
4826-XTSOH,1,86.05,Month-to-month,Fiber optic,No,Electronic check,1,High Risk,Offer annual contract discount + proactive support,86.05,90.68
5480-XTFFL,31,21.0,Two year,No,No internet service,Mailed check,0,Low Risk,Continue regular engagement,0.0,1.03
8295-FHIVV,7,19.4,Month-to-month,No,No internet service,Mailed check,0,Low Risk,Continue regular engagement,0.0,12.42
2495-INZWQ,4,44.55,Month-to-month,DSL,No,Electronic check,1,Medium Risk,Offer contract upgrade incentive,44.55,66.6
9086-YJYXS,34,77.2,One year,DSL,No,Bank transfer (automatic),0,Low Risk,Continue regular engagement,0.0,13.93
1179-INLAT,3,19.45,One year,No,No internet service,Mailed check,0,Low Risk,Continue regular engagement,0.0,5.29
7909-FIOIY,19,24.85,Month-to-month,DSL,No,Mailed check,0,Low Risk,Continue regular engagement,0.0,17.04
4139-SUGLD,31,35.4,Month-to-month,DSL,Yes,Bank transfer (automatic),0,Low Risk,Continue regular engagement,0.0,11.82
6857-VWJDT,1,95.65,Month-to-month,Fiber optic,No,Mailed check,1,High Risk,Offer annual contract discount + proactive support,95.65,85.74
6351-SCJKT,3,41.35,Month-to-month,DSL,Yes,Mailed check,0,Low Risk,Continue regular engagement,0.0,26.48
5468-BPMMO,46,19.6,Month-to-month,No,No internet service,Electronic check,0,Low Risk,Continue regular engagement,0.0,3.81
5624-BQSSA,1,20.95,Month-to-month,No,No internet service,Mailed check,1,Medium Risk,Offer contract upgrade incentive,20.95,36.99
0197-PNKNK,69,84.45,One year,Fiber optic,No,Bank transfer (automatic),0,Low Risk,Continue regular engagement,0.0,6.61
2439-QKJUL,5,20.25,Month-to-month,No,No internet service,Mailed check,0,Low Risk,Continue regular engagement,0.0,10.12
1194-SPVSP,1,19.65,Month-to-month,No,No internet service,Bank transfer (automatic),1,Medium Risk,Offer contract upgrade incentive,19.65,35.3
9534-NSXEM,26,20.65,One year,No,No internet service,Credit card (automatic),0,Low Risk,Continue regular engagement,0.0,2.39
2408-WITXK,10,34.7,Month-to-month,DSL,No,Electronic check,1,Medium Risk,Offer contract upgrade incentive,34.7,57.51
8929-KSWIH,25,99.3,Two year,Fiber optic,Yes,Bank transfer (automatic),0,Low Risk,Continue regular engagement,0.0,6.25
2250-IVBWA,64,81.05,Month-to-month,Fiber optic,No,Electronic check,0,Low Risk,Continue regular engagement,0.0,9.95
1810-MVMAI,30,67.6,Month-to-month,DSL,Yes,Electronic check,0,Low Risk,Continue regular engagement,0.0,6.58
9506-UXUSK,13,70.15,Month-to-month,Fiber optic,No,Electronic check,1,Medium Risk,Offer contract upgrade incentive,70.15,52.85
1229-RCALF,64,115.0,One year,Fiber optic,Yes,Electronic check,0,Low Risk,Continue regular engagement,0.0,11.15
3572-UOLYZ,46,84.8,Month-to-month,Fiber optic,Yes,Bank transfer (automatic),0,Low Risk,Continue regular engagement,0.0,23.59
1429-UYJSV,12,19.7,One year,No,No internet service,Mailed check,0,Low Risk,Continue regular engagement,0.0,4.33
5577-OTWWW,15,19.75,Month-to-month,No,No internet service,Bank transfer (automatic),0,Low Risk,Continue regular engagement,0.0,14.78
6100-QQHEB,17,92.55,Month-to-month,Fiber optic,No,Electronic check,1,Medium Risk,Offer contract upgrade incentive,92.55,64.38
6366-XIVKZ,13,63.15,Month-to-month,DSL,No,Mailed check,0,Low Risk,Continue regular engagement,0.0,15.79
3470-OBUET,67,74.0,Two year,DSL,Yes,Credit card (automatic),0,Low Risk,Continue regular engagement,0.0,3.4
2770-NSVDG,24,29.1,Month-to-month,DSL,No,Electronic check,0,Low Risk,Continue regular engagement,0.0,25.1
9375-MHRRS,6,50.05,Month-to-month,DSL,Yes,Mailed check,0,Low Risk,Continue regular engagement,0.0,25.39
2634-HCZGT,53,60.05,One year,DSL,Yes,Electronic check,0,Low Risk,Continue regular engagement,0.0,11.75
7503-QQRVF,16,74.3,Month-to-month,Fiber optic,No,Credit card (automatic),1,Medium Risk,Offer contract upgrade incentive,74.3,45.99
4860-YZGZM,10,20.0,Month-to-month,No,No internet service,Electronic check,0,Low Risk,Continue regular engagement,0.0,7.5
6599-GZWCM,13,74.65,One year,Fiber optic,No,Mailed check,0,Low Risk,Continue regular engagement,0.0,14.63
2691-NZETQ,9,85.35,Month-to-month,Fiber optic,No,Electronic check,1,High Risk,Offer annual contract discount + proactive support,85.35,75.32
4404-HIBDJ,25,74.3,One year,DSL,Yes,Mailed check,0,Low Risk,Continue regular engagement,0.0,4.52
5533-NHFRF,7,44.4,Month-to-month,DSL,Yes,Electronic check,1,Medium Risk,Offer contract upgrade incentive,44.4,38.6
7037-MTYVW,38,85.4,Two year,DSL,Yes,Bank transfer (automatic),0,Low Risk,Continue regular engagement,0.0,2.48
4760-THGOT,43,94.1,Month-to-month,Fiber optic,No,Electronic check,1,Medium Risk,Offer contract upgrade incentive,94.1,35.11
7295-JOMMD,4,98.1,Month-to-month,Fiber optic,Yes,Bank transfer (automatic),1,High Risk,Offer annual contract discount + proactive support,98.1,79.48
4016-BJKTZ,25,108.9,Two year,Fiber optic,Yes,Electronic check,1,Medium Risk,Monitor customer + targeted engagement,108.9,35.1
6584-VQMYT,27,56.2,One year,DSL,No,Mailed check,0,Low Risk,Continue regular engagement,0.0,3.81
9838-BFCQT,72,26.1,Two year,No,No internet service,Mailed check,0,Low Risk,Continue regular engagement,0.0,0.48
2790-XUYMV,71,85.45,One year,Fiber optic,No,Credit card (automatic),0,Low Risk,Continue regular engagement,0.0,3.99
0581-MDMPW,24,88.95,Month-to-month,Fiber optic,No,Credit card (automatic),1,Medium Risk,Offer contract upgrade incentive,88.95,36.81
5013-SBUIH,50,109.65,Two year,Fiber optic,Yes,Electronic check,0,Low Risk,Continue regular engagement,0.0,25.27
1023-BQXZE,57,74.35,Two year,DSL,No,Bank transfer (automatic),0,Low Risk,Continue regular engagement,0.0,1.99
9163-GHAYE,15,48.85,Month-to-month,DSL,No,Electronic check,0,Low Risk,Continue regular engagement,0.0,21.6
3904-UKFRE,4,80.1,Month-to-month,Fiber optic,No,Electronic check,1,Medium Risk,Offer contract upgrade incentive,80.1,59.59
5353-WILCI,28,56.05,Month-to-month,DSL,No,Electronic check,0,Low Risk,Continue regular engagement,0.0,8.74
0709-TVGUR,9,74.55,Month-to-month,Fiber optic,No,Electronic check,1,Medium Risk,Offer contract upgrade incentive,74.55,67.44
0058-EVZWM,55,89.8,Month-to-month,Fiber optic,No,Bank transfer (automatic),0,Low Risk,Continue regular engagement,0.0,17.19
6023-YEBUP,3,100.95,Month-to-month,Fiber optic,No,Electronic check,1,High Risk,Offer annual contract discount + proactive support,100.95,75.93
7209-JCUDS,10,94.9,Month-to-month,Fiber optic,No,Electronic check,1,High Risk,Offer annual contract discount + proactive support,94.9,72.6
7009-PCARS,55,19.1,One year,No,No internet service,Bank transfer (automatic),0,Low Risk,Continue regular engagement,0.0,0.92
0519-DRGTI,20,20.35,Month-to-month,No,No internet service,Mailed check,0,Low Risk,Continue regular engagement,0.0,4.38
1017-FBQMM,62,106.05,One year,Fiber optic,Yes,Credit card (automatic),0,Low Risk,Continue regular engagement,0.0,11.58
3001-CBHLQ,32,104.9,Month-to-month,Fiber optic,Yes,Electronic check,1,Medium Risk,Offer contract upgrade incentive,104.9,54.57
1985-MBRYP,43,19.65,Two year,No,No internet service,Bank transfer (automatic),0,Low Risk,Continue regular engagement,0.0,1.08
6158-DWPZT,9,24.1,One year,DSL,No,Bank transfer (automatic),0,Low Risk,Continue regular engagement,0.0,13.1
9372-TXXPS,60,59.85,Two year,DSL,Yes,Bank transfer (automatic),0,Low Risk,Continue regular engagement,0.0,0.98
3259-QMXUN,58,86.1,Two year,DSL,No,Electronic check,0,Low Risk,Continue regular engagement,0.0,4.91
1015-JPFYW,7,19.45,One year,No,No internet service,Mailed check,0,Low Risk,Continue regular engagement,0.0,4.43
6645-MXQJT,2,97.1,Month-to-month,Fiber optic,No,Electronic check,1,Medium Risk,Offer contract upgrade incentive,97.1,54.37
4360-QRAVE,37,36.65,Month-to-month,DSL,No,Electronic check,0,Low Risk,Continue regular engagement,0.0,29.82
8433-WPJTV,65,103.9,One year,Fiber optic,Yes,Bank transfer (automatic),0,Low Risk,Continue regular engagement,0.0,15.87
5804-JMYIO,39,19.75,Two year,No,No internet service,Mailed check,0,Low Risk,Continue regular engagement,0.0,1.88
3763-GCZHZ,66,104.05,One year,Fiber optic,Yes,Electronic check,1,Medium Risk,Monitor customer + targeted engagement,104.05,39.81
6484-LATFU,68,24.55,Two year,No,No internet service,Mailed check,0,Low Risk,Continue regular engagement,0.0,0.67
7599-NTMDP,62,48.7,Two year,DSL,Yes,Bank transfer (automatic),0,Low Risk,Continue regular engagement,0.0,1.38
0772-GYEQQ,3,88.35,Month-to-month,Fiber optic,Yes,Mailed check,1,Medium Risk,Offer contract upgrade incentive,88.35,68.98
0536-ACXIP,72,109.55,Two year,Fiber optic,No,Electronic check,0,Low Risk,Continue regular engagement,0.0,2.33
0936-NQLJU,41,20.65,Two year,No,No internet service,Credit card (automatic),0,Low Risk,Continue regular engagement,0.0,1.09
4831-EOBFE,29,94.65,Month-to-month,Fiber optic,No,Credit card (automatic),1,Medium Risk,Offer contract upgrade incentive,94.65,36.01
1575-KRZZE,4,55.2,Month-to-month,DSL,No,Electronic check,0,Low Risk,Continue regular engagement,0.0,22.55
3251-YMVWZ,53,24.05,One year,No,No internet service,Bank transfer (automatic),0,Low Risk,Continue regular engagement,0.0,2.13
4102-OQUPX,1,74.4,Month-to-month,Fiber optic,No,Electronic check,1,High Risk,Offer annual contract discount + proactive support,74.4,86.75
9170-GYZJC,41,79.9,Month-to-month,DSL,Yes,Credit card (automatic),0,Low Risk,Continue regular engagement,0.0,17.32
4884-LEVMQ,39,20.45,Two year,No,No internet service,Bank transfer (automatic),0,Low Risk,Continue regular engagement,0.0,1.02
8857-CUPFQ,63,19.25,Two year,No,No internet service,Mailed check,0,Low Risk,Continue regular engagement,0.0,1.1
7610-TVOPG,15,26.35,Month-to-month,No,No internet service,Electronic check,0,Low Risk,Continue regular engagement,0.0,17.36
3638-DIMPH,13,43.8,One year,DSL,No,Electronic check,0,Low Risk,Continue regular engagement,0.0,15.55
1845-ZLLIG,1,50.15,Month-to-month,DSL,No,Mailed check,1,Medium Risk,Offer contract upgrade incentive,50.15,49.91
8559-WNQZS,1,20.45,Two year,No,No internet service,Mailed check,0,Low Risk,Continue regular engagement,0.0,3.53
3999-QGRJH,8,69.7,Month-to-month,Fiber optic,No,Electronic check,1,Medium Risk,Offer contract upgrade incentive,69.7,62.1
1699-UOTXU,60,61.4,Two year,DSL,No,Electronic check,0,Low Risk,Continue regular engagement,0.0,1.62
2454-RPBRZ,12,98.1,Month-to-month,Fiber optic,No,Electronic check,1,High Risk,Offer annual contract discount + proactive support,98.1,86.01
0635-WKOLD,40,70.75,One year,DSL,Yes,Credit card (automatic),0,Low Risk,Continue regular engagement,0.0,6.94
5993-JSUWV,66,61.15,Two year,DSL,No,Bank transfer (automatic),0,Low Risk,Continue regular engagement,0.0,1.15
4518-FZBSX,42,20.25,One year,No,No internet service,Mailed check,0,Low Risk,Continue regular engagement,0.0,1.56
5387-ASZNZ,66,63.85,One year,DSL,Yes,Credit card (automatic),0,Low Risk,Continue regular engagement,0.0,4.38
6988-CJEYV,49,98.7,Month-to-month,Fiber optic,No,Electronic check,1,Medium Risk,Offer contract upgrade incentive,98.7,42.0
2002-MZHWP,1,20.5,Month-to-month,No,No internet service,Mailed check,1,Medium Risk,Offer contract upgrade incentive,20.5,35.53
3097-FQTVJ,41,20.0,Two year,No,No internet service,Mailed check,0,Low Risk,Continue regular engagement,0.0,1.24
5465-BUBFA,41,19.3,Two year,No,No internet service,Bank transfer (automatic),0,Low Risk,Continue regular engagement,0.0,0.85
7299-GNVPL,23,84.4,Month-to-month,Fiber optic,Yes,Mailed check,0,Low Risk,Continue regular engagement,0.0,16.23
9743-DQKQW,3,25.1,Month-to-month,DSL,No,Electronic check,1,Medium Risk,Offer contract upgrade incentive,25.1,55.03
1215-VFYVK,4,48.25,Month-to-month,DSL,Yes,Mailed check,0,Low Risk,Continue regular engagement,0.0,22.32
9371-BITHB,52,19.85,Two year,No,No internet service,Mailed check,0,Low Risk,Continue regular engagement,0.0,1.41
2265-CYWIV,4,99.6,Month-to-month,Fiber optic,No,Electronic check,1,High Risk,Offer annual contract discount + proactive support,99.6,81.42
9093-FPDLG,11,94.2,Month-to-month,Fiber optic,Yes,Electronic check,1,Medium Risk,Offer contract upgrade incentive,94.2,51.39
0541-FITGH,2,62.15,Month-to-month,DSL,No,Mailed check,0,Low Risk,Continue regular engagement,0.0,31.92
6985-HAYWX,26,79.3,Month-to-month,Fiber optic,No,Bank transfer (automatic),0,Low Risk,Continue regular engagement,0.0,28.39
7508-KBIMB,24,56.25,One year,DSL,No,Credit card (automatic),0,Low Risk,Continue regular engagement,0.0,6.4
6838-HVLXG,12,20.3,Month-to-month,No,No internet service,Mailed check,0,Low Risk,Continue regular engagement,0.0,6.43
2277-DJJDL,60,99.0,Month-to-month,Fiber optic,Yes,Electronic check,1,Medium Risk,Offer contract upgrade incentive,99.0,38.29
1897-OKVMW,64,90.6,Two year,DSL,Yes,Mailed check,0,Low Risk,Continue regular engagement,0.0,0.87
5485-ITNPC,66,85.9,Two year,DSL,Yes,Bank transfer (automatic),0,Low Risk,Continue regular engagement,0.0,1.45
0233-FTHAV,60,79.2,One year,Fiber optic,No,Bank transfer (automatic),0,Low Risk,Continue regular engagement,0.0,6.8
4644-PIZRT,17,70.35,One year,DSL,No,Bank transfer (automatic),0,Low Risk,Continue regular engagement,0.0,9.9
8922-NPKBJ,42,19.35,Two year,No,No internet service,Mailed check,0,Low Risk,Continue regular engagement,0.0,1.14
2740-TVLFN,1,50.15,Month-to-month,DSL,No,Electronic check,1,Medium Risk,Offer contract upgrade incentive,50.15,60.82
7771-CFQRQ,47,63.8,Two year,DSL,Yes,Bank transfer (automatic),0,Low Risk,Continue regular engagement,0.0,1.81
9512-PHSMG,10,20.55,Month-to-month,No,No internet service,Mailed check,0,Low Risk,Continue regular engagement,0.0,8.14
6963-EZQEE,70,88.55,Two year,DSL,Yes,Credit card (automatic),0,Low Risk,Continue regular engagement,0.0,3.02
2452-KDRRH,67,101.4,Month-to-month,Fiber optic,No,Credit card (automatic),1,Medium Risk,Offer contract upgrade incentive,101.4,53.69
2004-OCQXK,1,81.95,Month-to-month,Fiber optic,No,Electronic check,1,High Risk,Offer annual contract discount + proactive support,81.95,83.54
5027-QPKTE,7,69.35,Month-to-month,Fiber optic,No,Electronic check,1,Medium Risk,Offer contract upgrade incentive,69.35,60.13
4146-SVFUD,1,44.6,Month-to-month,DSL,No,Mailed check,1,Medium Risk,Offer contract upgrade incentive,44.6,45.82
1564-HJUVY,4,63.75,Month-to-month,DSL,Yes,Bank transfer (automatic),0,Low Risk,Continue regular engagement,0.0,25.29
3617-XLSGQ,66,109.25,Two year,Fiber optic,No,Bank transfer (automatic),0,Low Risk,Continue regular engagement,0.0,8.83
7517-LDMPS,12,84.6,Month-to-month,Fiber optic,No,Electronic check,1,Medium Risk,Offer contract upgrade incentive,84.6,57.08
7244-KXYZN,24,20.45,One year,No,No internet service,Credit card (automatic),0,Low Risk,Continue regular engagement,0.0,1.93
5226-NOZFC,26,85.75,Month-to-month,Fiber optic,No,Electronic check,1,Medium Risk,Offer contract upgrade incentive,85.75,46.43
2672-HUYVI,6,91.1,Month-to-month,Fiber optic,No,Electronic check,1,Medium Risk,Offer contract upgrade incentive,91.1,69.55
1400-WIVLL,57,107.95,Two year,Fiber optic,Yes,Electronic check,0,Low Risk,Continue regular engagement,0.0,17.99
7508-MYBOG,14,86.1,Month-to-month,Fiber optic,No,Electronic check,1,Medium Risk,Offer contract upgrade incentive,86.1,66.27
8148-NLEGT,42,22.95,Two year,No,No internet service,Electronic check,0,Low Risk,Continue regular engagement,0.0,2.24
0148-DCDOS,25,94.7,Month-to-month,Fiber optic,No,Bank transfer (automatic),1,Medium Risk,Offer contract upgrade incentive,94.7,63.47
8347-GDTMP,64,19.45,Two year,No,No internet service,Credit card (automatic),0,Low Risk,Continue regular engagement,0.0,1.56
9992-RRAMN,22,85.1,Month-to-month,Fiber optic,No,Electronic check,1,Medium Risk,Offer contract upgrade incentive,85.1,62.9
6746-WAUWT,19,19.7,One year,No,No internet service,Credit card (automatic),0,Low Risk,Continue regular engagement,0.0,3.41
0310-MVLET,61,99.15,Month-to-month,Fiber optic,No,Electronic check,1,Medium Risk,Offer contract upgrade incentive,99.15,36.8
0428-IKYCP,22,87.0,Month-to-month,Fiber optic,No,Bank transfer (automatic),1,Medium Risk,Offer contract upgrade incentive,87.0,39.15
4550-VBOFE,70,102.95,Month-to-month,Fiber optic,No,Electronic check,1,Medium Risk,Offer contract upgrade incentive,102.95,58.06
2187-PKZAY,12,79.95,Month-to-month,Fiber optic,No,Bank transfer (automatic),1,Medium Risk,Offer contract upgrade incentive,79.95,61.57
4003-OCTMP,31,64.0,One year,DSL,Yes,Electronic check,0,Low Risk,Continue regular engagement,0.0,6.17
6652-YFFJO,11,64.9,Month-to-month,DSL,No,Electronic check,0,Low Risk,Continue regular engagement,0.0,34.02
7225-IILWY,68,25.75,Two year,No,No internet service,Mailed check,0,Low Risk,Continue regular engagement,0.0,0.56
5248-RPYWW,72,90.15,Two year,DSL,Yes,Bank transfer (automatic),0,Low Risk,Continue regular engagement,0.0,0.65
7923-IYJWY,67,116.1,Two year,Fiber optic,Yes,Credit card (automatic),0,Low Risk,Continue regular engagement,0.0,16.6
3170-GWYKC,60,104.95,Month-to-month,Fiber optic,Yes,Bank transfer (automatic),0,Low Risk,Continue regular engagement,0.0,21.23
5696-QURRL,1,45.05,Month-to-month,DSL,No,Mailed check,1,Medium Risk,Offer contract upgrade incentive,45.05,60.73
7409-KIUTL,1,71.0,Month-to-month,Fiber optic,No,Electronic check,1,High Risk,Offer annual contract discount + proactive support,71.0,82.04
9830-ECLEN,58,50.0,One year,DSL,No,Mailed check,0,Low Risk,Continue regular engagement,0.0,6.39
1732-VHUBQ,47,70.55,Month-to-month,Fiber optic,No,Bank transfer (automatic),0,Low Risk,Continue regular engagement,0.0,28.84
0495-RVCBF,1,79.7,Month-to-month,Fiber optic,No,Electronic check,1,High Risk,Offer annual contract discount + proactive support,79.7,87.6
2668-TZSPS,1,20.45,Month-to-month,No,No internet service,Mailed check,0,Low Risk,Continue regular engagement,0.0,23.76
7854-EDSSA,22,59.0,Month-to-month,DSL,No,Electronic check,0,Low Risk,Continue regular engagement,0.0,18.38
8869-TORSS,48,60.35,One year,DSL,Yes,Credit card (automatic),0,Low Risk,Continue regular engagement,0.0,5.91
7446-SFAOA,37,19.85,One year,No,No internet service,Bank transfer (automatic),0,Low Risk,Continue regular engagement,0.0,3.67
9522-ZSINC,13,19.95,One year,No,No internet service,Electronic check,0,Low Risk,Continue regular engagement,0.0,8.87
8234-GSZYK,43,26.45,Two year,No,No internet service,Bank transfer (automatic),0,Low Risk,Continue regular engagement,0.0,1.83
6505-OZNPG,6,63.4,Two year,DSL,Yes,Mailed check,0,Low Risk,Continue regular engagement,0.0,2.93
6164-HAQTX,71,53.95,Two year,DSL,Yes,Bank transfer (automatic),0,Low Risk,Continue regular engagement,0.0,0.76
0679-IDSTG,1,69.25,Month-to-month,Fiber optic,No,Electronic check,1,High Risk,Offer annual contract discount + proactive support,69.25,85.11
7765-LWVVH,72,95.1,Two year,Fiber optic,No,Electronic check,0,Low Risk,Continue regular engagement,0.0,2.1
1658-TJVOA,6,74.1,Month-to-month,Fiber optic,No,Electronic check,1,Medium Risk,Offer contract upgrade incentive,74.1,50.4
0953-LGOVU,12,35.5,Month-to-month,DSL,Yes,Mailed check,0,Low Risk,Continue regular engagement,0.0,15.22
2115-BFTIW,25,70.95,Month-to-month,Fiber optic,No,Mailed check,0,Low Risk,Continue regular engagement,0.0,18.77
4692-NNQRU,21,79.2,One year,Fiber optic,Yes,Electronic check,0,Low Risk,Continue regular engagement,0.0,16.62
7742-MYPGI,6,48.8,Month-to-month,DSL,Yes,Mailed check,0,Low Risk,Continue regular engagement,0.0,23.09
0611-DFXKO,20,89.0,Month-to-month,Fiber optic,No,Mailed check,1,Medium Risk,Offer contract upgrade incentive,89.0,45.15
7780-OTDSO,18,99.4,Month-to-month,Fiber optic,No,Electronic check,1,High Risk,Offer annual contract discount + proactive support,99.4,74.94
9619-GSATL,43,55.45,One year,DSL,Yes,Electronic check,0,Low Risk,Continue regular engagement,0.0,10.03
5622-UEJFI,35,25.4,Two year,No,No internet service,Credit card (automatic),0,Low Risk,Continue regular engagement,0.0,2.48
9747-DDZOS,1,73.5,Month-to-month,Fiber optic,No,Bank transfer (automatic),1,Medium Risk,Offer contract upgrade incentive,73.5,68.71
0674-DGMAQ,32,93.5,Month-to-month,Fiber optic,No,Electronic check,1,Medium Risk,Offer contract upgrade incentive,93.5,46.88
6203-HBZPA,52,63.9,Two year,DSL,Yes,Credit card (automatic),0,Low Risk,Continue regular engagement,0.0,1.68
0484-FFVBJ,32,64.85,One year,DSL,No,Bank transfer (automatic),0,Low Risk,Continue regular engagement,0.0,9.22
0301-FIDRB,72,63.8,Two year,DSL,Yes,Bank transfer (automatic),0,Low Risk,Continue regular engagement,0.0,0.44
4139-JPIAM,51,44.45,Month-to-month,DSL,Yes,Credit card (automatic),0,Low Risk,Continue regular engagement,0.0,8.28
2181-TIDSV,68,19.95,Two year,No,No internet service,Bank transfer (automatic),0,Low Risk,Continue regular engagement,0.0,1.2
2761-XECQW,8,43.35,Month-to-month,DSL,No,Mailed check,1,Medium Risk,Offer contract upgrade incentive,43.35,47.83
1936-CZAKF,49,49.65,Two year,DSL,No,Credit card (automatic),0,Low Risk,Continue regular engagement,0.0,5.76
9453-PATOS,72,85.1,Two year,DSL,Yes,Mailed check,0,Low Risk,Continue regular engagement,0.0,0.33
0564-JJHGS,9,95.5,Month-to-month,Fiber optic,No,Electronic check,1,High Risk,Offer annual contract discount + proactive support,95.5,80.73
3348-CFRNX,28,92.35,Month-to-month,Fiber optic,No,Mailed check,1,Medium Risk,Offer contract upgrade incentive,92.35,37.98
4402-FTBXC,54,89.8,Month-to-month,Fiber optic,No,Mailed check,0,Low Risk,Continue regular engagement,0.0,14.48
1428-GTBJJ,11,74.55,Month-to-month,Fiber optic,No,Electronic check,1,Medium Risk,Offer contract upgrade incentive,74.55,50.84
2931-XIQBR,50,103.05,One year,Fiber optic,Yes,Mailed check,0,Low Risk,Continue regular engagement,0.0,9.32
0106-UGRDO,69,116.0,Two year,Fiber optic,Yes,Electronic check,0,Low Risk,Continue regular engagement,0.0,6.51
5542-TBBWB,1,69.9,Month-to-month,Fiber optic,No,Electronic check,1,High Risk,Offer annual contract discount + proactive support,69.9,82.58
1930-QPBVZ,68,95.1,Two year,Fiber optic,Yes,Bank transfer (automatic),0,Low Risk,Continue regular engagement,0.0,1.28
2606-PKWJB,40,40.25,One year,DSL,Yes,Mailed check,0,Low Risk,Continue regular engagement,0.0,4.34
5322-ZSMZY,31,25.75,Two year,No,No internet service,Mailed check,0,Low Risk,Continue regular engagement,0.0,1.1
8059-UDZFY,33,105.35,Month-to-month,Fiber optic,No,Bank transfer (automatic),1,Medium Risk,Offer contract upgrade incentive,105.35,40.99
7740-BTPUX,55,113.6,Two year,Fiber optic,Yes,Electronic check,0,Low Risk,Continue regular engagement,0.0,16.01
5220-AGAAX,68,24.0,Two year,No,No internet service,Bank transfer (automatic),0,Low Risk,Continue regular engagement,0.0,0.63
0208-BPQEJ,12,19.4,Month-to-month,No,No internet service,Bank transfer (automatic),0,Low Risk,Continue regular engagement,0.0,7.56
9435-JMLSX,71,86.1,Two year,DSL,Yes,Bank transfer (automatic),0,Low Risk,Continue regular engagement,0.0,0.63
3352-ALMCK,40,102.65,Month-to-month,Fiber optic,No,Mailed check,1,Medium Risk,Offer contract upgrade incentive,102.65,50.56
5312-IRCFR,64,92.85,One year,Fiber optic,No,Electronic check,0,Low Risk,Continue regular engagement,0.0,12.93
5294-IMHHT,53,97.75,One year,Fiber optic,Yes,Bank transfer (automatic),0,Low Risk,Continue regular engagement,0.0,13.04
8802-UNOJF,12,83.8,Month-to-month,Fiber optic,Yes,Mailed check,1,Medium Risk,Offer contract upgrade incentive,83.8,59.28
6313-GIDIT,53,54.45,Month-to-month,DSL,No,Electronic check,1,Medium Risk,Offer contract upgrade incentive,54.45,47.78
6176-YJWAS,72,97.95,Two year,Fiber optic,No,Credit card (automatic),0,Low Risk,Continue regular engagement,0.0,1.01
5310-NOOVA,46,19.95,Two year,No,No internet service,Electronic check,0,Low Risk,Continue regular engagement,0.0,1.88
4526-EXKKN,40,24.6,Two year,No,No internet service,Mailed check,0,Low Risk,Continue regular engagement,0.0,1.66
5311-IHLEI,12,50.95,Month-to-month,DSL,Yes,Bank transfer (automatic),0,Low Risk,Continue regular engagement,0.0,20.31
3987-KQDDU,9,75.6,Month-to-month,Fiber optic,No,Electronic check,0,Low Risk,Continue regular engagement,0.0,33.0
3404-JNXAX,51,80.75,Month-to-month,Fiber optic,Yes,Electronic check,0,Low Risk,Continue regular engagement,0.0,30.24
5131-PONJI,49,90.4,Month-to-month,Fiber optic,No,Credit card (automatic),0,Low Risk,Continue regular engagement,0.0,21.88
2845-AFFTX,41,99.8,Month-to-month,Fiber optic,No,Electronic check,1,High Risk,Offer annual contract discount + proactive support,99.8,70.14
3489-VSFRD,56,60.25,One year,DSL,Yes,Credit card (automatic),0,Low Risk,Continue regular engagement,0.0,3.9
3345-JHUEO,4,20.2,Month-to-month,No,No internet service,Electronic check,0,Low Risk,Continue regular engagement,0.0,13.99
5815-HGGHV,20,64.15,One year,DSL,Yes,Mailed check,0,Low Risk,Continue regular engagement,0.0,8.75
5260-UMPWX,26,20.25,Month-to-month,No,No internet service,Credit card (automatic),0,Low Risk,Continue regular engagement,0.0,4.33
2249-YPRNG,20,105.85,Month-to-month,Fiber optic,No,Bank transfer (automatic),1,Medium Risk,Offer contract upgrade incentive,105.85,59.14
7410-YTJIK,7,75.45,Month-to-month,Fiber optic,No,Mailed check,1,Medium Risk,Offer contract upgrade incentive,75.45,48.52
4626-GYCZP,7,93.85,Month-to-month,Fiber optic,No,Electronic check,1,High Risk,Offer annual contract discount + proactive support,93.85,84.34
5649-RXQTV,51,99.0,Month-to-month,Fiber optic,No,Electronic check,1,Medium Risk,Offer contract upgrade incentive,99.0,39.58
2674-MIAHT,4,80.3,Month-to-month,Fiber optic,No,Mailed check,1,High Risk,Offer annual contract discount + proactive support,80.3,73.38
2576-HXMPA,1,19.55,Month-to-month,No,No internet service,Credit card (automatic),0,Low Risk,Continue regular engagement,0.0,26.58
7587-AOVVU,27,100.75,Month-to-month,Fiber optic,Yes,Electronic check,0,Low Risk,Continue regular engagement,0.0,32.16
5590-BYNII,22,100.75,Month-to-month,Fiber optic,No,Electronic check,1,High Risk,Offer annual contract discount + proactive support,100.75,73.63
6898-MDLZW,12,53.75,Month-to-month,DSL,Yes,Mailed check,0,Low Risk,Continue regular engagement,0.0,19.72
3237-AJGEH,3,31.0,Month-to-month,DSL,Yes,Mailed check,0,Low Risk,Continue regular engagement,0.0,30.5
4707-YNOQA,34,25.6,One year,No,No internet service,Credit card (automatic),0,Low Risk,Continue regular engagement,0.0,5.68
9357-UJRUN,24,58.35,One year,DSL,Yes,Electronic check,0,Low Risk,Continue regular engagement,0.0,9.8
1591-NFNLQ,51,80.0,Month-to-month,Fiber optic,No,Credit card (automatic),0,Low Risk,Continue regular engagement,0.0,30.2
8648-PFRMP,14,46.35,Month-to-month,DSL,No,Electronic check,1,Medium Risk,Offer contract upgrade incentive,46.35,57.27
7663-CUXZB,59,113.75,Two year,Fiber optic,Yes,Electronic check,0,Low Risk,Continue regular engagement,0.0,10.73
0258-NOKBL,3,90.4,Month-to-month,Fiber optic,No,Electronic check,1,Medium Risk,Offer contract upgrade incentive,90.4,60.55
1163-VIPRI,65,109.3,Two year,Fiber optic,Yes,Electronic check,0,Low Risk,Continue regular engagement,0.0,13.19
2815-CPTUL,5,70.25,Month-to-month,Fiber optic,No,Mailed check,1,Medium Risk,Offer contract upgrade incentive,70.25,59.16
9348-ROUAI,59,90.3,Two year,DSL,Yes,Credit card (automatic),0,Low Risk,Continue regular engagement,0.0,1.31
9443-JUBUO,72,65.25,Two year,DSL,Yes,Credit card (automatic),0,Low Risk,Continue regular engagement,0.0,0.48
0596-BQCEQ,62,100.15,Month-to-month,Fiber optic,No,Electronic check,1,Medium Risk,Offer contract upgrade incentive,100.15,39.56
1481-ZUWZA,28,94.5,Month-to-month,Fiber optic,No,Credit card (automatic),1,Medium Risk,Offer contract upgrade incentive,94.5,41.57
3043-TYBNO,3,60.65,Month-to-month,DSL,Yes,Mailed check,0,Low Risk,Continue regular engagement,0.0,25.12
4830-FAXFM,19,24.1,Month-to-month,No,No internet service,Credit card (automatic),0,Low Risk,Continue regular engagement,0.0,9.1
5906-BFOZT,1,19.5,Month-to-month,No,No internet service,Mailed check,1,Medium Risk,Offer contract upgrade incentive,19.5,43.57
2960-NKRSO,24,85.95,Month-to-month,Fiber optic,Yes,Electronic check,0,Low Risk,Continue regular engagement,0.0,34.18
8996-ZROXE,57,53.5,One year,DSL,Yes,Electronic check,0,Low Risk,Continue regular engagement,0.0,8.88
5598-IKHQQ,72,25.45,Two year,No,No internet service,Credit card (automatic),0,Low Risk,Continue regular engagement,0.0,0.57
0397-ZXWQF,67,20.5,Two year,No,No internet service,Bank transfer (automatic),0,Low Risk,Continue regular engagement,0.0,0.66
5266-PFRQK,52,20.85,One year,No,No internet service,Credit card (automatic),0,Low Risk,Continue regular engagement,0.0,2.48
4674-HGNUA,71,89.9,Two year,DSL,Yes,Credit card (automatic),0,Low Risk,Continue regular engagement,0.0,0.68
6765-MBQNU,26,26.0,One year,No,No internet service,Mailed check,0,Low Risk,Continue regular engagement,0.0,3.94
9786-IJYDL,35,113.2,Two year,Fiber optic,Yes,Mailed check,0,Low Risk,Continue regular engagement,0.0,7.13
1303-SRDOK,55,69.05,Two year,Fiber optic,No,Credit card (automatic),0,Low Risk,Continue regular engagement,0.0,2.14
3769-MHZNV,33,20.1,Two year,No,No internet service,Mailed check,0,Low Risk,Continue regular engagement,0.0,1.04
6295-OSINB,72,109.65,Two year,Fiber optic,No,Electronic check,0,Low Risk,Continue regular engagement,0.0,2.17
3308-MHOOC,1,19.2,Month-to-month,No,No internet service,Mailed check,0,Low Risk,Continue regular engagement,0.0,24.11
2309-OSFEU,10,33.9,Month-to-month,DSL,No,Mailed check,1,Medium Risk,Offer contract upgrade incentive,33.9,41.8
2207-QPJED,37,90.0,Month-to-month,Fiber optic,Yes,Electronic check,0,Low Risk,Continue regular engagement,0.0,27.24
4177-JPDFU,12,34.0,Month-to-month,DSL,Yes,Mailed check,0,Low Risk,Continue regular engagement,0.0,16.26
2239-CFOUJ,1,20.4,One year,No,No internet service,Mailed check,0,Low Risk,Continue regular engagement,0.0,8.78
8046-DNVTL,62,38.6,Two year,DSL,Yes,Credit card (automatic),0,Low Risk,Continue regular engagement,0.0,1.81
2209-XADXF,1,25.25,Month-to-month,DSL,No,Bank transfer (automatic),1,Medium Risk,Offer contract upgrade incentive,25.25,47.89
6620-JDYNW,18,60.6,Month-to-month,DSL,No,Mailed check,0,Low Risk,Continue regular engagement,0.0,18.96
1891-FZYSA,69,89.95,Month-to-month,Fiber optic,No,Electronic check,1,Medium Risk,Offer contract upgrade incentive,89.95,41.69
4770-UEZOX,2,74.75,Month-to-month,Fiber optic,No,Electronic check,1,Medium Risk,Offer contract upgrade incentive,74.75,65.38
1038-RQOST,19,20.6,Month-to-month,No,No internet service,Mailed check,0,Low Risk,Continue regular engagement,0.0,4.23
7613-LLQFO,12,84.45,Month-to-month,Fiber optic,No,Electronic check,1,High Risk,Offer annual contract discount + proactive support,84.45,75.58
4568-TTZRT,9,20.4,Month-to-month,No,No internet service,Mailed check,0,Low Risk,Continue regular engagement,0.0,8.05
9513-DXHDA,27,81.7,One year,DSL,Yes,Electronic check,0,Low Risk,Continue regular engagement,0.0,7.38
2640-PMGFL,27,79.5,Month-to-month,Fiber optic,Yes,Electronic check,1,Medium Risk,Offer contract upgrade incentive,79.5,45.84
3801-HMYNL,1,89.15,Month-to-month,Fiber optic,No,Mailed check,1,High Risk,Offer annual contract discount + proactive support,89.15,76.81
0516-QREYC,24,20.3,Month-to-month,No,No internet service,Mailed check,0,Low Risk,Continue regular engagement,0.0,8.49
9685-WKZGT,14,74.95,Month-to-month,Fiber optic,No,Electronic check,1,Medium Risk,Offer contract upgrade incentive,74.95,68.48
6022-UGGSO,32,74.4,Month-to-month,Fiber optic,No,Electronic check,1,Medium Risk,Offer contract upgrade incentive,74.4,44.48
8084-OIVBS,11,20.0,One year,No,No internet service,Mailed check,0,Low Risk,Continue regular engagement,0.0,5.37
8896-BQTTI,1,25.0,Month-to-month,No,No internet service,Mailed check,0,Low Risk,Continue regular engagement,0.0,26.68
3865-QBWSJ,38,80.45,Month-to-month,Fiber optic,No,Mailed check,0,Low Risk,Continue regular engagement,0.0,25.37
3352-RICWQ,9,19.75,Two year,No,No internet service,Mailed check,0,Low Risk,Continue regular engagement,0.0,2.11
2160-GPFXD,54,65.65,Two year,DSL,Yes,Credit card (automatic),0,Low Risk,Continue regular engagement,0.0,1.31
2065-MMKGR,29,71.0,One year,DSL,No,Credit card (automatic),0,Low Risk,Continue regular engagement,0.0,9.58
5857-TYBCJ,44,89.2,Month-to-month,Fiber optic,No,Electronic check,1,Medium Risk,Offer contract upgrade incentive,89.2,47.51
1498-NHTLT,59,86.75,Two year,DSL,Yes,Electronic check,0,Low Risk,Continue regular engagement,0.0,1.88
4484-CGXFK,3,55.3,Month-to-month,DSL,No,Electronic check,1,Medium Risk,Offer contract upgrade incentive,55.3,54.21
1402-PTHGN,18,61.5,One year,DSL,Yes,Mailed check,0,Low Risk,Continue regular engagement,0.0,6.89
4176-RELJR,67,25.1,Two year,No,No internet service,Credit card (automatic),0,Low Risk,Continue regular engagement,0.0,1.2
6214-EDAKZ,22,55.15,Month-to-month,DSL,Yes,Electronic check,0,Low Risk,Continue regular engagement,0.0,25.12
5199-FPUSP,33,34.05,One year,DSL,Yes,Credit card (automatic),0,Low Risk,Continue regular engagement,0.0,5.16
6377-KSLXC,5,19.95,Month-to-month,No,No internet service,Mailed check,0,Low Risk,Continue regular engagement,0.0,11.52
1796-JANOW,2,19.95,Month-to-month,No,No internet service,Mailed check,0,Low Risk,Continue regular engagement,0.0,15.75
0238-WHBIQ,72,89.7,Two year,DSL,Yes,Credit card (automatic),0,Low Risk,Continue regular engagement,0.0,0.45
8735-NBLWT,9,20.4,Month-to-month,No,No internet service,Mailed check,0,Low Risk,Continue regular engagement,0.0,5.83
6651-RLGGM,67,26.3,Two year,No,No internet service,Mailed check,0,Low Risk,Continue regular engagement,0.0,0.59
6127-ISGTU,16,84.95,Month-to-month,Fiber optic,No,Electronic check,1,Medium Risk,Offer contract upgrade incentive,84.95,63.47
1614-JBEBI,8,20.7,Month-to-month,No,No internet service,Mailed check,0,Low Risk,Continue regular engagement,0.0,7.39
8740-XLHDR,5,43.25,Month-to-month,DSL,Yes,Mailed check,1,Medium Risk,Offer contract upgrade incentive,43.25,35.14
1208-DNHLN,23,48.35,One year,DSL,No,Credit card (automatic),0,Low Risk,Continue regular engagement,0.0,14.33
1761-AEZZR,1,79.55,Month-to-month,Fiber optic,No,Electronic check,1,High Risk,Offer annual contract discount + proactive support,79.55,87.94
3923-CSIHK,50,71.05,Month-to-month,Fiber optic,No,Electronic check,1,Medium Risk,Offer contract upgrade incentive,71.05,35.17
5696-EXCYS,17,19.45,Two year,No,No internet service,Credit card (automatic),0,Low Risk,Continue regular engagement,0.0,1.61
5795-KTGUD,68,110.8,Two year,Fiber optic,No,Bank transfer (automatic),0,Low Risk,Continue regular engagement,0.0,7.55
7120-RFMVS,1,84.5,Month-to-month,Fiber optic,No,Electronic check,1,High Risk,Offer annual contract discount + proactive support,84.5,84.73
7924-GJZFI,25,69.3,Month-to-month,Fiber optic,No,Electronic check,1,Medium Risk,Offer contract upgrade incentive,69.3,41.06
4702-HDRKD,67,49.35,One year,DSL,Yes,Bank transfer (automatic),0,Low Risk,Continue regular engagement,0.0,3.05
8512-WIWYV,32,20.35,One year,No,No internet service,Credit card (automatic),0,Low Risk,Continue regular engagement,0.0,1.96
5897-ZYEKH,67,105.6,One year,Fiber optic,No,Electronic check,0,Low Risk,Continue regular engagement,0.0,20.94
5456-ITGIC,72,64.45,Two year,DSL,Yes,Credit card (automatic),0,Low Risk,Continue regular engagement,0.0,0.99
7317-GGVPB,71,108.6,Two year,Fiber optic,Yes,Credit card (automatic),0,Low Risk,Continue regular engagement,0.0,27.99
1406-PUQVY,1,49.9,Month-to-month,DSL,No,Electronic check,1,Medium Risk,Offer contract upgrade incentive,49.9,54.5
1322-AGOQM,46,30.3,Month-to-month,DSL,No,Bank transfer (automatic),0,Low Risk,Continue regular engagement,0.0,20.02
3677-IYRBF,2,30.4,Month-to-month,DSL,No,Electronic check,1,High Risk,Offer annual contract discount + proactive support,30.4,77.12
5692-FPTAH,1,45.4,Month-to-month,DSL,No,Mailed check,1,Medium Risk,Offer contract upgrade incentive,45.4,60.91
9114-AAFQH,48,65.65,One year,DSL,No,Electronic check,0,Low Risk,Continue regular engagement,0.0,13.18
8715-KKTFG,61,103.3,One year,Fiber optic,Yes,Bank transfer (automatic),0,Low Risk,Continue regular engagement,0.0,21.03
1550-LOAHA,32,84.15,Month-to-month,Fiber optic,No,Bank transfer (automatic),0,Low Risk,Continue regular engagement,0.0,30.57
1728-BQDMA,2,44.45,Month-to-month,DSL,No,Electronic check,1,Medium Risk,Offer contract upgrade incentive,44.45,49.38
0268-QKIWO,3,19.75,Month-to-month,No,No internet service,Electronic check,0,Low Risk,Continue regular engagement,0.0,24.69
0876-WDUUZ,5,85.4,Month-to-month,Fiber optic,Yes,Credit card (automatic),1,High Risk,Offer annual contract discount + proactive support,85.4,71.89
5117-ZSMHQ,71,89.9,Two year,DSL,Yes,Bank transfer (automatic),0,Low Risk,Continue regular engagement,0.0,0.61
5151-HQRDG,37,55.05,Month-to-month,DSL,No,Mailed check,0,Low Risk,Continue regular engagement,0.0,9.44
0960-HUWBM,65,104.1,Two year,Fiber optic,Yes,Bank transfer (automatic),0,Low Risk,Continue regular engagement,0.0,9.99
6465-GSRCL,67,106.6,One year,Fiber optic,Yes,Bank transfer (automatic),0,Low Risk,Continue regular engagement,0.0,12.24
0617-FHSGK,49,75.2,Month-to-month,Fiber optic,No,Credit card (automatic),0,Low Risk,Continue regular engagement,0.0,23.19
0263-FJTQO,50,70.5,Two year,DSL,Yes,Credit card (automatic),0,Low Risk,Continue regular engagement,0.0,1.63
7319-ZNRTR,25,19.6,One year,No,No internet service,Electronic check,0,Low Risk,Continue regular engagement,0.0,2.28
2858-MOFSQ,17,55.85,One year,DSL,No,Mailed check,0,Low Risk,Continue regular engagement,0.0,11.55
7503-EPSZW,64,24.05,Two year,No,No internet service,Mailed check,0,Low Risk,Continue regular engagement,0.0,0.72
7089-XXAYG,25,38.1,One year,DSL,No,Credit card (automatic),0,Low Risk,Continue regular engagement,0.0,15.29
8118-LSUEL,23,106.4,Month-to-month,Fiber optic,No,Electronic check,1,High Risk,Offer annual contract discount + proactive support,106.4,73.11
8070-AAWZP,24,34.25,Month-to-month,DSL,Yes,Mailed check,0,Low Risk,Continue regular engagement,0.0,18.1
1666-JXLKU,37,100.05,Month-to-month,Fiber optic,No,Electronic check,1,Medium Risk,Offer contract upgrade incentive,100.05,60.55
7855-DIWPO,21,68.65,Month-to-month,Fiber optic,No,Electronic check,1,Medium Risk,Offer contract upgrade incentive,68.65,49.39
5133-POWUA,1,45.8,Month-to-month,DSL,No,Mailed check,1,Medium Risk,Offer contract upgrade incentive,45.8,61.43
5652-MSDEY,10,75.75,Month-to-month,Fiber optic,No,Mailed check,1,Medium Risk,Offer contract upgrade incentive,75.75,54.94
7005-CCBKV,6,84.4,Month-to-month,Fiber optic,No,Electronic check,1,High Risk,Offer annual contract discount + proactive support,84.4,75.26
1810-BOHSY,51,96.4,One year,Fiber optic,No,Credit card (automatic),0,Low Risk,Continue regular engagement,0.0,14.66
1784-BXEFA,10,20.55,Month-to-month,No,No internet service,Mailed check,0,Low Risk,Continue regular engagement,0.0,8.87
7351-MHQVU,6,50.95,Month-to-month,DSL,Yes,Credit card (automatic),0,Low Risk,Continue regular engagement,0.0,20.19
9224-VTYID,47,90.5,Two year,DSL,Yes,Mailed check,0,Low Risk,Continue regular engagement,0.0,1.05
9500-IWPXQ,61,79.4,One year,DSL,Yes,Electronic check,0,Low Risk,Continue regular engagement,0.0,6.1
5762-TJXGK,52,58.75,Two year,DSL,No,Bank transfer (automatic),0,Low Risk,Continue regular engagement,0.0,2.81
4504-YOULA,35,59.45,Month-to-month,DSL,No,Credit card (automatic),0,Low Risk,Continue regular engagement,0.0,13.06
5569-IDSEY,71,105.7,One year,Fiber optic,No,Bank transfer (automatic),0,Low Risk,Continue regular engagement,0.0,20.45
4250-FDVOU,6,56.25,Month-to-month,DSL,No,Electronic check,0,Low Risk,Continue regular engagement,0.0,18.53
7284-ZZLOH,45,53.3,Two year,DSL,No,Credit card (automatic),0,Low Risk,Continue regular engagement,0.0,2.24
5277-ZLOOR,2,85.55,Month-to-month,Fiber optic,No,Electronic check,1,High Risk,Offer annual contract discount + proactive support,85.55,89.14
2141-RRYGO,4,68.65,Month-to-month,DSL,No,Bank transfer (automatic),0,Low Risk,Continue regular engagement,0.0,34.85
1777-JYQPJ,2,24.3,Month-to-month,DSL,No,Mailed check,1,Medium Risk,Offer contract upgrade incentive,24.3,42.22
6376-GAHQE,4,77.85,Month-to-month,Fiber optic,No,Electronic check,1,Medium Risk,Offer contract upgrade incentive,77.85,57.26
3401-URHDA,51,59.9,One year,DSL,Yes,Credit card (automatic),0,Low Risk,Continue regular engagement,0.0,4.77
1599-EAHXY,60,23.95,One year,No,No internet service,Credit card (automatic),0,Low Risk,Continue regular engagement,0.0,1.8
8631-XVRZL,9,20.15,One year,No,No internet service,Mailed check,0,Low Risk,Continue regular engagement,0.0,3.51
5052-PNLOS,3,105.35,Month-to-month,Fiber optic,No,Bank transfer (automatic),1,High Risk,Offer annual contract discount + proactive support,105.35,82.31
3853-LYGAM,17,95.65,Month-to-month,Fiber optic,Yes,Bank transfer (automatic),0,Low Risk,Continue regular engagement,0.0,34.94
6979-ZNSFF,8,87.05,Month-to-month,Fiber optic,No,Electronic check,1,High Risk,Offer annual contract discount + proactive support,87.05,82.35
5751-USDBL,46,81.0,Two year,DSL,Yes,Mailed check,0,Low Risk,Continue regular engagement,0.0,1.45
5680-LQOGP,68,82.45,Two year,DSL,Yes,Credit card (automatic),0,Low Risk,Continue regular engagement,0.0,1.57
2386-LAHRK,1,53.5,Month-to-month,DSL,No,Mailed check,1,Medium Risk,Offer contract upgrade incentive,53.5,64.03
8189-DUKMV,4,20.5,One year,No,No internet service,Bank transfer (automatic),0,Low Risk,Continue regular engagement,0.0,6.96
6032-IGALN,1,25.1,Month-to-month,DSL,No,Mailed check,1,Medium Risk,Offer contract upgrade incentive,25.1,60.16
9931-DCEZH,28,54.4,One year,DSL,Yes,Credit card (automatic),0,Low Risk,Continue regular engagement,0.0,4.74
1898-JSNDC,39,58.6,One year,DSL,No,Credit card (automatic),0,Low Risk,Continue regular engagement,0.0,8.28
0315-LVCRK,11,84.8,Month-to-month,Fiber optic,No,Electronic check,1,Medium Risk,Offer contract upgrade incentive,84.8,46.31
3911-RSNHI,71,61.4,Two year,DSL,Yes,Credit card (automatic),0,Low Risk,Continue regular engagement,0.0,1.07
2410-CIYFZ,2,20.4,Month-to-month,No,No internet service,Mailed check,0,Low Risk,Continue regular engagement,0.0,9.72
4248-HCETZ,30,79.65,Month-to-month,Fiber optic,No,Mailed check,1,Medium Risk,Offer contract upgrade incentive,79.65,36.2
5505-OVWQW,17,20.15,One year,No,No internet service,Mailed check,0,Low Risk,Continue regular engagement,0.0,3.25
7271-AJDTL,55,94.45,Month-to-month,Fiber optic,No,Credit card (automatic),0,Low Risk,Continue regular engagement,0.0,28.33
1867-TJHTS,58,79.8,Month-to-month,Fiber optic,No,Bank transfer (automatic),0,Low Risk,Continue regular engagement,0.0,19.9
0516-WJVXC,5,54.2,Month-to-month,DSL,Yes,Electronic check,0,Low Risk,Continue regular engagement,0.0,28.42
9174-FKWZE,1,19.45,Month-to-month,No,No internet service,Electronic check,1,Medium Risk,Offer contract upgrade incentive,19.45,67.41
6860-YRJZP,9,74.05,Month-to-month,Fiber optic,No,Electronic check,1,Medium Risk,Offer contract upgrade incentive,74.05,67.49
4429-WYGFR,26,49.15,Month-to-month,DSL,Yes,Bank transfer (automatic),0,Low Risk,Continue regular engagement,0.0,8.93
2817-LVCPP,50,19.4,Two year,No,No internet service,Credit card (automatic),0,Low Risk,Continue regular engagement,0.0,1.46
5038-ETMLM,72,113.65,Two year,Fiber optic,Yes,Bank transfer (automatic),0,Low Risk,Continue regular engagement,0.0,1.18
5056-FIMPT,43,106.0,One year,Fiber optic,Yes,Credit card (automatic),0,Low Risk,Continue regular engagement,0.0,19.11
4521-WFJAI,56,25.95,Two year,No,No internet service,Bank transfer (automatic),0,Low Risk,Continue regular engagement,0.0,1.32
6569-KTMDU,1,19.1,Month-to-month,No,No internet service,Mailed check,0,Low Risk,Continue regular engagement,0.0,20.35
8809-RIHDD,72,103.4,Two year,Fiber optic,No,Electronic check,0,Low Risk,Continue regular engagement,0.0,14.14
8809-XKHMD,72,100.55,Two year,Fiber optic,Yes,Bank transfer (automatic),0,Low Risk,Continue regular engagement,0.0,1.45
0396-YCHWO,36,95.4,Month-to-month,Fiber optic,No,Electronic check,1,Medium Risk,Offer contract upgrade incentive,95.4,53.49
0867-LDTTC,5,75.15,Month-to-month,DSL,Yes,Bank transfer (automatic),0,Low Risk,Continue regular engagement,0.0,23.99
4822-NGOCH,13,84.45,Month-to-month,Fiber optic,No,Electronic check,1,Medium Risk,Offer contract upgrade incentive,84.45,66.96
9391-DXGGG,44,89.15,One year,Fiber optic,No,Credit card (automatic),0,Low Risk,Continue regular engagement,0.0,13.34
9844-FELAJ,70,107.9,One year,Fiber optic,Yes,Electronic check,0,Low Risk,Continue regular engagement,0.0,17.21
2122-SZZZD,44,19.5,One year,No,No internet service,Credit card (automatic),0,Low Risk,Continue regular engagement,0.0,1.43
5307-DZCVC,32,85.95,Month-to-month,Fiber optic,No,Credit card (automatic),1,Medium Risk,Offer contract upgrade incentive,85.95,41.07
3148-AOIQT,69,24.95,Two year,No,No internet service,Credit card (automatic),0,Low Risk,Continue regular engagement,0.0,0.75
8679-JOEVF,16,59.4,Month-to-month,DSL,Yes,Electronic check,0,Low Risk,Continue regular engagement,0.0,31.7
8395-ETZKQ,68,19.5,One year,No,No internet service,Bank transfer (automatic),0,Low Risk,Continue regular engagement,0.0,3.15
6692-YQHXC,16,69.95,Month-to-month,Fiber optic,No,Credit card (automatic),1,Medium Risk,Offer contract upgrade incentive,69.95,35.15
3889-VWBID,68,82.85,Two year,DSL,Yes,Bank transfer (automatic),0,Low Risk,Continue regular engagement,0.0,1.46
5222-JCXZT,4,19.0,Month-to-month,No,No internet service,Mailed check,0,Low Risk,Continue regular engagement,0.0,6.31
9754-CLVZW,26,38.85,Month-to-month,DSL,Yes,Credit card (automatic),0,Low Risk,Continue regular engagement,0.0,9.52
1432-FPAXX,29,30.6,Month-to-month,DSL,No,Electronic check,0,Low Risk,Continue regular engagement,0.0,34.33
2739-CCZMB,5,20.35,Month-to-month,No,No internet service,Credit card (automatic),0,Low Risk,Continue regular engagement,0.0,8.4
7080-TNUWP,70,95.0,One year,Fiber optic,No,Bank transfer (automatic),0,Low Risk,Continue regular engagement,0.0,11.28
0496-AHOOK,24,74.4,One year,DSL,Yes,Bank transfer (automatic),0,Low Risk,Continue regular engagement,0.0,5.44
8336-TAVKX,72,78.45,Two year,DSL,Yes,Bank transfer (automatic),0,Low Risk,Continue regular engagement,0.0,0.83
2468-SJFLM,1,74.3,Month-to-month,Fiber optic,Yes,Mailed check,1,Medium Risk,Offer contract upgrade incentive,74.3,51.18
3181-VTHOE,70,51.05,One year,DSL,Yes,Bank transfer (automatic),0,Low Risk,Continue regular engagement,0.0,6.66
7168-HDQHG,36,19.2,Month-to-month,No,No internet service,Bank transfer (automatic),0,Low Risk,Continue regular engagement,0.0,4.56
4803-AXVYP,38,99.55,Month-to-month,Fiber optic,Yes,Electronic check,1,Medium Risk,Offer contract upgrade incentive,99.55,58.07
3884-HCSWG,17,70.0,Month-to-month,Fiber optic,No,Electronic check,1,Medium Risk,Offer contract upgrade incentive,70.0,52.32
4567-AKPIA,41,109.1,One year,Fiber optic,Yes,Bank transfer (automatic),0,Low Risk,Continue regular engagement,0.0,20.64
5077-DXTCG,1,45.3,Month-to-month,DSL,No,Electronic check,1,High Risk,Offer annual contract discount + proactive support,45.3,71.83
1142-WACZW,2,29.85,Month-to-month,DSL,Yes,Bank transfer (automatic),1,Medium Risk,Offer contract upgrade incentive,29.85,39.27
7901-HXJVA,14,76.45,Month-to-month,Fiber optic,No,Electronic check,1,Medium Risk,Offer contract upgrade incentive,76.45,41.02
5649-ANRML,2,95.1,Month-to-month,Fiber optic,Yes,Credit card (automatic),1,High Risk,Offer annual contract discount + proactive support,95.1,73.77
4892-VLANZ,1,19.8,Month-to-month,No,No internet service,Mailed check,1,Medium Risk,Offer contract upgrade incentive,19.8,38.23
5924-IFQTT,13,72.8,Month-to-month,DSL,Yes,Electronic check,0,Low Risk,Continue regular engagement,0.0,26.94
7968-QUXNS,6,18.95,Month-to-month,No,No internet service,Mailed check,0,Low Risk,Continue regular engagement,0.0,2.95
2919-HBCJO,4,76.65,Month-to-month,Fiber optic,No,Bank transfer (automatic),1,Medium Risk,Offer contract upgrade incentive,76.65,66.38
4236-XPXAV,5,99.15,Month-to-month,Fiber optic,Yes,Mailed check,1,High Risk,Offer annual contract discount + proactive support,99.15,82.31
8903-WMRNW,15,101.75,Month-to-month,Fiber optic,No,Electronic check,1,Medium Risk,Offer contract upgrade incentive,101.75,35.04
2452-SNHFZ,47,75.45,Month-to-month,Fiber optic,No,Credit card (automatic),0,Low Risk,Continue regular engagement,0.0,18.54
3629-WEAAM,8,64.1,Month-to-month,DSL,Yes,Mailed check,0,Low Risk,Continue regular engagement,0.0,17.06
6029-CSMJE,17,25.65,Month-to-month,DSL,No,Mailed check,0,Low Risk,Continue regular engagement,0.0,23.95
7993-NQLJE,15,75.1,Month-to-month,Fiber optic,No,Mailed check,0,Low Risk,Continue regular engagement,0.0,24.36
9909-DFRJA,26,95.85,One year,Fiber optic,Yes,Bank transfer (automatic),0,Low Risk,Continue regular engagement,0.0,19.42
9099-FTUHS,23,54.4,Month-to-month,DSL,No,Electronic check,0,Low Risk,Continue regular engagement,0.0,15.07
0581-BXBUB,4,72.75,Month-to-month,Fiber optic,No,Electronic check,1,Medium Risk,Offer contract upgrade incentive,72.75,49.09
4962-CHQPW,29,19.85,One year,No,No internet service,Mailed check,0,Low Risk,Continue regular engagement,0.0,1.26
9467-ROOLM,25,19.05,Month-to-month,No,No internet service,Mailed check,0,Low Risk,Continue regular engagement,0.0,1.7
3030-YZADT,9,44.95,Month-to-month,DSL,No,Mailed check,0,Low Risk,Continue regular engagement,0.0,23.25
7410-KTVFV,18,49.55,Month-to-month,DSL,No,Mailed check,0,Low Risk,Continue regular engagement,0.0,24.87
5150-ITWWB,3,94.85,Month-to-month,Fiber optic,No,Electronic check,1,High Risk,Offer annual contract discount + proactive support,94.85,75.58
2253-KPMNB,69,46.25,Two year,DSL,Yes,Bank transfer (automatic),0,Low Risk,Continue regular engagement,0.0,1.08
1345-ZUKID,14,19.35,One year,No,No internet service,Mailed check,0,Low Risk,Continue regular engagement,0.0,3.27
6429-SHBCB,19,69.6,Month-to-month,DSL,No,Mailed check,0,Low Risk,Continue regular engagement,0.0,17.77
9281-OFDMF,39,90.7,Month-to-month,Fiber optic,No,Electronic check,1,Medium Risk,Offer contract upgrade incentive,90.7,37.75
2603-HVKCG,31,101.4,Month-to-month,Fiber optic,No,Electronic check,1,Medium Risk,Offer contract upgrade incentive,101.4,43.25
1834-WULEG,24,20.25,One year,No,No internet service,Mailed check,0,Low Risk,Continue regular engagement,0.0,1.78
9097-ZUBYC,14,48.8,Month-to-month,DSL,Yes,Bank transfer (automatic),0,Low Risk,Continue regular engagement,0.0,17.55
5148-ORICT,64,74.35,Two year,DSL,Yes,Mailed check,0,Low Risk,Continue regular engagement,0.0,1.52
4893-GYUJU,50,19.35,One year,No,No internet service,Mailed check,0,Low Risk,Continue regular engagement,0.0,3.38
4578-PHJYZ,52,68.75,One year,DSL,Yes,Electronic check,0,Low Risk,Continue regular engagement,0.0,5.45
7272-QDCKA,28,100.2,One year,Fiber optic,No,Electronic check,0,Low Risk,Continue regular engagement,0.0,31.67
8908-SLFCJ,21,20.85,Two year,No,No internet service,Credit card (automatic),0,Low Risk,Continue regular engagement,0.0,1.27
8393-DLHGA,25,95.9,Month-to-month,Fiber optic,No,Electronic check,1,Medium Risk,Offer contract upgrade incentive,95.9,51.74
9766-HGEDE,17,19.35,One year,No,No internet service,Mailed check,0,Low Risk,Continue regular engagement,0.0,2.87
6968-MHOMU,58,45.0,One year,DSL,No,Credit card (automatic),0,Low Risk,Continue regular engagement,0.0,21.89
7395-IGJOS,17,81.5,Month-to-month,Fiber optic,No,Bank transfer (automatic),0,Low Risk,Continue regular engagement,0.0,30.33
5044-XDPYX,51,25.5,Two year,No,No internet service,Mailed check,0,Low Risk,Continue regular engagement,0.0,0.91
1814-WFGVS,72,48.9,Two year,DSL,Yes,Mailed check,0,Low Risk,Continue regular engagement,0.0,0.6
2834-SPCJV,52,84.1,Month-to-month,Fiber optic,No,Electronic check,0,Low Risk,Continue regular engagement,0.0,26.61
3721-WKIIL,27,19.6,Two year,No,No internet service,Mailed check,0,Low Risk,Continue regular engagement,0.0,1.52
6734-CKRSM,3,20.0,Month-to-month,No,No internet service,Mailed check,0,Low Risk,Continue regular engagement,0.0,14.56
1265-ZFOSD,64,81.3,Two year,DSL,Yes,Mailed check,0,Low Risk,Continue regular engagement,0.0,1.24
6568-POCUI,45,95.2,Two year,Fiber optic,Yes,Credit card (automatic),0,Low Risk,Continue regular engagement,0.0,3.8
7890-VYYWG,3,36.45,Month-to-month,DSL,No,Mailed check,1,Medium Risk,Offer contract upgrade incentive,36.45,69.98
5197-LQXXH,71,83.3,Two year,DSL,Yes,Credit card (automatic),0,Low Risk,Continue regular engagement,0.0,1.23
9907-SWKKF,1,25.05,Month-to-month,DSL,No,Mailed check,1,Medium Risk,Offer contract upgrade incentive,25.05,66.64
3457-PQBYH,58,20.3,Two year,No,No internet service,Credit card (automatic),0,Low Risk,Continue regular engagement,0.0,1.41
7682-AZNDK,34,89.85,Month-to-month,Fiber optic,No,Electronic check,0,Low Risk,Continue regular engagement,0.0,32.55
0587-DMGBH,8,49.85,Month-to-month,DSL,No,Electronic check,1,Medium Risk,Offer contract upgrade incentive,49.85,38.28
5384-ZTTWP,15,19.8,Month-to-month,No,No internet service,Mailed check,0,Low Risk,Continue regular engagement,0.0,6.41
3745-HRPHI,66,54.65,Two year,DSL,Yes,Bank transfer (automatic),0,Low Risk,Continue regular engagement,0.0,1.42
7636-OWBPG,12,29.35,Month-to-month,DSL,No,Credit card (automatic),0,Low Risk,Continue regular engagement,0.0,31.94
1231-YNDEK,58,19.15,Two year,No,No internet service,Bank transfer (automatic),0,Low Risk,Continue regular engagement,0.0,1.11
1407-DIGZV,3,19.1,Two year,No,No internet service,Mailed check,0,Low Risk,Continue regular engagement,0.0,1.09
6397-JNZZG,43,55.55,Month-to-month,DSL,No,Credit card (automatic),1,Medium Risk,Offer contract upgrade incentive,55.55,44.87
0570-BFQHT,9,80.55,Month-to-month,Fiber optic,No,Electronic check,1,Medium Risk,Offer contract upgrade incentive,80.55,39.7
4393-OBCRR,3,20.25,One year,No,No internet service,Mailed check,0,Low Risk,Continue regular engagement,0.0,5.47
3523-QRQLL,22,69.5,One year,DSL,No,Bank transfer (automatic),0,Low Risk,Continue regular engagement,0.0,15.64
8564-LDKFL,40,106.0,One year,Fiber optic,No,Bank transfer (automatic),1,Medium Risk,Monitor customer + targeted engagement,106.0,38.3
3696-DFHHB,68,25.5,Two year,No,No internet service,Bank transfer (automatic),0,Low Risk,Continue regular engagement,0.0,1.13
0895-DQHEW,54,104.3,Month-to-month,Fiber optic,No,Electronic check,1,Medium Risk,Offer contract upgrade incentive,104.3,55.48
4717-GHADL,50,79.6,Two year,DSL,Yes,Mailed check,0,Low Risk,Continue regular engagement,0.0,1.85
5501-TVMGM,1,55.25,Month-to-month,DSL,No,Electronic check,1,High Risk,Offer annual contract discount + proactive support,55.25,71.42
5879-HMFFH,72,88.05,Two year,DSL,Yes,Bank transfer (automatic),0,Low Risk,Continue regular engagement,0.0,0.33
6772-WFQRD,40,20.4,One year,No,No internet service,Bank transfer (automatic),0,Low Risk,Continue regular engagement,0.0,1.92
3810-DVDQQ,72,117.6,Two year,Fiber optic,Yes,Bank transfer (automatic),0,Low Risk,Continue regular engagement,0.0,1.12
6972-SNKKW,6,20.0,Month-to-month,No,No internet service,Mailed check,0,Low Risk,Continue regular engagement,0.0,5.89
3694-GLTJM,5,19.65,Month-to-month,No,No internet service,Credit card (automatic),0,Low Risk,Continue regular engagement,0.0,8.96
8550-XSXUQ,48,70.55,One year,DSL,No,Credit card (automatic),0,Low Risk,Continue regular engagement,0.0,11.89
8149-RSOUN,1,93.85,Month-to-month,Fiber optic,No,Electronic check,1,High Risk,Offer annual contract discount + proactive support,93.85,91.74
9055-MOJJJ,64,65.8,One year,DSL,Yes,Mailed check,0,Low Risk,Continue regular engagement,0.0,1.9
4359-INNWN,17,20.05,One year,No,No internet service,Credit card (automatic),0,Low Risk,Continue regular engagement,0.0,3.48
0585-EGDDA,40,80.0,Month-to-month,Fiber optic,No,Electronic check,1,Medium Risk,Offer contract upgrade incentive,80.0,43.78
4032-RMHCI,41,35.4,One year,DSL,No,Credit card (automatic),0,Low Risk,Continue regular engagement,0.0,6.49
0549-CYCQN,51,79.6,One year,Fiber optic,No,Bank transfer (automatic),0,Low Risk,Continue regular engagement,0.0,11.56
3481-JHUZH,41,80.25,Month-to-month,Fiber optic,No,Electronic check,1,Medium Risk,Offer contract upgrade incentive,80.25,45.79
7250-EQKIY,1,50.45,Month-to-month,DSL,No,Mailed check,1,Medium Risk,Offer contract upgrade incentive,50.45,53.31
3594-IVHJZ,2,20.45,Month-to-month,No,No internet service,Mailed check,0,Low Risk,Continue regular engagement,0.0,12.98
6869-FGJJC,68,79.6,One year,Fiber optic,No,Credit card (automatic),0,Low Risk,Continue regular engagement,0.0,7.58
3896-ZVNET,24,24.7,Two year,No,No internet service,Mailed check,0,Low Risk,Continue regular engagement,0.0,1.71
8205-VSLRB,70,77.3,Two year,DSL,Yes,Credit card (automatic),0,Low Risk,Continue regular engagement,0.0,4.21
5960-MVTUK,3,29.75,Month-to-month,DSL,Yes,Electronic check,1,Medium Risk,Offer contract upgrade incentive,29.75,54.02
6817-WTYHE,2,44.9,Month-to-month,DSL,No,Bank transfer (automatic),1,Medium Risk,Offer contract upgrade incentive,44.9,37.57
3082-VQXNH,3,29.8,Month-to-month,DSL,No,Credit card (automatic),1,Medium Risk,Offer contract upgrade incentive,29.8,36.85
4013-UBXWQ,7,74.65,Month-to-month,DSL,Yes,Electronic check,1,Medium Risk,Offer contract upgrade incentive,74.65,42.49
4931-TRZWN,13,71.95,Month-to-month,DSL,No,Electronic check,0,Low Risk,Continue regular engagement,0.0,29.88
0750-EKNGL,7,20.75,Month-to-month,No,No internet service,Mailed check,0,Low Risk,Continue regular engagement,0.0,9.03
7669-LCRSD,12,56.3,Month-to-month,DSL,No,Mailed check,0,Low Risk,Continue regular engagement,0.0,26.03
3567-PQTSO,53,105.25,One year,Fiber optic,No,Electronic check,0,Low Risk,Continue regular engagement,0.0,33.25
5519-NPHVG,12,94.2,Month-to-month,Fiber optic,No,Electronic check,1,High Risk,Offer annual contract discount + proactive support,94.2,76.91
8043-PNYSD,63,19.55,Two year,No,No internet service,Mailed check,0,Low Risk,Continue regular engagement,0.0,1.52
9938-EKRGF,15,84.45,Month-to-month,DSL,Yes,Mailed check,0,Low Risk,Continue regular engagement,0.0,14.05
2703-AMTUL,36,53.65,One year,DSL,No,Mailed check,0,Low Risk,Continue regular engagement,0.0,3.32
0928-JMXNP,4,29.9,Month-to-month,DSL,No,Electronic check,1,Medium Risk,Offer contract upgrade incentive,29.9,61.69
8173-RXAYP,24,19.7,Two year,No,No internet service,Mailed check,0,Low Risk,Continue regular engagement,0.0,1.45
4825-XJGDM,61,43.7,One year,DSL,Yes,Credit card (automatic),0,Low Risk,Continue regular engagement,0.0,4.22
5402-HTOTQ,16,55.3,Month-to-month,DSL,No,Electronic check,0,Low Risk,Continue regular engagement,0.0,28.63
6734-JDTTV,65,19.85,Two year,No,No internet service,Credit card (automatic),0,Low Risk,Continue regular engagement,0.0,1.12
7850-THJMU,26,19.65,Two year,No,No internet service,Credit card (automatic),0,Low Risk,Continue regular engagement,0.0,1.21
3890-RTCMS,16,49.45,Month-to-month,DSL,Yes,Mailed check,0,Low Risk,Continue regular engagement,0.0,17.03
8849-GYOKR,54,106.55,One year,Fiber optic,No,Bank transfer (automatic),0,Low Risk,Continue regular engagement,0.0,18.85
3148-BLQJT,1,20.1,Month-to-month,No,No internet service,Mailed check,1,Medium Risk,Offer contract upgrade incentive,20.1,43.94
3717-FDJFU,5,20.45,Two year,No,No internet service,Mailed check,0,Low Risk,Continue regular engagement,0.0,1.46
3665-JATSN,19,39.7,Month-to-month,DSL,No,Electronic check,1,Medium Risk,Offer contract upgrade incentive,39.7,44.13
7966-YOTQW,10,54.5,Month-to-month,DSL,No,Credit card (automatic),0,Low Risk,Continue regular engagement,0.0,21.6
0461-CVKMU,23,83.8,Month-to-month,Fiber optic,Yes,Electronic check,0,Low Risk,Continue regular engagement,0.0,25.47
8806-EAGWC,3,55.15,Month-to-month,DSL,No,Mailed check,1,Medium Risk,Offer contract upgrade incentive,55.15,42.29
8853-TZDGH,72,111.6,Two year,Fiber optic,Yes,Bank transfer (automatic),0,Low Risk,Continue regular engagement,0.0,1.72
7779-LGOVN,10,86.65,Month-to-month,Fiber optic,No,Electronic check,1,High Risk,Offer annual contract discount + proactive support,86.65,78.09
4324-BZCKL,10,55.55,Month-to-month,DSL,No,Mailed check,0,Low Risk,Continue regular engagement,0.0,22.86
6924-TDGMT,11,20.55,One year,No,No internet service,Mailed check,0,Low Risk,Continue regular engagement,0.0,3.22
9710-ZUSHQ,37,106.75,Month-to-month,Fiber optic,No,Bank transfer (automatic),0,Low Risk,Continue regular engagement,0.0,34.03
1536-YHDOE,17,62.1,One year,DSL,Yes,Mailed check,0,Low Risk,Continue regular engagement,0.0,8.93
8123-QBNAZ,36,104.5,Month-to-month,Fiber optic,No,Credit card (automatic),1,Medium Risk,Offer contract upgrade incentive,104.5,39.87
3629-ZNKXA,17,101.8,Month-to-month,Fiber optic,No,Electronic check,1,Medium Risk,Offer contract upgrade incentive,101.8,57.16
4827-LTQRJ,66,110.6,One year,Fiber optic,Yes,Credit card (automatic),0,Low Risk,Continue regular engagement,0.0,9.57
7711-YIJWC,61,84.9,One year,DSL,Yes,Bank transfer (automatic),0,Low Risk,Continue regular engagement,0.0,4.78
5482-VXSXJ,22,93.2,Month-to-month,Fiber optic,No,Mailed check,1,Medium Risk,Offer contract upgrade incentive,93.2,42.65
7365-BVCJH,1,24.4,Month-to-month,DSL,No,Electronic check,1,High Risk,Offer annual contract discount + proactive support,24.4,71.72
9620-ENEJV,6,70.55,Month-to-month,Fiber optic,No,Credit card (automatic),1,Medium Risk,Offer contract upgrade incentive,70.55,45.36
4183-WCSEP,31,78.45,Month-to-month,Fiber optic,Yes,Electronic check,1,Medium Risk,Offer contract upgrade incentive,78.45,36.99
2378-YIZKA,68,85.0,Two year,DSL,Yes,Credit card (automatic),0,Low Risk,Continue regular engagement,0.0,1.36
5498-TXHLF,34,87.45,Month-to-month,Fiber optic,No,Electronic check,1,Medium Risk,Offer contract upgrade incentive,87.45,40.35
0689-DSXGL,52,85.8,Month-to-month,Fiber optic,Yes,Bank transfer (automatic),0,Low Risk,Continue regular engagement,0.0,12.55
6818-DJXAA,10,91.1,Month-to-month,Fiber optic,Yes,Electronic check,1,Medium Risk,Offer contract upgrade incentive,91.1,57.49
9722-UJOJR,29,70.75,Month-to-month,Fiber optic,No,Electronic check,0,Low Risk,Continue regular engagement,0.0,33.0
0464-WJTKO,72,20.1,Two year,No,No internet service,Bank transfer (automatic),0,Low Risk,Continue regular engagement,0.0,0.53
8902-ZEOVF,47,20.05,One year,No,No internet service,Mailed check,0,Low Risk,Continue regular engagement,0.0,1.64
6778-EICRF,24,74.8,One year,DSL,No,Mailed check,0,Low Risk,Continue regular engagement,0.0,6.67
2662-NNTDK,65,24.8,One year,No,No internet service,Credit card (automatic),0,Low Risk,Continue regular engagement,0.0,1.28
4132-KALRO,4,100.85,Month-to-month,Fiber optic,Yes,Mailed check,1,High Risk,Offer annual contract discount + proactive support,100.85,81.46
3902-FOIGH,12,101.35,Month-to-month,Fiber optic,No,Electronic check,1,High Risk,Offer annual contract discount + proactive support,101.35,81.62
6772-KSATR,1,81.7,Month-to-month,Fiber optic,No,Electronic check,1,High Risk,Offer annual contract discount + proactive support,81.7,75.22
7112-OPOTK,33,68.25,Month-to-month,Fiber optic,No,Electronic check,0,Low Risk,Continue regular engagement,0.0,31.45
2874-YXVVA,34,105.1,Month-to-month,Fiber optic,Yes,Electronic check,0,Low Risk,Continue regular engagement,0.0,33.98
1245-HARPS,14,20.4,Two year,No,No internet service,Mailed check,0,Low Risk,Continue regular engagement,0.0,1.31
4210-QFJMF,4,79.15,Month-to-month,Fiber optic,No,Electronic check,1,High Risk,Offer annual contract discount + proactive support,79.15,70.29
4323-ELYYB,13,20.0,One year,No,No internet service,Mailed check,0,Low Risk,Continue regular engagement,0.0,2.23
4293-ETKAP,65,79.4,Two year,DSL,Yes,Bank transfer (automatic),0,Low Risk,Continue regular engagement,0.0,3.63
6064-PUPMC,23,57.2,One year,DSL,Yes,Credit card (automatic),0,Low Risk,Continue regular engagement,0.0,4.89
6504-VBLFL,55,58.6,Two year,DSL,No,Electronic check,0,Low Risk,Continue regular engagement,0.0,2.62
6322-PJJDJ,49,94.8,Two year,Fiber optic,No,Electronic check,0,Low Risk,Continue regular engagement,0.0,10.46
0330-BGYZE,60,102.5,One year,Fiber optic,No,Bank transfer (automatic),0,Low Risk,Continue regular engagement,0.0,21.61
1085-LDWAM,69,20.35,One year,No,No internet service,Credit card (automatic),0,Low Risk,Continue regular engagement,0.0,1.37
7586-ZATGZ,40,84.9,Month-to-month,Fiber optic,No,Electronic check,1,Medium Risk,Offer contract upgrade incentive,84.9,50.08
7197-VOJMM,67,69.2,Two year,DSL,Yes,Credit card (automatic),0,Low Risk,Continue regular engagement,0.0,2.41
3318-OSATS,35,95.45,Month-to-month,Fiber optic,No,Electronic check,1,Medium Risk,Offer contract upgrade incentive,95.45,58.43
5828-AVIPD,19,100.95,One year,Fiber optic,Yes,Electronic check,1,Medium Risk,Monitor customer + targeted engagement,100.95,42.82
1843-TLSGD,13,20.85,Two year,No,No internet service,Mailed check,0,Low Risk,Continue regular engagement,0.0,1.14
9626-VFRGG,41,88.5,Month-to-month,Fiber optic,No,Bank transfer (automatic),0,Low Risk,Continue regular engagement,0.0,28.2
7075-BNDVQ,4,35.0,Month-to-month,DSL,No,Mailed check,0,Low Risk,Continue regular engagement,0.0,27.02
9143-CANJF,24,55.15,Month-to-month,DSL,Yes,Electronic check,0,Low Risk,Continue regular engagement,0.0,9.47
7284-BUYEC,5,50.95,Month-to-month,DSL,No,Credit card (automatic),1,Medium Risk,Offer contract upgrade incentive,50.95,46.5
2041-JIJCI,5,64.0,Month-to-month,DSL,No,Electronic check,1,Medium Risk,Offer contract upgrade incentive,64.0,46.73
1086-LXKFY,1,69.1,Month-to-month,Fiber optic,No,Mailed check,1,High Risk,Offer annual contract discount + proactive support,69.1,78.89
4900-MSOMT,72,80.2,Two year,DSL,Yes,Bank transfer (automatic),0,Low Risk,Continue regular engagement,0.0,0.48
2229-VWQJH,24,49.3,Month-to-month,DSL,No,Credit card (automatic),0,Low Risk,Continue regular engagement,0.0,14.19
9194-GFVOI,42,84.35,Two year,DSL,Yes,Credit card (automatic),0,Low Risk,Continue regular engagement,0.0,2.5
1336-EZFZY,4,20.05,Month-to-month,No,No internet service,Mailed check,0,Low Risk,Continue regular engagement,0.0,10.86
4282-MSACW,68,117.2,One year,Fiber optic,Yes,Credit card (automatic),1,Medium Risk,Monitor customer + targeted engagement,117.2,38.41
1403-LKLIK,33,20.1,One year,No,No internet service,Mailed check,0,Low Risk,Continue regular engagement,0.0,1.44
2636-ALXXZ,1,69.6,Month-to-month,Fiber optic,No,Electronic check,1,High Risk,Offer annual contract discount + proactive support,69.6,87.43
7774-OJSXI,31,103.45,One year,Fiber optic,No,Electronic check,0,Low Risk,Continue regular engagement,0.0,34.92
7786-WBJYI,4,77.95,Month-to-month,Fiber optic,No,Bank transfer (automatic),1,Medium Risk,Offer contract upgrade incentive,77.95,56.45
0136-IFMYD,69,109.95,Two year,Fiber optic,Yes,Electronic check,0,Low Risk,Continue regular engagement,0.0,27.84
5144-TVGLP,38,94.75,Month-to-month,Fiber optic,No,Electronic check,1,Medium Risk,Offer contract upgrade incentive,94.75,50.29
9643-AVVWI,3,80.0,Month-to-month,Fiber optic,Yes,Electronic check,1,Medium Risk,Offer contract upgrade incentive,80.0,65.16
0253-ZTEOB,48,79.65,Two year,DSL,Yes,Electronic check,0,Low Risk,Continue regular engagement,0.0,2.79
2706-QZIHY,15,25.2,Two year,No,No internet service,Mailed check,0,Low Risk,Continue regular engagement,0.0,1.81
6061-PQHMK,25,19.9,One year,No,No internet service,Credit card (automatic),0,Low Risk,Continue regular engagement,0.0,2.32
9885-CSMWE,1,78.45,Month-to-month,Fiber optic,No,Electronic check,1,High Risk,Offer annual contract discount + proactive support,78.45,87.37
6137-MFAJN,48,44.8,Month-to-month,DSL,No,Electronic check,0,Low Risk,Continue regular engagement,0.0,23.08
9122-UMROB,1,20.3,Month-to-month,No,No internet service,Mailed check,0,Low Risk,Continue regular engagement,0.0,23.76
4232-JGKIY,1,19.2,Month-to-month,No,No internet service,Electronic check,0,Low Risk,Continue regular engagement,0.0,21.47
2402-TAIRZ,37,80.05,One year,Fiber optic,No,Electronic check,0,Low Risk,Continue regular engagement,0.0,14.55
9659-ZTWSM,66,107.35,One year,Fiber optic,Yes,Bank transfer (automatic),0,Low Risk,Continue regular engagement,0.0,29.61
9139-TWBAS,26,47.85,One year,DSL,No,Bank transfer (automatic),0,Low Risk,Continue regular engagement,0.0,11.05
6685-GBWJZ,63,70.8,One year,DSL,Yes,Credit card (automatic),0,Low Risk,Continue regular engagement,0.0,3.3
5016-ETTFF,10,29.5,Month-to-month,DSL,No,Mailed check,0,Low Risk,Continue regular engagement,0.0,24.89
3866-MDTUB,2,70.75,Month-to-month,DSL,No,Electronic check,1,Medium Risk,Offer contract upgrade incentive,70.75,43.84
2195-VVRJF,18,59.1,Month-to-month,DSL,No,Credit card (automatic),0,Low Risk,Continue regular engagement,0.0,19.14
3913-RDSJZ,64,25.55,Two year,No,No internet service,Mailed check,0,Low Risk,Continue regular engagement,0.0,1.28
8058-JMEQO,9,84.45,Month-to-month,Fiber optic,No,Electronic check,1,High Risk,Offer annual contract discount + proactive support,84.45,78.37
4203-QGNZA,28,20.25,Month-to-month,No,No internet service,Mailed check,0,Low Risk,Continue regular engagement,0.0,4.35
5043-TRZWM,1,75.55,Month-to-month,Fiber optic,No,Electronic check,1,High Risk,Offer annual contract discount + proactive support,75.55,74.3
0697-ZMSWS,4,85.65,Month-to-month,Fiber optic,No,Electronic check,1,High Risk,Offer annual contract discount + proactive support,85.65,81.58
7657-DYEPJ,38,70.15,One year,DSL,Yes,Credit card (automatic),0,Low Risk,Continue regular engagement,0.0,12.64
9494-BDNNC,66,95.3,One year,Fiber optic,No,Electronic check,0,Low Risk,Continue regular engagement,0.0,16.12
1640-PLFMP,1,70.25,Month-to-month,Fiber optic,No,Electronic check,1,High Risk,Offer annual contract discount + proactive support,70.25,81.74
5366-OBVMR,18,50.3,Month-to-month,DSL,Yes,Mailed check,0,Low Risk,Continue regular engagement,0.0,19.01
8276-MQBYC,51,97.8,Month-to-month,Fiber optic,No,Electronic check,1,Medium Risk,Offer contract upgrade incentive,97.8,61.63
7644-OMVMY,0,19.85,Two year,No,No internet service,Mailed check,0,Low Risk,Continue regular engagement,0.0,5.86
7593-XFKDI,1,46.3,Month-to-month,DSL,No,Mailed check,1,Medium Risk,Offer contract upgrade incentive,46.3,53.73
4573-JKNAE,12,19.35,Two year,No,No internet service,Bank transfer (automatic),0,Low Risk,Continue regular engagement,0.0,1.83
0337-CNPZE,41,106.3,Month-to-month,Fiber optic,No,Electronic check,1,Medium Risk,Offer contract upgrade incentive,106.3,59.82
9817-APLHW,12,25.0,Month-to-month,No,No internet service,Electronic check,0,Low Risk,Continue regular engagement,0.0,12.91
8380-MQINP,55,20.3,Two year,No,No internet service,Mailed check,0,Low Risk,Continue regular engagement,0.0,1.6
0840-DFEZH,7,75.35,Month-to-month,Fiber optic,No,Electronic check,1,High Risk,Offer annual contract discount + proactive support,75.35,75.27
1513-XNPPH,12,89.4,Month-to-month,Fiber optic,Yes,Electronic check,1,Medium Risk,Offer contract upgrade incentive,89.4,63.68
8690-ZVLCL,68,88.0,Two year,DSL,Yes,Credit card (automatic),0,Low Risk,Continue regular engagement,0.0,1.63
6015-VVHHE,5,83.15,Month-to-month,Fiber optic,No,Credit card (automatic),1,High Risk,Offer annual contract discount + proactive support,83.15,82.38
1125-SNVCK,49,43.8,Month-to-month,DSL,No,Mailed check,0,Low Risk,Continue regular engagement,0.0,13.53
0384-LPITE,40,62.05,One year,DSL,No,Credit card (automatic),0,Low Risk,Continue regular engagement,0.0,13.81
4616-EWBNJ,16,20.1,One year,No,No internet service,Bank transfer (automatic),0,Low Risk,Continue regular engagement,0.0,4.82
6347-DCUIK,10,74.15,Month-to-month,Fiber optic,No,Mailed check,1,Medium Risk,Offer contract upgrade incentive,74.15,57.79
1335-HQMKX,72,101.35,One year,Fiber optic,No,Electronic check,0,Low Risk,Continue regular engagement,0.0,13.5
2545-EBUPK,2,84.05,Month-to-month,Fiber optic,No,Electronic check,1,High Risk,Offer annual contract discount + proactive support,84.05,88.48
6923-AQONU,23,20.9,Two year,No,No internet service,Mailed check,0,Low Risk,Continue regular engagement,0.0,1.11
2172-EJXVF,71,105.9,One year,Fiber optic,No,Electronic check,0,Low Risk,Continue regular engagement,0.0,15.08
0897-FEGMU,11,99.5,Month-to-month,Fiber optic,No,Electronic check,1,High Risk,Offer annual contract discount + proactive support,99.5,90.45
7663-RGWBC,1,44.15,Month-to-month,DSL,No,Mailed check,1,Medium Risk,Offer contract upgrade incentive,44.15,53.08
1120-BMWUB,16,53.9,Month-to-month,DSL,Yes,Mailed check,0,Low Risk,Continue regular engagement,0.0,21.15
9124-LHCJQ,1,85.45,Month-to-month,Fiber optic,No,Mailed check,1,High Risk,Offer annual contract discount + proactive support,85.45,87.11
4536-PLEQY,12,85.05,Month-to-month,Fiber optic,No,Credit card (automatic),1,Medium Risk,Offer contract upgrade incentive,85.05,52.87
7029-IJEJK,54,44.1,One year,DSL,Yes,Bank transfer (automatic),0,Low Risk,Continue regular engagement,0.0,5.78
8871-JLMHM,68,90.2,Two year,Fiber optic,Yes,Credit card (automatic),0,Low Risk,Continue regular engagement,0.0,2.12
2235-ZGKPT,4,50.85,Month-to-month,DSL,No,Mailed check,0,Low Risk,Continue regular engagement,0.0,33.27
3891-PUQOD,1,59.2,Month-to-month,DSL,No,Electronic check,1,Medium Risk,Offer contract upgrade incentive,59.2,61.54
5447-VYTKW,27,53.45,Month-to-month,DSL,Yes,Mailed check,0,Low Risk,Continue regular engagement,0.0,5.82
3623-FQBOX,21,19.95,Month-to-month,No,No internet service,Mailed check,0,Low Risk,Continue regular engagement,0.0,8.91
0689-NKYLF,13,83.2,Month-to-month,Fiber optic,No,Electronic check,1,Medium Risk,Offer contract upgrade incentive,83.2,62.99
8659-HDIYE,64,74.65,Month-to-month,DSL,Yes,Credit card (automatic),0,Low Risk,Continue regular engagement,0.0,10.78
3658-KIBGF,1,54.9,Month-to-month,DSL,No,Electronic check,1,Medium Risk,Offer contract upgrade incentive,54.9,57.16
3474-BAFSJ,57,57.5,Two year,DSL,Yes,Bank transfer (automatic),0,Low Risk,Continue regular engagement,0.0,2.24
5519-YLDGW,21,103.9,Month-to-month,Fiber optic,No,Electronic check,1,High Risk,Offer annual contract discount + proactive support,103.9,79.38
3865-ZFZIB,19,19.65,Two year,No,No internet service,Mailed check,0,Low Risk,Continue regular engagement,0.0,1.7
1855-AGAWH,31,93.8,One year,Fiber optic,No,Electronic check,0,Low Risk,Continue regular engagement,0.0,29.57
7109-CQYUZ,52,89.25,Two year,DSL,Yes,Mailed check,0,Low Risk,Continue regular engagement,0.0,1.24
1370-GGAWX,46,94.15,One year,Fiber optic,No,Electronic check,0,Low Risk,Continue regular engagement,0.0,25.46
4680-KUTAJ,11,55.6,Month-to-month,DSL,No,Electronic check,0,Low Risk,Continue regular engagement,0.0,32.71
5307-UVGNB,53,48.7,Month-to-month,DSL,No,Bank transfer (automatic),0,Low Risk,Continue regular engagement,0.0,12.45
4946-EDSEW,11,19.25,Month-to-month,No,No internet service,Mailed check,0,Low Risk,Continue regular engagement,0.0,6.09
2883-ILGWO,57,104.9,Month-to-month,Fiber optic,Yes,Bank transfer (automatic),1,Medium Risk,Offer contract upgrade incentive,104.9,37.76
2516-VQRRV,2,75.45,Month-to-month,Fiber optic,No,Mailed check,1,High Risk,Offer annual contract discount + proactive support,75.45,76.87
7580-UGXNC,2,54.85,Month-to-month,DSL,No,Mailed check,1,Medium Risk,Offer contract upgrade incentive,54.85,38.93
3642-BYHDO,71,19.9,Two year,No,No internet service,Bank transfer (automatic),0,Low Risk,Continue regular engagement,0.0,1.06
9629-NHXFW,1,19.4,Month-to-month,No,No internet service,Mailed check,1,Medium Risk,Offer contract upgrade incentive,19.4,45.11
2696-RZVZW,68,25.05,Two year,No,No internet service,Credit card (automatic),0,Low Risk,Continue regular engagement,0.0,0.93
5766-FTRTS,72,84.45,Two year,DSL,Yes,Mailed check,0,Low Risk,Continue regular engagement,0.0,0.34
0396-HUJBP,2,19.3,Month-to-month,No,No internet service,Mailed check,0,Low Risk,Continue regular engagement,0.0,7.62
5178-LMXOP,1,95.1,Month-to-month,Fiber optic,No,Electronic check,1,High Risk,Offer annual contract discount + proactive support,95.1,92.56
8879-ZKJOF,41,79.85,One year,DSL,Yes,Bank transfer (automatic),0,Low Risk,Continue regular engagement,0.0,12.37
6285-FTQBF,72,25.55,Two year,No,No internet service,Credit card (automatic),0,Low Risk,Continue regular engagement,0.0,0.49
8185-UPYBR,6,75.5,Month-to-month,Fiber optic,No,Electronic check,1,High Risk,Offer annual contract discount + proactive support,75.5,70.49
4585-HETAI,4,73.75,Month-to-month,Fiber optic,No,Electronic check,1,Medium Risk,Offer contract upgrade incentive,73.75,67.09
7526-BEZQB,12,96.05,Month-to-month,Fiber optic,No,Electronic check,1,High Risk,Offer annual contract discount + proactive support,96.05,85.49
1474-JUWSM,58,68.4,One year,DSL,Yes,Electronic check,0,Low Risk,Continue regular engagement,0.0,5.43
3530-CRZSB,7,20.65,Month-to-month,No,No internet service,Mailed check,0,Low Risk,Continue regular engagement,0.0,8.34
8498-XXGWA,65,55.15,Month-to-month,DSL,No,Mailed check,0,Low Risk,Continue regular engagement,0.0,5.75
9617-INGJY,1,70.6,Month-to-month,Fiber optic,No,Mailed check,1,High Risk,Offer annual contract discount + proactive support,70.6,75.07
0621-TSSMU,56,19.95,One year,No,No internet service,Credit card (automatic),0,Low Risk,Continue regular engagement,0.0,3.83
7234-KMNRQ,4,19.0,Month-to-month,No,No internet service,Mailed check,0,Low Risk,Continue regular engagement,0.0,3.72
7636-PEPNS,58,44.1,One year,DSL,No,Mailed check,0,Low Risk,Continue regular engagement,0.0,6.16
4683-WYDOU,62,107.6,Two year,Fiber optic,Yes,Bank transfer (automatic),0,Low Risk,Continue regular engagement,0.0,27.43
9052-DHNKM,26,61.55,One year,DSL,No,Electronic check,0,Low Risk,Continue regular engagement,0.0,7.55
6794-HKIAJ,62,90.7,Month-to-month,Fiber optic,No,Bank transfer (automatic),0,Low Risk,Continue regular engagement,0.0,8.27
5578-NKCXI,58,99.25,One year,Fiber optic,No,Credit card (automatic),0,Low Risk,Continue regular engagement,0.0,10.63
1642-HMARX,68,91.7,Two year,DSL,Yes,Electronic check,0,Low Risk,Continue regular engagement,0.0,2.41
3096-WPXBT,61,100.7,One year,Fiber optic,No,Credit card (automatic),0,Low Risk,Continue regular engagement,0.0,9.22
8434-PNQZX,42,78.45,Two year,DSL,Yes,Credit card (automatic),0,Low Risk,Continue regular engagement,0.0,2.89
5950-AAAGJ,18,84.3,Month-to-month,Fiber optic,No,Bank transfer (automatic),0,Low Risk,Continue regular engagement,0.0,34.92
4299-OPXEJ,56,19.55,Two year,No,No internet service,Bank transfer (automatic),0,Low Risk,Continue regular engagement,0.0,2.75
4951-UKAAQ,4,88.95,Month-to-month,Fiber optic,No,Electronic check,1,High Risk,Offer annual contract discount + proactive support,88.95,80.17
9618-LFJRU,4,20.45,Month-to-month,No,No internet service,Credit card (automatic),0,Low Risk,Continue regular engagement,0.0,9.73
6693-DJWTY,35,55.6,One year,DSL,No,Credit card (automatic),0,Low Risk,Continue regular engagement,0.0,3.85
0744-GKNGE,64,86.8,Month-to-month,Fiber optic,Yes,Bank transfer (automatic),0,Low Risk,Continue regular engagement,0.0,8.54
6447-EGDIV,31,20.95,One year,No,No internet service,Mailed check,0,Low Risk,Continue regular engagement,0.0,2.41
1167-OYZJF,67,20.05,Two year,No,No internet service,Bank transfer (automatic),0,Low Risk,Continue regular engagement,0.0,1.53
2108-YKQTY,4,50.7,Month-to-month,DSL,No,Credit card (automatic),0,Low Risk,Continue regular engagement,0.0,31.37
4806-DXQCE,70,113.65,Two year,Fiber optic,Yes,Electronic check,0,Low Risk,Continue regular engagement,0.0,9.29
4918-QLLIW,3,53.4,Month-to-month,DSL,No,Credit card (automatic),1,Medium Risk,Offer contract upgrade incentive,53.4,40.38
7056-IMHCC,53,101.9,Month-to-month,Fiber optic,No,Electronic check,1,Medium Risk,Offer contract upgrade incentive,101.9,62.55
4854-SSLTN,2,59.5,Two year,DSL,Yes,Mailed check,0,Low Risk,Continue regular engagement,0.0,2.74
5294-DMSFH,29,87.8,Month-to-month,Fiber optic,No,Credit card (automatic),1,Medium Risk,Offer contract upgrade incentive,87.8,37.28
4837-PZTIC,47,41.9,Two year,DSL,Yes,Mailed check,0,Low Risk,Continue regular engagement,0.0,1.45
1625-JAIIY,68,83.0,One year,Fiber optic,No,Electronic check,0,Low Risk,Continue regular engagement,0.0,24.24
0603-OLQDC,12,69.85,Month-to-month,DSL,No,Mailed check,0,Low Risk,Continue regular engagement,0.0,18.72
3272-VUHPV,8,56.3,Month-to-month,DSL,Yes,Bank transfer (automatic),0,Low Risk,Continue regular engagement,0.0,18.15
4176-FXYBO,54,109.55,Month-to-month,Fiber optic,No,Electronic check,0,Low Risk,Continue regular engagement,0.0,32.69
1063-DHQJF,69,92.15,Two year,Fiber optic,Yes,Mailed check,0,Low Risk,Continue regular engagement,0.0,1.49
8663-UPDGF,26,69.5,Month-to-month,DSL,No,Bank transfer (automatic),0,Low Risk,Continue regular engagement,0.0,11.74
6719-FGEDO,72,97.0,Two year,Fiber optic,Yes,Bank transfer (automatic),0,Low Risk,Continue regular engagement,0.0,0.5
1837-YQUCE,70,58.35,Two year,DSL,Yes,Bank transfer (automatic),0,Low Risk,Continue regular engagement,0.0,1.56
2947-DOMLJ,1,50.6,Month-to-month,DSL,No,Mailed check,1,Medium Risk,Offer contract upgrade incentive,50.6,36.32
4112-LUEIZ,10,89.5,Month-to-month,Fiber optic,No,Electronic check,1,Medium Risk,Offer contract upgrade incentive,89.5,68.46
0369-ZGOVK,28,70.4,One year,Fiber optic,No,Bank transfer (automatic),0,Low Risk,Continue regular engagement,0.0,7.74
4510-HIMLV,1,69.8,Month-to-month,Fiber optic,No,Electronic check,1,High Risk,Offer annual contract discount + proactive support,69.8,83.25
9919-KNPOO,21,94.3,Month-to-month,Fiber optic,No,Electronic check,1,Medium Risk,Offer contract upgrade incentive,94.3,66.91
8749-JMNKX,51,93.8,Month-to-month,Fiber optic,No,Bank transfer (automatic),0,Low Risk,Continue regular engagement,0.0,28.01
7872-BAAZR,53,19.55,One year,No,No internet service,Bank transfer (automatic),0,Low Risk,Continue regular engagement,0.0,2.98
9391-LMANN,53,95.95,One year,Fiber optic,No,Electronic check,0,Low Risk,Continue regular engagement,0.0,7.13
2430-USGXP,24,101.05,Month-to-month,Fiber optic,No,Electronic check,1,Medium Risk,Offer contract upgrade incentive,101.05,68.66
8174-TBVCF,70,94.8,Two year,DSL,Yes,Credit card (automatic),0,Low Risk,Continue regular engagement,0.0,2.03
1698-XFZCI,61,107.75,One year,Fiber optic,No,Electronic check,0,Low Risk,Continue regular engagement,0.0,21.95
1877-HKBQX,11,54.6,One year,DSL,Yes,Mailed check,0,Low Risk,Continue regular engagement,0.0,8.21
4450-DLLMH,2,71.3,Month-to-month,Fiber optic,No,Credit card (automatic),1,Medium Risk,Offer contract upgrade incentive,71.3,59.33
0428-AXXLJ,25,19.5,One year,No,No internet service,Bank transfer (automatic),0,Low Risk,Continue regular engagement,0.0,2.55
2746-DIJLO,41,56.3,One year,DSL,No,Credit card (automatic),0,Low Risk,Continue regular engagement,0.0,11.26
5955-ERIHD,18,94.7,Month-to-month,Fiber optic,No,Electronic check,1,Medium Risk,Offer contract upgrade incentive,94.7,66.12
0917-EZOLA,72,104.15,Two year,Fiber optic,No,Bank transfer (automatic),0,Low Risk,Continue regular engagement,0.0,19.94
3508-VLHCZ,71,90.55,Two year,DSL,Yes,Credit card (automatic),0,Low Risk,Continue regular engagement,0.0,0.71
4086-ATNFV,34,60.8,One year,DSL,No,Mailed check,0,Low Risk,Continue regular engagement,0.0,4.17
0468-YRPXN,29,98.8,Month-to-month,Fiber optic,Yes,Credit card (automatic),0,Low Risk,Continue regular engagement,0.0,34.66
5996-NRVXR,40,98.15,One year,Fiber optic,Yes,Credit card (automatic),0,Low Risk,Continue regular engagement,0.0,14.24
3739-YBWAB,36,35.35,One year,DSL,No,Mailed check,0,Low Risk,Continue regular engagement,0.0,5.74
7047-FWEYA,46,103.15,One year,Fiber optic,Yes,Electronic check,0,Low Risk,Continue regular engagement,0.0,25.28
2000-MPKCA,58,107.75,One year,Fiber optic,No,Electronic check,0,Low Risk,Continue regular engagement,0.0,23.65
9762-YAQAA,39,81.4,One year,Fiber optic,No,Credit card (automatic),0,Low Risk,Continue regular engagement,0.0,10.9
5949-EBSQK,4,61.45,Month-to-month,DSL,Yes,Credit card (automatic),0,Low Risk,Continue regular engagement,0.0,20.05
5473-KHBPS,52,95.7,One year,Fiber optic,No,Credit card (automatic),0,Low Risk,Continue regular engagement,0.0,10.51
0100-DUVFC,70,104.8,One year,Fiber optic,No,Electronic check,1,Medium Risk,Monitor customer + targeted engagement,104.8,36.82
5397-TUPSH,65,70.95,One year,Fiber optic,No,Bank transfer (automatic),0,Low Risk,Continue regular engagement,0.0,5.71
8950-MTZNV,1,44.95,Month-to-month,DSL,No,Mailed check,1,Medium Risk,Offer contract upgrade incentive,44.95,53.08
0326-VDYXE,70,97.65,One year,Fiber optic,No,Electronic check,0,Low Risk,Continue regular engagement,0.0,26.36
6773-LQTVT,29,35.65,Month-to-month,DSL,No,Mailed check,0,Low Risk,Continue regular engagement,0.0,23.4
7274-RTAPZ,1,90.55,Month-to-month,Fiber optic,No,Electronic check,1,High Risk,Offer annual contract discount + proactive support,90.55,88.26
0436-TWFFZ,67,85.25,Two year,DSL,Yes,Mailed check,0,Low Risk,Continue regular engagement,0.0,2.2
8566-YPRGL,1,19.5,Month-to-month,No,No internet service,Mailed check,1,Medium Risk,Offer contract upgrade incentive,19.5,45.85
0311-UNPFF,26,88.8,Month-to-month,Fiber optic,No,Bank transfer (automatic),1,Medium Risk,Offer contract upgrade incentive,88.8,40.58
6609-MXJHJ,30,25.1,Two year,No,No internet service,Mailed check,0,Low Risk,Continue regular engagement,0.0,1.67
2669-OIDSD,48,100.05,Month-to-month,Fiber optic,Yes,Credit card (automatic),0,Low Risk,Continue regular engagement,0.0,32.71
8400-WZICQ,55,55.7,Month-to-month,DSL,No,Electronic check,0,Low Risk,Continue regular engagement,0.0,9.01
3834-XUIFC,7,85.2,Month-to-month,Fiber optic,No,Mailed check,1,High Risk,Offer annual contract discount + proactive support,85.2,80.62
9576-SYUHJ,37,91.15,Month-to-month,Fiber optic,No,Electronic check,0,Low Risk,Continue regular engagement,0.0,30.34
0410-IPFTY,31,83.85,Month-to-month,Fiber optic,No,Bank transfer (automatic),1,Medium Risk,Offer contract upgrade incentive,83.85,41.36
2831-EBWRN,4,45.9,Month-to-month,DSL,No,Electronic check,1,Medium Risk,Offer contract upgrade incentive,45.9,46.57
9430-NKQLY,72,25.1,Two year,No,No internet service,Credit card (automatic),0,Low Risk,Continue regular engagement,0.0,0.61
8414-MYSHR,5,91.4,Month-to-month,Fiber optic,No,Electronic check,1,High Risk,Offer annual contract discount + proactive support,91.4,77.33
0247-SLUJI,1,19.7,Month-to-month,No,No internet service,Mailed check,1,Medium Risk,Offer contract upgrade incentive,19.7,38.32
9402-ORRAH,15,91.5,Month-to-month,Fiber optic,No,Electronic check,1,Medium Risk,Offer contract upgrade incentive,91.5,60.05
6483-OATDN,8,51.3,Month-to-month,DSL,No,Credit card (automatic),0,Low Risk,Continue regular engagement,0.0,19.68
1293-HHSHJ,35,21.1,One year,No,No internet service,Mailed check,0,Low Risk,Continue regular engagement,0.0,2.35
4840-ORQXB,56,104.75,Month-to-month,Fiber optic,No,Electronic check,1,Medium Risk,Offer contract upgrade incentive,104.75,39.25
7599-FKVXZ,42,106.15,Month-to-month,Fiber optic,Yes,Bank transfer (automatic),1,Medium Risk,Offer contract upgrade incentive,106.15,59.5
3982-DQLUS,65,85.75,Month-to-month,Fiber optic,No,Electronic check,0,Low Risk,Continue regular engagement,0.0,17.68
8610-ZIKJJ,2,20.3,One year,No,No internet service,Mailed check,0,Low Risk,Continue regular engagement,0.0,7.17
3756-VNWDH,65,100.75,One year,Fiber optic,No,Electronic check,0,Low Risk,Continue regular engagement,0.0,25.69
7801-KICAO,18,74.15,Month-to-month,Fiber optic,No,Electronic check,1,Medium Risk,Offer contract upgrade incentive,74.15,52.69
7673-LPRNY,23,78.55,One year,DSL,No,Electronic check,0,Low Risk,Continue regular engagement,0.0,16.5
8229-TNIQA,4,45.3,Month-to-month,DSL,No,Mailed check,1,Medium Risk,Offer contract upgrade incentive,45.3,41.12
6060-QBMGV,70,19.85,Two year,No,No internet service,Credit card (automatic),0,Low Risk,Continue regular engagement,0.0,0.75
7339-POGZN,4,50.7,Month-to-month,DSL,No,Electronic check,1,Medium Risk,Offer contract upgrade incentive,50.7,47.87
2828-SLQPF,19,45.0,Month-to-month,DSL,No,Bank transfer (automatic),0,Low Risk,Continue regular engagement,0.0,25.03
4465-VDKIQ,18,77.8,Month-to-month,Fiber optic,No,Electronic check,0,Low Risk,Continue regular engagement,0.0,28.23
2921-XWDJH,38,83.45,Month-to-month,Fiber optic,No,Electronic check,1,Medium Risk,Offer contract upgrade incentive,83.45,37.09
6221-AVQYL,2,73.25,Month-to-month,Fiber optic,No,Credit card (automatic),1,Medium Risk,Offer contract upgrade incentive,73.25,68.59
2558-BUOZZ,47,94.8,One year,Fiber optic,No,Bank transfer (automatic),0,Low Risk,Continue regular engagement,0.0,7.03
9257-AZMTZ,52,20.1,Two year,No,No internet service,Bank transfer (automatic),0,Low Risk,Continue regular engagement,0.0,1.37
0003-MKNFE,9,59.9,Month-to-month,DSL,No,Mailed check,0,Low Risk,Continue regular engagement,0.0,25.84
0975-UYDTX,26,90.1,One year,DSL,Yes,Credit card (automatic),0,Low Risk,Continue regular engagement,0.0,9.56
7743-EXURX,8,51.05,Month-to-month,DSL,No,Electronic check,1,Medium Risk,Offer contract upgrade incentive,51.05,36.5
4682-BLBUC,44,70.95,One year,DSL,Yes,Electronic check,0,Low Risk,Continue regular engagement,0.0,10.26
0975-VOOVL,3,29.2,Month-to-month,DSL,No,Mailed check,0,Low Risk,Continue regular engagement,0.0,32.83
5968-VXZLG,2,46.6,Month-to-month,DSL,No,Bank transfer (automatic),1,Medium Risk,Offer contract upgrade incentive,46.6,49.76
5569-KGJHX,9,85.35,Month-to-month,Fiber optic,No,Bank transfer (automatic),1,Medium Risk,Offer contract upgrade incentive,85.35,68.62
4988-IQIGL,1,75.35,Month-to-month,Fiber optic,No,Electronic check,1,High Risk,Offer annual contract discount + proactive support,75.35,87.6
5201-FRKKS,25,74.3,Month-to-month,Fiber optic,No,Bank transfer (automatic),0,Low Risk,Continue regular engagement,0.0,16.86
9799-CAYJJ,2,69.3,Month-to-month,Fiber optic,No,Electronic check,1,Medium Risk,Offer contract upgrade incentive,69.3,69.19
7730-IUTDZ,43,75.2,Month-to-month,Fiber optic,No,Electronic check,0,Low Risk,Continue regular engagement,0.0,34.98
0426-TIRNE,1,20.9,Month-to-month,No,No internet service,Mailed check,1,Medium Risk,Offer contract upgrade incentive,20.9,36.99
5443-SCMKX,58,94.3,One year,Fiber optic,No,Electronic check,0,Low Risk,Continue regular engagement,0.0,19.27
8295-KMENE,59,76.45,Two year,DSL,Yes,Mailed check,0,Low Risk,Continue regular engagement,0.0,1.26
6738-ISCBM,44,54.0,One year,DSL,No,Electronic check,0,Low Risk,Continue regular engagement,0.0,20.04
9821-BESNZ,66,104.25,One year,Fiber optic,Yes,Electronic check,0,Low Risk,Continue regular engagement,0.0,32.44
3678-MNGZX,68,19.95,Two year,No,No internet service,Bank transfer (automatic),0,Low Risk,Continue regular engagement,0.0,0.69
1335-NTIUC,9,24.95,Month-to-month,DSL,No,Electronic check,1,Medium Risk,Offer contract upgrade incentive,24.95,44.36
2916-BQZLN,19,84.75,Month-to-month,Fiber optic,No,Electronic check,1,Medium Risk,Offer contract upgrade incentive,84.75,48.56
4558-CGYCZ,4,19.75,Month-to-month,No,No internet service,Mailed check,0,Low Risk,Continue regular engagement,0.0,17.63
2368-GAKKQ,70,113.65,Two year,Fiber optic,Yes,Bank transfer (automatic),0,Low Risk,Continue regular engagement,0.0,6.31
8710-YGLWG,1,44.9,Month-to-month,DSL,No,Mailed check,1,Medium Risk,Offer contract upgrade incentive,44.9,53.08
3199-XGZCY,8,75.25,Month-to-month,Fiber optic,No,Electronic check,1,Medium Risk,Offer contract upgrade incentive,75.25,68.44
3785-KTYSH,53,24.6,Two year,No,No internet service,Mailed check,0,Low Risk,Continue regular engagement,0.0,1.63
6814-ZPWFQ,51,25.0,One year,No,No internet service,Bank transfer (automatic),0,Low Risk,Continue regular engagement,0.0,2.59
4063-EIKNQ,11,20.95,Month-to-month,No,No internet service,Bank transfer (automatic),0,Low Risk,Continue regular engagement,0.0,6.5
6993-YCOBK,60,110.6,Two year,Fiber optic,Yes,Electronic check,0,Low Risk,Continue regular engagement,0.0,11.88
5206-HPJKM,17,55.5,Month-to-month,DSL,No,Credit card (automatic),0,Low Risk,Continue regular engagement,0.0,17.8
7587-RZNME,3,43.3,Month-to-month,DSL,No,Electronic check,1,Medium Risk,Offer contract upgrade incentive,43.3,51.69
0748-RDGGM,70,109.5,One year,Fiber optic,Yes,Bank transfer (automatic),1,Medium Risk,Monitor customer + targeted engagement,109.5,41.74
8393-JMVMB,1,19.45,Month-to-month,No,No internet service,Mailed check,0,Low Risk,Continue regular engagement,0.0,34.53
5019-GQVCR,43,84.85,Month-to-month,Fiber optic,No,Electronic check,1,Medium Risk,Offer contract upgrade incentive,84.85,54.13
6036-TTFYU,16,19.6,Month-to-month,No,No internet service,Mailed check,0,Low Risk,Continue regular engagement,0.0,12.12
2550-AEVRU,57,53.45,One year,DSL,No,Electronic check,0,Low Risk,Continue regular engagement,0.0,5.47
0969-RGKCU,37,19.8,One year,No,No internet service,Credit card (automatic),0,Low Risk,Continue regular engagement,0.0,1.41
0378-CJKPV,72,112.1,Two year,Fiber optic,Yes,Credit card (automatic),0,Low Risk,Continue regular engagement,0.0,0.81
4706-AXVKM,11,84.8,Month-to-month,Fiber optic,No,Credit card (automatic),1,Medium Risk,Offer contract upgrade incentive,84.8,66.95
5889-JTMUL,50,95.05,Month-to-month,Fiber optic,No,Electronic check,1,Medium Risk,Offer contract upgrade incentive,95.05,43.71
9026-RNUJS,5,50.35,Month-to-month,DSL,No,Electronic check,1,Medium Risk,Offer contract upgrade incentive,50.35,44.51
3746-EUBYR,1,74.6,Month-to-month,Fiber optic,No,Bank transfer (automatic),1,High Risk,Offer annual contract discount + proactive support,74.6,79.02
2332-EFBJY,16,19.7,Month-to-month,No,No internet service,Mailed check,0,Low Risk,Continue regular engagement,0.0,12.47
2880-FPNAE,2,74.2,Month-to-month,Fiber optic,No,Electronic check,1,Medium Risk,Offer contract upgrade incentive,74.2,67.93
1703-MGIAB,17,69.0,Month-to-month,DSL,Yes,Mailed check,0,Low Risk,Continue regular engagement,0.0,20.88
4311-QTTAI,16,19.35,One year,No,No internet service,Credit card (automatic),0,Low Risk,Continue regular engagement,0.0,2.71
9474-PHLYD,15,59.45,Month-to-month,DSL,No,Electronic check,0,Low Risk,Continue regular engagement,0.0,33.96
4318-RAJVY,10,19.8,One year,No,No internet service,Mailed check,0,Low Risk,Continue regular engagement,0.0,6.61
2165-VOEGB,46,105.2,One year,Fiber optic,Yes,Bank transfer (automatic),0,Low Risk,Continue regular engagement,0.0,12.68
3612-YUNGG,64,109.2,Two year,Fiber optic,Yes,Credit card (automatic),0,Low Risk,Continue regular engagement,0.0,8.73
2254-DLXRI,1,79.15,Month-to-month,Fiber optic,No,Mailed check,1,High Risk,Offer annual contract discount + proactive support,79.15,85.49
5062-CJJKH,25,53.65,One year,DSL,No,Mailed check,0,Low Risk,Continue regular engagement,0.0,5.14
9028-LIHRP,71,100.2,Two year,Fiber optic,Yes,Credit card (automatic),0,Low Risk,Continue regular engagement,0.0,1.35
2219-MVUSO,8,45.15,Month-to-month,DSL,No,Mailed check,0,Low Risk,Continue regular engagement,0.0,26.16
1053-MXTTK,72,108.65,Two year,Fiber optic,Yes,Bank transfer (automatic),0,Low Risk,Continue regular engagement,0.0,3.75
1530-ZTDOZ,49,40.65,Month-to-month,DSL,No,Bank transfer (automatic),0,Low Risk,Continue regular engagement,0.0,17.38
1301-LOPVR,29,55.35,One year,DSL,Yes,Credit card (automatic),0,Low Risk,Continue regular engagement,0.0,6.26
0853-TWRVK,72,105.6,Two year,Fiber optic,Yes,Bank transfer (automatic),0,Low Risk,Continue regular engagement,0.0,1.8
8914-RBTSB,31,93.8,Month-to-month,Fiber optic,No,Electronic check,0,Low Risk,Continue regular engagement,0.0,30.04
6212-ATMLK,50,95.7,Month-to-month,Fiber optic,No,Electronic check,1,Medium Risk,Offer contract upgrade incentive,95.7,56.45
8200-LGKSR,71,83.2,Two year,DSL,Yes,Electronic check,0,Low Risk,Continue regular engagement,0.0,1.71
1568-BEKZM,70,90.05,Two year,DSL,Yes,Credit card (automatic),0,Low Risk,Continue regular engagement,0.0,2.84
0670-ANMUU,71,97.65,One year,Fiber optic,Yes,Credit card (automatic),0,Low Risk,Continue regular engagement,0.0,3.31
6897-RWMUB,61,68.05,Two year,DSL,Yes,Bank transfer (automatic),0,Low Risk,Continue regular engagement,0.0,0.74
0963-ZBDRN,32,96.2,Month-to-month,Fiber optic,Yes,Electronic check,1,Medium Risk,Offer contract upgrade incentive,96.2,41.88
7594-RQHXR,1,79.6,Month-to-month,Fiber optic,No,Electronic check,1,High Risk,Offer annual contract discount + proactive support,79.6,85.91
6999-CHVCF,68,102.1,Two year,Fiber optic,No,Bank transfer (automatic),0,Low Risk,Continue regular engagement,0.0,5.78
6134-KWTBV,62,23.4,Two year,No,No internet service,Bank transfer (automatic),0,Low Risk,Continue regular engagement,0.0,1.01
1077-HUUJM,7,71.05,Month-to-month,Fiber optic,No,Electronic check,1,Medium Risk,Offer contract upgrade incentive,71.05,58.62
6331-EWIEB,20,85.25,Month-to-month,Fiber optic,No,Electronic check,1,Medium Risk,Offer contract upgrade incentive,85.25,63.46
0895-LNKRC,6,19.45,One year,No,No internet service,Mailed check,0,Low Risk,Continue regular engagement,0.0,3.22
2045-BMBTJ,33,59.45,Month-to-month,DSL,No,Bank transfer (automatic),0,Low Risk,Continue regular engagement,0.0,18.73
8417-GSODA,28,92.2,One year,Fiber optic,No,Bank transfer (automatic),0,Low Risk,Continue regular engagement,0.0,19.52
5171-EPLKN,27,19.85,Two year,No,No internet service,Credit card (automatic),0,Low Risk,Continue regular engagement,0.0,0.75
4452-QIIEB,7,43.9,Month-to-month,DSL,No,Mailed check,0,Low Risk,Continue regular engagement,0.0,21.83
5998-VVEJY,26,80.5,Month-to-month,Fiber optic,Yes,Electronic check,1,Medium Risk,Offer contract upgrade incentive,80.5,45.43
1624-NALOJ,5,89.8,Month-to-month,Fiber optic,No,Electronic check,1,High Risk,Offer annual contract discount + proactive support,89.8,84.75
6741-EGCBI,30,90.5,Month-to-month,Fiber optic,No,Credit card (automatic),0,Low Risk,Continue regular engagement,0.0,30.0
7820-ZYGNY,63,90.45,One year,Fiber optic,No,Credit card (automatic),0,Low Risk,Continue regular engagement,0.0,9.43
4317-VTEOA,1,50.75,Month-to-month,DSL,No,Electronic check,1,Medium Risk,Offer contract upgrade incentive,50.75,66.07
9677-AVKED,53,84.6,One year,DSL,Yes,Electronic check,0,Low Risk,Continue regular engagement,0.0,9.71
1670-SVOWZ,14,89.65,Month-to-month,Fiber optic,Yes,Credit card (automatic),1,Medium Risk,Offer contract upgrade incentive,89.65,40.96
2227-JRSJX,21,99.15,Month-to-month,Fiber optic,Yes,Bank transfer (automatic),1,Medium Risk,Offer contract upgrade incentive,99.15,48.34
9847-HNVGP,17,19.95,One year,No,No internet service,Mailed check,0,Low Risk,Continue regular engagement,0.0,2.08
6696-YDAYZ,16,20.5,Two year,No,No internet service,Mailed check,0,Low Risk,Continue regular engagement,0.0,1.46
8980-WQFWL,35,62.1,Month-to-month,DSL,No,Electronic check,0,Low Risk,Continue regular engagement,0.0,18.1
1730-ZMAME,32,79.5,Month-to-month,Fiber optic,No,Electronic check,1,Medium Risk,Offer contract upgrade incentive,79.5,51.93
6506-EYCNH,28,19.55,Month-to-month,No,No internet service,Bank transfer (automatic),0,Low Risk,Continue regular engagement,0.0,9.22
4634-JLRJT,1,20.35,Month-to-month,No,No internet service,Mailed check,0,Low Risk,Continue regular engagement,0.0,32.64
9501-UKKNL,59,51.7,Month-to-month,DSL,Yes,Electronic check,0,Low Risk,Continue regular engagement,0.0,18.18
2560-QTSBS,72,23.3,One year,No,No internet service,Bank transfer (automatic),0,Low Risk,Continue regular engagement,0.0,1.1
7541-YLXCL,36,65.4,One year,DSL,Yes,Mailed check,0,Low Risk,Continue regular engagement,0.0,12.44
4795-WRNVT,40,65.1,Month-to-month,DSL,No,Mailed check,0,Low Risk,Continue regular engagement,0.0,9.93
6080-TCMYC,40,81.2,Month-to-month,Fiber optic,No,Electronic check,1,Medium Risk,Offer contract upgrade incentive,81.2,45.14
0260-ZDLGK,9,72.9,Month-to-month,DSL,Yes,Mailed check,0,Low Risk,Continue regular engagement,0.0,20.62
7860-UXCRM,63,74.5,Two year,DSL,Yes,Credit card (automatic),0,Low Risk,Continue regular engagement,0.0,1.26
6357-JJPQT,3,80.5,Month-to-month,Fiber optic,No,Electronic check,1,Medium Risk,Offer contract upgrade incentive,80.5,63.32
2292-XQWSV,40,60.3,One year,DSL,Yes,Mailed check,0,Low Risk,Continue regular engagement,0.0,16.53
9552-TGUZV,8,75.0,Month-to-month,Fiber optic,No,Mailed check,1,Medium Risk,Offer contract upgrade incentive,75.0,42.73
5913-INRQV,34,90.15,One year,Fiber optic,Yes,Mailed check,0,Low Risk,Continue regular engagement,0.0,7.58
8722-NGNBH,5,40.0,Month-to-month,DSL,Yes,Mailed check,0,Low Risk,Continue regular engagement,0.0,27.81
6210-KBBPI,9,99.45,Month-to-month,Fiber optic,No,Credit card (automatic),1,High Risk,Offer annual contract discount + proactive support,99.45,90.04
9643-YBLUR,9,69.05,Month-to-month,DSL,No,Credit card (automatic),0,Low Risk,Continue regular engagement,0.0,30.48
8734-FNWVH,31,59.7,Month-to-month,DSL,No,Bank transfer (automatic),0,Low Risk,Continue regular engagement,0.0,11.22
9447-YPTBX,50,19.85,One year,No,No internet service,Bank transfer (automatic),0,Low Risk,Continue regular engagement,0.0,3.04
0133-BMFZO,2,86.25,Month-to-month,Fiber optic,Yes,Electronic check,1,Medium Risk,Offer contract upgrade incentive,86.25,57.83
6128-CZOMY,1,45.65,Month-to-month,DSL,No,Electronic check,1,High Risk,Offer annual contract discount + proactive support,45.65,71.83
9540-JYROE,8,70.1,Month-to-month,Fiber optic,No,Mailed check,1,Medium Risk,Offer contract upgrade incentive,70.1,51.47
9026-LHEVG,9,40.75,Month-to-month,DSL,No,Electronic check,0,Low Risk,Continue regular engagement,0.0,34.61
2260-USTRB,2,70.2,Month-to-month,Fiber optic,No,Bank transfer (automatic),1,Medium Risk,Offer contract upgrade incentive,70.2,67.82
3656-TKRVZ,3,55.35,Month-to-month,DSL,No,Electronic check,0,Low Risk,Continue regular engagement,0.0,27.88
7011-CVEUC,25,95.7,Month-to-month,Fiber optic,Yes,Credit card (automatic),0,Low Risk,Continue regular engagement,0.0,32.74
6185-TASNN,1,46.3,Month-to-month,DSL,No,Electronic check,1,Medium Risk,Offer contract upgrade incentive,46.3,69.75
7925-PNRGI,45,81.3,Month-to-month,DSL,Yes,Mailed check,0,Low Risk,Continue regular engagement,0.0,6.96
8623-TMRBY,51,84.2,Month-to-month,Fiber optic,No,Electronic check,1,Medium Risk,Offer contract upgrade incentive,84.2,47.11
1552-CZCLL,55,20.0,Month-to-month,No,No internet service,Credit card (automatic),0,Low Risk,Continue regular engagement,0.0,7.56
3038-PQIUY,38,66.15,Month-to-month,DSL,No,Bank transfer (automatic),0,Low Risk,Continue regular engagement,0.0,11.99
1501-SGHBW,2,45.85,Month-to-month,DSL,No,Mailed check,1,Medium Risk,Offer contract upgrade incentive,45.85,45.29
9313-CDOGY,38,19.6,Month-to-month,No,No internet service,Electronic check,0,Low Risk,Continue regular engagement,0.0,4.79
8148-BPLZQ,34,49.8,Month-to-month,DSL,No,Electronic check,0,Low Risk,Continue regular engagement,0.0,14.08
2623-DRYAM,70,101.75,One year,Fiber optic,No,Electronic check,0,Low Risk,Continue regular engagement,0.0,31.39
9987-LUTYD,13,55.15,One year,DSL,Yes,Mailed check,0,Low Risk,Continue regular engagement,0.0,5.54
3208-YPIOE,39,75.25,Month-to-month,Fiber optic,No,Electronic check,1,Medium Risk,Offer contract upgrade incentive,75.25,40.74
4488-KQFDT,61,103.95,One year,Fiber optic,No,Electronic check,0,Low Risk,Continue regular engagement,0.0,27.7
2612-RANWT,12,100.15,Month-to-month,Fiber optic,No,Bank transfer (automatic),1,High Risk,Offer annual contract discount + proactive support,100.15,86.56
5693-PIPCS,41,99.65,Two year,Fiber optic,Yes,Credit card (automatic),0,Low Risk,Continue regular engagement,0.0,5.14
0491-KAPQG,21,73.7,Month-to-month,Fiber optic,No,Electronic check,1,Medium Risk,Offer contract upgrade incentive,73.7,53.16
1925-LFCZZ,55,50.05,One year,DSL,No,Bank transfer (automatic),0,Low Risk,Continue regular engagement,0.0,20.52
8039-EQPIM,69,60.25,Two year,DSL,Yes,Bank transfer (automatic),0,Low Risk,Continue regular engagement,0.0,1.42
6900-PXRMS,26,105.75,Month-to-month,Fiber optic,No,Electronic check,1,Medium Risk,Offer contract upgrade incentive,105.75,61.59
8707-RMEZH,69,87.3,One year,Fiber optic,No,Credit card (automatic),0,Low Risk,Continue regular engagement,0.0,9.56
3346-BRMIS,18,48.35,Month-to-month,DSL,No,Electronic check,1,Medium Risk,Offer contract upgrade incentive,48.35,56.82
3209-ZPKFI,47,54.25,Month-to-month,DSL,No,Electronic check,0,Low Risk,Continue regular engagement,0.0,18.64
6479-VDGRK,72,85.3,Two year,DSL,Yes,Bank transfer (automatic),0,Low Risk,Continue regular engagement,0.0,0.41
9373-WSLOY,33,50.0,Month-to-month,DSL,Yes,Electronic check,0,Low Risk,Continue regular engagement,0.0,20.16
2933-FILNV,2,24.4,Month-to-month,DSL,No,Mailed check,1,Medium Risk,Offer contract upgrade incentive,24.4,47.91
3569-JFODW,72,90.95,Two year,DSL,Yes,Credit card (automatic),0,Low Risk,Continue regular engagement,0.0,0.45
9819-FBNSV,37,72.25,Month-to-month,Fiber optic,No,Bank transfer (automatic),0,Low Risk,Continue regular engagement,0.0,32.59
9544-PYPSJ,62,96.1,Month-to-month,Fiber optic,No,Credit card (automatic),0,Low Risk,Continue regular engagement,0.0,21.3
1591-XWLGB,71,19.85,Two year,No,No internet service,Credit card (automatic),0,Low Risk,Continue regular engagement,0.0,1.24
0396-UKGAI,23,55.3,Month-to-month,DSL,Yes,Bank transfer (automatic),0,Low Risk,Continue regular engagement,0.0,9.32
3243-ZHOHY,16,20.1,One year,No,No internet service,Mailed check,0,Low Risk,Continue regular engagement,0.0,2.42
5186-EJEGL,9,69.5,Month-to-month,DSL,Yes,Mailed check,0,Low Risk,Continue regular engagement,0.0,17.45
7527-QNRUS,17,25.15,Two year,No,No internet service,Mailed check,0,Low Risk,Continue regular engagement,0.0,1.72
9986-BONCE,4,20.95,Month-to-month,No,No internet service,Bank transfer (automatic),0,Low Risk,Continue regular engagement,0.0,11.61
2722-JMONI,1,49.55,Month-to-month,DSL,No,Electronic check,1,Medium Risk,Offer contract upgrade incentive,49.55,62.51
2203-GHNWN,24,79.65,Month-to-month,Fiber optic,No,Mailed check,0,Low Risk,Continue regular engagement,0.0,32.34
3878-AVSOQ,1,71.25,Month-to-month,Fiber optic,No,Electronic check,1,High Risk,Offer annual contract discount + proactive support,71.25,84.76
3258-SYSWS,72,113.8,Two year,Fiber optic,Yes,Bank transfer (automatic),0,Low Risk,Continue regular engagement,0.0,1.64
5296-PSYVW,72,24.55,Two year,No,No internet service,Electronic check,0,Low Risk,Continue regular engagement,0.0,1.49
6319-QSUSR,11,19.7,Month-to-month,No,No internet service,Credit card (automatic),0,Low Risk,Continue regular engagement,0.0,9.77
4083-EUGRJ,9,20.25,Month-to-month,No,No internet service,Mailed check,0,Low Risk,Continue regular engagement,0.0,11.0
7579-OOPEC,2,50.15,Month-to-month,DSL,No,Credit card (automatic),1,Medium Risk,Offer contract upgrade incentive,50.15,42.42
0512-FLFDW,60,100.5,One year,Fiber optic,No,Credit card (automatic),0,Low Risk,Continue regular engagement,0.0,24.73
1771-OADNZ,29,95.9,Month-to-month,Fiber optic,No,Electronic check,1,Medium Risk,Offer contract upgrade incentive,95.9,63.86
0487-CRLZF,49,74.45,Two year,DSL,Yes,Bank transfer (automatic),0,Low Risk,Continue regular engagement,0.0,1.63
2107-FBPTK,30,104.1,Month-to-month,Fiber optic,No,Electronic check,1,Medium Risk,Offer contract upgrade incentive,104.1,55.75
9451-WLYRI,53,19.05,One year,No,No internet service,Credit card (automatic),0,Low Risk,Continue regular engagement,0.0,1.45
8219-VYBVI,39,25.0,Two year,No,No internet service,Mailed check,0,Low Risk,Continue regular engagement,0.0,1.14
1991-VOPLL,9,19.05,Month-to-month,No,No internet service,Mailed check,0,Low Risk,Continue regular engagement,0.0,3.18
9738-QLWTP,39,81.9,One year,Fiber optic,Yes,Electronic check,0,Low Risk,Continue regular engagement,0.0,14.84
1016-DJTSV,8,69.7,Month-to-month,Fiber optic,No,Electronic check,1,Medium Risk,Offer contract upgrade incentive,69.7,61.14
9419-IPPBE,51,90.15,One year,Fiber optic,No,Electronic check,0,Low Risk,Continue regular engagement,0.0,18.83
0174-QRVVY,71,25.35,Two year,No,No internet service,Credit card (automatic),0,Low Risk,Continue regular engagement,0.0,0.63
5699-BNCAS,71,24.65,Two year,No,No internet service,Mailed check,0,Low Risk,Continue regular engagement,0.0,1.19
2900-PHPLN,70,19.55,Two year,No,No internet service,Credit card (automatic),0,Low Risk,Continue regular engagement,0.0,1.21
0612-RTZZA,1,25.25,Month-to-month,DSL,No,Electronic check,1,High Risk,Offer annual contract discount + proactive support,25.25,74.13
8106-GWQOK,38,60.0,Two year,DSL,Yes,Bank transfer (automatic),0,Low Risk,Continue regular engagement,0.0,2.46
8751-EDEKA,28,89.9,Month-to-month,Fiber optic,No,Credit card (automatic),0,Low Risk,Continue regular engagement,0.0,30.11
6878-GGDWG,32,19.4,Month-to-month,No,No internet service,Bank transfer (automatic),0,Low Risk,Continue regular engagement,0.0,6.2
4039-PIMHX,49,49.8,Two year,DSL,No,Mailed check,0,Low Risk,Continue regular engagement,0.0,4.51
8450-LUGUK,37,24.1,Two year,No,No internet service,Bank transfer (automatic),0,Low Risk,Continue regular engagement,0.0,1.39
3604-WLABM,10,54.25,Month-to-month,DSL,Yes,Electronic check,0,Low Risk,Continue regular engagement,0.0,24.62
0795-GMVQO,67,109.9,One year,Fiber optic,No,Credit card (automatic),0,Low Risk,Continue regular engagement,0.0,15.34
2259-OUUSZ,7,35.5,One year,DSL,Yes,Credit card (automatic),0,Low Risk,Continue regular engagement,0.0,13.4
1142-IHLOO,51,87.55,One year,Fiber optic,No,Credit card (automatic),0,Low Risk,Continue regular engagement,0.0,11.48
6410-LEFEN,9,45.15,Month-to-month,DSL,No,Electronic check,0,Low Risk,Continue regular engagement,0.0,32.72
4633-MKHYU,9,88.4,Month-to-month,Fiber optic,No,Mailed check,1,Medium Risk,Offer contract upgrade incentive,88.4,62.36
6257-RJOHI,4,50.8,Month-to-month,DSL,Yes,Mailed check,0,Low Risk,Continue regular engagement,0.0,32.06
1545-JFUML,71,99.0,Two year,Fiber optic,No,Electronic check,0,Low Risk,Continue regular engagement,0.0,3.23
3194-ORPIK,50,84.4,Month-to-month,Fiber optic,No,Bank transfer (automatic),0,Low Risk,Continue regular engagement,0.0,33.38
7826-VVKWT,24,96.55,Two year,Fiber optic,No,Electronic check,0,Low Risk,Continue regular engagement,0.0,20.15
1353-GHZOS,22,59.75,One year,DSL,No,Bank transfer (automatic),0,Low Risk,Continue regular engagement,0.0,7.84
2587-EKXTS,44,111.5,Month-to-month,Fiber optic,No,Electronic check,1,Medium Risk,Offer contract upgrade incentive,111.5,39.02
5442-BXVND,33,24.25,Month-to-month,No,No internet service,Bank transfer (automatic),0,Low Risk,Continue regular engagement,0.0,5.12
8816-VXNZD,1,75.1,Month-to-month,Fiber optic,No,Electronic check,1,High Risk,Offer annual contract discount + proactive support,75.1,85.37
9378-FXTIZ,54,70.15,One year,DSL,No,Credit card (automatic),0,Low Risk,Continue regular engagement,0.0,10.51
1723-HKXJQ,42,101.75,Month-to-month,Fiber optic,No,Electronic check,1,Medium Risk,Offer contract upgrade incentive,101.75,62.76
7825-GKXMW,1,45.8,Month-to-month,DSL,No,Electronic check,1,Medium Risk,Offer contract upgrade incentive,45.8,62.67
9753-OYLBX,1,20.5,Month-to-month,No,No internet service,Mailed check,1,Medium Risk,Offer contract upgrade incentive,20.5,35.53
2364-UFROM,30,70.4,One year,DSL,Yes,Electronic check,0,Low Risk,Continue regular engagement,0.0,4.28
6656-JWRQX,1,30.55,Month-to-month,DSL,Yes,Mailed check,0,Low Risk,Continue regular engagement,0.0,34.48
6473-ULUHT,16,84.9,Month-to-month,DSL,Yes,Electronic check,0,Low Risk,Continue regular engagement,0.0,22.95
1240-KNSEZ,1,20.1,Month-to-month,No,No internet service,Mailed check,1,Medium Risk,Offer contract upgrade incentive,20.1,51.91
0836-SEYLU,9,40.65,Month-to-month,DSL,Yes,Mailed check,0,Low Risk,Continue regular engagement,0.0,26.85
4433-JCGCG,46,101.0,Month-to-month,Fiber optic,No,Electronic check,1,Medium Risk,Offer contract upgrade incentive,101.0,68.0
3716-BDVDB,1,69.1,Month-to-month,Fiber optic,No,Electronic check,1,High Risk,Offer annual contract discount + proactive support,69.1,84.78
7688-AWMDX,71,54.5,Two year,DSL,Yes,Bank transfer (automatic),0,Low Risk,Continue regular engagement,0.0,0.61
2842-BCQGE,43,75.35,Month-to-month,Fiber optic,No,Credit card (automatic),1,Medium Risk,Offer contract upgrade incentive,75.35,35.44
7244-QWYHG,50,44.45,One year,DSL,Yes,Bank transfer (automatic),0,Low Risk,Continue regular engagement,0.0,4.79
5899-MQZZL,13,75.0,Month-to-month,Fiber optic,No,Mailed check,1,Medium Risk,Offer contract upgrade incentive,75.0,45.88
6849-OYAMU,19,100.0,One year,Fiber optic,Yes,Bank transfer (automatic),0,Low Risk,Continue regular engagement,0.0,22.74
5312-UXESG,41,98.05,Month-to-month,Fiber optic,No,Bank transfer (automatic),0,Low Risk,Continue regular engagement,0.0,33.9
9488-HGMJH,1,71.15,Month-to-month,Fiber optic,No,Electronic check,1,High Risk,Offer annual contract discount + proactive support,71.15,84.76
6038-GCYEC,24,54.15,Month-to-month,DSL,No,Credit card (automatic),0,Low Risk,Continue regular engagement,0.0,33.81
2150-WLKUW,40,63.9,One year,DSL,No,Bank transfer (automatic),0,Low Risk,Continue regular engagement,0.0,6.7
7159-FVYPK,3,69.15,Month-to-month,DSL,No,Bank transfer (automatic),1,Medium Risk,Offer contract upgrade incentive,69.15,39.39
7032-LMBHI,37,64.65,One year,DSL,No,Bank transfer (automatic),0,Low Risk,Continue regular engagement,0.0,5.11
1150-WFARN,67,108.75,Two year,Fiber optic,Yes,Credit card (automatic),0,Low Risk,Continue regular engagement,0.0,23.72
6088-BXMRG,32,98.85,Month-to-month,Fiber optic,No,Electronic check,1,Medium Risk,Offer contract upgrade incentive,98.85,54.13
3144-AUDBS,6,49.15,Month-to-month,DSL,Yes,Electronic check,1,Medium Risk,Offer contract upgrade incentive,49.15,45.28
4821-SJHJV,32,89.6,Month-to-month,Fiber optic,No,Electronic check,0,Low Risk,Continue regular engagement,0.0,25.02
7346-MEDWM,59,83.25,Month-to-month,Fiber optic,No,Electronic check,0,Low Risk,Continue regular engagement,0.0,32.69
1137-DGOWI,30,70.25,One year,DSL,Yes,Bank transfer (automatic),0,Low Risk,Continue regular engagement,0.0,7.06
5616-PRTNT,20,19.4,Month-to-month,No,No internet service,Electronic check,0,Low Risk,Continue regular engagement,0.0,18.41
3812-LRZIR,27,24.5,Two year,No,No internet service,Electronic check,0,Low Risk,Continue regular engagement,0.0,3.11
4818-QIUFN,20,79.15,Month-to-month,Fiber optic,No,Electronic check,1,Medium Risk,Offer contract upgrade incentive,79.15,53.59
9483-GCPWE,9,20.1,One year,No,No internet service,Mailed check,0,Low Risk,Continue regular engagement,0.0,3.26
4227-OJHAL,68,73.0,One year,DSL,No,Credit card (automatic),0,Low Risk,Continue regular engagement,0.0,9.02
9220-CXRSC,69,61.4,Two year,DSL,Yes,Credit card (automatic),0,Low Risk,Continue regular engagement,0.0,1.11
4993-JCRGJ,26,84.3,Month-to-month,Fiber optic,Yes,Mailed check,0,Low Risk,Continue regular engagement,0.0,31.48
9537-JALFH,69,19.9,Two year,No,No internet service,Bank transfer (automatic),0,Low Risk,Continue regular engagement,0.0,0.99
6698-OXETB,11,20.4,Two year,No,No internet service,Mailed check,0,Low Risk,Continue regular engagement,0.0,1.34
2103-ZRXFN,1,50.75,Month-to-month,DSL,No,Mailed check,1,Medium Risk,Offer contract upgrade incentive,50.75,54.15
3724-BSCVH,10,20.45,One year,No,No internet service,Mailed check,0,Low Risk,Continue regular engagement,0.0,2.93
4877-TSOFF,55,75.75,One year,DSL,Yes,Bank transfer (automatic),0,Low Risk,Continue regular engagement,0.0,5.43
9209-NWPGU,44,65.4,One year,DSL,Yes,Electronic check,0,Low Risk,Continue regular engagement,0.0,7.15
6961-VCPMC,46,80.4,Month-to-month,Fiber optic,No,Electronic check,1,Medium Risk,Offer contract upgrade incentive,80.4,42.82
7306-YDSOI,69,59.75,Two year,DSL,No,Bank transfer (automatic),0,Low Risk,Continue regular engagement,0.0,1.09
5288-AHOUP,11,78.5,Month-to-month,Fiber optic,No,Electronic check,1,Medium Risk,Offer contract upgrade incentive,78.5,56.64
6688-UZPWD,11,102.0,Month-to-month,Fiber optic,No,Electronic check,1,High Risk,Offer annual contract discount + proactive support,102.0,83.5
0655-YDGFJ,29,48.95,Month-to-month,DSL,No,Bank transfer (automatic),0,Low Risk,Continue regular engagement,0.0,9.79
8468-EHYJA,57,99.65,Month-to-month,Fiber optic,No,Electronic check,1,Medium Risk,Offer contract upgrade incentive,99.65,39.32
6823-SIDFQ,28,18.25,One year,No,No internet service,Credit card (automatic),0,Low Risk,Continue regular engagement,0.0,0.96
1097-FSPVW,42,54.55,Month-to-month,DSL,No,Credit card (automatic),0,Low Risk,Continue regular engagement,0.0,12.05
2839-RFSQE,2,20.65,Month-to-month,No,No internet service,Mailed check,0,Low Risk,Continue regular engagement,0.0,17.16
8328-SKJNO,23,40.65,One year,DSL,Yes,Bank transfer (automatic),0,Low Risk,Continue regular engagement,0.0,4.48
7010-ZMVBF,18,20.45,Month-to-month,No,No internet service,Mailed check,0,Low Risk,Continue regular engagement,0.0,6.92
5201-CBWYG,62,24.8,One year,No,No internet service,Bank transfer (automatic),0,Low Risk,Continue regular engagement,0.0,2.44
0968-GSIKN,1,70.8,Month-to-month,Fiber optic,No,Mailed check,1,High Risk,Offer annual contract discount + proactive support,70.8,75.17
1965-DDBWU,16,89.05,Month-to-month,Fiber optic,Yes,Credit card (automatic),1,Medium Risk,Offer contract upgrade incentive,89.05,44.11
9057-SIHCH,3,96.6,Month-to-month,Fiber optic,No,Electronic check,1,High Risk,Offer annual contract discount + proactive support,96.6,87.75
6352-GIGGQ,67,88.8,One year,DSL,Yes,Bank transfer (automatic),0,Low Risk,Continue regular engagement,0.0,9.1
3635-QQRQD,62,20.05,Two year,No,No internet service,Credit card (automatic),0,Low Risk,Continue regular engagement,0.0,1.59
6771-XWBDM,57,104.5,Month-to-month,Fiber optic,No,Credit card (automatic),1,Medium Risk,Offer contract upgrade incentive,104.5,49.04
2897-DOVND,2,69.8,Month-to-month,Fiber optic,No,Electronic check,1,Medium Risk,Offer contract upgrade incentive,69.8,67.12
3082-YVEKW,23,77.15,Two year,DSL,Yes,Bank transfer (automatic),0,Low Risk,Continue regular engagement,0.0,1.3
0191-EQUUH,25,35.05,Two year,DSL,Yes,Bank transfer (automatic),0,Low Risk,Continue regular engagement,0.0,1.58
7134-HBPBS,72,108.1,Two year,Fiber optic,Yes,Bank transfer (automatic),0,Low Risk,Continue regular engagement,0.0,3.65
3489-HHPFY,2,84.05,Month-to-month,Fiber optic,No,Electronic check,1,High Risk,Offer annual contract discount + proactive support,84.05,73.9
2926-JEJJC,8,20.2,One year,No,No internet service,Bank transfer (automatic),0,Low Risk,Continue regular engagement,0.0,3.43
8601-QACRS,5,50.6,Month-to-month,DSL,No,Mailed check,1,Medium Risk,Offer contract upgrade incentive,50.6,38.61
4950-BDEUX,35,49.2,Month-to-month,DSL,No,Electronic check,0,Low Risk,Continue regular engagement,0.0,22.2
5789-LDFXO,24,24.6,One year,No,No internet service,Electronic check,0,Low Risk,Continue regular engagement,0.0,4.96
0508-OOLTO,2,71.65,Month-to-month,Fiber optic,No,Electronic check,1,Medium Risk,Offer contract upgrade incentive,71.65,65.02
2984-TBYKU,72,104.9,Two year,Fiber optic,Yes,Credit card (automatic),0,Low Risk,Continue regular engagement,0.0,3.85
9822-WMWVG,41,106.5,Month-to-month,Fiber optic,Yes,Electronic check,0,Low Risk,Continue regular engagement,0.0,34.56
2391-SOORI,4,49.35,Month-to-month,DSL,No,Electronic check,0,Low Risk,Continue regular engagement,0.0,27.03
9040-KZVWO,26,75.5,One year,Fiber optic,No,Bank transfer (automatic),0,Low Risk,Continue regular engagement,0.0,6.8
2645-QTLMB,7,94.25,Month-to-month,Fiber optic,No,Electronic check,1,High Risk,Offer annual contract discount + proactive support,94.25,75.57
4806-HIPDW,1,68.95,Month-to-month,Fiber optic,No,Electronic check,1,High Risk,Offer annual contract discount + proactive support,68.95,84.93
1548-ARAGG,4,58.5,Month-to-month,DSL,Yes,Mailed check,0,Low Risk,Continue regular engagement,0.0,29.4
6339-RZCBJ,48,78.9,Two year,DSL,Yes,Credit card (automatic),0,Low Risk,Continue regular engagement,0.0,1.94
4424-TKOPW,2,93.85,Month-to-month,Fiber optic,No,Electronic check,1,High Risk,Offer annual contract discount + proactive support,93.85,89.15
4415-WNGVR,12,79.2,One year,DSL,Yes,Electronic check,0,Low Risk,Continue regular engagement,0.0,24.36
2522-AHJXR,60,109.45,Month-to-month,Fiber optic,Yes,Bank transfer (automatic),0,Low Risk,Continue regular engagement,0.0,20.44
0412-UCCNP,55,59.2,Two year,DSL,Yes,Electronic check,0,Low Risk,Continue regular engagement,0.0,2.33
1816-FLZDK,1,29.15,Month-to-month,DSL,Yes,Mailed check,1,Medium Risk,Offer contract upgrade incentive,29.15,35.67
7096-UCLNH,1,20.05,Month-to-month,No,No internet service,Mailed check,1,Medium Risk,Offer contract upgrade incentive,20.05,40.83
8443-ZRDBZ,4,76.05,Month-to-month,Fiber optic,No,Electronic check,1,High Risk,Offer annual contract discount + proactive support,76.05,74.22
9136-ALYBR,1,24.45,Month-to-month,DSL,No,Mailed check,1,Medium Risk,Offer contract upgrade incentive,24.45,60.07
4615-PIVVU,42,66.5,Two year,DSL,Yes,Credit card (automatic),0,Low Risk,Continue regular engagement,0.0,2.99
8885-QSQBX,1,49.55,Month-to-month,DSL,No,Bank transfer (automatic),0,Low Risk,Continue regular engagement,0.0,31.43
7479-NITWS,7,89.35,Month-to-month,Fiber optic,No,Credit card (automatic),1,High Risk,Offer annual contract discount + proactive support,89.35,80.64
8617-ENBDS,3,73.6,Month-to-month,Fiber optic,No,Credit card (automatic),1,Medium Risk,Offer contract upgrade incentive,73.6,52.38
9385-NXKDA,72,82.65,Two year,DSL,No,Credit card (automatic),0,Low Risk,Continue regular engagement,0.0,0.56
0430-IHCDJ,15,49.0,Month-to-month,DSL,No,Electronic check,1,Medium Risk,Offer contract upgrade incentive,49.0,40.89
2959-MJHIC,4,80.35,Month-to-month,Fiber optic,No,Electronic check,1,Medium Risk,Offer contract upgrade incentive,80.35,66.71
6674-KVJHG,11,25.2,One year,No,No internet service,Electronic check,0,Low Risk,Continue regular engagement,0.0,7.37
1814-DKOLC,5,25.45,Month-to-month,No,No internet service,Mailed check,0,Low Risk,Continue regular engagement,0.0,15.5
4201-JMNGR,1,55.8,Month-to-month,DSL,No,Electronic check,1,High Risk,Offer annual contract discount + proactive support,55.8,71.44
9351-HXDMR,72,110.9,Two year,Fiber optic,Yes,Credit card (automatic),0,Low Risk,Continue regular engagement,0.0,3.69
3537-HPKQT,55,77.75,Month-to-month,Fiber optic,No,Credit card (automatic),0,Low Risk,Continue regular engagement,0.0,30.27
2129-ALKBS,40,26.2,Month-to-month,No,No internet service,Electronic check,0,Low Risk,Continue regular engagement,0.0,16.96
5821-MMEIL,57,19.9,Two year,No,No internet service,Bank transfer (automatic),0,Low Risk,Continue regular engagement,0.0,2.13
5960-WPXQM,1,79.05,Month-to-month,Fiber optic,No,Electronic check,1,High Risk,Offer annual contract discount + proactive support,79.05,88.2
0684-AOSIH,1,95.0,Month-to-month,Fiber optic,No,Electronic check,1,High Risk,Offer annual contract discount + proactive support,95.0,82.44
8260-NGFNY,1,25.2,Month-to-month,DSL,No,Mailed check,1,Medium Risk,Offer contract upgrade incentive,25.2,47.68
1309-XGFSN,52,80.85,One year,DSL,No,Electronic check,0,Low Risk,Continue regular engagement,0.0,19.93
1866-RZZQS,41,98.4,Month-to-month,Fiber optic,No,Electronic check,1,High Risk,Offer annual contract discount + proactive support,98.4,73.07
6968-URWQU,43,56.35,One year,DSL,No,Mailed check,0,Low Risk,Continue regular engagement,0.0,10.42
4742-TXUEX,47,19.3,Two year,No,No internet service,Bank transfer (automatic),0,Low Risk,Continue regular engagement,0.0,0.84
9631-XEYKE,3,50.4,Month-to-month,DSL,No,Bank transfer (automatic),1,Medium Risk,Offer contract upgrade incentive,50.4,43.7
8631-NBHFZ,66,79.4,Two year,DSL,Yes,Credit card (automatic),0,Low Risk,Continue regular engagement,0.0,9.7
1335-MXCSE,55,55.25,Two year,DSL,Yes,Credit card (automatic),0,Low Risk,Continue regular engagement,0.0,1.58
8873-TMKGR,29,19.1,One year,No,No internet service,Mailed check,0,Low Risk,Continue regular engagement,0.0,0.68
8800-JOOCF,12,84.05,Month-to-month,Fiber optic,No,Electronic check,1,Medium Risk,Offer contract upgrade incentive,84.05,62.33
1469-LBJQJ,66,105.2,Month-to-month,Fiber optic,No,Electronic check,1,Medium Risk,Offer contract upgrade incentive,105.2,48.45
4958-XCBDQ,35,101.4,Month-to-month,Fiber optic,No,Electronic check,1,Medium Risk,Offer contract upgrade incentive,101.4,56.9
8337-UPOAQ,10,89.8,Month-to-month,Fiber optic,No,Electronic check,1,High Risk,Offer annual contract discount + proactive support,89.8,80.64
0064-YIJGF,27,75.75,Month-to-month,Fiber optic,No,Bank transfer (automatic),0,Low Risk,Continue regular engagement,0.0,25.44
2386-OWURY,58,95.3,Month-to-month,Fiber optic,Yes,Electronic check,0,Low Risk,Continue regular engagement,0.0,24.53
1725-IQNIY,54,109.75,Two year,Fiber optic,Yes,Bank transfer (automatic),0,Low Risk,Continue regular engagement,0.0,26.57
0310-VQXAM,9,19.85,Month-to-month,No,No internet service,Mailed check,0,Low Risk,Continue regular engagement,0.0,12.19
6598-RFFVI,2,19.3,One year,No,No internet service,Credit card (automatic),0,Low Risk,Continue regular engagement,0.0,2.83
3453-RTHJQ,6,69.1,Month-to-month,Fiber optic,No,Electronic check,1,Medium Risk,Offer contract upgrade incentive,69.1,61.45
6712-OAWRH,26,91.25,Month-to-month,Fiber optic,No,Electronic check,1,Medium Risk,Offer contract upgrade incentive,91.25,56.67
6278-FEPBZ,9,20.25,Month-to-month,No,No internet service,Mailed check,0,Low Risk,Continue regular engagement,0.0,8.04
4280-DLSHD,8,54.75,Month-to-month,DSL,No,Mailed check,0,Low Risk,Continue regular engagement,0.0,25.76
1508-DFXCU,12,81.45,Month-to-month,Fiber optic,No,Electronic check,1,Medium Risk,Offer contract upgrade incentive,81.45,56.18
8614-VGMMV,15,49.1,Month-to-month,DSL,No,Electronic check,1,Medium Risk,Offer contract upgrade incentive,49.1,48.2
7868-BGSZA,43,80.2,One year,DSL,No,Electronic check,0,Low Risk,Continue regular engagement,0.0,15.73
2800-QQUSO,42,100.3,Month-to-month,Fiber optic,Yes,Electronic check,1,Medium Risk,Offer contract upgrade incentive,100.3,57.13
2930-UOTMB,31,65.25,Month-to-month,DSL,Yes,Credit card (automatic),0,Low Risk,Continue regular engagement,0.0,6.42
7973-DZRKH,66,90.95,Two year,Fiber optic,Yes,Credit card (automatic),0,Low Risk,Continue regular engagement,0.0,2.43
5914-DVBWJ,18,85.45,Month-to-month,Fiber optic,Yes,Electronic check,1,Medium Risk,Offer contract upgrade incentive,85.45,59.78
7698-YFGEZ,1,20.0,Month-to-month,No,No internet service,Mailed check,1,Medium Risk,Offer contract upgrade incentive,20.0,40.83
2533-QVMSK,61,94.1,Two year,Fiber optic,Yes,Electronic check,0,Low Risk,Continue regular engagement,0.0,3.82
9773-PEQBZ,10,79.85,Month-to-month,Fiber optic,No,Electronic check,1,Medium Risk,Offer contract upgrade incentive,79.85,51.17
8644-XLFBW,1,71.65,Month-to-month,Fiber optic,No,Electronic check,1,High Risk,Offer annual contract discount + proactive support,71.65,83.9
0650-BWOZN,18,73.55,Month-to-month,Fiber optic,No,Electronic check,1,Medium Risk,Offer contract upgrade incentive,73.55,44.14
8625-AZYZY,24,104.65,Month-to-month,Fiber optic,No,Electronic check,1,High Risk,Offer annual contract discount + proactive support,104.65,72.55
7785-RDVIG,3,19.3,Month-to-month,No,No internet service,Mailed check,0,Low Risk,Continue regular engagement,0.0,6.38
9602-WCXPI,50,20.15,One year,No,No internet service,Credit card (automatic),0,Low Risk,Continue regular engagement,0.0,2.52
2903-YYTBW,1,44.55,Month-to-month,DSL,No,Electronic check,1,Medium Risk,Offer contract upgrade incentive,44.55,51.12
3620-MWJNE,2,54.45,Month-to-month,DSL,Yes,Mailed check,0,Low Risk,Continue regular engagement,0.0,34.66
8573-JGCZW,17,19.65,One year,No,No internet service,Bank transfer (automatic),0,Low Risk,Continue regular engagement,0.0,3.92
6837-HAEVO,69,105.0,Two year,Fiber optic,No,Electronic check,0,Low Risk,Continue regular engagement,0.0,27.16
6701-YVNQG,72,88.7,Two year,DSL,Yes,Credit card (automatic),0,Low Risk,Continue regular engagement,0.0,0.43
9306-CPCBC,3,74.25,Month-to-month,Fiber optic,No,Electronic check,1,High Risk,Offer annual contract discount + proactive support,74.25,71.57
4304-XUMGI,50,75.15,Two year,DSL,No,Bank transfer (automatic),0,Low Risk,Continue regular engagement,0.0,2.84
9504-YAZWB,53,20.25,Two year,No,No internet service,Mailed check,0,Low Risk,Continue regular engagement,0.0,2.08
8819-ZBYNA,58,109.1,Two year,Fiber optic,Yes,Credit card (automatic),0,Low Risk,Continue regular engagement,0.0,17.09
6174-NRBTZ,46,30.75,One year,DSL,No,Bank transfer (automatic),0,Low Risk,Continue regular engagement,0.0,7.1
9481-IEBZY,72,112.9,Month-to-month,Fiber optic,Yes,Credit card (automatic),0,Low Risk,Continue regular engagement,0.0,11.96
1833-VGRUM,1,74.2,Month-to-month,Fiber optic,No,Electronic check,1,High Risk,Offer annual contract discount + proactive support,74.2,85.83
6137-NICCO,6,94.05,Month-to-month,Fiber optic,No,Mailed check,1,High Risk,Offer annual contract discount + proactive support,94.05,77.92
9065-ZCPQX,72,78.85,Two year,DSL,Yes,Bank transfer (automatic),0,Low Risk,Continue regular engagement,0.0,0.42
6402-EJMWF,4,55.3,Month-to-month,DSL,No,Mailed check,1,Medium Risk,Offer contract upgrade incentive,55.3,37.73
3620-EHIMZ,52,19.35,Two year,No,No internet service,Mailed check,0,Low Risk,Continue regular engagement,0.0,2.02
3213-VVOLG,0,25.35,Two year,No,No internet service,Mailed check,0,Low Risk,Continue regular engagement,0.0,3.73
6870-ECSHE,2,20.45,One year,No,No internet service,Mailed check,0,Low Risk,Continue regular engagement,0.0,5.96
8747-UDCOI,65,19.35,Two year,No,No internet service,Bank transfer (automatic),0,Low Risk,Continue regular engagement,0.0,0.96
8374-XGEJJ,43,101.0,Month-to-month,Fiber optic,No,Electronic check,1,Medium Risk,Offer contract upgrade incentive,101.0,65.39
2656-TABEH,4,100.2,Month-to-month,Fiber optic,No,Electronic check,1,High Risk,Offer annual contract discount + proactive support,100.2,87.9
6946-LMSQS,25,89.05,One year,Fiber optic,No,Electronic check,0,Low Risk,Continue regular engagement,0.0,25.87
4626-OZDTJ,51,78.65,One year,DSL,Yes,Credit card (automatic),0,Low Risk,Continue regular engagement,0.0,10.78
9169-BSVIN,12,74.75,Month-to-month,DSL,No,Bank transfer (automatic),0,Low Risk,Continue regular engagement,0.0,23.0
2325-ZUSFD,57,70.1,One year,DSL,No,Bank transfer (automatic),0,Low Risk,Continue regular engagement,0.0,4.63
8194-PEEBY,24,19.9,One year,No,No internet service,Mailed check,0,Low Risk,Continue regular engagement,0.0,2.19
6872-HXFNF,64,58.35,One year,DSL,Yes,Bank transfer (automatic),0,Low Risk,Continue regular engagement,0.0,2.73
3932-CMDTD,4,105.65,One year,Fiber optic,Yes,Electronic check,1,Medium Risk,Monitor customer + targeted engagement,105.65,44.75
7714-YXSMB,26,100.5,Month-to-month,Fiber optic,No,Bank transfer (automatic),1,Medium Risk,Offer contract upgrade incentive,100.5,54.14
8387-UGUSU,15,20.05,Month-to-month,No,No internet service,Mailed check,0,Low Risk,Continue regular engagement,0.0,7.47
1080-BWSYE,64,25.65,Two year,No,No internet service,Credit card (automatic),0,Low Risk,Continue regular engagement,0.0,2.39
4039-HEUNW,36,96.5,Month-to-month,Fiber optic,No,Electronic check,1,Medium Risk,Offer contract upgrade incentive,96.5,55.29
1194-HVAIF,27,95.0,Month-to-month,Fiber optic,No,Credit card (automatic),1,Medium Risk,Offer contract upgrade incentive,95.0,39.21
0812-WUPTB,1,70.85,Month-to-month,Fiber optic,No,Mailed check,1,High Risk,Offer annual contract discount + proactive support,70.85,73.75
3594-UVONA,35,85.95,One year,DSL,Yes,Credit card (automatic),0,Low Risk,Continue regular engagement,0.0,9.27
0004-TLHLJ,4,73.9,Month-to-month,Fiber optic,No,Electronic check,1,Medium Risk,Offer contract upgrade incentive,73.9,61.11
1767-TGTKO,8,45.45,Month-to-month,DSL,No,Electronic check,1,Medium Risk,Offer contract upgrade incentive,45.45,35.48
8439-LTUGF,10,20.0,Month-to-month,No,No internet service,Credit card (automatic),0,Low Risk,Continue regular engagement,0.0,9.77
8805-JNRAZ,2,49.2,Month-to-month,DSL,No,Mailed check,1,Medium Risk,Offer contract upgrade incentive,49.2,38.56
5089-IFSDP,58,109.45,Two year,Fiber optic,No,Bank transfer (automatic),0,Low Risk,Continue regular engagement,0.0,31.82
6418-HNFED,51,83.25,Two year,DSL,Yes,Credit card (automatic),0,Low Risk,Continue regular engagement,0.0,1.61
0206-OYVOC,46,19.25,Two year,No,No internet service,Mailed check,0,Low Risk,Continue regular engagement,0.0,0.92
7291-CDTMJ,1,19.65,Month-to-month,No,No internet service,Bank transfer (automatic),1,Medium Risk,Offer contract upgrade incentive,19.65,43.6
7128-GGCNO,46,72.8,Month-to-month,Fiber optic,No,Bank transfer (automatic),0,Low Risk,Continue regular engagement,0.0,24.15
0237-YFUTL,50,109.65,Month-to-month,Fiber optic,Yes,Bank transfer (automatic),0,Low Risk,Continue regular engagement,0.0,28.2
7691-KGKGP,53,65.0,Month-to-month,DSL,Yes,Credit card (automatic),0,Low Risk,Continue regular engagement,0.0,8.41
6710-HSJRD,61,114.1,Month-to-month,Fiber optic,Yes,Electronic check,0,Low Risk,Continue regular engagement,0.0,30.07
3675-EQOZA,5,20.65,Month-to-month,No,No internet service,Bank transfer (automatic),0,Low Risk,Continue regular engagement,0.0,10.75
0840-DCNZE,47,86.95,One year,DSL,Yes,Bank transfer (automatic),0,Low Risk,Continue regular engagement,0.0,7.36
1732-FEKLD,54,94.75,One year,Fiber optic,No,Bank transfer (automatic),0,Low Risk,Continue regular engagement,0.0,13.19
9862-KJTYK,19,25.35,Month-to-month,DSL,No,Credit card (automatic),0,Low Risk,Continue regular engagement,0.0,19.81
0479-HMSWA,26,105.45,Two year,Fiber optic,Yes,Electronic check,0,Low Risk,Continue regular engagement,0.0,13.01
5854-KSRBJ,70,25.4,Two year,No,No internet service,Mailed check,0,Low Risk,Continue regular engagement,0.0,0.54
0365-BZUWY,17,102.55,Month-to-month,Fiber optic,No,Electronic check,1,Medium Risk,Offer contract upgrade incentive,102.55,65.93
4817-VYYWS,30,100.2,Month-to-month,Fiber optic,No,Electronic check,1,Medium Risk,Offer contract upgrade incentive,100.2,56.92
5701-SVCWR,1,24.0,Month-to-month,No,No internet service,Mailed check,1,Medium Risk,Offer contract upgrade incentive,24.0,36.94
3129-AAQOU,19,25.6,Two year,No,No internet service,Mailed check,0,Low Risk,Continue regular engagement,0.0,1.27
4922-CVPDX,26,73.5,Two year,DSL,No,Credit card (automatic),0,Low Risk,Continue regular engagement,0.0,2.16
1396-QWFBJ,21,74.05,Month-to-month,Fiber optic,No,Bank transfer (automatic),0,Low Risk,Continue regular engagement,0.0,34.37
1357-BIJKI,50,98.25,One year,Fiber optic,No,Electronic check,0,Low Risk,Continue regular engagement,0.0,31.22
1099-BTKWT,68,54.4,One year,DSL,No,Electronic check,0,Low Risk,Continue regular engagement,0.0,13.38
5299-SJCZT,3,101.55,Month-to-month,Fiber optic,No,Bank transfer (automatic),1,High Risk,Offer annual contract discount + proactive support,101.55,85.57
2018-PZKMU,9,103.1,Month-to-month,Fiber optic,Yes,Electronic check,1,Medium Risk,Offer contract upgrade incentive,103.1,40.01
7340-KEFQE,51,34.2,Two year,DSL,Yes,Bank transfer (automatic),0,Low Risk,Continue regular engagement,0.0,1.05
4570-QHXHL,9,43.75,Month-to-month,DSL,No,Electronic check,1,Medium Risk,Offer contract upgrade incentive,43.75,41.87
2403-BCASL,41,111.95,One year,Fiber optic,Yes,Electronic check,1,Medium Risk,Monitor customer + targeted engagement,111.95,37.91
7392-YYPYJ,22,100.65,Month-to-month,Fiber optic,No,Electronic check,1,Medium Risk,Offer contract upgrade incentive,100.65,68.23
2898-LSJGD,21,55.95,One year,DSL,No,Electronic check,1,Medium Risk,Monitor customer + targeted engagement,55.95,38.1
2223-GDSHL,71,116.05,Two year,Fiber optic,Yes,Bank transfer (automatic),0,Low Risk,Continue regular engagement,0.0,3.06
7359-PTSXY,1,45.75,Month-to-month,DSL,No,Electronic check,1,Medium Risk,Offer contract upgrade incentive,45.75,63.19
9470-RTWDV,26,82.0,One year,DSL,Yes,Credit card (automatic),0,Low Risk,Continue regular engagement,0.0,11.39
2176-OSJUV,71,65.15,Two year,DSL,Yes,Bank transfer (automatic),0,Low Risk,Continue regular engagement,0.0,0.79
9348-YVOMK,4,44.8,Month-to-month,DSL,No,Credit card (automatic),1,Medium Risk,Offer contract upgrade incentive,44.8,36.49
8104-OSKWT,12,79.8,Month-to-month,Fiber optic,No,Electronic check,1,Medium Risk,Offer contract upgrade incentive,79.8,51.35
4521-YEEHE,18,88.85,Month-to-month,Fiber optic,Yes,Electronic check,1,Medium Risk,Offer contract upgrade incentive,88.85,53.63
4090-KPJIP,3,74.95,Month-to-month,Fiber optic,No,Electronic check,1,High Risk,Offer annual contract discount + proactive support,74.95,71.57
3786-WOVKF,72,106.85,One year,Fiber optic,No,Bank transfer (automatic),0,Low Risk,Continue regular engagement,0.0,5.83
4503-BDXBD,11,74.95,Month-to-month,Fiber optic,No,Electronic check,1,Medium Risk,Offer contract upgrade incentive,74.95,36.71
6086-ESGRL,1,80.15,Month-to-month,Fiber optic,No,Credit card (automatic),1,High Risk,Offer annual contract discount + proactive support,80.15,79.93
2592-HODOV,13,19.3,One year,No,No internet service,Credit card (automatic),0,Low Risk,Continue regular engagement,0.0,2.04
3886-CERTZ,72,109.25,One year,Fiber optic,Yes,Electronic check,0,Low Risk,Continue regular engagement,0.0,26.8
7995-ZHHNZ,42,56.1,One year,DSL,No,Credit card (automatic),0,Low Risk,Continue regular engagement,0.0,5.65
3824-RHKVR,17,19.7,Month-to-month,No,No internet service,Credit card (automatic),0,Low Risk,Continue regular engagement,0.0,8.67
5816-SCGFC,7,51.3,Month-to-month,DSL,No,Mailed check,0,Low Risk,Continue regular engagement,0.0,29.34
5989-AXPUC,68,118.6,Two year,Fiber optic,Yes,Mailed check,0,Low Risk,Continue regular engagement,0.0,4.48
4979-HPRFL,56,24.15,Two year,No,No internet service,Bank transfer (automatic),0,Low Risk,Continue regular engagement,0.0,0.83
8590-OHDIW,38,20.3,One year,No,No internet service,Mailed check,0,Low Risk,Continue regular engagement,0.0,1.86
8015-IHCGW,72,115.5,Two year,Fiber optic,Yes,Electronic check,0,Low Risk,Continue regular engagement,0.0,1.27
2332-TODQS,48,25.05,One year,No,No internet service,Credit card (automatic),0,Low Risk,Continue regular engagement,0.0,3.24
9278-VZKCD,52,109.1,Month-to-month,Fiber optic,No,Electronic check,1,Medium Risk,Offer contract upgrade incentive,109.1,37.56
8008-OTEZX,35,19.65,One year,No,No internet service,Mailed check,0,Low Risk,Continue regular engagement,0.0,2.14
2773-OVBPK,67,111.3,Two year,Fiber optic,Yes,Bank transfer (automatic),0,Low Risk,Continue regular engagement,0.0,24.48
5999-LCXAO,1,29.9,Month-to-month,DSL,No,Mailed check,1,Medium Risk,Offer contract upgrade incentive,29.9,38.93
5206-XZZQI,53,80.6,Month-to-month,Fiber optic,Yes,Mailed check,0,Low Risk,Continue regular engagement,0.0,14.12
4803-LBYPN,34,20.8,Month-to-month,No,No internet service,Mailed check,0,Low Risk,Continue regular engagement,0.0,3.01
5759-RCVCB,3,35.2,Month-to-month,DSL,No,Credit card (automatic),1,Medium Risk,Offer contract upgrade incentive,35.2,41.8
6372-RFVNS,1,78.8,Month-to-month,Fiber optic,No,Electronic check,1,High Risk,Offer annual contract discount + proactive support,78.8,83.77
2139-FQHLM,19,89.95,Month-to-month,Fiber optic,Yes,Mailed check,0,Low Risk,Continue regular engagement,0.0,25.69
8261-GWDBQ,60,116.05,Two year,Fiber optic,Yes,Bank transfer (automatic),0,Low Risk,Continue regular engagement,0.0,5.86
1093-YSWCA,11,19.55,Two year,No,No internet service,Credit card (automatic),0,Low Risk,Continue regular engagement,0.0,1.44
8938-UMKPI,47,106.4,Month-to-month,Fiber optic,No,Electronic check,1,Medium Risk,Offer contract upgrade incentive,106.4,54.08
0991-BRRFB,18,49.4,Month-to-month,DSL,No,Electronic check,0,Low Risk,Continue regular engagement,0.0,28.28
3882-IYOIJ,60,115.25,Two year,Fiber optic,Yes,Credit card (automatic),0,Low Risk,Continue regular engagement,0.0,5.22
8749-TZYEC,72,24.8,Two year,No,No internet service,Credit card (automatic),0,Low Risk,Continue regular engagement,0.0,0.56
1755-FZQEC,39,19.9,One year,No,No internet service,Mailed check,0,Low Risk,Continue regular engagement,0.0,1.89
3115-JPJDD,59,81.25,One year,Fiber optic,No,Credit card (automatic),0,Low Risk,Continue regular engagement,0.0,4.38
5600-KTXFM,2,69.95,Month-to-month,Fiber optic,No,Mailed check,1,Medium Risk,Offer contract upgrade incentive,69.95,55.26
3871-IKPYH,1,69.1,Month-to-month,Fiber optic,No,Electronic check,1,High Risk,Offer annual contract discount + proactive support,69.1,81.75
6319-IEJWJ,20,90.2,Month-to-month,Fiber optic,No,Electronic check,1,Medium Risk,Offer contract upgrade incentive,90.2,51.26
9025-AOMKI,6,93.55,Month-to-month,Fiber optic,No,Bank transfer (automatic),1,High Risk,Offer annual contract discount + proactive support,93.55,83.63
6339-TBELP,71,86.4,Two year,Fiber optic,Yes,Credit card (automatic),0,Low Risk,Continue regular engagement,0.0,2.11
7964-YESJC,24,66.3,Month-to-month,DSL,No,Mailed check,0,Low Risk,Continue regular engagement,0.0,8.14
6173-GOLSU,67,94.65,Month-to-month,Fiber optic,No,Credit card (automatic),1,Medium Risk,Offer contract upgrade incentive,94.65,40.0
5275-SQEIZ,1,80.85,Month-to-month,Fiber optic,No,Mailed check,1,High Risk,Offer annual contract discount + proactive support,80.85,79.5
7716-YTYHG,48,82.05,One year,Fiber optic,No,Mailed check,0,Low Risk,Continue regular engagement,0.0,17.34
9938-ZREHM,37,72.1,One year,DSL,Yes,Mailed check,0,Low Risk,Continue regular engagement,0.0,8.71
7950-XWOVN,11,34.7,Month-to-month,DSL,No,Mailed check,0,Low Risk,Continue regular engagement,0.0,23.09
4390-KYULV,3,20.55,Month-to-month,No,No internet service,Credit card (automatic),0,Low Risk,Continue regular engagement,0.0,14.42
4647-MUZON,18,95.95,Month-to-month,Fiber optic,No,Credit card (automatic),1,Medium Risk,Offer contract upgrade incentive,95.95,47.35
9702-AIUJO,50,44.8,One year,DSL,No,Bank transfer (automatic),0,Low Risk,Continue regular engagement,0.0,5.46
8849-PRIQJ,67,109.4,One year,Fiber optic,Yes,Electronic check,0,Low Risk,Continue regular engagement,0.0,11.89
8851-RAGOV,25,71.05,Month-to-month,DSL,Yes,Mailed check,0,Low Risk,Continue regular engagement,0.0,8.91
1304-NECVQ,2,78.55,Month-to-month,Fiber optic,No,Electronic check,1,High Risk,Offer annual contract discount + proactive support,78.55,81.09
5396-IZEPB,9,19.7,Month-to-month,No,No internet service,Credit card (automatic),0,Low Risk,Continue regular engagement,0.0,9.34
1729-VLAZJ,10,40.25,One year,DSL,Yes,Mailed check,0,Low Risk,Continue regular engagement,0.0,5.81
8285-ABVLB,70,19.85,Two year,No,No internet service,Credit card (automatic),0,Low Risk,Continue regular engagement,0.0,0.74
0701-TJSEF,9,68.25,Month-to-month,DSL,Yes,Bank transfer (automatic),0,Low Risk,Continue regular engagement,0.0,15.65
5712-VBOXD,4,20.15,Month-to-month,No,No internet service,Credit card (automatic),0,Low Risk,Continue regular engagement,0.0,9.89
6629-LADHQ,2,50.95,Month-to-month,DSL,No,Mailed check,0,Low Risk,Continue regular engagement,0.0,28.14
8945-GRKHX,1,78.65,Month-to-month,Fiber optic,No,Electronic check,1,High Risk,Offer annual contract discount + proactive support,78.65,81.45
1559-DTODC,19,25.15,Month-to-month,DSL,No,Bank transfer (automatic),0,Low Risk,Continue regular engagement,0.0,22.46
4797-MIWUM,7,20.25,Month-to-month,No,No internet service,Bank transfer (automatic),0,Low Risk,Continue regular engagement,0.0,9.43
6959-UWKHF,1,42.9,Month-to-month,DSL,No,Electronic check,1,Medium Risk,Offer contract upgrade incentive,42.9,66.2
8720-RQSBJ,1,44.0,Month-to-month,DSL,No,Electronic check,1,Medium Risk,Offer contract upgrade incentive,44.0,58.84
4537-CIBHB,9,20.25,One year,No,No internet service,Mailed check,0,Low Risk,Continue regular engagement,0.0,6.12
3815-SLMEF,3,34.25,Month-to-month,DSL,Yes,Mailed check,0,Low Risk,Continue regular engagement,0.0,30.83
5154-VEKBL,9,58.5,Month-to-month,DSL,Yes,Mailed check,0,Low Risk,Continue regular engagement,0.0,20.38
4324-AHJKS,5,55.8,Month-to-month,DSL,No,Credit card (automatic),0,Low Risk,Continue regular engagement,0.0,22.76
4355-CVPVS,56,88.9,One year,Fiber optic,No,Bank transfer (automatic),0,Low Risk,Continue regular engagement,0.0,8.87
4495-LHSSK,18,57.65,Month-to-month,DSL,No,Mailed check,0,Low Risk,Continue regular engagement,0.0,13.16
5655-JSMZM,49,96.2,Month-to-month,Fiber optic,No,Electronic check,1,Medium Risk,Offer contract upgrade incentive,96.2,63.64
5915-ANOEI,70,79.15,Two year,DSL,Yes,Mailed check,0,Low Risk,Continue regular engagement,0.0,2.44
9861-PDSZP,72,108.05,Two year,Fiber optic,Yes,Credit card (automatic),0,Low Risk,Continue regular engagement,0.0,3.65
4505-EXZHB,6,74.4,Month-to-month,Fiber optic,No,Electronic check,1,Medium Risk,Offer contract upgrade incentive,74.4,54.08
7225-CBZPL,17,94.8,Month-to-month,Fiber optic,No,Electronic check,1,Medium Risk,Offer contract upgrade incentive,94.8,65.55
6704-UTUKK,29,45.9,Month-to-month,DSL,No,Electronic check,0,Low Risk,Continue regular engagement,0.0,33.89
4587-VVTOX,6,105.3,Month-to-month,Fiber optic,No,Electronic check,1,High Risk,Offer annual contract discount + proactive support,105.3,82.4
2019-HDCZY,63,102.6,Two year,Fiber optic,No,Electronic check,0,Low Risk,Continue regular engagement,0.0,8.07
4652-NNHNY,16,73.85,Month-to-month,Fiber optic,No,Bank transfer (automatic),1,Medium Risk,Offer contract upgrade incentive,73.85,38.12
8788-DOXSU,59,61.35,One year,DSL,No,Bank transfer (automatic),0,Low Risk,Continue regular engagement,0.0,7.3
7404-JLKQG,3,57.55,Month-to-month,DSL,No,Electronic check,1,Medium Risk,Offer contract upgrade incentive,57.55,44.51
7421-ZLUPA,8,29.25,Month-to-month,DSL,No,Mailed check,0,Low Risk,Continue regular engagement,0.0,30.0
8972-HJWNV,7,84.55,Month-to-month,Fiber optic,No,Electronic check,1,High Risk,Offer annual contract discount + proactive support,84.55,86.41
3274-NSDWE,68,19.6,Two year,No,No internet service,Credit card (automatic),0,Low Risk,Continue regular engagement,0.0,0.82
2632-IVXVF,68,111.75,Two year,Fiber optic,Yes,Credit card (automatic),0,Low Risk,Continue regular engagement,0.0,9.33
3692-JHONH,52,106.5,One year,Fiber optic,No,Electronic check,1,Medium Risk,Monitor customer + targeted engagement,106.5,36.98
8915-NNTRC,72,107.7,Two year,Fiber optic,Yes,Credit card (automatic),0,Low Risk,Continue regular engagement,0.0,2.26
5914-GXMDA,32,19.3,One year,No,No internet service,Mailed check,0,Low Risk,Continue regular engagement,0.0,1.12
7463-IFMQU,72,20.05,Two year,No,No internet service,Bank transfer (automatic),0,Low Risk,Continue regular engagement,0.0,0.73
2920-RNCEZ,1,69.95,Month-to-month,Fiber optic,No,Credit card (automatic),1,High Risk,Offer annual contract discount + proactive support,69.95,75.42
2541-YGPKE,42,63.7,One year,DSL,Yes,Credit card (automatic),0,Low Risk,Continue regular engagement,0.0,8.39
8515-OCTJS,25,24.75,Two year,No,No internet service,Credit card (automatic),0,Low Risk,Continue regular engagement,0.0,3.34
5382-TEMLV,45,50.9,Month-to-month,DSL,No,Bank transfer (automatic),0,Low Risk,Continue regular engagement,0.0,10.62
3441-CGZJH,43,60.4,One year,DSL,Yes,Credit card (automatic),0,Low Risk,Continue regular engagement,0.0,12.07
9592-ERDKV,37,79.25,One year,DSL,No,Mailed check,0,Low Risk,Continue regular engagement,0.0,10.79
2860-RANUS,20,85.8,Month-to-month,Fiber optic,No,Credit card (automatic),1,Medium Risk,Offer contract upgrade incentive,85.8,47.45
5261-QSHQM,4,24.45,Month-to-month,DSL,No,Electronic check,1,Medium Risk,Offer contract upgrade incentive,24.45,55.39
4778-IZARL,63,110.1,Two year,Fiber optic,Yes,Credit card (automatic),0,Low Risk,Continue regular engagement,0.0,9.8
0432-CAJZV,3,90.7,Month-to-month,Fiber optic,No,Mailed check,1,Medium Risk,Offer contract upgrade incentive,90.7,59.32
7008-LZVOZ,66,25.3,Two year,No,No internet service,Credit card (automatic),0,Low Risk,Continue regular engagement,0.0,0.74
8868-WOZGU,28,105.7,Month-to-month,Fiber optic,No,Electronic check,1,Medium Risk,Offer contract upgrade incentive,105.7,57.04
1200-TUZHR,8,85.2,Month-to-month,Fiber optic,No,Electronic check,1,High Risk,Offer annual contract discount + proactive support,85.2,73.99
9365-CSLBQ,71,24.35,Two year,No,No internet service,Mailed check,0,Low Risk,Continue regular engagement,0.0,0.63
1334-FJSVR,1,24.25,Month-to-month,DSL,No,Electronic check,1,High Risk,Offer annual contract discount + proactive support,24.25,76.42
5884-FBCTL,72,25.1,Two year,No,No internet service,Bank transfer (automatic),0,Low Risk,Continue regular engagement,0.0,0.53
7130-CTCUS,16,54.55,Month-to-month,DSL,No,Bank transfer (automatic),0,Low Risk,Continue regular engagement,0.0,20.35
6242-FEGFD,66,96.6,Two year,Fiber optic,Yes,Mailed check,0,Low Risk,Continue regular engagement,0.0,1.74
7625-XCQRH,11,76.5,Month-to-month,Fiber optic,No,Electronic check,1,Medium Risk,Offer contract upgrade incentive,76.5,62.26
6194-HBGQN,51,81.15,One year,DSL,Yes,Credit card (automatic),0,Low Risk,Continue regular engagement,0.0,6.04
7634-WSWDB,8,38.5,Month-to-month,DSL,No,Electronic check,1,Medium Risk,Offer contract upgrade incentive,38.5,36.19
6986-IXNDM,14,92.9,Month-to-month,Fiber optic,No,Electronic check,1,Medium Risk,Offer contract upgrade incentive,92.9,60.49
1731-TVIUK,4,93.5,Month-to-month,Fiber optic,Yes,Electronic check,1,High Risk,Offer annual contract discount + proactive support,93.5,81.23
2987-BJXIK,70,84.7,Two year,DSL,No,Mailed check,0,Low Risk,Continue regular engagement,0.0,1.65
9769-TSBZE,70,66.0,Two year,DSL,Yes,Electronic check,0,Low Risk,Continue regular engagement,0.0,3.83
0406-BPDVR,54,101.5,One year,Fiber optic,No,Credit card (automatic),0,Low Risk,Continue regular engagement,0.0,27.75
0618-XWMSS,28,74.9,Month-to-month,Fiber optic,No,Bank transfer (automatic),0,Low Risk,Continue regular engagement,0.0,22.05
1395-WSWXR,24,20.75,Two year,No,No internet service,Mailed check,0,Low Risk,Continue regular engagement,0.0,0.86
6023-GSSXW,69,61.45,Two year,DSL,No,Credit card (automatic),0,Low Risk,Continue regular engagement,0.0,1.81
6752-APNJL,42,54.5,Month-to-month,DSL,No,Mailed check,0,Low Risk,Continue regular engagement,0.0,8.96
5276-KQWHG,2,69.6,Month-to-month,Fiber optic,No,Electronic check,1,High Risk,Offer annual contract discount + proactive support,69.6,70.21
0420-HLGXF,39,99.75,Month-to-month,Fiber optic,No,Electronic check,1,Medium Risk,Offer contract upgrade incentive,99.75,64.21
7446-KQISO,45,109.75,Two year,Fiber optic,Yes,Bank transfer (automatic),0,Low Risk,Continue regular engagement,0.0,24.65
9823-EALYC,72,80.85,Two year,DSL,Yes,Bank transfer (automatic),0,Low Risk,Continue regular engagement,0.0,0.48
0582-AVCLN,38,20.3,Two year,No,No internet service,Mailed check,0,Low Risk,Continue regular engagement,0.0,1.01
5803-NQJZO,72,67.8,Two year,DSL,Yes,Bank transfer (automatic),0,Low Risk,Continue regular engagement,0.0,0.7
2565-JSLRY,1,24.05,Month-to-month,No,No internet service,Mailed check,1,Medium Risk,Offer contract upgrade incentive,24.05,43.84
2607-DHDAK,72,19.8,Two year,No,No internet service,Credit card (automatic),0,Low Risk,Continue regular engagement,0.0,0.8
1073-XXCZD,55,25.7,Two year,No,No internet service,Bank transfer (automatic),0,Low Risk,Continue regular engagement,0.0,1.18
0743-HRVFF,51,56.15,One year,DSL,Yes,Electronic check,0,Low Risk,Continue regular engagement,0.0,13.48
4006-HKYHO,63,86.7,Two year,DSL,Yes,Bank transfer (automatic),0,Low Risk,Continue regular engagement,0.0,1.27
3727-JEZTU,1,20.4,Month-to-month,No,No internet service,Mailed check,0,Low Risk,Continue regular engagement,0.0,26.03
8143-ETQTI,23,19.65,Two year,No,No internet service,Mailed check,0,Low Risk,Continue regular engagement,0.0,1.75
6689-KXGBO,1,50.55,Month-to-month,DSL,No,Electronic check,1,Medium Risk,Offer contract upgrade incentive,50.55,52.58
9667-TKTVZ,2,54.35,Month-to-month,DSL,Yes,Mailed check,1,Medium Risk,Offer contract upgrade incentive,54.35,41.26
3657-COGMW,52,108.1,Month-to-month,Fiber optic,No,Credit card (automatic),0,Low Risk,Continue regular engagement,0.0,31.54
8570-KLJYJ,36,54.45,One year,DSL,No,Mailed check,0,Low Risk,Continue regular engagement,0.0,3.25
7754-IXRMC,1,45.35,Month-to-month,DSL,No,Mailed check,1,Medium Risk,Offer contract upgrade incentive,45.35,53.18
9473-CBZOP,28,59.0,One year,DSL,No,Mailed check,0,Low Risk,Continue regular engagement,0.0,3.55
2969-WGHQO,7,69.45,One year,DSL,No,Electronic check,0,Low Risk,Continue regular engagement,0.0,9.71
6615-NGGZJ,14,100.55,Month-to-month,Fiber optic,No,Electronic check,1,High Risk,Offer annual contract discount + proactive support,100.55,75.17
4334-HOWRP,72,64.95,Two year,DSL,Yes,Credit card (automatic),0,Low Risk,Continue regular engagement,0.0,0.98
4255-DDUOU,1,20.5,Month-to-month,No,No internet service,Mailed check,1,Medium Risk,Offer contract upgrade incentive,20.5,42.34
5863-OOKCL,10,18.85,Month-to-month,No,No internet service,Mailed check,0,Low Risk,Continue regular engagement,0.0,3.27
1686-STUHN,42,19.8,One year,No,No internet service,Bank transfer (automatic),0,Low Risk,Continue regular engagement,0.0,2.38
1329-VHWNP,7,25.05,Month-to-month,DSL,No,Bank transfer (automatic),0,Low Risk,Continue regular engagement,0.0,22.99
2984-MIIZL,4,74.8,Month-to-month,Fiber optic,No,Bank transfer (automatic),1,Medium Risk,Offer contract upgrade incentive,74.8,59.67
0266-GMEAO,72,114.3,Two year,Fiber optic,Yes,Credit card (automatic),0,Low Risk,Continue regular engagement,0.0,1.17
5590-YRFJT,20,24.45,Month-to-month,DSL,No,Electronic check,1,Medium Risk,Offer contract upgrade incentive,24.45,38.67
5574-NXZIU,63,109.2,Two year,Fiber optic,Yes,Credit card (automatic),0,Low Risk,Continue regular engagement,0.0,12.63
0019-GFNTW,56,45.05,Two year,DSL,Yes,Bank transfer (automatic),0,Low Risk,Continue regular engagement,0.0,1.46
4256-ZWTZI,5,51.0,Month-to-month,DSL,Yes,Mailed check,0,Low Risk,Continue regular engagement,0.0,28.39
8309-PPCED,72,110.45,Two year,Fiber optic,Yes,Bank transfer (automatic),0,Low Risk,Continue regular engagement,0.0,1.88
4098-NAUKP,68,84.65,Month-to-month,Fiber optic,No,Electronic check,0,Low Risk,Continue regular engagement,0.0,33.95
5196-WPYOW,67,60.05,One year,DSL,Yes,Mailed check,0,Low Risk,Continue regular engagement,0.0,1.77
4608-LCIMN,8,44.65,Month-to-month,DSL,No,Bank transfer (automatic),0,Low Risk,Continue regular engagement,0.0,22.5
1485-YDHMM,52,93.25,Month-to-month,Fiber optic,Yes,Bank transfer (automatic),0,Low Risk,Continue regular engagement,0.0,17.36
4054-CUMIA,18,20.25,Month-to-month,No,No internet service,Mailed check,0,Low Risk,Continue regular engagement,0.0,6.58
0603-TPMIB,59,25.45,Two year,No,No internet service,Mailed check,0,Low Risk,Continue regular engagement,0.0,0.9
2525-GVKQU,60,20.6,Two year,No,No internet service,Mailed check,0,Low Risk,Continue regular engagement,0.0,1.21
8161-QYMTT,7,94.1,Month-to-month,Fiber optic,No,Electronic check,1,High Risk,Offer annual contract discount + proactive support,94.1,83.78
9581-GVBXT,59,34.8,One year,DSL,No,Mailed check,0,Low Risk,Continue regular engagement,0.0,5.16
5862-BRIXZ,46,60.75,Two year,DSL,Yes,Bank transfer (automatic),0,Low Risk,Continue regular engagement,0.0,1.83
5404-GGUKR,5,51.35,Month-to-month,DSL,No,Electronic check,1,Medium Risk,Offer contract upgrade incentive,51.35,41.57
3308-JSGML,59,64.05,Two year,DSL,Yes,Credit card (automatic),0,Low Risk,Continue regular engagement,0.0,2.22
2126-GSEGL,70,84.8,Two year,DSL,Yes,Bank transfer (automatic),0,Low Risk,Continue regular engagement,0.0,2.21
3677-TNKIO,14,71.0,Month-to-month,Fiber optic,No,Credit card (automatic),1,Medium Risk,Offer contract upgrade incentive,71.0,37.52
0440-QEXBZ,44,50.15,Month-to-month,DSL,No,Mailed check,0,Low Risk,Continue regular engagement,0.0,13.94
2434-EEVDB,64,94.6,Two year,Fiber optic,No,Credit card (automatic),0,Low Risk,Continue regular engagement,0.0,4.88
6762-QVYJO,58,59.75,Two year,DSL,Yes,Mailed check,0,Low Risk,Continue regular engagement,0.0,1.07
6199-IWKGC,46,100.25,One year,Fiber optic,Yes,Electronic check,0,Low Risk,Continue regular engagement,0.0,25.88
2675-DHUTR,58,98.9,Month-to-month,Fiber optic,No,Electronic check,1,Medium Risk,Offer contract upgrade incentive,98.9,52.06
8152-VETUR,72,97.7,Two year,Fiber optic,No,Credit card (automatic),0,Low Risk,Continue regular engagement,0.0,2.11
9667-EQRXU,30,40.3,Month-to-month,DSL,No,Electronic check,1,Medium Risk,Offer contract upgrade incentive,40.3,51.23
7446-YPODE,11,60.25,Month-to-month,DSL,No,Bank transfer (automatic),0,Low Risk,Continue regular engagement,0.0,15.75
9522-BNTHX,34,56.25,Month-to-month,DSL,No,Electronic check,1,Medium Risk,Offer contract upgrade incentive,56.25,37.42
4676-WLUHT,54,46.2,Two year,DSL,No,Bank transfer (automatic),0,Low Risk,Continue regular engagement,0.0,3.27
3329-WDIOK,3,50.6,Month-to-month,DSL,No,Electronic check,1,Medium Risk,Offer contract upgrade incentive,50.6,66.54
7980-MHFLQ,72,24.9,Two year,No,No internet service,Mailed check,0,Low Risk,Continue regular engagement,0.0,0.52
2873-ZLIWT,40,84.85,Month-to-month,Fiber optic,Yes,Electronic check,1,Medium Risk,Offer contract upgrade incentive,84.85,41.7
3415-TAILE,2,65.7,Month-to-month,DSL,No,Mailed check,1,Medium Risk,Offer contract upgrade incentive,65.7,39.27
0757-WCUUZ,54,63.35,Two year,DSL,No,Credit card (automatic),0,Low Risk,Continue regular engagement,0.0,2.35
1629-DQQVB,14,50.1,Month-to-month,DSL,No,Bank transfer (automatic),0,Low Risk,Continue regular engagement,0.0,13.07
1915-IOFGU,1,70.5,Month-to-month,Fiber optic,No,Electronic check,1,High Risk,Offer annual contract discount + proactive support,70.5,74.35
3045-XETSH,10,94.85,Month-to-month,Fiber optic,No,Electronic check,1,High Risk,Offer annual contract discount + proactive support,94.85,76.39
0374-AACSZ,1,50.15,Month-to-month,DSL,No,Electronic check,1,Medium Risk,Offer contract upgrade incentive,50.15,37.69
7239-HZZCX,1,19.75,Month-to-month,No,No internet service,Mailed check,1,Medium Risk,Offer contract upgrade incentive,19.75,38.23
4872-VXRIL,56,64.65,One year,DSL,Yes,Bank transfer (automatic),0,Low Risk,Continue regular engagement,0.0,2.63
9140-CZQZZ,68,79.6,Two year,DSL,Yes,Bank transfer (automatic),0,Low Risk,Continue regular engagement,0.0,2.03
3423-HHXAO,14,19.5,One year,No,No internet service,Mailed check,0,Low Risk,Continue regular engagement,0.0,6.12
9938-TKDGL,68,99.55,Two year,Fiber optic,Yes,Electronic check,0,Low Risk,Continue regular engagement,0.0,3.67
0531-ZZJWQ,55,74.0,Month-to-month,Fiber optic,No,Electronic check,1,Medium Risk,Offer contract upgrade incentive,74.0,43.45
6537-QLGEX,16,38.9,Month-to-month,DSL,No,Electronic check,1,Medium Risk,Offer contract upgrade incentive,38.9,44.38
2688-BHGOG,9,79.55,Month-to-month,Fiber optic,No,Electronic check,1,Medium Risk,Offer contract upgrade incentive,79.55,61.42
7683-CBDKJ,14,65.45,Month-to-month,DSL,No,Electronic check,0,Low Risk,Continue regular engagement,0.0,25.4
0946-CLJTI,58,98.7,Month-to-month,Fiber optic,No,Electronic check,1,Medium Risk,Offer contract upgrade incentive,98.7,63.29
3160-TYXLT,53,46.3,Month-to-month,DSL,No,Bank transfer (automatic),0,Low Risk,Continue regular engagement,0.0,17.19
1325-USMEC,70,99.35,Two year,Fiber optic,No,Credit card (automatic),0,Low Risk,Continue regular engagement,0.0,5.61
0916-QOFDP,14,95.8,Month-to-month,Fiber optic,No,Electronic check,1,High Risk,Offer annual contract discount + proactive support,95.8,75.47
0628-CNQRM,22,67.5,One year,DSL,Yes,Bank transfer (automatic),0,Low Risk,Continue regular engagement,0.0,5.54
5606-AMZBO,10,78.15,Month-to-month,Fiber optic,No,Credit card (automatic),1,Medium Risk,Offer contract upgrade incentive,78.15,44.66
6199-IPCAO,29,26.1,Two year,No,No internet service,Mailed check,0,Low Risk,Continue regular engagement,0.0,1.65
7665-TOALD,1,69.6,Month-to-month,Fiber optic,No,Electronic check,1,High Risk,Offer annual contract discount + proactive support,69.6,84.84
0112-QWPNC,49,84.35,One year,DSL,Yes,Electronic check,0,Low Risk,Continue regular engagement,0.0,12.01
0324-BRPCJ,68,100.2,Month-to-month,Fiber optic,No,Electronic check,1,Medium Risk,Offer contract upgrade incentive,100.2,48.29
2777-PHDEI,1,78.05,Month-to-month,Fiber optic,No,Electronic check,1,High Risk,Offer annual contract discount + proactive support,78.05,82.41
5640-CAXOA,30,40.35,One year,DSL,Yes,Credit card (automatic),0,Low Risk,Continue regular engagement,0.0,13.26
2235-EZAIK,72,79.2,Two year,DSL,Yes,Credit card (automatic),0,Low Risk,Continue regular engagement,0.0,0.8
3847-BAERP,10,20.9,Month-to-month,No,No internet service,Mailed check,0,Low Risk,Continue regular engagement,0.0,8.49
1196-AMORA,7,73.6,Month-to-month,Fiber optic,No,Electronic check,1,Medium Risk,Offer contract upgrade incentive,73.6,56.63
4282-YMKNA,9,74.75,Month-to-month,Fiber optic,No,Electronic check,1,Medium Risk,Offer contract upgrade incentive,74.75,67.69
1453-RZFON,1,49.9,Month-to-month,DSL,No,Mailed check,0,Low Risk,Continue regular engagement,0.0,29.48
8263-OKETD,20,68.9,Month-to-month,DSL,Yes,Credit card (automatic),0,Low Risk,Continue regular engagement,0.0,16.8
0670-KDOMA,1,20.25,Month-to-month,No,No internet service,Mailed check,0,Low Risk,Continue regular engagement,0.0,34.83
2476-YGEFM,29,76.0,Month-to-month,Fiber optic,No,Credit card (automatic),0,Low Risk,Continue regular engagement,0.0,34.37
8687-BAFGU,1,74.0,Month-to-month,Fiber optic,Yes,Electronic check,1,Medium Risk,Offer contract upgrade incentive,74.0,54.05
0641-EVBOJ,3,82.3,Month-to-month,Fiber optic,Yes,Mailed check,1,Medium Risk,Offer contract upgrade incentive,82.3,35.94
0829-XXPLX,20,89.4,Month-to-month,Fiber optic,No,Bank transfer (automatic),0,Low Risk,Continue regular engagement,0.0,30.51
9974-JFBHQ,64,99.15,Month-to-month,Fiber optic,Yes,Credit card (automatic),0,Low Risk,Continue regular engagement,0.0,13.74
5356-RHIPP,1,20.2,Month-to-month,No,No internet service,Mailed check,1,Medium Risk,Offer contract upgrade incentive,20.2,40.52
6624-JDRDS,6,29.45,Month-to-month,DSL,No,Bank transfer (automatic),0,Low Risk,Continue regular engagement,0.0,19.06
0608-JDVEC,50,19.8,Two year,No,No internet service,Electronic check,0,Low Risk,Continue regular engagement,0.0,2.26
9780-FKVVF,6,59.15,Month-to-month,DSL,No,Bank transfer (automatic),0,Low Risk,Continue regular engagement,0.0,20.58
1919-RTPQD,7,44.75,Month-to-month,DSL,No,Electronic check,0,Low Risk,Continue regular engagement,0.0,32.89
5214-NLTIT,72,90.8,Two year,Fiber optic,No,Credit card (automatic),0,Low Risk,Continue regular engagement,0.0,1.89
3345-PBBFH,8,49.55,Month-to-month,DSL,No,Bank transfer (automatic),0,Low Risk,Continue regular engagement,0.0,25.91
5055-BRMNE,67,106.7,Two year,Fiber optic,Yes,Credit card (automatic),0,Low Risk,Continue regular engagement,0.0,7.96
9189-JWSHV,24,93.55,Month-to-month,Fiber optic,No,Electronic check,1,High Risk,Offer annual contract discount + proactive support,93.55,72.61
2190-PHBHR,72,94.45,Two year,Fiber optic,No,Credit card (automatic),0,Low Risk,Continue regular engagement,0.0,0.78
2650-GYRYL,33,19.45,One year,No,No internet service,Bank transfer (automatic),0,Low Risk,Continue regular engagement,0.0,1.99
0746-JTRFU,2,25.05,Month-to-month,DSL,No,Electronic check,1,Medium Risk,Offer contract upgrade incentive,25.05,69.06
5208-FVQKB,70,67.95,Two year,DSL,Yes,Mailed check,0,Low Risk,Continue regular engagement,0.0,1.58
7184-LRUUR,22,65.25,One year,DSL,No,Bank transfer (automatic),0,Low Risk,Continue regular engagement,0.0,7.45
6627-CFOSN,59,99.45,Month-to-month,Fiber optic,No,Bank transfer (automatic),0,Low Risk,Continue regular engagement,0.0,21.43
3982-JGSFD,36,20.35,One year,No,No internet service,Credit card (automatic),0,Low Risk,Continue regular engagement,0.0,2.15
1574-DYCWE,51,19.95,Two year,No,No internet service,Mailed check,0,Low Risk,Continue regular engagement,0.0,1.31
7247-XOZPB,53,77.4,One year,DSL,Yes,Bank transfer (automatic),0,Low Risk,Continue regular engagement,0.0,5.63
2466-FCCPT,20,19.7,One year,No,No internet service,Bank transfer (automatic),0,Low Risk,Continue regular engagement,0.0,4.35
6211-WWLTF,63,99.7,Two year,Fiber optic,No,Credit card (automatic),0,Low Risk,Continue regular engagement,0.0,4.48
4826-TZEVA,40,74.8,Month-to-month,Fiber optic,No,Credit card (automatic),0,Low Risk,Continue regular engagement,0.0,26.32
6016-NXBNJ,35,19.15,One year,No,No internet service,Mailed check,0,Low Risk,Continue regular engagement,0.0,1.05
9138-EFSMO,26,78.95,One year,Fiber optic,No,Bank transfer (automatic),0,Low Risk,Continue regular engagement,0.0,11.26
0576-WNXXC,27,95.55,Month-to-month,Fiber optic,No,Electronic check,1,Medium Risk,Offer contract upgrade incentive,95.55,57.72
4632-XJMEX,53,62.85,One year,DSL,Yes,Credit card (automatic),0,Low Risk,Continue regular engagement,0.0,3.48
8910-LEDAG,34,71.55,Month-to-month,Fiber optic,No,Credit card (automatic),0,Low Risk,Continue regular engagement,0.0,32.01
3452-GWUIN,19,94.95,Month-to-month,Fiber optic,No,Electronic check,1,Medium Risk,Offer contract upgrade incentive,94.95,69.95
2716-GFZOR,43,86.1,Month-to-month,Fiber optic,No,Credit card (automatic),0,Low Risk,Continue regular engagement,0.0,17.48
3724-UCSHY,6,19.55,Month-to-month,No,No internet service,Mailed check,0,Low Risk,Continue regular engagement,0.0,7.67
8626-XHBIE,56,24.8,Two year,No,No internet service,Mailed check,0,Low Risk,Continue regular engagement,0.0,1.01
4628-CTTLA,57,39.3,Month-to-month,DSL,No,Electronic check,1,Medium Risk,Offer contract upgrade incentive,39.3,40.91
3192-LNKRK,34,84.05,Month-to-month,Fiber optic,No,Mailed check,0,Low Risk,Continue regular engagement,0.0,33.12
4439-YRNVD,10,36.25,Month-to-month,DSL,Yes,Electronic check,0,Low Risk,Continue regular engagement,0.0,23.72
2876-VBBBL,1,20.25,Month-to-month,No,No internet service,Mailed check,0,Low Risk,Continue regular engagement,0.0,34.83
6834-NXDCA,13,23.9,Month-to-month,DSL,No,Electronic check,1,Medium Risk,Offer contract upgrade incentive,23.9,39.93
2208-UGTGR,56,98.6,Month-to-month,Fiber optic,No,Electronic check,1,Medium Risk,Offer contract upgrade incentive,98.6,35.01
3005-TYFRD,55,103.65,Month-to-month,Fiber optic,No,Credit card (automatic),1,Medium Risk,Offer contract upgrade incentive,103.65,47.4
8670-MEFCP,36,92.9,Two year,DSL,Yes,Credit card (automatic),0,Low Risk,Continue regular engagement,0.0,1.08
3079-BCHLN,47,19.9,One year,No,No internet service,Bank transfer (automatic),0,Low Risk,Continue regular engagement,0.0,2.15
7777-UNYHB,12,20.1,Month-to-month,No,No internet service,Credit card (automatic),0,Low Risk,Continue regular engagement,0.0,10.95
5597-GLBUC,1,85.45,Month-to-month,Fiber optic,No,Electronic check,1,High Risk,Offer annual contract discount + proactive support,85.45,87.36
7278-CKDNC,24,80.5,Month-to-month,Fiber optic,No,Electronic check,1,Medium Risk,Offer contract upgrade incentive,80.5,53.42
2748-MYRVK,63,99.9,One year,Fiber optic,No,Bank transfer (automatic),0,Low Risk,Continue regular engagement,0.0,11.99
8450-UYIBU,35,39.85,Month-to-month,DSL,No,Electronic check,0,Low Risk,Continue regular engagement,0.0,34.6
2969-VAPYH,67,60.5,One year,DSL,Yes,Credit card (automatic),0,Low Risk,Continue regular engagement,0.0,2.66
4822-YCXMX,25,84.8,Month-to-month,Fiber optic,No,Electronic check,1,Medium Risk,Offer contract upgrade incentive,84.8,58.36
7181-OQCUT,21,103.85,Month-to-month,Fiber optic,No,Mailed check,1,Medium Risk,Offer contract upgrade incentive,103.85,61.75
8474-UMLNT,13,67.8,Month-to-month,DSL,Yes,Bank transfer (automatic),0,Low Risk,Continue regular engagement,0.0,11.06
9821-POOTN,35,75.2,Month-to-month,Fiber optic,No,Electronic check,1,Medium Risk,Offer contract upgrade incentive,75.2,49.89
3836-FZSDJ,71,24.85,Two year,No,No internet service,Bank transfer (automatic),0,Low Risk,Continue regular engagement,0.0,1.76
9142-XMYJH,29,19.35,Month-to-month,No,No internet service,Credit card (automatic),0,Low Risk,Continue regular engagement,0.0,5.22
6559-ILWKJ,71,49.35,Two year,DSL,No,Electronic check,0,Low Risk,Continue regular engagement,0.0,18.0
0187-QSXOE,7,89.0,Month-to-month,Fiber optic,No,Electronic check,1,High Risk,Offer annual contract discount + proactive support,89.0,74.12
7733-UDMTP,57,55.0,Month-to-month,DSL,No,Electronic check,1,Medium Risk,Offer contract upgrade incentive,55.0,41.41
2649-HWLYB,65,76.15,Two year,DSL,Yes,Bank transfer (automatic),0,Low Risk,Continue regular engagement,0.0,3.52
5214-CHIWJ,27,20.3,One year,No,No internet service,Mailed check,0,Low Risk,Continue regular engagement,0.0,1.92
4229-CZMLL,6,74.9,Month-to-month,Fiber optic,No,Electronic check,1,High Risk,Offer annual contract discount + proactive support,74.9,71.67
6904-JLBGY,72,117.35,Two year,Fiber optic,Yes,Credit card (automatic),0,Low Risk,Continue regular engagement,0.0,1.65
2465-BLLEU,1,19.75,Month-to-month,No,No internet service,Mailed check,1,Medium Risk,Offer contract upgrade incentive,19.75,46.62
1685-VAYJF,11,45.2,Month-to-month,DSL,No,Credit card (automatic),0,Low Risk,Continue regular engagement,0.0,19.59
8874-EJNSR,39,25.2,Two year,No,No internet service,Mailed check,0,Low Risk,Continue regular engagement,0.0,1.07
6917-YACBP,59,89.75,Month-to-month,Fiber optic,No,Electronic check,0,Low Risk,Continue regular engagement,0.0,16.81
5049-MUBWG,26,75.0,One year,DSL,Yes,Bank transfer (automatic),0,Low Risk,Continue regular engagement,0.0,5.43
4223-WOZCM,2,49.95,Month-to-month,DSL,No,Mailed check,1,Medium Risk,Offer contract upgrade incentive,49.95,46.54
0769-MURVM,72,65.7,Two year,DSL,Yes,Bank transfer (automatic),0,Low Risk,Continue regular engagement,0.0,0.39
9253-VIFJQ,65,67.05,One year,DSL,No,Credit card (automatic),0,Low Risk,Continue regular engagement,0.0,3.74
7030-FZTFM,72,110.9,Two year,Fiber optic,Yes,Credit card (automatic),0,Low Risk,Continue regular engagement,0.0,2.5
9741-YLNTD,6,87.95,Month-to-month,Fiber optic,Yes,Bank transfer (automatic),1,High Risk,Offer annual contract discount + proactive support,87.95,76.95
5917-RYRMG,32,19.8,One year,No,No internet service,Credit card (automatic),0,Low Risk,Continue regular engagement,0.0,1.65
5120-ZBLAI,50,75.7,One year,DSL,No,Bank transfer (automatic),0,Low Risk,Continue regular engagement,0.0,8.5
1194-BHJYC,61,62.15,Two year,DSL,Yes,Mailed check,0,Low Risk,Continue regular engagement,0.0,1.12
3663-MITLP,15,101.25,Month-to-month,Fiber optic,No,Electronic check,1,Medium Risk,Offer contract upgrade incentive,101.25,59.49
0906-QVPMS,72,115.15,Two year,Fiber optic,Yes,Bank transfer (automatic),0,Low Risk,Continue regular engagement,0.0,1.76
9025-ZRPVR,9,18.95,Month-to-month,No,No internet service,Mailed check,0,Low Risk,Continue regular engagement,0.0,4.9
1905-OEILC,1,19.5,Month-to-month,No,No internet service,Mailed check,1,Medium Risk,Offer contract upgrade incentive,19.5,39.16
7858-GTZSP,12,86.55,Month-to-month,Fiber optic,No,Electronic check,1,High Risk,Offer annual contract discount + proactive support,86.55,71.11
3285-UCQVC,37,28.6,Month-to-month,DSL,Yes,Credit card (automatic),0,Low Risk,Continue regular engagement,0.0,16.95
6248-BSHKG,61,20.4,One year,No,No internet service,Mailed check,0,Low Risk,Continue regular engagement,0.0,2.21
4685-TFLLS,18,19.8,One year,No,No internet service,Bank transfer (automatic),0,Low Risk,Continue regular engagement,0.0,3.79
3470-BTGQO,21,45.65,Month-to-month,DSL,No,Mailed check,0,Low Risk,Continue regular engagement,0.0,15.48
1209-VFFOC,68,56.4,Two year,DSL,Yes,Mailed check,0,Low Risk,Continue regular engagement,0.0,0.9
8224-DWCKX,12,73.3,Month-to-month,Fiber optic,No,Credit card (automatic),1,Medium Risk,Offer contract upgrade incentive,73.3,52.95
5482-PLVPE,2,24.35,Month-to-month,DSL,No,Electronic check,1,Medium Risk,Offer contract upgrade incentive,24.35,64.54
4553-DVPZG,62,101.35,Month-to-month,Fiber optic,No,Electronic check,1,Medium Risk,Offer contract upgrade incentive,101.35,40.84
4902-OHLSK,29,98.65,Month-to-month,Fiber optic,Yes,Electronic check,1,Medium Risk,Offer contract upgrade incentive,98.65,52.51
6917-IAYHD,1,33.6,Month-to-month,DSL,Yes,Mailed check,0,Low Risk,Continue regular engagement,0.0,31.56
0495-ZBNGW,5,79.9,Month-to-month,Fiber optic,No,Bank transfer (automatic),1,High Risk,Offer annual contract discount + proactive support,79.9,73.47
8620-RJPZN,1,20.7,Month-to-month,No,No internet service,Electronic check,1,Medium Risk,Offer contract upgrade incentive,20.7,37.76
7572-KPVKK,62,104.05,Two year,Fiber optic,Yes,Electronic check,1,Medium Risk,Monitor customer + targeted engagement,104.05,36.51
2642-MAWLJ,36,20.25,Two year,No,No internet service,Bank transfer (automatic),0,Low Risk,Continue regular engagement,0.0,0.96
2357-COQEK,28,103.3,Month-to-month,Fiber optic,Yes,Electronic check,1,Medium Risk,Offer contract upgrade incentive,103.3,59.01
7103-ZGVNT,69,73.7,One year,DSL,Yes,Credit card (automatic),0,Low Risk,Continue regular engagement,0.0,5.68
3737-GCSPV,11,96.2,Month-to-month,Fiber optic,Yes,Credit card (automatic),1,Medium Risk,Offer contract upgrade incentive,96.2,61.69
2027-WKXMW,63,108.75,Month-to-month,Fiber optic,Yes,Electronic check,0,Low Risk,Continue regular engagement,0.0,26.51
7137-NAXML,23,20.15,One year,No,No internet service,Bank transfer (automatic),0,Low Risk,Continue regular engagement,0.0,1.51
2428-ZMCTB,10,19.75,Month-to-month,No,No internet service,Credit card (automatic),0,Low Risk,Continue regular engagement,0.0,8.97
2961-VNFKL,71,25.95,Two year,No,No internet service,Credit card (automatic),0,Low Risk,Continue regular engagement,0.0,0.88
1768-HNVGJ,45,70.05,Month-to-month,DSL,Yes,Electronic check,0,Low Risk,Continue regular engagement,0.0,14.74
6963-KQYQB,70,24.05,Two year,No,No internet service,Mailed check,0,Low Risk,Continue regular engagement,0.0,0.52
5934-RMPOV,22,84.75,Month-to-month,Fiber optic,No,Electronic check,1,Medium Risk,Offer contract upgrade incentive,84.75,59.43
1207-BLKSA,52,23.05,Two year,No,No internet service,Mailed check,0,Low Risk,Continue regular engagement,0.0,1.13
4088-YLDSU,55,104.15,One year,Fiber optic,Yes,Electronic check,1,Medium Risk,Monitor customer + targeted engagement,104.15,46.4
8316-BBQAY,65,59.95,Two year,DSL,Yes,Credit card (automatic),0,Low Risk,Continue regular engagement,0.0,1.31
1166-PQLGG,72,19.55,Two year,No,No internet service,Bank transfer (automatic),0,Low Risk,Continue regular engagement,0.0,0.55
3146-JTQHR,10,19.6,One year,No,No internet service,Bank transfer (automatic),0,Low Risk,Continue regular engagement,0.0,3.43
4291-YZODP,7,20.05,One year,No,No internet service,Mailed check,0,Low Risk,Continue regular engagement,0.0,2.6
4395-PZMSN,5,85.55,Month-to-month,Fiber optic,No,Electronic check,1,Medium Risk,Offer contract upgrade incentive,85.55,64.62
6427-FEFIG,24,78.6,Two year,DSL,No,Credit card (automatic),0,Low Risk,Continue regular engagement,0.0,1.46
0017-IUDMW,72,116.8,Two year,Fiber optic,Yes,Credit card (automatic),0,Low Risk,Continue regular engagement,0.0,1.21
8706-HRADD,21,43.55,Month-to-month,DSL,Yes,Mailed check,0,Low Risk,Continue regular engagement,0.0,20.36
9955-QOPOY,69,60.8,One year,DSL,Yes,Credit card (automatic),0,Low Risk,Continue regular engagement,0.0,7.67
4385-ZKVNW,44,54.9,Month-to-month,DSL,Yes,Bank transfer (automatic),0,Low Risk,Continue regular engagement,0.0,12.13
5446-DKWYW,61,65.2,One year,DSL,No,Electronic check,0,Low Risk,Continue regular engagement,0.0,8.81
2034-CGRHZ,24,102.95,Month-to-month,Fiber optic,No,Credit card (automatic),1,Medium Risk,Offer contract upgrade incentive,102.95,64.99
5797-APWZC,1,90.6,Month-to-month,Fiber optic,No,Electronic check,1,High Risk,Offer annual contract discount + proactive support,90.6,84.33
3683-QKIUE,6,50.8,Month-to-month,DSL,Yes,Bank transfer (automatic),0,Low Risk,Continue regular engagement,0.0,31.75
4228-ZGYUW,4,90.05,Month-to-month,Fiber optic,No,Electronic check,1,High Risk,Offer annual contract discount + proactive support,90.05,84.49
9031-ZVQPT,72,108.2,Two year,Fiber optic,Yes,Electronic check,0,Low Risk,Continue regular engagement,0.0,8.98
2990-IAJSV,72,92.0,Two year,DSL,Yes,Bank transfer (automatic),0,Low Risk,Continue regular engagement,0.0,0.39
8107-KNCIM,14,75.1,Month-to-month,Fiber optic,No,Electronic check,1,Medium Risk,Offer contract upgrade incentive,75.1,60.85
9027-YFHQJ,7,25.05,Month-to-month,No,No internet service,Bank transfer (automatic),0,Low Risk,Continue regular engagement,0.0,12.08
5176-LDKUH,48,75.15,One year,Fiber optic,No,Electronic check,0,Low Risk,Continue regular engagement,0.0,11.27
4644-OBGFZ,55,19.5,One year,No,No internet service,Mailed check,0,Low Risk,Continue regular engagement,0.0,3.1
7926-IJOOU,1,19.3,Month-to-month,No,No internet service,Credit card (automatic),0,Low Risk,Continue regular engagement,0.0,17.54
6480-YAGIY,45,112.2,One year,Fiber optic,Yes,Credit card (automatic),0,Low Risk,Continue regular engagement,0.0,20.25
4029-HPFVY,3,70.3,Month-to-month,Fiber optic,No,Mailed check,1,Medium Risk,Offer contract upgrade incentive,70.3,58.59
7602-DBTOU,71,19.6,Two year,No,No internet service,Mailed check,0,Low Risk,Continue regular engagement,0.0,1.1
5345-BMKWB,8,20.25,Month-to-month,No,No internet service,Mailed check,0,Low Risk,Continue regular engagement,0.0,11.61
3519-ZKXGG,3,75.85,Month-to-month,Fiber optic,No,Electronic check,1,High Risk,Offer annual contract discount + proactive support,75.85,80.23
5457-COLHT,69,80.65,Two year,DSL,Yes,Bank transfer (automatic),0,Low Risk,Continue regular engagement,0.0,1.45
6416-TVAIH,1,68.5,Month-to-month,Fiber optic,No,Electronic check,1,High Risk,Offer annual contract discount + proactive support,68.5,81.25
5451-YHYPW,72,115.75,Two year,Fiber optic,Yes,Credit card (automatic),0,Low Risk,Continue regular engagement,0.0,1.5
5108-ADXWO,11,73.5,Month-to-month,Fiber optic,No,Electronic check,1,Medium Risk,Offer contract upgrade incentive,73.5,43.13
7998-WNZEM,71,80.6,Two year,DSL,Yes,Bank transfer (automatic),0,Low Risk,Continue regular engagement,0.0,0.68
3066-RRJIO,1,69.95,Month-to-month,Fiber optic,No,Mailed check,1,High Risk,Offer annual contract discount + proactive support,69.95,77.33
4664-NJCMS,33,59.55,Two year,DSL,Yes,Bank transfer (automatic),0,Low Risk,Continue regular engagement,0.0,1.85
0307-BCOPK,16,19.05,One year,No,No internet service,Mailed check,0,Low Risk,Continue regular engagement,0.0,1.76
7629-WFGLW,56,95.65,One year,Fiber optic,Yes,Electronic check,0,Low Risk,Continue regular engagement,0.0,7.46
2542-HYGIQ,1,19.95,Month-to-month,No,No internet service,Credit card (automatic),0,Low Risk,Continue regular engagement,0.0,34.01
6715-OFDBP,5,70.05,Month-to-month,DSL,No,Electronic check,1,Medium Risk,Offer contract upgrade incentive,70.05,44.61
5016-LIPDW,57,19.4,One year,No,No internet service,Mailed check,0,Low Risk,Continue regular engagement,0.0,4.46
6481-LXPWL,56,36.1,One year,DSL,No,Credit card (automatic),0,Low Risk,Continue regular engagement,0.0,6.12
1567-DSCIC,8,94.0,Month-to-month,Fiber optic,No,Electronic check,1,High Risk,Offer annual contract discount + proactive support,94.0,78.23
2150-UWTFY,22,61.15,Month-to-month,DSL,No,Mailed check,0,Low Risk,Continue regular engagement,0.0,12.85
6124-ACRHJ,1,19.75,Month-to-month,No,No internet service,Mailed check,1,Medium Risk,Offer contract upgrade incentive,19.75,38.93
9362-MWODR,40,64.1,Month-to-month,DSL,Yes,Credit card (automatic),0,Low Risk,Continue regular engagement,0.0,12.66
9975-GPKZU,46,19.75,Two year,No,No internet service,Credit card (automatic),0,Low Risk,Continue regular engagement,0.0,0.81
9625-RZFUK,63,19.7,Two year,No,No internet service,Mailed check,0,Low Risk,Continue regular engagement,0.0,1.01
5153-LXKDT,68,110.2,Two year,Fiber optic,No,Electronic check,0,Low Risk,Continue regular engagement,0.0,12.11
5161-UBZXI,69,106.35,Two year,Fiber optic,Yes,Credit card (automatic),0,Low Risk,Continue regular engagement,0.0,7.21
1020-JPQOW,56,90.55,Month-to-month,Fiber optic,Yes,Electronic check,0,Low Risk,Continue regular engagement,0.0,15.93
7919-ZODZZ,10,65.9,One year,DSL,No,Mailed check,0,Low Risk,Continue regular engagement,0.0,17.4
0565-JUPYD,63,104.5,One year,Fiber optic,Yes,Credit card (automatic),0,Low Risk,Continue regular engagement,0.0,8.64
6867-ACCZI,24,52.5,Two year,DSL,Yes,Mailed check,0,Low Risk,Continue regular engagement,0.0,2.16
5939-XAIXZ,19,56.1,Month-to-month,DSL,No,Mailed check,0,Low Risk,Continue regular engagement,0.0,27.59
9054-FOWNV,22,88.75,Month-to-month,Fiber optic,No,Electronic check,1,Medium Risk,Offer contract upgrade incentive,88.75,59.49
2683-BPJSO,29,84.45,Month-to-month,Fiber optic,No,Electronic check,1,Medium Risk,Offer contract upgrade incentive,84.45,41.15
2157-MXBJS,13,75.3,One year,DSL,No,Mailed check,0,Low Risk,Continue regular engagement,0.0,23.11
8207-VVMYB,70,26.0,Two year,No,No internet service,Bank transfer (automatic),0,Low Risk,Continue regular engagement,0.0,1.31
9732-EQMWY,49,99.4,Month-to-month,Fiber optic,No,Electronic check,0,Low Risk,Continue regular engagement,0.0,33.02
9360-AHGNL,43,109.55,One year,Fiber optic,Yes,Mailed check,0,Low Risk,Continue regular engagement,0.0,32.02
1087-UDSIH,3,19.6,Month-to-month,No,No internet service,Mailed check,0,Low Risk,Continue regular engagement,0.0,19.11
5269-NRGDP,42,73.15,One year,DSL,Yes,Electronic check,0,Low Risk,Continue regular engagement,0.0,10.99
6195-MELTI,57,54.65,One year,DSL,Yes,Mailed check,0,Low Risk,Continue regular engagement,0.0,4.09
5485-WUYWF,2,66.4,Month-to-month,DSL,No,Bank transfer (automatic),1,Medium Risk,Offer contract upgrade incentive,66.4,47.94
2121-JAFOM,72,115.55,Two year,Fiber optic,Yes,Credit card (automatic),0,Low Risk,Continue regular engagement,0.0,1.52
8818-DOPVL,46,104.45,Month-to-month,Fiber optic,No,Electronic check,1,Medium Risk,Offer contract upgrade incentive,104.45,58.34
2632-UCGVD,66,100.05,Month-to-month,Fiber optic,Yes,Credit card (automatic),1,Medium Risk,Offer contract upgrade incentive,100.05,48.28
5445-PZWGX,62,102.0,One year,Fiber optic,Yes,Electronic check,0,Low Risk,Continue regular engagement,0.0,11.71
1227-UDMZR,72,91.15,Two year,DSL,Yes,Bank transfer (automatic),0,Low Risk,Continue regular engagement,0.0,0.35
5198-HQAEN,35,89.7,One year,Fiber optic,Yes,Electronic check,0,Low Risk,Continue regular engagement,0.0,12.61
9170-CCKOU,17,90.2,Month-to-month,Fiber optic,No,Credit card (automatic),0,Low Risk,Continue regular engagement,0.0,24.86
2167-FQSTQ,72,92.4,Two year,DSL,Yes,Electronic check,0,Low Risk,Continue regular engagement,0.0,0.63
2819-GWENI,28,19.9,One year,No,No internet service,Mailed check,0,Low Risk,Continue regular engagement,0.0,3.2
1043-YCUTE,56,25.15,Two year,No,No internet service,Credit card (automatic),0,Low Risk,Continue regular engagement,0.0,2.04
3814-MLAXC,31,79.85,Month-to-month,Fiber optic,Yes,Credit card (automatic),1,Medium Risk,Offer contract upgrade incentive,79.85,36.22
3572-UUHRS,45,18.85,One year,No,No internet service,Bank transfer (automatic),0,Low Risk,Continue regular engagement,0.0,1.18
2692-PFYTJ,1,25.75,Month-to-month,No,No internet service,Mailed check,0,Low Risk,Continue regular engagement,0.0,27.15
1226-UDFZR,2,49.6,Month-to-month,DSL,No,Mailed check,1,Medium Risk,Offer contract upgrade incentive,49.6,43.74
5955-EPOAZ,6,20.95,Month-to-month,No,No internet service,Mailed check,0,Low Risk,Continue regular engagement,0.0,8.6
6821-JPCDC,48,97.05,One year,Fiber optic,No,Electronic check,0,Low Risk,Continue regular engagement,0.0,19.48
8815-LMFLX,25,25.4,Month-to-month,No,No internet service,Bank transfer (automatic),0,Low Risk,Continue regular engagement,0.0,9.1
9135-HSWOC,64,19.7,Two year,No,No internet service,Bank transfer (automatic),0,Low Risk,Continue regular engagement,0.0,1.56
8582-KRHPJ,50,35.0,Month-to-month,DSL,No,Mailed check,0,Low Risk,Continue regular engagement,0.0,12.7
5811-IWXYM,52,101.25,One year,Fiber optic,No,Bank transfer (automatic),0,Low Risk,Continue regular engagement,0.0,19.03
7044-YAACC,4,70.2,Month-to-month,Fiber optic,No,Electronic check,1,Medium Risk,Offer contract upgrade incentive,70.2,61.34
8189-XRIKE,32,90.95,Month-to-month,Fiber optic,No,Electronic check,1,Medium Risk,Offer contract upgrade incentive,90.95,41.08
1506-YJTYT,45,73.85,Two year,DSL,Yes,Credit card (automatic),0,Low Risk,Continue regular engagement,0.0,1.67
4123-DVHPH,9,88.05,Month-to-month,Fiber optic,No,Electronic check,1,Medium Risk,Offer contract upgrade incentive,88.05,52.96
6425-YQLLO,66,105.95,One year,Fiber optic,Yes,Credit card (automatic),0,Low Risk,Continue regular engagement,0.0,29.43
5442-UTCVD,3,91.85,Month-to-month,Fiber optic,No,Electronic check,1,High Risk,Offer annual contract discount + proactive support,91.85,72.48
2228-BZDEE,54,20.1,Two year,No,No internet service,Mailed check,0,Low Risk,Continue regular engagement,0.0,2.28
7734-DBOAI,1,40.1,Month-to-month,DSL,Yes,Electronic check,1,Medium Risk,Offer contract upgrade incentive,40.1,47.13
2789-CZANW,64,110.3,Two year,Fiber optic,Yes,Bank transfer (automatic),0,Low Risk,Continue regular engagement,0.0,3.95
2091-RFFBA,31,73.9,Month-to-month,Fiber optic,No,Electronic check,1,Medium Risk,Offer contract upgrade incentive,73.9,50.05
2114-MGINA,14,89.8,Month-to-month,Fiber optic,No,Mailed check,1,Medium Risk,Offer contract upgrade incentive,89.8,53.17
7596-LDUXP,12,85.15,One year,Fiber optic,No,Credit card (automatic),0,Low Risk,Continue regular engagement,0.0,15.96
3740-RLMVT,67,60.95,One year,DSL,Yes,Bank transfer (automatic),0,Low Risk,Continue regular engagement,0.0,2.85
4489-SNOJF,35,72.25,Month-to-month,DSL,Yes,Electronic check,0,Low Risk,Continue regular engagement,0.0,11.92
2192-OZITF,45,73.55,Two year,DSL,Yes,Mailed check,0,Low Risk,Continue regular engagement,0.0,1.32
5651-CPDND,10,46.0,Month-to-month,DSL,No,Mailed check,0,Low Risk,Continue regular engagement,0.0,21.12
2186-QZEYA,29,58.55,Month-to-month,DSL,No,Bank transfer (automatic),0,Low Risk,Continue regular engagement,0.0,12.02
1131-ALZWV,24,24.6,One year,No,No internet service,Bank transfer (automatic),0,Low Risk,Continue regular engagement,0.0,2.94
7729-XBTWX,66,19.75,Two year,No,No internet service,Mailed check,0,Low Risk,Continue regular engagement,0.0,0.95
9134-WYRVP,51,86.35,One year,Fiber optic,No,Mailed check,0,Low Risk,Continue regular engagement,0.0,5.2
3284-SVCRO,45,25.5,Two year,No,No internet service,Mailed check,0,Low Risk,Continue regular engagement,0.0,1.38
9732-OUYRN,49,19.0,One year,No,No internet service,Credit card (automatic),0,Low Risk,Continue regular engagement,0.0,1.07
0559-CKHUS,29,19.55,Two year,No,No internet service,Mailed check,0,Low Risk,Continue regular engagement,0.0,1.18
2931-SVLTV,40,110.1,Month-to-month,Fiber optic,Yes,Credit card (automatic),0,Low Risk,Continue regular engagement,0.0,33.76
6899-PPEEA,37,96.55,Month-to-month,Fiber optic,No,Electronic check,1,Medium Risk,Offer contract upgrade incentive,96.55,62.5
7504-UWHNB,25,69.75,Month-to-month,Fiber optic,No,Electronic check,0,Low Risk,Continue regular engagement,0.0,27.86
2582-FFFZR,22,50.6,Month-to-month,DSL,No,Electronic check,1,Medium Risk,Offer contract upgrade incentive,50.6,53.71
8908-NMQTX,72,65.6,Two year,DSL,Yes,Bank transfer (automatic),0,Low Risk,Continue regular engagement,0.0,0.56
2187-LZGPL,7,40.1,Month-to-month,DSL,No,Credit card (automatic),1,Medium Risk,Offer contract upgrade incentive,40.1,38.8
1431-AIDJQ,33,82.1,Two year,DSL,Yes,Credit card (automatic),0,Low Risk,Continue regular engagement,0.0,1.83
6288-LBEAR,23,79.1,Month-to-month,Fiber optic,Yes,Mailed check,0,Low Risk,Continue regular engagement,0.0,21.68
4597-NUCQV,24,101.25,Month-to-month,Fiber optic,No,Electronic check,1,High Risk,Offer annual contract discount + proactive support,101.25,74.66
9019-QVLZD,1,79.55,Month-to-month,Fiber optic,No,Electronic check,1,High Risk,Offer annual contract discount + proactive support,79.55,84.5
8413-YNHNV,69,90.65,Two year,DSL,Yes,Mailed check,0,Low Risk,Continue regular engagement,0.0,1.28
5808-TOTXO,3,20.55,One year,No,No internet service,Credit card (automatic),0,Low Risk,Continue regular engagement,0.0,6.19
4369-NYSCF,56,75.75,One year,DSL,Yes,Bank transfer (automatic),0,Low Risk,Continue regular engagement,0.0,6.95
6333-YDVLT,65,110.0,One year,Fiber optic,Yes,Credit card (automatic),0,Low Risk,Continue regular engagement,0.0,17.87
5324-KTGCG,71,20.85,One year,No,No internet service,Electronic check,0,Low Risk,Continue regular engagement,0.0,1.93
5599-HVLTW,14,80.35,Month-to-month,Fiber optic,No,Bank transfer (automatic),1,Medium Risk,Offer contract upgrade incentive,80.35,52.95
7394-LWLYN,2,70.15,Month-to-month,Fiber optic,No,Electronic check,1,Medium Risk,Offer contract upgrade incentive,70.15,64.95
3707-LRWZD,32,84.05,One year,Fiber optic,No,Electronic check,0,Low Risk,Continue regular engagement,0.0,23.44
6873-UDNLD,40,67.45,Month-to-month,DSL,No,Electronic check,0,Low Risk,Continue regular engagement,0.0,13.98
2700-LUEVA,1,20.75,Month-to-month,No,No internet service,Credit card (automatic),0,Low Risk,Continue regular engagement,0.0,27.95
1455-ESIQH,1,89.1,Month-to-month,Fiber optic,No,Electronic check,1,High Risk,Offer annual contract discount + proactive support,89.1,85.43
0958-YHXGP,7,69.9,Month-to-month,Fiber optic,No,Mailed check,1,Medium Risk,Offer contract upgrade incentive,69.9,54.21
1101-SSWAG,15,51.1,Month-to-month,DSL,No,Electronic check,1,Medium Risk,Offer contract upgrade incentive,51.1,47.42
2979-SXESE,17,94.4,Month-to-month,Fiber optic,No,Electronic check,1,Medium Risk,Offer contract upgrade incentive,94.4,53.36
4013-TLDHQ,19,78.25,Month-to-month,Fiber optic,No,Electronic check,1,Medium Risk,Offer contract upgrade incentive,78.25,48.15
5743-KHMNA,71,25.55,Two year,No,No internet service,Bank transfer (automatic),0,Low Risk,Continue regular engagement,0.0,1.2
4194-FJARJ,54,60.0,Two year,DSL,Yes,Bank transfer (automatic),0,Low Risk,Continue regular engagement,0.0,1.78
5325-UWTWJ,31,90.55,Month-to-month,Fiber optic,Yes,Credit card (automatic),0,Low Risk,Continue regular engagement,0.0,17.05
3969-GYXEL,11,76.4,Month-to-month,Fiber optic,No,Electronic check,0,Low Risk,Continue regular engagement,0.0,31.12
9208-OLGAQ,18,84.95,Month-to-month,Fiber optic,No,Electronic check,1,Medium Risk,Offer contract upgrade incentive,84.95,52.99
3244-CQPHU,72,110.1,Two year,Fiber optic,Yes,Bank transfer (automatic),0,Low Risk,Continue regular engagement,0.0,1.22
2674-MLXMN,71,99.65,Month-to-month,Fiber optic,No,Credit card (automatic),0,Low Risk,Continue regular engagement,0.0,17.37
9708-HPXWZ,5,45.4,Month-to-month,DSL,Yes,Credit card (automatic),0,Low Risk,Continue regular engagement,0.0,32.35
6992-TKNYO,38,69.0,One year,DSL,Yes,Credit card (automatic),0,Low Risk,Continue regular engagement,0.0,9.93
4468-YDOVK,5,48.65,Month-to-month,DSL,Yes,Bank transfer (automatic),0,Low Risk,Continue regular engagement,0.0,29.65
3754-DXMRT,2,44.15,Month-to-month,DSL,No,Electronic check,1,Medium Risk,Offer contract upgrade incentive,44.15,67.48
5792-JALQC,52,59.85,Two year,DSL,No,Bank transfer (automatic),0,Low Risk,Continue regular engagement,0.0,3.3
7130-VTEWQ,8,75.75,Month-to-month,Fiber optic,No,Electronic check,1,High Risk,Offer annual contract discount + proactive support,75.75,72.09
2200-DSAAL,68,80.65,Two year,DSL,No,Electronic check,0,Low Risk,Continue regular engagement,0.0,13.46
4302-ZYFEL,69,20.55,One year,No,No internet service,Credit card (automatic),0,Low Risk,Continue regular engagement,0.0,1.25
9351-LZYGF,42,66.4,Month-to-month,DSL,Yes,Credit card (automatic),0,Low Risk,Continue regular engagement,0.0,11.83
4366-CTOUZ,50,100.2,Two year,Fiber optic,Yes,Mailed check,0,Low Risk,Continue regular engagement,0.0,4.21
6121-VZNQB,1,19.1,Month-to-month,No,No internet service,Mailed check,0,Low Risk,Continue regular engagement,0.0,29.12
7903-CMPEY,1,80.3,Month-to-month,Fiber optic,No,Electronic check,1,High Risk,Offer annual contract discount + proactive support,80.3,82.65
1518-OMDIK,33,44.55,Month-to-month,DSL,No,Credit card (automatic),0,Low Risk,Continue regular engagement,0.0,11.6
6671-NGWON,7,20.35,Month-to-month,No,No internet service,Mailed check,0,Low Risk,Continue regular engagement,0.0,8.16
0595-ITUDF,64,91.8,Month-to-month,Fiber optic,No,Electronic check,0,Low Risk,Continue regular engagement,0.0,15.58
6996-KNSML,1,74.9,Month-to-month,Fiber optic,No,Electronic check,1,High Risk,Offer annual contract discount + proactive support,74.9,82.47
1955-IBMMB,59,20.2,Two year,No,No internet service,Bank transfer (automatic),0,Low Risk,Continue regular engagement,0.0,2.12
0096-BXERS,6,50.35,Month-to-month,DSL,No,Electronic check,1,Medium Risk,Offer contract upgrade incentive,50.35,37.3
3806-YAZOV,3,18.8,Month-to-month,No,No internet service,Mailed check,0,Low Risk,Continue regular engagement,0.0,6.38
7998-ZLXWN,15,20.45,Month-to-month,No,No internet service,Credit card (automatic),0,Low Risk,Continue regular engagement,0.0,6.73
6253-WRFHY,13,64.75,One year,DSL,No,Electronic check,0,Low Risk,Continue regular engagement,0.0,21.01
9133-AYJZG,23,98.7,Month-to-month,Fiber optic,No,Credit card (automatic),1,Medium Risk,Offer contract upgrade incentive,98.7,58.1
2675-OTVVJ,31,89.45,Month-to-month,Fiber optic,No,Electronic check,0,Low Risk,Continue regular engagement,0.0,33.78
8680-CGLTP,29,58.75,One year,DSL,Yes,Electronic check,0,Low Risk,Continue regular engagement,0.0,5.72
8430-TWCBX,49,20.7,One year,No,No internet service,Credit card (automatic),0,Low Risk,Continue regular engagement,0.0,2.29
5018-GWURO,56,85.6,Month-to-month,Fiber optic,No,Bank transfer (automatic),0,Low Risk,Continue regular engagement,0.0,33.83
6741-QRLUP,63,80.3,Two year,DSL,Yes,Credit card (automatic),0,Low Risk,Continue regular engagement,0.0,1.69
4737-HOBAX,63,79.8,Two year,DSL,Yes,Credit card (automatic),0,Low Risk,Continue regular engagement,0.0,2.73
0537-QYZZN,24,79.85,Month-to-month,Fiber optic,No,Electronic check,1,Medium Risk,Offer contract upgrade incentive,79.85,38.99
3340-QBBFM,36,54.1,One year,DSL,Yes,Credit card (automatic),0,Low Risk,Continue regular engagement,0.0,4.2
1704-NRWYE,9,80.85,Month-to-month,Fiber optic,No,Electronic check,1,Medium Risk,Offer contract upgrade incentive,80.85,66.49
2592-SEIFQ,3,24.75,Month-to-month,DSL,No,Electronic check,1,Medium Risk,Offer contract upgrade incentive,24.75,51.48
8200-KLNYW,21,80.9,One year,DSL,Yes,Mailed check,0,Low Risk,Continue regular engagement,0.0,9.43
3372-CDXFJ,13,24.5,One year,No,No internet service,Bank transfer (automatic),0,Low Risk,Continue regular engagement,0.0,3.47
4781-ZXYGU,1,20.15,Month-to-month,No,No internet service,Bank transfer (automatic),1,Medium Risk,Offer contract upgrade incentive,20.15,47.4
7632-YUTXB,25,20.05,One year,No,No internet service,Mailed check,0,Low Risk,Continue regular engagement,0.0,2.25
2718-YSKCS,71,19.6,Two year,No,No internet service,Bank transfer (automatic),0,Low Risk,Continue regular engagement,0.0,1.56
9896-UYMIE,66,114.3,One year,Fiber optic,Yes,Bank transfer (automatic),0,Low Risk,Continue regular engagement,0.0,19.38
0853-NWIFK,45,100.3,One year,Fiber optic,No,Electronic check,0,Low Risk,Continue regular engagement,0.0,15.64
8212-CRQXP,22,80.0,Month-to-month,Fiber optic,No,Credit card (automatic),0,Low Risk,Continue regular engagement,0.0,33.87
6980-CDGFC,67,20.85,One year,No,No internet service,Bank transfer (automatic),0,Low Risk,Continue regular engagement,0.0,2.07
7691-XVTZH,68,89.95,Two year,Fiber optic,No,Bank transfer (automatic),0,Low Risk,Continue regular engagement,0.0,5.52
2520-SGTTA,0,20.0,Two year,No,No internet service,Mailed check,0,Low Risk,Continue regular engagement,0.0,6.37
7481-ATQQS,49,90.85,Month-to-month,Fiber optic,No,Credit card (automatic),1,Medium Risk,Offer contract upgrade incentive,90.85,35.34
2277-VWCNI,4,48.75,Month-to-month,DSL,No,Mailed check,1,Medium Risk,Offer contract upgrade incentive,48.75,40.65
1088-CNNKB,63,80.0,One year,DSL,Yes,Credit card (automatic),0,Low Risk,Continue regular engagement,0.0,6.09
8642-GVWRF,2,79.7,Month-to-month,Fiber optic,No,Bank transfer (automatic),1,Medium Risk,Offer contract upgrade incentive,79.7,68.33
1930-BZLHI,21,20.35,One year,No,No internet service,Mailed check,0,Low Risk,Continue regular engagement,0.0,3.32
3400-ESFUW,55,57.55,Two year,DSL,Yes,Bank transfer (automatic),0,Low Risk,Continue regular engagement,0.0,1.07
5868-YTYKS,1,20.25,Month-to-month,No,No internet service,Mailed check,0,Low Risk,Continue regular engagement,0.0,29.91
3525-DVKFN,17,19.4,Two year,No,No internet service,Mailed check,0,Low Risk,Continue regular engagement,0.0,1.96
1482-OXZSY,30,100.4,Month-to-month,Fiber optic,No,Bank transfer (automatic),0,Low Risk,Continue regular engagement,0.0,33.35
0377-JBKKT,22,57.95,Month-to-month,DSL,Yes,Mailed check,0,Low Risk,Continue regular engagement,0.0,10.43
5778-BVOFB,9,59.5,Month-to-month,DSL,Yes,Bank transfer (automatic),0,Low Risk,Continue regular engagement,0.0,23.16
3373-YZZYM,1,19.2,Month-to-month,No,No internet service,Mailed check,0,Low Risk,Continue regular engagement,0.0,18.6
2057-ZBLPD,21,86.5,Month-to-month,Fiber optic,No,Electronic check,1,Medium Risk,Offer contract upgrade incentive,86.5,60.13
0228-MAUWC,19,59.55,Month-to-month,DSL,Yes,Electronic check,0,Low Risk,Continue regular engagement,0.0,30.86
5502-RLUYV,69,103.95,Month-to-month,Fiber optic,No,Electronic check,1,Medium Risk,Offer contract upgrade incentive,103.95,46.12
0023-HGHWL,1,25.1,Month-to-month,DSL,No,Electronic check,1,High Risk,Offer annual contract discount + proactive support,25.1,85.07
7663-YJHSN,72,103.95,Two year,Fiber optic,Yes,Bank transfer (automatic),0,Low Risk,Continue regular engagement,0.0,1.22
4915-BFSXL,70,68.95,Two year,DSL,No,Credit card (automatic),0,Low Risk,Continue regular engagement,0.0,3.96
3086-RUCRN,66,103.1,Month-to-month,Fiber optic,Yes,Bank transfer (automatic),0,Low Risk,Continue regular engagement,0.0,13.79
5215-LNLDJ,7,24.7,Month-to-month,DSL,No,Electronic check,1,Medium Risk,Offer contract upgrade incentive,24.7,39.6
7576-JMYWV,46,110.2,Month-to-month,Fiber optic,Yes,Electronic check,0,Low Risk,Continue regular engagement,0.0,28.45
9039-RBEEE,39,48.95,Month-to-month,DSL,Yes,Credit card (automatic),0,Low Risk,Continue regular engagement,0.0,12.49
0257-KXZGU,32,62.45,Month-to-month,DSL,No,Bank transfer (automatic),0,Low Risk,Continue regular engagement,0.0,10.05
1307-ATKGB,24,89.55,Month-to-month,Fiber optic,No,Electronic check,1,Medium Risk,Offer contract upgrade incentive,89.55,45.39
8417-FMLZI,6,83.55,Month-to-month,Fiber optic,No,Credit card (automatic),1,Medium Risk,Offer contract upgrade incentive,83.55,62.1
3714-XPXBW,37,78.9,Month-to-month,DSL,Yes,Credit card (automatic),0,Low Risk,Continue regular engagement,0.0,15.89
1850-AKQEP,8,20.35,Month-to-month,No,No internet service,Mailed check,0,Low Risk,Continue regular engagement,0.0,6.92
2824-DXNKN,72,71.45,Two year,DSL,No,Bank transfer (automatic),0,Low Risk,Continue regular engagement,0.0,1.07
5227-JSCFE,71,46.35,Two year,DSL,Yes,Credit card (automatic),0,Low Risk,Continue regular engagement,0.0,2.35
0848-ZGQIJ,16,94.65,Month-to-month,Fiber optic,No,Bank transfer (automatic),1,Medium Risk,Offer contract upgrade incentive,94.65,52.01
3621-CHYVB,57,49.9,Month-to-month,DSL,Yes,Bank transfer (automatic),0,Low Risk,Continue regular engagement,0.0,9.56
8042-RNLKO,66,25.45,One year,No,No internet service,Bank transfer (automatic),0,Low Risk,Continue regular engagement,0.0,1.39
1792-UXAFY,17,89.15,Month-to-month,Fiber optic,No,Electronic check,1,Medium Risk,Offer contract upgrade incentive,89.15,53.12
5372-FBKBN,21,20.75,Month-to-month,No,No internet service,Mailed check,0,Low Risk,Continue regular engagement,0.0,4.51
0420-TXVSG,66,66.1,Two year,DSL,No,Credit card (automatic),0,Low Risk,Continue regular engagement,0.0,1.66
6217-TOWGS,17,75.4,Month-to-month,DSL,No,Bank transfer (automatic),0,Low Risk,Continue regular engagement,0.0,23.48
0515-YPMCW,1,70.45,Month-to-month,Fiber optic,No,Mailed check,1,High Risk,Offer annual contract discount + proactive support,70.45,74.06
0378-XSZPU,58,60.3,One year,DSL,No,Credit card (automatic),0,Low Risk,Continue regular engagement,0.0,4.59
1045-LTCYT,8,21.05,Month-to-month,No,No internet service,Credit card (automatic),0,Low Risk,Continue regular engagement,0.0,6.88
1544-JJMYL,27,69.35,One year,DSL,Yes,Credit card (automatic),0,Low Risk,Continue regular engagement,0.0,3.11
4636-JGAAI,34,88.85,Month-to-month,Fiber optic,No,Mailed check,0,Low Risk,Continue regular engagement,0.0,25.76
6874-SGLHU,30,97.0,One year,Fiber optic,No,Bank transfer (automatic),0,Low Risk,Continue regular engagement,0.0,21.28
5951-AOFIH,33,66.4,Month-to-month,DSL,No,Credit card (automatic),0,Low Risk,Continue regular engagement,0.0,19.63
4729-XKASR,1,24.75,Month-to-month,DSL,No,Electronic check,1,Medium Risk,Offer contract upgrade incentive,24.75,61.53
3059-NGMXB,14,69.2,Month-to-month,DSL,No,Mailed check,0,Low Risk,Continue regular engagement,0.0,11.74
8652-YHIYU,16,79.5,One year,Fiber optic,Yes,Credit card (automatic),0,Low Risk,Continue regular engagement,0.0,15.85
5278-PNYOX,49,100.65,Two year,Fiber optic,Yes,Credit card (automatic),0,Low Risk,Continue regular engagement,0.0,5.36
5449-FIBXJ,19,103.3,Month-to-month,Fiber optic,Yes,Electronic check,1,Medium Risk,Offer contract upgrade incentive,103.3,60.88
3486-HOOGQ,70,79.7,Two year,DSL,Yes,Bank transfer (automatic),0,Low Risk,Continue regular engagement,0.0,1.88
5061-PBXFW,32,61.4,Month-to-month,DSL,Yes,Bank transfer (automatic),0,Low Risk,Continue regular engagement,0.0,5.98
8630-FJLIB,18,69.8,Month-to-month,Fiber optic,No,Electronic check,1,Medium Risk,Offer contract upgrade incentive,69.8,43.78
3891-NLXJB,37,40.55,Two year,DSL,Yes,Mailed check,0,Low Risk,Continue regular engagement,0.0,1.84
4749-OJKQU,4,75.65,Month-to-month,Fiber optic,No,Electronic check,1,High Risk,Offer annual contract discount + proactive support,75.65,71.13
0577-WHMEV,16,90.7,Month-to-month,Fiber optic,No,Electronic check,0,Low Risk,Continue regular engagement,0.0,32.12
5453-AXEPF,17,80.5,Month-to-month,Fiber optic,No,Bank transfer (automatic),1,Medium Risk,Offer contract upgrade incentive,80.5,37.96
3639-XJHKQ,19,60.6,Month-to-month,DSL,No,Electronic check,0,Low Risk,Continue regular engagement,0.0,21.47
3716-LRGXK,60,101.15,Two year,Fiber optic,No,Credit card (automatic),0,Low Risk,Continue regular engagement,0.0,7.99
2263-SFSQZ,51,24.95,Two year,No,No internet service,Mailed check,0,Low Risk,Continue regular engagement,0.0,1.38
9950-MTGYX,28,20.3,Two year,No,No internet service,Credit card (automatic),0,Low Risk,Continue regular engagement,0.0,0.9
3397-AVTKU,43,60.0,Two year,DSL,No,Electronic check,0,Low Risk,Continue regular engagement,0.0,5.19
4825-FUREZ,42,20.25,Two year,No,No internet service,Electronic check,0,Low Risk,Continue regular engagement,0.0,1.55
9837-BMCLM,3,78.5,Month-to-month,Fiber optic,No,Electronic check,1,High Risk,Offer annual contract discount + proactive support,78.5,70.56
2672-OJQZP,1,44.75,Month-to-month,DSL,No,Mailed check,1,Medium Risk,Offer contract upgrade incentive,44.75,45.27
0137-UDEUO,3,19.85,Month-to-month,No,No internet service,Mailed check,0,Low Risk,Continue regular engagement,0.0,15.69
3134-DSHVC,63,98.0,Two year,Fiber optic,No,Credit card (automatic),0,Low Risk,Continue regular engagement,0.0,2.51
6161-UUUTA,3,79.9,Month-to-month,Fiber optic,No,Electronic check,1,High Risk,Offer annual contract discount + proactive support,79.9,76.05
7821-DPRQE,68,107.7,Month-to-month,Fiber optic,Yes,Electronic check,0,Low Risk,Continue regular engagement,0.0,34.71
6543-XRMYR,30,99.7,Month-to-month,Fiber optic,No,Electronic check,1,Medium Risk,Offer contract upgrade incentive,99.7,60.79
2001-EWBQU,60,104.7,Two year,Fiber optic,No,Electronic check,0,Low Risk,Continue regular engagement,0.0,11.24
4925-LMHOK,15,58.6,Month-to-month,DSL,Yes,Credit card (automatic),0,Low Risk,Continue regular engagement,0.0,29.23
1608-GMEWB,45,93.9,Month-to-month,Fiber optic,No,Bank transfer (automatic),1,Medium Risk,Offer contract upgrade incentive,93.9,45.34
6695-AMZUF,70,86.45,Two year,DSL,Yes,Credit card (automatic),0,Low Risk,Continue regular engagement,0.0,1.42
1455-UGQVH,10,98.5,Month-to-month,Fiber optic,No,Electronic check,1,High Risk,Offer annual contract discount + proactive support,98.5,90.12
8410-BGQXN,4,19.4,Month-to-month,No,No internet service,Mailed check,0,Low Risk,Continue regular engagement,0.0,10.71
8280-MQRQN,1,50.45,Month-to-month,DSL,No,Mailed check,1,Medium Risk,Offer contract upgrade incentive,50.45,60.79
1619-YWUBB,68,24.95,Two year,No,No internet service,Credit card (automatic),0,Low Risk,Continue regular engagement,0.0,1.0
7611-YKYTC,22,75.0,Month-to-month,Fiber optic,No,Bank transfer (automatic),0,Low Risk,Continue regular engagement,0.0,19.2
2037-SGXHH,38,94.65,Month-to-month,Fiber optic,No,Electronic check,1,Medium Risk,Offer contract upgrade incentive,94.65,43.8
3178-FESZO,1,100.25,Month-to-month,Fiber optic,No,Credit card (automatic),1,High Risk,Offer annual contract discount + proactive support,100.25,92.24
0365-GXEZS,18,78.2,Month-to-month,Fiber optic,Yes,Electronic check,0,Low Risk,Continue regular engagement,0.0,33.93
0082-OQIQY,29,94.2,Month-to-month,Fiber optic,Yes,Electronic check,1,Medium Risk,Offer contract upgrade incentive,94.2,39.04
6087-MVHJH,16,88.45,Month-to-month,Fiber optic,No,Electronic check,1,Medium Risk,Offer contract upgrade incentive,88.45,60.7
4603-JANFB,1,69.85,Month-to-month,Fiber optic,No,Electronic check,1,High Risk,Offer annual contract discount + proactive support,69.85,83.25
3018-TFTSU,12,81.7,Month-to-month,Fiber optic,No,Bank transfer (automatic),0,Low Risk,Continue regular engagement,0.0,27.08
3606-SBKRY,31,50.05,One year,DSL,No,Electronic check,0,Low Risk,Continue regular engagement,0.0,18.09
4806-KEXQR,4,79.9,Month-to-month,Fiber optic,No,Electronic check,1,High Risk,Offer annual contract discount + proactive support,79.9,70.84
0667-NSRGI,48,69.55,One year,DSL,Yes,Mailed check,0,Low Risk,Continue regular engagement,0.0,7.04
7083-YNSKY,15,25.4,Month-to-month,No,No internet service,Credit card (automatic),0,Low Risk,Continue regular engagement,0.0,18.84
6893-ODYYE,50,90.1,One year,Fiber optic,Yes,Credit card (automatic),0,Low Risk,Continue regular engagement,0.0,4.26
8242-JSVBO,7,44.65,Month-to-month,DSL,No,Bank transfer (automatic),0,Low Risk,Continue regular engagement,0.0,32.12
2479-BRAMR,41,83.75,Month-to-month,Fiber optic,No,Bank transfer (automatic),0,Low Risk,Continue regular engagement,0.0,34.04
9541-ZPSEA,68,80.35,Two year,Fiber optic,No,Credit card (automatic),0,Low Risk,Continue regular engagement,0.0,4.54
2665-NPTGL,26,98.1,Month-to-month,Fiber optic,No,Bank transfer (automatic),1,Medium Risk,Offer contract upgrade incentive,98.1,68.62
1139-WUOAH,57,53.35,Two year,DSL,Yes,Credit card (automatic),0,Low Risk,Continue regular engagement,0.0,1.74
4693-VWVBO,3,19.55,Month-to-month,No,No internet service,Electronic check,0,Low Risk,Continue regular engagement,0.0,14.33
7434-SHXLS,1,20.9,Month-to-month,No,No internet service,Mailed check,1,Medium Risk,Offer contract upgrade incentive,20.9,36.99
6937-GCDGQ,19,48.95,One year,DSL,No,Bank transfer (automatic),0,Low Risk,Continue regular engagement,0.0,7.54
0988-JRWWP,3,54.2,Month-to-month,DSL,No,Electronic check,1,Medium Risk,Offer contract upgrade incentive,54.2,61.54
5075-JSDKI,59,24.45,Two year,No,No internet service,Electronic check,0,Low Risk,Continue regular engagement,0.0,1.94
7908-QCBCA,1,69.4,Month-to-month,Fiber optic,No,Mailed check,1,High Risk,Offer annual contract discount + proactive support,69.4,79.76
8644-XYTSV,42,40.15,Month-to-month,DSL,No,Bank transfer (automatic),0,Low Risk,Continue regular engagement,0.0,19.76
6711-FLDFB,7,74.9,Month-to-month,Fiber optic,No,Electronic check,1,High Risk,Offer annual contract discount + proactive support,74.9,72.45
3873-WOSBC,67,25.6,Two year,No,No internet service,Credit card (automatic),0,Low Risk,Continue regular engagement,0.0,1.21
7465-ZZRVX,1,70.35,Month-to-month,Fiber optic,No,Electronic check,1,High Risk,Offer annual contract discount + proactive support,70.35,81.66
7975-JMZNT,66,91.7,Two year,DSL,Yes,Bank transfer (automatic),0,Low Risk,Continue regular engagement,0.0,1.79
7251-XFOIL,61,89.2,Month-to-month,Fiber optic,No,Mailed check,0,Low Risk,Continue regular engagement,0.0,14.16
4116-IQRFR,4,24.1,One year,No,No internet service,Credit card (automatic),0,Low Risk,Continue regular engagement,0.0,4.42
3714-JTVOV,42,74.15,Month-to-month,Fiber optic,No,Credit card (automatic),0,Low Risk,Continue regular engagement,0.0,32.55
8259-DZLIZ,64,53.85,One year,DSL,No,Bank transfer (automatic),0,Low Risk,Continue regular engagement,0.0,4.84
0442-ZXKVS,54,115.6,One year,Fiber optic,Yes,Bank transfer (automatic),0,Low Risk,Continue regular engagement,0.0,16.25
7853-WNZSY,1,19.75,Month-to-month,No,No internet service,Credit card (automatic),1,Medium Risk,Offer contract upgrade incentive,19.75,36.71
3120-FAZKD,54,24.05,Two year,No,No internet service,Bank transfer (automatic),0,Low Risk,Continue regular engagement,0.0,1.15
8606-OEGQZ,18,25.3,Two year,No,No internet service,Credit card (automatic),0,Low Risk,Continue regular engagement,0.0,1.67
0225-ZORZP,3,84.3,Month-to-month,Fiber optic,No,Electronic check,1,Medium Risk,Offer contract upgrade incentive,84.3,49.29
4702-IOQDC,1,70.1,Month-to-month,Fiber optic,No,Electronic check,1,High Risk,Offer annual contract discount + proactive support,70.1,81.74
9489-JMTTN,72,89.75,Two year,DSL,Yes,Credit card (automatic),0,Low Risk,Continue regular engagement,0.0,0.49
0575-CUQOV,60,97.95,One year,Fiber optic,No,Electronic check,0,Low Risk,Continue regular engagement,0.0,16.67
0967-BMLBD,11,20.0,One year,No,No internet service,Mailed check,0,Low Risk,Continue regular engagement,0.0,3.21
6178-KFNHS,12,78.3,Month-to-month,Fiber optic,No,Electronic check,1,Medium Risk,Offer contract upgrade incentive,78.3,47.15
2830-LEWOA,61,103.9,One year,Fiber optic,Yes,Credit card (automatic),0,Low Risk,Continue regular engagement,0.0,12.11
5006-MXVRN,39,20.7,Two year,No,No internet service,Credit card (automatic),0,Low Risk,Continue regular engagement,0.0,0.97
1264-BYWMS,55,96.8,Month-to-month,Fiber optic,No,Electronic check,1,Medium Risk,Offer contract upgrade incentive,96.8,58.97
9658-WYUFB,17,94.4,Month-to-month,Fiber optic,No,Electronic check,1,Medium Risk,Offer contract upgrade incentive,94.4,61.46
8327-WKMIE,37,20.15,One year,No,No internet service,Credit card (automatic),0,Low Risk,Continue regular engagement,0.0,2.16
6917-FIJHC,72,26.0,Two year,No,No internet service,Mailed check,0,Low Risk,Continue regular engagement,0.0,0.67
5329-KRDTM,72,77.35,Two year,DSL,Yes,Credit card (automatic),0,Low Risk,Continue regular engagement,0.0,2.22
7797-EJMDP,8,66.05,Month-to-month,DSL,Yes,Bank transfer (automatic),0,Low Risk,Continue regular engagement,0.0,13.68
3530-VWVGU,22,19.9,Month-to-month,No,No internet service,Mailed check,0,Low Risk,Continue regular engagement,0.0,3.86
2013-SGDXK,1,84.3,Month-to-month,Fiber optic,No,Electronic check,1,High Risk,Offer annual contract discount + proactive support,84.3,78.16
6368-NWMCE,38,68.15,Month-to-month,DSL,Yes,Credit card (automatic),0,Low Risk,Continue regular engagement,0.0,15.62
3633-CDBUW,17,80.85,One year,DSL,Yes,Electronic check,0,Low Risk,Continue regular engagement,0.0,15.0
0707-HOVVN,70,75.5,Two year,DSL,Yes,Bank transfer (automatic),0,Low Risk,Continue regular engagement,0.0,6.93
8580-QVLOC,72,92.45,Two year,DSL,Yes,Credit card (automatic),0,Low Risk,Continue regular engagement,0.0,0.8
3956-MGXOG,28,80.6,Month-to-month,Fiber optic,No,Electronic check,1,Medium Risk,Offer contract upgrade incentive,80.6,42.05
9274-UARKJ,15,83.2,Month-to-month,Fiber optic,No,Bank transfer (automatic),1,Medium Risk,Offer contract upgrade incentive,83.2,41.68
4077-HWUYD,72,87.55,Two year,DSL,Yes,Bank transfer (automatic),0,Low Risk,Continue regular engagement,0.0,0.45
2012-NWRPA,11,99.55,Month-to-month,Fiber optic,No,Electronic check,1,High Risk,Offer annual contract discount + proactive support,99.55,93.19
8808-ELEHO,8,81.25,Month-to-month,Fiber optic,No,Electronic check,1,High Risk,Offer annual contract discount + proactive support,81.25,71.99
0103-CSITQ,57,109.4,One year,Fiber optic,Yes,Bank transfer (automatic),0,Low Risk,Continue regular engagement,0.0,18.38
3506-LCJDC,1,19.95,Month-to-month,No,No internet service,Bank transfer (automatic),1,Medium Risk,Offer contract upgrade incentive,19.95,38.02
8671-KKKOS,46,45.55,Month-to-month,DSL,No,Electronic check,0,Low Risk,Continue regular engagement,0.0,22.77
7305-ZWMAJ,30,20.7,One year,No,No internet service,Credit card (automatic),0,Low Risk,Continue regular engagement,0.0,1.79
9518-XXBXE,10,75.3,Month-to-month,Fiber optic,No,Electronic check,1,Medium Risk,Offer contract upgrade incentive,75.3,37.34
3934-HXCFZ,23,99.25,Month-to-month,Fiber optic,No,Electronic check,1,Medium Risk,Offer contract upgrade incentive,99.25,61.6
6578-KRMAW,32,93.4,Month-to-month,Fiber optic,No,Credit card (automatic),0,Low Risk,Continue regular engagement,0.0,21.06
4860-IJUDE,13,73.75,Month-to-month,Fiber optic,No,Credit card (automatic),0,Low Risk,Continue regular engagement,0.0,30.12
7666-WKRON,39,80.45,Two year,Fiber optic,Yes,Electronic check,0,Low Risk,Continue regular engagement,0.0,7.09
9688-YGXVR,44,88.15,Month-to-month,Fiber optic,No,Credit card (automatic),0,Low Risk,Continue regular engagement,0.0,23.41
0423-UDIJQ,9,49.2,Month-to-month,DSL,Yes,Mailed check,0,Low Risk,Continue regular engagement,0.0,20.9
1945-XISKS,67,19.65,Two year,No,No internet service,Mailed check,0,Low Risk,Continue regular engagement,0.0,1.11
4910-AQFFX,9,79.35,Month-to-month,Fiber optic,No,Bank transfer (automatic),1,Medium Risk,Offer contract upgrade incentive,79.35,60.31
2154-KVJFF,15,79.75,Month-to-month,Fiber optic,No,Electronic check,1,Medium Risk,Offer contract upgrade incentive,79.75,60.63
5360-LJCNJ,71,105.15,Two year,Fiber optic,No,Bank transfer (automatic),0,Low Risk,Continue regular engagement,0.0,22.14
2607-FBDFF,1,49.0,Month-to-month,DSL,Yes,Credit card (automatic),1,Medium Risk,Offer contract upgrade incentive,49.0,37.27
9647-ERGBE,30,100.05,Month-to-month,Fiber optic,No,Electronic check,1,High Risk,Offer annual contract discount + proactive support,100.05,71.15
3428-XZMAZ,1,69.35,Month-to-month,Fiber optic,No,Electronic check,1,High Risk,Offer annual contract discount + proactive support,69.35,84.78
1100-DDVRV,17,49.8,Month-to-month,DSL,No,Mailed check,1,Medium Risk,Offer contract upgrade incentive,49.8,41.3
0378-TOVMS,3,85.8,Month-to-month,Fiber optic,Yes,Electronic check,1,Medium Risk,Offer contract upgrade incentive,85.8,64.8
4355-HBJHH,67,79.7,Two year,DSL,No,Electronic check,0,Low Risk,Continue regular engagement,0.0,13.92
6728-WYQBC,1,20.95,Month-to-month,No,No internet service,Bank transfer (automatic),0,Low Risk,Continue regular engagement,0.0,32.01
9058-CBREO,1,50.55,Month-to-month,DSL,No,Mailed check,1,Medium Risk,Offer contract upgrade incentive,50.55,66.28
9029-FEGVJ,32,79.3,Month-to-month,Fiber optic,No,Mailed check,0,Low Risk,Continue regular engagement,0.0,31.67
7216-KAOID,41,19.5,One year,No,No internet service,Bank transfer (automatic),0,Low Risk,Continue regular engagement,0.0,2.41
0318-QUUOB,1,80.55,Month-to-month,Fiber optic,No,Electronic check,1,High Risk,Offer annual contract discount + proactive support,80.55,84.01
6145-NNPNO,1,44.15,Month-to-month,DSL,No,Bank transfer (automatic),1,Medium Risk,Offer contract upgrade incentive,44.15,44.0
5520-FVEWJ,12,84.5,Month-to-month,Fiber optic,No,Electronic check,1,Medium Risk,Offer contract upgrade incentive,84.5,61.08
5339-TJFEK,62,105.5,Month-to-month,Fiber optic,No,Electronic check,0,Low Risk,Continue regular engagement,0.0,23.66
5572-ZDXHY,22,84.3,Month-to-month,Fiber optic,No,Mailed check,1,Medium Risk,Offer contract upgrade incentive,84.3,42.85
2074-GUHPQ,17,92.7,Month-to-month,Fiber optic,Yes,Credit card (automatic),0,Low Risk,Continue regular engagement,0.0,33.24
4625-XMOYM,72,26.25,Two year,No,No internet service,Bank transfer (automatic),0,Low Risk,Continue regular engagement,0.0,0.88
5827-MWCZK,56,96.95,Month-to-month,Fiber optic,Yes,Credit card (automatic),0,Low Risk,Continue regular engagement,0.0,17.98
1385-TQOZW,9,20.45,Month-to-month,No,No internet service,Credit card (automatic),0,Low Risk,Continue regular engagement,0.0,7.49
5914-XRFQB,72,115.8,Two year,Fiber optic,Yes,Bank transfer (automatic),0,Low Risk,Continue regular engagement,0.0,2.14
4329-YPDDQ,20,108.2,Month-to-month,Fiber optic,Yes,Bank transfer (automatic),1,Medium Risk,Offer contract upgrade incentive,108.2,37.34
4804-NCPET,19,20.2,Two year,No,No internet service,Mailed check,0,Low Risk,Continue regular engagement,0.0,1.02
3750-CKVKH,2,67.75,Month-to-month,Fiber optic,No,Electronic check,1,Medium Risk,Offer contract upgrade incentive,67.75,66.38
5944-UGLLK,53,54.9,One year,DSL,Yes,Credit card (automatic),0,Low Risk,Continue regular engagement,0.0,7.54
8063-GBATB,27,85.25,Month-to-month,Fiber optic,No,Electronic check,1,Medium Risk,Offer contract upgrade incentive,85.25,60.92
7787-BNTZM,6,20.15,Month-to-month,No,No internet service,Bank transfer (automatic),0,Low Risk,Continue regular engagement,0.0,11.31
2252-ISRNH,9,90.35,One year,Fiber optic,No,Electronic check,1,Medium Risk,Monitor customer + targeted engagement,90.35,40.73
9415-TPKRV,8,55.75,Month-to-month,DSL,No,Electronic check,0,Low Risk,Continue regular engagement,0.0,27.42
5322-TEUJK,71,114.6,Two year,Fiber optic,Yes,Bank transfer (automatic),0,Low Risk,Continue regular engagement,0.0,1.43
4547-KQRTM,10,80.05,Month-to-month,Fiber optic,No,Bank transfer (automatic),1,Medium Risk,Offer contract upgrade incentive,80.05,63.95
4877-EVATK,1,20.0,Month-to-month,No,No internet service,Mailed check,1,Medium Risk,Offer contract upgrade incentive,20.0,40.83
1866-DIOQZ,71,66.8,One year,DSL,Yes,Bank transfer (automatic),0,Low Risk,Continue regular engagement,0.0,2.66
8375-KVTHK,68,100.3,One year,Fiber optic,Yes,Electronic check,0,Low Risk,Continue regular engagement,0.0,13.92
2697-NQBPF,34,105.35,Month-to-month,Fiber optic,Yes,Electronic check,1,Medium Risk,Offer contract upgrade incentive,105.35,41.56
3709-OIJEA,26,85.2,One year,Fiber optic,Yes,Electronic check,0,Low Risk,Continue regular engagement,0.0,19.58
7639-SUPCW,22,48.8,Month-to-month,DSL,No,Credit card (automatic),0,Low Risk,Continue regular engagement,0.0,23.58
1386-ZIKUV,7,18.95,Month-to-month,No,No internet service,Mailed check,0,Low Risk,Continue regular engagement,0.0,6.92
0599-XNYDO,20,69.8,Month-to-month,Fiber optic,No,Bank transfer (automatic),0,Low Risk,Continue regular engagement,0.0,30.34
6377-WHAOX,60,106.15,Month-to-month,Fiber optic,No,Electronic check,1,Medium Risk,Offer contract upgrade incentive,106.15,46.75
6855-VLGOS,72,20.55,Two year,No,No internet service,Electronic check,0,Low Risk,Continue regular engagement,0.0,1.44
8999-XXGNS,72,105.75,One year,Fiber optic,No,Credit card (automatic),0,Low Risk,Continue regular engagement,0.0,10.58
8746-OQQRW,4,25.25,Month-to-month,No,No internet service,Mailed check,0,Low Risk,Continue regular engagement,0.0,10.43
3181-MIZBN,16,19.75,Month-to-month,No,No internet service,Electronic check,0,Low Risk,Continue regular engagement,0.0,17.37
0471-ARVMX,62,104.85,One year,Fiber optic,No,Electronic check,0,Low Risk,Continue regular engagement,0.0,23.5
7766-CLTIC,10,60.95,Month-to-month,DSL,Yes,Mailed check,0,Low Risk,Continue regular engagement,0.0,21.46
5650-YLIBA,31,81.15,Month-to-month,Fiber optic,No,Electronic check,1,Medium Risk,Offer contract upgrade incentive,81.15,51.05
0825-CPPQH,71,19.1,Two year,No,No internet service,Credit card (automatic),0,Low Risk,Continue regular engagement,0.0,0.94
9084-OAYKL,58,20.8,Two year,No,No internet service,Mailed check,0,Low Risk,Continue regular engagement,0.0,1.22
6122-LJADA,70,90.15,Two year,DSL,Yes,Credit card (automatic),0,Low Risk,Continue regular engagement,0.0,1.69
2400-XIWIO,71,90.1,Two year,DSL,Yes,Electronic check,0,Low Risk,Continue regular engagement,0.0,0.87
7524-VRLPL,69,74.1,Two year,DSL,Yes,Credit card (automatic),0,Low Risk,Continue regular engagement,0.0,7.69
1069-XAIEM,1,85.05,Month-to-month,Fiber optic,No,Electronic check,1,High Risk,Offer annual contract discount + proactive support,85.05,92.22
7569-NMZYQ,72,118.75,Two year,Fiber optic,Yes,Bank transfer (automatic),0,Low Risk,Continue regular engagement,0.0,1.12
5201-USSQZ,26,85.9,Month-to-month,Fiber optic,Yes,Credit card (automatic),0,Low Risk,Continue regular engagement,0.0,24.2
2105-PHWON,33,95.0,Month-to-month,Fiber optic,Yes,Credit card (automatic),0,Low Risk,Continue regular engagement,0.0,27.95
1494-EJZDW,10,20.15,Two year,No,No internet service,Mailed check,0,Low Risk,Continue regular engagement,0.0,1.72
4884-TVUQF,57,101.3,Two year,Fiber optic,Yes,Credit card (automatic),0,Low Risk,Continue regular engagement,0.0,7.36
8003-EWNDZ,10,21.2,Month-to-month,No,No internet service,Electronic check,0,Low Risk,Continue regular engagement,0.0,13.79
1897-RCFUM,39,24.2,One year,No,No internet service,Mailed check,0,Low Risk,Continue regular engagement,0.0,2.88
9256-JTBNZ,11,20.3,Month-to-month,No,No internet service,Bank transfer (automatic),0,Low Risk,Continue regular engagement,0.0,7.01
4658-HCOHW,21,102.8,Month-to-month,Fiber optic,Yes,Electronic check,1,Medium Risk,Offer contract upgrade incentive,102.8,47.88
2211-RMNHO,68,85.3,Two year,DSL,Yes,Bank transfer (automatic),0,Low Risk,Continue regular engagement,0.0,2.35
2432-TFSMK,18,89.6,One year,Fiber optic,No,Credit card (automatic),0,Low Risk,Continue regular engagement,0.0,17.52
3440-JPSCL,6,99.95,Month-to-month,Fiber optic,Yes,Mailed check,1,High Risk,Offer annual contract discount + proactive support,99.95,83.64
4929-ROART,18,56.25,Month-to-month,DSL,No,Mailed check,0,Low Risk,Continue regular engagement,0.0,14.46
1834-ABKHQ,52,50.95,One year,DSL,No,Bank transfer (automatic),0,Low Risk,Continue regular engagement,0.0,6.11
1741-WTPON,56,115.85,Two year,Fiber optic,Yes,Mailed check,0,Low Risk,Continue regular engagement,0.0,7.22
3932-IJWDZ,45,103.65,Month-to-month,Fiber optic,Yes,Bank transfer (automatic),1,Medium Risk,Offer contract upgrade incentive,103.65,48.33
1240-HCBOH,67,26.1,Two year,No,No internet service,Mailed check,0,Low Risk,Continue regular engagement,0.0,0.82
3594-KADLU,3,35.1,Month-to-month,DSL,Yes,Mailed check,0,Low Risk,Continue regular engagement,0.0,29.16
8065-BVEPF,65,99.1,Month-to-month,Fiber optic,No,Bank transfer (automatic),0,Low Risk,Continue regular engagement,0.0,23.84
3796-ENZGF,63,67.25,Two year,DSL,Yes,Mailed check,0,Low Risk,Continue regular engagement,0.0,1.02
1734-ZMNTZ,11,25.0,Two year,No,No internet service,Mailed check,0,Low Risk,Continue regular engagement,0.0,2.44
2853-CWQFQ,1,59.55,Month-to-month,DSL,Yes,Mailed check,1,Medium Risk,Offer contract upgrade incentive,59.55,36.39
0813-TAXXS,55,77.8,Two year,DSL,No,Bank transfer (automatic),0,Low Risk,Continue regular engagement,0.0,3.54
2519-TWKFS,25,55.1,One year,DSL,Yes,Mailed check,0,Low Risk,Continue regular engagement,0.0,6.87
2889-FPWRM,72,117.8,One year,Fiber optic,Yes,Bank transfer (automatic),0,Low Risk,Continue regular engagement,0.0,15.35
0626-QXNGV,72,24.15,Two year,No,No internet service,Credit card (automatic),0,Low Risk,Continue regular engagement,0.0,0.59
6723-CEGQI,65,45.25,Two year,DSL,Yes,Mailed check,0,Low Risk,Continue regular engagement,0.0,1.14
6987-XQSJT,54,79.5,Month-to-month,Fiber optic,No,Electronic check,1,Medium Risk,Offer contract upgrade incentive,79.5,51.1
4732-RRJZC,7,20.25,Month-to-month,No,No internet service,Mailed check,0,Low Risk,Continue regular engagement,0.0,7.52
9499-XPZXM,72,64.75,Two year,DSL,Yes,Bank transfer (automatic),0,Low Risk,Continue regular engagement,0.0,0.68
4338-EYCER,21,54.6,Month-to-month,DSL,No,Bank transfer (automatic),0,Low Risk,Continue regular engagement,0.0,26.45
3007-FDPEA,2,20.7,Month-to-month,No,No internet service,Bank transfer (automatic),0,Low Risk,Continue regular engagement,0.0,18.11
6350-XFYGW,4,94.75,Month-to-month,Fiber optic,No,Electronic check,1,High Risk,Offer annual contract discount + proactive support,94.75,74.67
4290-BSXUX,3,79.65,Month-to-month,Fiber optic,Yes,Bank transfer (automatic),1,High Risk,Offer annual contract discount + proactive support,79.65,76.17
8513-OLYGY,72,115.8,Two year,Fiber optic,Yes,Credit card (automatic),0,Low Risk,Continue regular engagement,0.0,2.03
0311-QYWSS,6,49.45,Month-to-month,DSL,No,Electronic check,0,Low Risk,Continue regular engagement,0.0,31.48
8705-DWKTI,52,83.8,Month-to-month,Fiber optic,No,Credit card (automatic),0,Low Risk,Continue regular engagement,0.0,30.7
8755-IWJHN,69,95.35,Month-to-month,Fiber optic,No,Bank transfer (automatic),0,Low Risk,Continue regular engagement,0.0,28.92
0325-XBFAC,8,94.7,Month-to-month,Fiber optic,No,Electronic check,1,High Risk,Offer annual contract discount + proactive support,94.7,70.19
4480-QQRHC,8,74.05,Month-to-month,Fiber optic,No,Bank transfer (automatic),1,Medium Risk,Offer contract upgrade incentive,74.05,52.77
0929-PECLO,63,89.6,Month-to-month,Fiber optic,No,Bank transfer (automatic),0,Low Risk,Continue regular engagement,0.0,19.75
3680-CTHUH,60,116.6,One year,Fiber optic,Yes,Credit card (automatic),0,Low Risk,Continue regular engagement,0.0,18.63
1202-KKGFU,12,54.2,Month-to-month,DSL,Yes,Bank transfer (automatic),0,Low Risk,Continue regular engagement,0.0,12.97
6112-KTHFQ,13,19.3,Month-to-month,No,No internet service,Mailed check,0,Low Risk,Continue regular engagement,0.0,7.98
1852-XEMDW,22,65.05,Month-to-month,DSL,No,Mailed check,0,Low Risk,Continue regular engagement,0.0,11.98
2462-XIIJB,5,92.5,Month-to-month,Fiber optic,No,Electronic check,1,High Risk,Offer annual contract discount + proactive support,92.5,84.58
4760-XOHVN,1,19.45,Month-to-month,No,No internet service,Mailed check,1,Medium Risk,Offer contract upgrade incentive,19.45,42.09
1820-DJFPH,72,24.05,Two year,No,No internet service,Bank transfer (automatic),0,Low Risk,Continue regular engagement,0.0,0.68
9426-SXNHE,2,18.75,Month-to-month,No,No internet service,Bank transfer (automatic),0,Low Risk,Continue regular engagement,0.0,9.13
9068-FHQHD,40,20.15,Two year,No,No internet service,Bank transfer (automatic),0,Low Risk,Continue regular engagement,0.0,1.43
1269-FOYWN,44,20.0,One year,No,No internet service,Bank transfer (automatic),0,Low Risk,Continue regular engagement,0.0,1.92
9470-YFUYI,71,71.0,One year,DSL,Yes,Bank transfer (automatic),0,Low Risk,Continue regular engagement,0.0,1.84
7817-BOQPW,2,75.55,Month-to-month,Fiber optic,No,Electronic check,1,High Risk,Offer annual contract discount + proactive support,75.55,80.97
7402-EYFXX,26,93.6,Month-to-month,Fiber optic,No,Electronic check,1,High Risk,Offer annual contract discount + proactive support,93.6,70.97
1853-UDXBW,1,70.0,Month-to-month,Fiber optic,No,Electronic check,1,High Risk,Offer annual contract discount + proactive support,70.0,80.98
9895-VFOXH,1,24.4,Month-to-month,DSL,No,Mailed check,1,Medium Risk,Offer contract upgrade incentive,24.4,46.19
5458-CQJTA,65,74.8,Two year,DSL,Yes,Bank transfer (automatic),0,Low Risk,Continue regular engagement,0.0,3.67
1230-QAJDW,3,65.25,Month-to-month,DSL,Yes,Mailed check,0,Low Risk,Continue regular engagement,0.0,32.37
5701-ZIKJE,13,50.55,Month-to-month,DSL,Yes,Mailed check,0,Low Risk,Continue regular engagement,0.0,21.28
5219-YIPTK,33,104.4,Month-to-month,Fiber optic,No,Electronic check,1,Medium Risk,Offer contract upgrade incentive,104.4,50.46
5032-MIYKT,1,70.7,Month-to-month,Fiber optic,No,Mailed check,1,High Risk,Offer annual contract discount + proactive support,70.7,75.17
7396-VJUZB,4,45.25,Month-to-month,DSL,No,Mailed check,0,Low Risk,Continue regular engagement,0.0,30.37
9717-QEBGU,2,70.3,Month-to-month,Fiber optic,No,Electronic check,1,Medium Risk,Offer contract upgrade incentive,70.3,66.57
5172-RKOCB,72,108.95,Two year,Fiber optic,Yes,Credit card (automatic),0,Low Risk,Continue regular engagement,0.0,2.7
6509-TSGWN,37,26.45,Month-to-month,No,No internet service,Mailed check,0,Low Risk,Continue regular engagement,0.0,4.6
3540-RZJYU,15,86.2,Month-to-month,Fiber optic,No,Electronic check,0,Low Risk,Continue regular engagement,0.0,30.26
3178-CIFOT,23,19.65,One year,No,No internet service,Credit card (automatic),0,Low Risk,Continue regular engagement,0.0,3.05
2091-MJTFX,30,51.2,Month-to-month,DSL,Yes,Credit card (automatic),0,Low Risk,Continue regular engagement,0.0,9.84
4530-NDRKU,42,19.05,One year,No,No internet service,Electronic check,0,Low Risk,Continue regular engagement,0.0,1.76
5985-TBABQ,32,74.75,One year,DSL,No,Mailed check,0,Low Risk,Continue regular engagement,0.0,7.52
9800-ONTFE,22,75.8,Month-to-month,Fiber optic,No,Bank transfer (automatic),0,Low Risk,Continue regular engagement,0.0,34.84
6743-HHQPF,42,25.1,Month-to-month,DSL,No,Credit card (automatic),0,Low Risk,Continue regular engagement,0.0,24.26
8455-HIRAQ,8,44.45,Month-to-month,DSL,No,Mailed check,0,Low Risk,Continue regular engagement,0.0,23.94
6616-AALSR,65,104.3,Two year,Fiber optic,No,Credit card (automatic),0,Low Risk,Continue regular engagement,0.0,8.88
0883-EIBTI,2,19.5,Month-to-month,No,No internet service,Mailed check,0,Low Risk,Continue regular engagement,0.0,15.19
9415-ZNBSX,70,89.0,Two year,DSL,Yes,Bank transfer (automatic),0,Low Risk,Continue regular engagement,0.0,1.54
4018-KJYUY,22,20.15,Month-to-month,No,No internet service,Credit card (automatic),0,Low Risk,Continue regular engagement,0.0,6.0
0722-TROQR,4,74.9,Month-to-month,Fiber optic,No,Electronic check,1,High Risk,Offer annual contract discount + proactive support,74.9,78.55
7571-YXDAD,2,74.9,Month-to-month,Fiber optic,No,Credit card (automatic),1,Medium Risk,Offer contract upgrade incentive,74.9,60.5
3884-UEBXB,67,36.15,Two year,DSL,No,Bank transfer (automatic),0,Low Risk,Continue regular engagement,0.0,1.68
8780-RSYYU,25,19.2,Month-to-month,No,No internet service,Credit card (automatic),0,Low Risk,Continue regular engagement,0.0,4.06
5537-UXXVS,20,19.25,Month-to-month,No,No internet service,Bank transfer (automatic),0,Low Risk,Continue regular engagement,0.0,5.05
1791-PQHBB,2,61.2,Month-to-month,DSL,No,Credit card (automatic),0,Low Risk,Continue regular engagement,0.0,31.66
8701-DGLVH,51,20.45,Two year,No,No internet service,Mailed check,0,Low Risk,Continue regular engagement,0.0,1.22
8741-LQOBK,46,35.05,Month-to-month,DSL,No,Bank transfer (automatic),0,Low Risk,Continue regular engagement,0.0,12.87
3393-FMZPV,25,100.25,Month-to-month,Fiber optic,No,Electronic check,1,High Risk,Offer annual contract discount + proactive support,100.25,76.48
8082-GHXOP,13,44.0,Month-to-month,DSL,No,Mailed check,0,Low Risk,Continue regular engagement,0.0,14.21
6402-ZFPPI,25,102.8,Month-to-month,Fiber optic,No,Mailed check,1,High Risk,Offer annual contract discount + proactive support,102.8,70.57
0980-FEXWF,26,50.35,One year,DSL,No,Mailed check,0,Low Risk,Continue regular engagement,0.0,3.46
7486-KSRVI,43,100.0,One year,Fiber optic,Yes,Electronic check,1,Medium Risk,Monitor customer + targeted engagement,100.0,40.98
3011-WQKSZ,19,20.0,Month-to-month,No,No internet service,Electronic check,0,Low Risk,Continue regular engagement,0.0,13.95
8443-WVPSS,10,99.85,Month-to-month,Fiber optic,Yes,Electronic check,1,High Risk,Offer annual contract discount + proactive support,99.85,71.8
3006-XIMLN,2,94.2,Month-to-month,Fiber optic,No,Bank transfer (automatic),1,High Risk,Offer annual contract discount + proactive support,94.2,85.34
8218-FFJDS,72,86.4,Two year,DSL,Yes,Bank transfer (automatic),0,Low Risk,Continue regular engagement,0.0,0.37
1986-PHGZF,18,58.4,Month-to-month,DSL,No,Credit card (automatic),0,Low Risk,Continue regular engagement,0.0,22.89
9965-YOKZB,9,83.85,Month-to-month,Fiber optic,No,Electronic check,1,High Risk,Offer annual contract discount + proactive support,83.85,76.93
0504-HHAPI,27,88.3,Month-to-month,Fiber optic,No,Credit card (automatic),1,Medium Risk,Offer contract upgrade incentive,88.3,43.55
9360-OMDZZ,24,94.1,Month-to-month,Fiber optic,No,Electronic check,1,Medium Risk,Offer contract upgrade incentive,94.1,66.98
6305-YLBMM,69,104.05,One year,Fiber optic,Yes,Bank transfer (automatic),0,Low Risk,Continue regular engagement,0.0,32.1
0345-XMMUG,46,108.9,Two year,Fiber optic,Yes,Credit card (automatic),0,Low Risk,Continue regular engagement,0.0,15.76
8024-XNAFQ,72,107.4,Two year,Fiber optic,Yes,Bank transfer (automatic),0,Low Risk,Continue regular engagement,0.0,2.03
3647-GMGDH,22,94.7,Month-to-month,Fiber optic,No,Credit card (automatic),1,Medium Risk,Offer contract upgrade incentive,94.7,41.03
2988-GBIVW,70,90.85,Month-to-month,Fiber optic,No,Electronic check,0,Low Risk,Continue regular engagement,0.0,22.02
2832-SCUCO,2,19.9,Month-to-month,No,No internet service,Electronic check,0,Low Risk,Continue regular engagement,0.0,22.28
7036-ZZKBD,31,66.4,Month-to-month,DSL,Yes,Credit card (automatic),0,Low Risk,Continue regular engagement,0.0,9.22
3791-LGQCY,56,100.65,Month-to-month,Fiber optic,No,Bank transfer (automatic),1,Medium Risk,Offer contract upgrade incentive,100.65,56.53
0265-PSUAE,16,100.7,Month-to-month,Fiber optic,No,Bank transfer (automatic),1,Medium Risk,Offer contract upgrade incentive,100.7,45.67
0463-TXOAK,52,25.6,Two year,No,No internet service,Credit card (automatic),0,Low Risk,Continue regular engagement,0.0,1.03
0594-UFTUL,13,19.85,Month-to-month,No,No internet service,Mailed check,0,Low Risk,Continue regular engagement,0.0,12.18
9509-MPYOD,35,20.75,One year,No,No internet service,Mailed check,0,Low Risk,Continue regular engagement,0.0,2.01
9128-CPXKI,59,95.8,Two year,Fiber optic,No,Electronic check,0,Low Risk,Continue regular engagement,0.0,9.27
0129-KPTWJ,72,94.65,Month-to-month,Fiber optic,No,Electronic check,0,Low Risk,Continue regular engagement,0.0,18.66
8166-ZZTFS,66,80.55,Two year,DSL,No,Bank transfer (automatic),0,Low Risk,Continue regular engagement,0.0,10.98
5855-EIBDE,49,106.65,Two year,Fiber optic,Yes,Credit card (automatic),0,Low Risk,Continue regular engagement,0.0,11.66
5365-LLFYV,2,45.85,Month-to-month,DSL,No,Mailed check,1,Medium Risk,Offer contract upgrade incentive,45.85,45.05
5956-YHHRX,21,104.35,Month-to-month,Fiber optic,No,Electronic check,1,Medium Risk,Offer contract upgrade incentive,104.35,67.94
6008-NAIXK,54,55.45,One year,DSL,No,Electronic check,0,Low Risk,Continue regular engagement,0.0,32.2
2956-GGUCQ,24,78.85,Month-to-month,Fiber optic,No,Electronic check,1,Medium Risk,Offer contract upgrade incentive,78.85,41.19
1928-BXYIV,1,61.15,Month-to-month,DSL,No,Electronic check,1,Medium Risk,Offer contract upgrade incentive,61.15,38.82
5760-FXFVO,6,78.95,Month-to-month,Fiber optic,No,Electronic check,1,Medium Risk,Offer contract upgrade incentive,78.95,49.03
6595-COKXZ,1,44.45,Month-to-month,DSL,No,Mailed check,1,Medium Risk,Offer contract upgrade incentive,44.45,52.53
0961-ZWLVI,49,109.2,One year,Fiber optic,No,Credit card (automatic),0,Low Risk,Continue regular engagement,0.0,19.63
5181-OABFK,56,61.3,Two year,DSL,No,Credit card (automatic),0,Low Risk,Continue regular engagement,0.0,1.61
4007-NHVHI,56,96.85,Month-to-month,Fiber optic,No,Electronic check,0,Low Risk,Continue regular engagement,0.0,24.46
7816-VGHTO,6,40.55,Two year,DSL,Yes,Mailed check,0,Low Risk,Continue regular engagement,0.0,3.45
5871-DGTXZ,32,19.8,One year,No,No internet service,Mailed check,0,Low Risk,Continue regular engagement,0.0,1.93
7550-WIQVA,50,108.25,One year,Fiber optic,No,Electronic check,0,Low Risk,Continue regular engagement,0.0,21.18
7544-ZVIKX,58,105.05,One year,Fiber optic,Yes,Bank transfer (automatic),0,Low Risk,Continue regular engagement,0.0,29.23
0016-QLJIS,65,90.45,Two year,DSL,Yes,Mailed check,0,Low Risk,Continue regular engagement,0.0,1.07
7508-DQAKK,64,86.4,Two year,DSL,Yes,Credit card (automatic),0,Low Risk,Continue regular engagement,0.0,1.31
5176-OLSKT,66,66.9,Two year,DSL,No,Bank transfer (automatic),0,Low Risk,Continue regular engagement,0.0,1.4
9356-AXGMP,38,110.7,One year,Fiber optic,Yes,Electronic check,0,Low Risk,Continue regular engagement,0.0,34.57
3556-BVQGL,20,20.0,One year,No,No internet service,Mailed check,0,Low Risk,Continue regular engagement,0.0,3.26
0362-ZBZWJ,36,84.9,Month-to-month,Fiber optic,No,Electronic check,1,Medium Risk,Offer contract upgrade incentive,84.9,54.84
8979-CAMGB,64,102.1,One year,Fiber optic,Yes,Electronic check,0,Low Risk,Continue regular engagement,0.0,24.2
4211-MMAZN,1,20.25,Month-to-month,No,No internet service,Mailed check,0,Low Risk,Continue regular engagement,0.0,25.58
7581-EBBOU,60,70.15,One year,DSL,Yes,Credit card (automatic),0,Low Risk,Continue regular engagement,0.0,3.52
4274-OWWYO,1,74.35,Month-to-month,Fiber optic,No,Electronic check,1,High Risk,Offer annual contract discount + proactive support,74.35,80.05
5073-RZGBK,50,80.05,One year,DSL,Yes,Bank transfer (automatic),0,Low Risk,Continue regular engagement,0.0,6.59
1541-ETJZO,1,62.05,Month-to-month,DSL,Yes,Mailed check,1,Medium Risk,Offer contract upgrade incentive,62.05,35.46
2192-CKRLV,72,49.2,Two year,DSL,No,Electronic check,0,Low Risk,Continue regular engagement,0.0,6.01
3154-HMWUU,60,20.5,Two year,No,No internet service,Bank transfer (automatic),0,Low Risk,Continue regular engagement,0.0,1.6
6119-SPUDB,46,38.25,Two year,DSL,Yes,Mailed check,0,Low Risk,Continue regular engagement,0.0,1.49
6522-OIQSX,69,54.95,Two year,DSL,No,Credit card (automatic),0,Low Risk,Continue regular engagement,0.0,2.35
7813-ZGGAW,31,96.6,Month-to-month,Fiber optic,Yes,Bank transfer (automatic),1,Medium Risk,Offer contract upgrade incentive,96.6,36.9
8748-HFWBO,19,19.9,One year,No,No internet service,Mailed check,0,Low Risk,Continue regular engagement,0.0,2.55
1052-QJIBV,71,19.9,Two year,No,No internet service,Credit card (automatic),0,Low Risk,Continue regular engagement,0.0,0.85
1319-YLZJG,12,84.6,Month-to-month,Fiber optic,No,Electronic check,1,Medium Risk,Offer contract upgrade incentive,84.6,41.79
4106-HADHQ,39,80.0,One year,DSL,Yes,Credit card (automatic),0,Low Risk,Continue regular engagement,0.0,18.49
0723-FDLAY,44,85.25,One year,DSL,Yes,Bank transfer (automatic),0,Low Risk,Continue regular engagement,0.0,11.41
3050-RLLXC,56,81.25,Two year,DSL,Yes,Credit card (automatic),0,Low Risk,Continue regular engagement,0.0,1.57
9298-WGMRW,72,115.5,Two year,Fiber optic,Yes,Bank transfer (automatic),0,Low Risk,Continue regular engagement,0.0,1.31
2369-UAPKZ,5,104.1,Month-to-month,Fiber optic,No,Mailed check,1,Medium Risk,Offer contract upgrade incentive,104.1,68.14
3088-LHEFH,11,79.0,Month-to-month,Fiber optic,No,Bank transfer (automatic),1,Medium Risk,Offer contract upgrade incentive,79.0,45.41
2778-OCLGR,24,39.1,Month-to-month,DSL,No,Bank transfer (automatic),0,Low Risk,Continue regular engagement,0.0,27.88
6583-KQJLK,15,94.65,Month-to-month,Fiber optic,No,Electronic check,1,Medium Risk,Offer contract upgrade incentive,94.65,56.74
8544-JNBOX,72,20.8,Two year,No,No internet service,Mailed check,0,Low Risk,Continue regular engagement,0.0,0.52
6681-ZSEXG,56,59.5,Two year,DSL,No,Credit card (automatic),0,Low Risk,Continue regular engagement,0.0,2.15
6139-ZZRBQ,64,20.05,Two year,No,No internet service,Bank transfer (automatic),0,Low Risk,Continue regular engagement,0.0,3.2
6116-RFVHN,34,100.45,Month-to-month,Fiber optic,No,Electronic check,1,Medium Risk,Offer contract upgrade incentive,100.45,54.09
0637-KVDLV,2,76.5,Month-to-month,Fiber optic,No,Electronic check,1,High Risk,Offer annual contract discount + proactive support,76.5,80.59
8884-FEEWR,35,20.6,One year,No,No internet service,Bank transfer (automatic),0,Low Risk,Continue regular engagement,0.0,1.96
3125-RAHBV,22,20.3,One year,No,No internet service,Credit card (automatic),0,Low Risk,Continue regular engagement,0.0,2.07
6633-MPWBS,5,49.2,Month-to-month,DSL,Yes,Electronic check,1,Medium Risk,Offer contract upgrade incentive,49.2,45.38
0373-AIVNJ,9,39.55,One year,DSL,No,Mailed check,0,Low Risk,Continue regular engagement,0.0,11.05
8785-EPNCG,11,23.15,Month-to-month,No,No internet service,Credit card (automatic),0,Low Risk,Continue regular engagement,0.0,10.02
1682-VCOIO,23,20.45,One year,No,No internet service,Mailed check,0,Low Risk,Continue regular engagement,0.0,1.91
5729-KLZAR,4,80.85,Month-to-month,Fiber optic,No,Electronic check,1,Medium Risk,Offer contract upgrade incentive,80.85,52.61
2072-ZVJJX,68,25.25,Two year,No,No internet service,Bank transfer (automatic),0,Low Risk,Continue regular engagement,0.0,0.67
8849-AYPTR,33,91.25,Month-to-month,Fiber optic,No,Electronic check,0,Low Risk,Continue regular engagement,0.0,33.96
9518-IMLHK,31,72.45,Month-to-month,DSL,Yes,Bank transfer (automatic),0,Low Risk,Continue regular engagement,0.0,7.84
1582-RAFML,1,60.1,Month-to-month,DSL,Yes,Mailed check,1,Medium Risk,Offer contract upgrade incentive,60.1,38.38
3646-ITDGM,56,19.7,Two year,No,No internet service,Bank transfer (automatic),0,Low Risk,Continue regular engagement,0.0,2.32
8740-CRYFY,1,78.95,Month-to-month,Fiber optic,No,Electronic check,1,High Risk,Offer annual contract discount + proactive support,78.95,88.2
3569-VLDHH,66,75.1,One year,DSL,Yes,Electronic check,0,Low Risk,Continue regular engagement,0.0,7.71
8224-KDLKN,72,25.0,Two year,No,No internet service,Bank transfer (automatic),0,Low Risk,Continue regular engagement,0.0,0.62
7594-LZNWR,34,69.15,Month-to-month,Fiber optic,No,Credit card (automatic),0,Low Risk,Continue regular engagement,0.0,30.21
4001-TSBTV,58,91.55,Month-to-month,Fiber optic,No,Electronic check,0,Low Risk,Continue regular engagement,0.0,26.72
2962-XPMCQ,2,45.15,Month-to-month,DSL,No,Electronic check,1,Medium Risk,Offer contract upgrade incentive,45.15,62.46
8727-XDPUD,37,35.8,Two year,DSL,No,Credit card (automatic),0,Low Risk,Continue regular engagement,0.0,3.0
1043-UXOVO,71,113.15,Two year,Fiber optic,Yes,Credit card (automatic),0,Low Risk,Continue regular engagement,0.0,2.56
1064-FBXNK,1,19.85,One year,No,No internet service,Credit card (automatic),0,Low Risk,Continue regular engagement,0.0,11.6
3996-ZNWYK,71,19.8,Two year,No,No internet service,Credit card (automatic),0,Low Risk,Continue regular engagement,0.0,1.65
2878-DHMIN,35,19.9,One year,No,No internet service,Electronic check,0,Low Risk,Continue regular engagement,0.0,2.12
7762-ONLJY,6,19.7,One year,No,No internet service,Mailed check,0,Low Risk,Continue regular engagement,0.0,3.34
1678-FYZOW,3,79.4,Month-to-month,Fiber optic,No,Electronic check,1,High Risk,Offer annual contract discount + proactive support,79.4,73.45
5795-BKOYE,69,59.1,One year,DSL,Yes,Bank transfer (automatic),0,Low Risk,Continue regular engagement,0.0,2.51
8627-EHGIP,44,53.95,One year,DSL,No,Mailed check,0,Low Risk,Continue regular engagement,0.0,28.26
7402-PWYJJ,53,91.15,One year,Fiber optic,Yes,Electronic check,0,Low Risk,Continue regular engagement,0.0,15.05
5480-TBGPH,24,99.3,Month-to-month,Fiber optic,No,Credit card (automatic),1,Medium Risk,Offer contract upgrade incentive,99.3,64.18
0018-NYROU,5,68.95,Month-to-month,Fiber optic,No,Electronic check,1,Medium Risk,Offer contract upgrade incentive,68.95,62.08
7501-VTYLJ,2,51.55,Month-to-month,DSL,No,Mailed check,0,Low Risk,Continue regular engagement,0.0,34.0
7608-RGIRO,62,24.4,Two year,No,No internet service,Mailed check,0,Low Risk,Continue regular engagement,0.0,1.01
0480-BIXDE,19,96.8,Month-to-month,Fiber optic,No,Electronic check,1,Medium Risk,Offer contract upgrade incentive,96.8,61.08
5895-QSXOD,9,70.05,Month-to-month,Fiber optic,No,Mailed check,1,Medium Risk,Offer contract upgrade incentive,70.05,38.11
9814-AOUDH,53,19.5,Two year,No,No internet service,Credit card (automatic),0,Low Risk,Continue regular engagement,0.0,2.16
6175-IRFIT,5,78.75,Month-to-month,Fiber optic,No,Mailed check,1,Medium Risk,Offer contract upgrade incentive,78.75,61.21
8760-ZRHKE,71,69.2,One year,DSL,No,Electronic check,0,Low Risk,Continue regular engagement,0.0,3.46
1622-HSHSF,1,19.55,Month-to-month,No,No internet service,Mailed check,1,Medium Risk,Offer contract upgrade incentive,19.55,44.64
8854-CCVSQ,18,80.65,Month-to-month,Fiber optic,No,Electronic check,1,Medium Risk,Offer contract upgrade incentive,80.65,57.84
6749-UTDVX,72,103.65,Two year,Fiber optic,No,Electronic check,0,Low Risk,Continue regular engagement,0.0,23.72
5542-DHSXL,4,54.7,Month-to-month,DSL,No,Mailed check,0,Low Risk,Continue regular engagement,0.0,16.58
9102-OXKFY,59,54.15,Two year,DSL,No,Credit card (automatic),0,Low Risk,Continue regular engagement,0.0,2.72
0511-JTEOY,1,71.1,Month-to-month,Fiber optic,No,Mailed check,1,Medium Risk,Offer contract upgrade incentive,71.1,69.53
5216-WASFJ,31,84.85,Month-to-month,Fiber optic,No,Electronic check,1,Medium Risk,Offer contract upgrade incentive,84.85,59.52
7808-DVWEP,3,20.0,Month-to-month,No,No internet service,Bank transfer (automatic),0,Low Risk,Continue regular engagement,0.0,10.96
7067-KSAZT,65,106.25,One year,Fiber optic,No,Electronic check,0,Low Risk,Continue regular engagement,0.0,28.61
2284-VFLKH,49,99.25,One year,Fiber optic,Yes,Credit card (automatic),0,Low Risk,Continue regular engagement,0.0,16.91
0366-NQSHS,2,19.35,Month-to-month,No,No internet service,Mailed check,0,Low Risk,Continue regular engagement,0.0,11.14
6532-YLWSI,53,20.8,One year,No,No internet service,Bank transfer (automatic),0,Low Risk,Continue regular engagement,0.0,4.66
3807-BPOMJ,55,94.75,One year,Fiber optic,No,Electronic check,0,Low Risk,Continue regular engagement,0.0,18.0
3892-NXAZG,72,114.05,Two year,Fiber optic,Yes,Credit card (automatic),0,Low Risk,Continue regular engagement,0.0,1.73
4948-WBBKL,36,74.9,Month-to-month,Fiber optic,No,Bank transfer (automatic),1,Medium Risk,Offer contract upgrade incentive,74.9,38.77
4182-BGSIQ,10,19.8,Month-to-month,No,No internet service,Bank transfer (automatic),0,Low Risk,Continue regular engagement,0.0,15.54
9300-AGZNL,1,94.0,Month-to-month,Fiber optic,No,Electronic check,1,High Risk,Offer annual contract discount + proactive support,94.0,92.97
0988-AADSA,72,80.85,Two year,DSL,Yes,Bank transfer (automatic),0,Low Risk,Continue regular engagement,0.0,0.39
9972-NKTFD,28,54.65,Month-to-month,DSL,Yes,Bank transfer (automatic),0,Low Risk,Continue regular engagement,0.0,8.13
3717-LNXKW,38,91.7,Month-to-month,Fiber optic,No,Bank transfer (automatic),0,Low Risk,Continue regular engagement,0.0,21.28
5734-EJKXG,61,118.6,One year,Fiber optic,Yes,Electronic check,0,Low Risk,Continue regular engagement,0.0,10.98
2207-RYYRL,52,24.55,Two year,No,No internet service,Mailed check,0,Low Risk,Continue regular engagement,0.0,0.86
6729-FZWSY,67,19.45,One year,No,No internet service,Mailed check,0,Low Risk,Continue regular engagement,0.0,2.61
9695-IDRZR,34,116.15,Two year,Fiber optic,Yes,Credit card (automatic),0,Low Risk,Continue regular engagement,0.0,5.34
8144-DGHXP,54,80.6,Two year,DSL,Yes,Electronic check,0,Low Risk,Continue regular engagement,0.0,2.9
7814-LEEVE,1,20.3,Month-to-month,No,No internet service,Bank transfer (automatic),0,Low Risk,Continue regular engagement,0.0,31.95
1112-CUNAO,15,89.85,Month-to-month,Fiber optic,No,Electronic check,1,Medium Risk,Offer contract upgrade incentive,89.85,59.09
5175-AOBHI,4,46.0,Month-to-month,DSL,No,Mailed check,1,Medium Risk,Offer contract upgrade incentive,46.0,42.47
5174-RNGBH,9,66.25,Month-to-month,DSL,Yes,Mailed check,0,Low Risk,Continue regular engagement,0.0,16.65
8631-WUXGY,46,99.8,Month-to-month,Fiber optic,No,Electronic check,0,Low Risk,Continue regular engagement,0.0,34.94
7270-BDIOA,22,90.0,Month-to-month,Fiber optic,Yes,Electronic check,1,Medium Risk,Offer contract upgrade incentive,90.0,60.08
9565-JSNFM,38,70.45,One year,Fiber optic,No,Bank transfer (automatic),0,Low Risk,Continue regular engagement,0.0,10.12
5906-DVAPM,55,75.0,One year,DSL,Yes,Credit card (automatic),0,Low Risk,Continue regular engagement,0.0,4.28
6654-QGBZZ,1,19.9,Month-to-month,No,No internet service,Mailed check,1,Medium Risk,Offer contract upgrade incentive,19.9,42.31
8348-JLBUG,64,80.3,One year,Fiber optic,No,Credit card (automatic),0,Low Risk,Continue regular engagement,0.0,3.63
0607-DAAHE,53,19.75,Two year,No,No internet service,Bank transfer (automatic),0,Low Risk,Continue regular engagement,0.0,3.15
5641-DMBFJ,58,84.3,Two year,DSL,Yes,Electronic check,0,Low Risk,Continue regular engagement,0.0,4.53
9200-NLNPD,56,54.05,One year,DSL,Yes,Bank transfer (automatic),0,Low Risk,Continue regular engagement,0.0,9.59
2664-XJZNO,72,104.9,Two year,Fiber optic,Yes,Credit card (automatic),0,Low Risk,Continue regular engagement,0.0,2.33
9732-KPKBW,1,53.95,Month-to-month,DSL,Yes,Electronic check,1,Medium Risk,Offer contract upgrade incentive,53.95,44.58
3339-EAQNV,72,97.25,One year,Fiber optic,No,Credit card (automatic),0,Low Risk,Continue regular engagement,0.0,6.64
0921-OHLVP,22,83.05,Month-to-month,Fiber optic,No,Electronic check,1,Medium Risk,Offer contract upgrade incentive,83.05,41.81
3389-YGYAI,8,105.5,Month-to-month,Fiber optic,No,Electronic check,1,High Risk,Offer annual contract discount + proactive support,105.5,83.43
9560-ARGQJ,16,81.0,Month-to-month,Fiber optic,No,Electronic check,1,Medium Risk,Offer contract upgrade incentive,81.0,48.17
8350-NYMVI,39,41.1,Month-to-month,DSL,Yes,Bank transfer (automatic),0,Low Risk,Continue regular engagement,0.0,11.08
1600-DILPE,12,45.0,Month-to-month,DSL,No,Bank transfer (automatic),0,Low Risk,Continue regular engagement,0.0,23.14
0536-ESJEP,54,74.55,Two year,DSL,No,Bank transfer (automatic),0,Low Risk,Continue regular engagement,0.0,2.02
4654-GGUII,18,40.2,One year,DSL,Yes,Mailed check,0,Low Risk,Continue regular engagement,0.0,8.68
6478-HRRCZ,32,70.5,One year,DSL,Yes,Mailed check,0,Low Risk,Continue regular engagement,0.0,5.7
8510-BBWMU,41,19.75,One year,No,No internet service,Mailed check,0,Low Risk,Continue regular engagement,0.0,3.68
6857-TKDJV,67,24.65,Two year,No,No internet service,Bank transfer (automatic),0,Low Risk,Continue regular engagement,0.0,0.93
2360-RDGRO,65,104.25,Month-to-month,Fiber optic,No,Electronic check,1,Medium Risk,Offer contract upgrade incentive,104.25,39.7
0584-BJQGZ,25,78.35,Month-to-month,DSL,Yes,Bank transfer (automatic),0,Low Risk,Continue regular engagement,0.0,9.99
5134-IKDAY,1,69.8,Month-to-month,Fiber optic,No,Electronic check,1,High Risk,Offer annual contract discount + proactive support,69.8,81.78
1360-XFJMR,67,109.7,One year,Fiber optic,Yes,Credit card (automatic),0,Low Risk,Continue regular engagement,0.0,15.95
3070-DVEYC,7,73.75,Month-to-month,Fiber optic,No,Mailed check,1,Medium Risk,Offer contract upgrade incentive,73.75,59.54
5730-RIITO,43,33.45,Month-to-month,DSL,No,Credit card (automatic),0,Low Risk,Continue regular engagement,0.0,21.68
9058-MJLZC,24,94.6,Month-to-month,Fiber optic,No,Electronic check,1,Medium Risk,Offer contract upgrade incentive,94.6,54.15
5707-ORNDZ,9,54.55,Month-to-month,DSL,No,Electronic check,0,Low Risk,Continue regular engagement,0.0,28.83
0902-XKXPN,69,20.2,Two year,No,No internet service,Bank transfer (automatic),0,Low Risk,Continue regular engagement,0.0,0.9
5177-RVZNU,37,20.3,One year,No,No internet service,Bank transfer (automatic),0,Low Risk,Continue regular engagement,0.0,1.74
0056-EPFBG,20,39.4,Two year,DSL,Yes,Credit card (automatic),0,Low Risk,Continue regular engagement,0.0,2.96
8993-IZEUX,7,69.15,Month-to-month,Fiber optic,No,Bank transfer (automatic),1,Medium Risk,Offer contract upgrade incentive,69.15,44.09
8696-JKZNU,37,76.25,Month-to-month,Fiber optic,No,Electronic check,1,Medium Risk,Offer contract upgrade incentive,76.25,53.39
5380-AFSSK,5,93.9,Month-to-month,Fiber optic,No,Mailed check,1,High Risk,Offer annual contract discount + proactive support,93.9,87.31
8190-ZTQFB,41,51.35,One year,DSL,No,Electronic check,0,Low Risk,Continue regular engagement,0.0,20.09
0931-MHTEM,54,100.05,One year,Fiber optic,No,Credit card (automatic),0,Low Risk,Continue regular engagement,0.0,16.6
2055-PDADH,3,70.4,Month-to-month,Fiber optic,No,Electronic check,1,Medium Risk,Offer contract upgrade incentive,70.4,66.13
7515-LODFU,69,20.3,Two year,No,No internet service,Credit card (automatic),0,Low Risk,Continue regular engagement,0.0,1.15
0440-UEDAI,53,94.45,One year,Fiber optic,Yes,Credit card (automatic),0,Low Risk,Continue regular engagement,0.0,9.71
1337-BOZWO,18,46.4,One year,DSL,No,Credit card (automatic),0,Low Risk,Continue regular engagement,0.0,11.11
0868-VJRDR,64,104.05,Two year,Fiber optic,Yes,Credit card (automatic),0,Low Risk,Continue regular engagement,0.0,3.91
8714-EUHJO,31,91.15,Month-to-month,Fiber optic,No,Electronic check,1,Medium Risk,Offer contract upgrade incentive,91.15,37.08
6344-SFJVH,20,24.9,Month-to-month,DSL,No,Credit card (automatic),0,Low Risk,Continue regular engagement,0.0,14.47
3950-VPYJB,57,59.6,One year,DSL,Yes,Mailed check,0,Low Risk,Continue regular engagement,0.0,2.56
8041-TMEID,63,108.5,Two year,Fiber optic,No,Credit card (automatic),0,Low Risk,Continue regular engagement,0.0,11.02
7321-ZNSLA,13,40.55,Two year,DSL,Yes,Mailed check,0,Low Risk,Continue regular engagement,0.0,2.96
6941-KXRRV,48,58.95,One year,DSL,No,Bank transfer (automatic),0,Low Risk,Continue regular engagement,0.0,15.57
3721-CNEYS,2,70.95,Month-to-month,Fiber optic,No,Electronic check,1,Medium Risk,Offer contract upgrade incentive,70.95,66.91
8727-JQFHV,57,20.75,Two year,No,No internet service,Mailed check,0,Low Risk,Continue regular engagement,0.0,1.68
9475-NNDGC,71,113.15,One year,Fiber optic,Yes,Bank transfer (automatic),0,Low Risk,Continue regular engagement,0.0,18.67
1355-KUSBG,7,48.8,Month-to-month,DSL,No,Electronic check,0,Low Risk,Continue regular engagement,0.0,31.44
3688-FTHLT,16,63.05,Month-to-month,DSL,No,Bank transfer (automatic),0,Low Risk,Continue regular engagement,0.0,28.91
0899-LIIBW,34,100.85,Month-to-month,Fiber optic,No,Electronic check,1,Medium Risk,Offer contract upgrade incentive,100.85,42.04
2568-OIADY,37,99.5,Month-to-month,Fiber optic,No,Electronic check,1,Medium Risk,Offer contract upgrade incentive,99.5,67.76
1384-RCUXW,16,80.55,Month-to-month,Fiber optic,No,Mailed check,1,Medium Risk,Offer contract upgrade incentive,80.55,39.68
5825-XJOCM,48,64.4,One year,DSL,No,Bank transfer (automatic),0,Low Risk,Continue regular engagement,0.0,5.07
6848-YLDFR,58,75.2,One year,DSL,Yes,Credit card (automatic),0,Low Risk,Continue regular engagement,0.0,6.4
8125-QPFJD,72,84.9,Two year,DSL,Yes,Bank transfer (automatic),0,Low Risk,Continue regular engagement,0.0,0.48
2320-YKQBO,7,19.3,Month-to-month,No,No internet service,Mailed check,0,Low Risk,Continue regular engagement,0.0,6.33
1193-RTSLK,38,83.9,Month-to-month,Fiber optic,No,Credit card (automatic),0,Low Risk,Continue regular engagement,0.0,32.26
2302-ANTDP,48,117.45,Month-to-month,Fiber optic,Yes,Electronic check,0,Low Risk,Continue regular engagement,0.0,30.63
5923-GXUOC,10,104.4,Month-to-month,Fiber optic,No,Electronic check,1,High Risk,Offer annual contract discount + proactive support,104.4,72.78
4973-RLZVI,30,74.65,One year,DSL,Yes,Credit card (automatic),0,Low Risk,Continue regular engagement,0.0,5.61
7869-ZYDST,31,59.05,Month-to-month,DSL,No,Credit card (automatic),0,Low Risk,Continue regular engagement,0.0,14.85
4501-UYKBC,46,69.1,One year,DSL,Yes,Credit card (automatic),0,Low Risk,Continue regular engagement,0.0,11.47
1215-EXRMO,50,20.55,Two year,No,No internet service,Mailed check,0,Low Risk,Continue regular engagement,0.0,1.36
2305-MRGLV,28,76.55,Month-to-month,Fiber optic,Yes,Bank transfer (automatic),0,Low Risk,Continue regular engagement,0.0,18.05
8404-VIOMB,66,62.5,Two year,DSL,Yes,Bank transfer (automatic),0,Low Risk,Continue regular engagement,0.0,1.09
5233-GEEAX,8,29.4,Month-to-month,DSL,No,Electronic check,1,Medium Risk,Offer contract upgrade incentive,29.4,59.36
2359-KLTEK,41,94.9,Month-to-month,Fiber optic,No,Bank transfer (automatic),0,Low Risk,Continue regular engagement,0.0,28.41
5304-EFJLP,72,111.65,Two year,Fiber optic,Yes,Bank transfer (automatic),0,Low Risk,Continue regular engagement,0.0,2.33
2673-ZALNP,7,19.9,One year,No,No internet service,Mailed check,0,Low Risk,Continue regular engagement,0.0,4.11
9184-GALIL,38,20.45,Month-to-month,No,No internet service,Mailed check,0,Low Risk,Continue regular engagement,0.0,3.85
4393-RYCRE,44,106.05,One year,Fiber optic,No,Electronic check,0,Low Risk,Continue regular engagement,0.0,26.5
9746-MDMBK,47,113.45,One year,Fiber optic,Yes,Bank transfer (automatic),0,Low Risk,Continue regular engagement,0.0,16.73
3162-ZJZFU,53,92.55,Month-to-month,Fiber optic,Yes,Electronic check,0,Low Risk,Continue regular engagement,0.0,17.62
8404-GFGCZ,4,65.6,Month-to-month,DSL,No,Electronic check,1,Medium Risk,Offer contract upgrade incentive,65.6,37.82
8875-AKBYH,20,84.35,Month-to-month,Fiber optic,No,Electronic check,1,Medium Risk,Offer contract upgrade incentive,84.35,64.11
4432-ADRLB,2,44.65,Month-to-month,DSL,No,Mailed check,1,Medium Risk,Offer contract upgrade incentive,44.65,42.46
0533-UCAAU,57,71.1,One year,DSL,No,Credit card (automatic),0,Low Risk,Continue regular engagement,0.0,8.3
1394-SUIUH,44,85.15,Month-to-month,Fiber optic,Yes,Electronic check,0,Low Risk,Continue regular engagement,0.0,24.94
3521-MNKLV,24,49.7,Month-to-month,DSL,No,Mailed check,0,Low Risk,Continue regular engagement,0.0,23.94
2533-TIBIX,15,30.2,Month-to-month,DSL,No,Bank transfer (automatic),0,Low Risk,Continue regular engagement,0.0,20.34
8993-PHFWD,3,25.25,Month-to-month,DSL,No,Electronic check,1,Medium Risk,Offer contract upgrade incentive,25.25,52.53
1565-RHDJD,4,84.05,Month-to-month,Fiber optic,No,Bank transfer (automatic),1,Medium Risk,Offer contract upgrade incentive,84.05,69.68
7137-RYLPP,37,85.7,Month-to-month,Fiber optic,No,Electronic check,1,Medium Risk,Offer contract upgrade incentive,85.7,55.98
3765-JXVKY,1,74.7,Month-to-month,Fiber optic,No,Electronic check,1,High Risk,Offer annual contract discount + proactive support,74.7,82.31
5092-STPKP,24,56.35,Month-to-month,DSL,Yes,Credit card (automatic),0,Low Risk,Continue regular engagement,0.0,7.35
7330-WZLNC,5,90.8,Month-to-month,Fiber optic,No,Electronic check,1,High Risk,Offer annual contract discount + proactive support,90.8,84.1
0114-PEGZZ,33,107.55,Month-to-month,Fiber optic,No,Electronic check,0,Low Risk,Continue regular engagement,0.0,32.96
3359-DSRKA,58,19.85,Two year,No,No internet service,Mailed check,0,Low Risk,Continue regular engagement,0.0,2.13
8639-NHQEI,72,95.9,Two year,Fiber optic,No,Bank transfer (automatic),0,Low Risk,Continue regular engagement,0.0,0.89
7161-DFHUF,71,23.85,Two year,No,No internet service,Mailed check,0,Low Risk,Continue regular engagement,0.0,0.67
3957-LXOLK,28,106.15,Month-to-month,Fiber optic,No,Electronic check,1,Medium Risk,Offer contract upgrade incentive,106.15,62.82
3720-DBRWL,51,83.85,Two year,DSL,Yes,Credit card (automatic),0,Low Risk,Continue regular engagement,0.0,1.79
6635-MYYYZ,30,85.35,One year,DSL,Yes,Bank transfer (automatic),0,Low Risk,Continue regular engagement,0.0,9.9
8565-WUXZU,72,84.8,Two year,Fiber optic,Yes,Credit card (automatic),0,Low Risk,Continue regular engagement,0.0,0.77
5281-BUZGT,36,90.85,Month-to-month,Fiber optic,No,Electronic check,1,Medium Risk,Offer contract upgrade incentive,90.85,39.44
4994-OBRSZ,14,76.1,Two year,DSL,Yes,Bank transfer (automatic),0,Low Risk,Continue regular engagement,0.0,2.24
0562-FGDCR,72,74.55,Two year,DSL,Yes,Mailed check,0,Low Risk,Continue regular engagement,0.0,0.6
2436-QBZFP,22,39.2,Month-to-month,DSL,No,Electronic check,0,Low Risk,Continue regular engagement,0.0,30.4
3420-YJLQT,2,79.55,Month-to-month,Fiber optic,No,Electronic check,1,Medium Risk,Offer contract upgrade incentive,79.55,64.82
6040-CGACY,15,19.6,Month-to-month,No,No internet service,Mailed check,0,Low Risk,Continue regular engagement,0.0,10.68
6582-PLFUU,51,19.55,Two year,No,No internet service,Credit card (automatic),0,Low Risk,Continue regular engagement,0.0,1.31
8242-PDSGJ,70,39.15,Two year,DSL,Yes,Credit card (automatic),0,Low Risk,Continue regular engagement,0.0,1.41
0264-CNITK,71,20.1,Two year,No,No internet service,Bank transfer (automatic),0,Low Risk,Continue regular engagement,0.0,1.09
0089-IIQKO,39,99.95,Month-to-month,Fiber optic,Yes,Credit card (automatic),1,Medium Risk,Offer contract upgrade incentive,99.95,38.63
7839-NUIAA,61,59.8,Month-to-month,DSL,No,Electronic check,0,Low Risk,Continue regular engagement,0.0,6.41
6075-QMNRR,52,49.75,Month-to-month,DSL,No,Bank transfer (automatic),0,Low Risk,Continue regular engagement,0.0,9.65
5378-IKEEG,1,35.75,Month-to-month,DSL,No,Electronic check,1,High Risk,Offer annual contract discount + proactive support,35.75,79.1
5966-EMAZU,64,108.5,One year,Fiber optic,Yes,Mailed check,0,Low Risk,Continue regular engagement,0.0,25.95
0440-EKDCF,62,60.15,Two year,DSL,Yes,Credit card (automatic),0,Low Risk,Continue regular engagement,0.0,1.29
4774-HHGGS,30,19.05,Two year,No,No internet service,Mailed check,0,Low Risk,Continue regular engagement,0.0,0.68
2718-GAXQD,4,46.0,Month-to-month,DSL,No,Electronic check,1,Medium Risk,Offer contract upgrade incentive,46.0,52.72
2055-BFOCC,63,84.0,One year,DSL,Yes,Bank transfer (automatic),0,Low Risk,Continue regular engagement,0.0,7.26
8180-AKMJV,1,44.55,Month-to-month,DSL,No,Credit card (automatic),1,Medium Risk,Offer contract upgrade incentive,44.55,51.73
4298-OYIFC,15,103.45,Month-to-month,Fiber optic,Yes,Electronic check,1,Medium Risk,Offer contract upgrade incentive,103.45,67.92
5566-SOEZD,27,80.65,One year,Fiber optic,No,Credit card (automatic),0,Low Risk,Continue regular engagement,0.0,6.46
9842-EFSYY,4,57.2,Month-to-month,DSL,No,Mailed check,0,Low Risk,Continue regular engagement,0.0,32.32
2272-WUSPA,72,110.75,Two year,Fiber optic,No,Electronic check,0,Low Risk,Continue regular engagement,0.0,2.06
4584-LBNMK,45,24.7,One year,No,No internet service,Credit card (automatic),0,Low Risk,Continue regular engagement,0.0,5.22
3898-GUYTS,45,97.05,Month-to-month,Fiber optic,Yes,Electronic check,0,Low Risk,Continue regular engagement,0.0,31.02
0930-EHUZA,36,76.35,One year,DSL,Yes,Mailed check,0,Low Risk,Continue regular engagement,0.0,5.86
6413-XKKPU,17,89.4,Month-to-month,Fiber optic,No,Electronic check,1,Medium Risk,Offer contract upgrade incentive,89.4,43.47
9975-SKRNR,1,18.9,Month-to-month,No,No internet service,Mailed check,0,Low Risk,Continue regular engagement,0.0,16.45
3703-KBKZP,16,74.45,Month-to-month,Fiber optic,No,Bank transfer (automatic),1,Medium Risk,Offer contract upgrade incentive,74.45,42.28
1449-XQEMT,3,19.8,Month-to-month,No,No internet service,Mailed check,0,Low Risk,Continue regular engagement,0.0,21.78
2626-URJFX,4,50.9,Month-to-month,DSL,No,Electronic check,1,Medium Risk,Offer contract upgrade incentive,50.9,54.82
4973-MGTON,71,84.4,Two year,DSL,Yes,Credit card (automatic),0,Low Risk,Continue regular engagement,0.0,0.63
3682-YEUWS,10,24.4,Month-to-month,No,No internet service,Mailed check,0,Low Risk,Continue regular engagement,0.0,8.13
1223-UNPKS,20,20.05,Two year,No,No internet service,Mailed check,0,Low Risk,Continue regular engagement,0.0,1.29
2612-RRIDN,4,81.0,Month-to-month,Fiber optic,No,Electronic check,1,High Risk,Offer annual contract discount + proactive support,81.0,72.42
4735-ASGMA,26,98.35,Month-to-month,Fiber optic,No,Electronic check,1,High Risk,Offer annual contract discount + proactive support,98.35,75.6
3446-QDSZF,4,55.5,Month-to-month,DSL,No,Credit card (automatic),0,Low Risk,Continue regular engagement,0.0,33.4
3669-LVWZB,5,51.0,Month-to-month,DSL,No,Mailed check,1,Medium Risk,Offer contract upgrade incentive,51.0,51.01
6892-EZDTG,4,91.65,Month-to-month,Fiber optic,No,Electronic check,1,High Risk,Offer annual contract discount + proactive support,91.65,84.57
5117-IFGPS,29,84.3,Month-to-month,Fiber optic,No,Electronic check,1,Medium Risk,Offer contract upgrade incentive,84.3,60.71
7379-FNIUJ,2,100.2,Month-to-month,Fiber optic,No,Electronic check,1,Medium Risk,Offer contract upgrade incentive,100.2,49.05
1627-AFWVJ,29,19.4,Two year,No,No internet service,Mailed check,0,Low Risk,Continue regular engagement,0.0,1.81
9725-SCPZG,1,90.85,Month-to-month,Fiber optic,No,Electronic check,1,High Risk,Offer annual contract discount + proactive support,90.85,84.31
5884-GCYMI,1,69.4,Month-to-month,Fiber optic,No,Mailed check,1,High Risk,Offer annual contract discount + proactive support,69.4,74.59
3217-FZDMN,8,94.45,Month-to-month,Fiber optic,No,Credit card (automatic),1,High Risk,Offer annual contract discount + proactive support,94.45,75.81
4486-EFAEB,13,20.4,Month-to-month,No,No internet service,Electronic check,0,Low Risk,Continue regular engagement,0.0,15.0
0060-FUALY,59,94.75,Month-to-month,Fiber optic,No,Electronic check,0,Low Risk,Continue regular engagement,0.0,30.16
7853-GVUDZ,1,20.15,Month-to-month,No,No internet service,Credit card (automatic),1,Medium Risk,Offer contract upgrade incentive,20.15,44.03
7480-QNVZJ,50,95.7,Month-to-month,Fiber optic,No,Electronic check,1,Medium Risk,Offer contract upgrade incentive,95.7,61.09
6954-OOYZZ,18,44.35,Month-to-month,DSL,No,Bank transfer (automatic),0,Low Risk,Continue regular engagement,0.0,22.44
7088-FBAWU,17,74.55,Month-to-month,DSL,No,Mailed check,0,Low Risk,Continue regular engagement,0.0,13.7
8313-AFGBW,47,73.6,Two year,DSL,No,Electronic check,0,Low Risk,Continue regular engagement,0.0,3.62
3943-KDREE,26,74.95,Month-to-month,Fiber optic,No,Bank transfer (automatic),0,Low Risk,Continue regular engagement,0.0,31.19
9239-ZBZZV,6,47.95,Month-to-month,DSL,No,Electronic check,1,Medium Risk,Offer contract upgrade incentive,47.95,57.67
3097-IDVPU,19,50.1,Month-to-month,DSL,No,Credit card (automatic),0,Low Risk,Continue regular engagement,0.0,19.95
4398-HSCJH,3,63.6,Month-to-month,DSL,Yes,Electronic check,1,Medium Risk,Offer contract upgrade incentive,63.6,51.78
2197-OMWGI,68,53.0,Two year,DSL,No,Electronic check,0,Low Risk,Continue regular engagement,0.0,12.98
2303-PJYHN,2,19.85,Month-to-month,No,No internet service,Bank transfer (automatic),0,Low Risk,Continue regular engagement,0.0,13.76
9795-VOWON,7,24.35,One year,DSL,No,Credit card (automatic),0,Low Risk,Continue regular engagement,0.0,14.03
1237-WIYYZ,18,19.55,Month-to-month,No,No internet service,Mailed check,0,Low Risk,Continue regular engagement,0.0,9.93
1987-AUELQ,71,25.05,Two year,No,No internet service,Credit card (automatic),0,Low Risk,Continue regular engagement,0.0,0.76
7852-LECYP,13,93.8,Month-to-month,Fiber optic,No,Credit card (automatic),1,Medium Risk,Offer contract upgrade incentive,93.8,46.87
4430-UZIPO,3,36.85,Month-to-month,DSL,Yes,Mailed check,1,Medium Risk,Offer contract upgrade incentive,36.85,41.97
4822-LPTYJ,72,103.75,Two year,Fiber optic,No,Bank transfer (automatic),0,Low Risk,Continue regular engagement,0.0,7.05
8165-CBKXO,66,56.75,Two year,DSL,No,Credit card (automatic),0,Low Risk,Continue regular engagement,0.0,2.08
6527-PZFPV,24,20.8,One year,No,No internet service,Credit card (automatic),0,Low Risk,Continue regular engagement,0.0,2.83
4855-SNKMY,1,44.1,Month-to-month,DSL,No,Electronic check,1,Medium Risk,Offer contract upgrade incentive,44.1,60.42
9593-CVZKR,56,24.45,Two year,No,No internet service,Mailed check,0,Low Risk,Continue regular engagement,0.0,0.99
8595-SIZNC,22,25.6,One year,No,No internet service,Bank transfer (automatic),0,Low Risk,Continue regular engagement,0.0,3.99
8008-HAWED,14,50.75,Month-to-month,DSL,No,Electronic check,1,Medium Risk,Offer contract upgrade incentive,50.75,54.59
7124-UGSUR,61,104.4,One year,Fiber optic,No,Credit card (automatic),0,Low Risk,Continue regular engagement,0.0,25.34
1862-SKORY,40,39.3,Month-to-month,DSL,No,Electronic check,1,Medium Risk,Offer contract upgrade incentive,39.3,38.89
5236-XMZJY,42,59.65,Month-to-month,DSL,No,Bank transfer (automatic),0,Low Risk,Continue regular engagement,0.0,10.67
4827-DPADN,72,83.3,Two year,DSL,Yes,Bank transfer (automatic),0,Low Risk,Continue regular engagement,0.0,0.5
2694-CIUMO,12,79.55,Month-to-month,Fiber optic,Yes,Credit card (automatic),1,Medium Risk,Offer contract upgrade incentive,79.55,49.54
5846-ABOBJ,71,24.45,Two year,No,No internet service,Bank transfer (automatic),0,Low Risk,Continue regular engagement,0.0,0.76
1439-LCGVL,26,19.2,One year,No,No internet service,Mailed check,0,Low Risk,Continue regular engagement,0.0,0.84
0909-SDHNU,7,29.8,Month-to-month,DSL,No,Mailed check,0,Low Risk,Continue regular engagement,0.0,15.44
4647-XXZAM,6,45.5,Month-to-month,DSL,No,Mailed check,0,Low Risk,Continue regular engagement,0.0,25.01
1502-XFCVR,58,106.45,One year,Fiber optic,No,Electronic check,0,Low Risk,Continue regular engagement,0.0,26.7
7740-KKCXF,51,30.05,Month-to-month,DSL,No,Credit card (automatic),0,Low Risk,Continue regular engagement,0.0,15.49
5360-XGYAZ,72,65.65,Two year,DSL,Yes,Bank transfer (automatic),0,Low Risk,Continue regular engagement,0.0,0.5
9692-TUSXH,18,96.05,Month-to-month,Fiber optic,No,Electronic check,1,Medium Risk,Offer contract upgrade incentive,96.05,60.86
7912-SYRQT,7,75.1,Month-to-month,Fiber optic,No,Bank transfer (automatic),1,Medium Risk,Offer contract upgrade incentive,75.1,66.0
3557-HTYWR,47,74.05,Two year,DSL,Yes,Mailed check,0,Low Risk,Continue regular engagement,0.0,1.18
4816-JBHOV,2,44.7,Month-to-month,DSL,No,Electronic check,1,Medium Risk,Offer contract upgrade incentive,44.7,67.48
8920-NAVAY,62,110.75,One year,Fiber optic,Yes,Bank transfer (automatic),0,Low Risk,Continue regular engagement,0.0,24.5
1699-TLDLZ,16,19.7,Two year,No,No internet service,Mailed check,0,Low Risk,Continue regular engagement,0.0,2.21
5600-PDUJF,6,49.5,Month-to-month,DSL,Yes,Credit card (automatic),0,Low Risk,Continue regular engagement,0.0,27.47
8292-TYSPY,19,55.0,Month-to-month,DSL,Yes,Credit card (automatic),0,Low Risk,Continue regular engagement,0.0,22.58
0567-XRHCU,69,43.95,Two year,DSL,No,Credit card (automatic),0,Low Risk,Continue regular engagement,0.0,1.41
1867-BDVFH,11,74.35,Month-to-month,Fiber optic,No,Electronic check,1,Medium Risk,Offer contract upgrade incentive,74.35,59.4
2067-QYTCF,64,111.15,Month-to-month,Fiber optic,Yes,Electronic check,0,Low Risk,Continue regular engagement,0.0,23.59
2359-QWQUL,39,104.7,One year,Fiber optic,Yes,Credit card (automatic),1,Medium Risk,Monitor customer + targeted engagement,104.7,38.23
9103-TCIHJ,15,55.7,Month-to-month,DSL,No,Mailed check,0,Low Risk,Continue regular engagement,0.0,21.97
7407-SUJIZ,25,20.6,Month-to-month,No,No internet service,Mailed check,0,Low Risk,Continue regular engagement,0.0,4.55
9150-KPBJQ,6,19.65,Two year,No,No internet service,Credit card (automatic),0,Low Risk,Continue regular engagement,0.0,2.34
0052-DCKON,66,115.8,One year,Fiber optic,Yes,Bank transfer (automatic),0,Low Risk,Continue regular engagement,0.0,27.85
3654-ARMGP,61,88.65,Two year,DSL,Yes,Credit card (automatic),0,Low Risk,Continue regular engagement,0.0,1.52
9699-UBQFS,43,94.5,Month-to-month,Fiber optic,No,Electronic check,1,Medium Risk,Offer contract upgrade incentive,94.5,39.67
9367-TCUYN,12,20.1,Month-to-month,No,No internet service,Mailed check,0,Low Risk,Continue regular engagement,0.0,7.67
1261-FWTTE,23,34.65,Month-to-month,DSL,No,Bank transfer (automatic),1,Medium Risk,Offer contract upgrade incentive,34.65,38.82
3528-HFRIQ,71,52.3,Month-to-month,DSL,No,Bank transfer (automatic),0,Low Risk,Continue regular engagement,0.0,16.14
0708-SJDIS,34,65.0,Month-to-month,DSL,Yes,Mailed check,0,Low Risk,Continue regular engagement,0.0,9.71
4140-WJAWW,5,19.85,Month-to-month,No,No internet service,Credit card (automatic),0,Low Risk,Continue regular engagement,0.0,12.3
2073-QBVBI,41,35.45,One year,DSL,Yes,Mailed check,0,Low Risk,Continue regular engagement,0.0,7.59
6928-ONTRW,72,19.7,Two year,No,No internet service,Credit card (automatic),0,Low Risk,Continue regular engagement,0.0,0.88
3320-VEOYC,14,95.6,Month-to-month,Fiber optic,No,Electronic check,1,High Risk,Offer annual contract discount + proactive support,95.6,72.76
5231-FIQPA,41,19.85,Two year,No,No internet service,Mailed check,0,Low Risk,Continue regular engagement,0.0,1.51
6617-WLBQC,23,81.85,One year,Fiber optic,No,Credit card (automatic),0,Low Risk,Continue regular engagement,0.0,6.4
2599-CIPQE,71,109.3,Two year,Fiber optic,Yes,Credit card (automatic),0,Low Risk,Continue regular engagement,0.0,4.89
6653-CBBOM,1,70.3,Month-to-month,Fiber optic,No,Electronic check,1,High Risk,Offer annual contract discount + proactive support,70.3,81.74
8774-GSBUN,72,25.4,Two year,No,No internet service,Mailed check,0,Low Risk,Continue regular engagement,0.0,0.54
7326-RIGQZ,6,69.8,Month-to-month,Fiber optic,No,Electronic check,1,Medium Risk,Offer contract upgrade incentive,69.8,58.9
1401-FTHFQ,23,20.0,One year,No,No internet service,Credit card (automatic),0,Low Risk,Continue regular engagement,0.0,3.28
3247-ZVOUO,10,85.55,Month-to-month,Fiber optic,No,Electronic check,1,High Risk,Offer annual contract discount + proactive support,85.55,72.39
0254-FNMCI,72,109.9,Two year,Fiber optic,Yes,Electronic check,0,Low Risk,Continue regular engagement,0.0,2.42
1848-LBZHY,7,50.3,Month-to-month,DSL,No,Bank transfer (automatic),0,Low Risk,Continue regular engagement,0.0,21.16
6101-IMRMM,6,94.5,Month-to-month,Fiber optic,No,Mailed check,1,High Risk,Offer annual contract discount + proactive support,94.5,71.6
8118-TJAFG,9,101.5,Month-to-month,Fiber optic,Yes,Electronic check,1,Medium Risk,Offer contract upgrade incentive,101.5,57.78
5429-LWCMV,12,89.15,Month-to-month,Fiber optic,No,Electronic check,1,Medium Risk,Offer contract upgrade incentive,89.15,68.77
7298-IZWLY,1,19.4,Month-to-month,No,No internet service,Mailed check,1,Medium Risk,Offer contract upgrade incentive,19.4,45.16
9758-MFWGD,48,29.9,One year,DSL,No,Bank transfer (automatic),0,Low Risk,Continue regular engagement,0.0,11.35
3955-JBZZM,20,78.8,Month-to-month,Fiber optic,No,Electronic check,1,Medium Risk,Offer contract upgrade incentive,78.8,40.09
1268-ASBGA,16,85.35,Month-to-month,Fiber optic,No,Credit card (automatic),1,Medium Risk,Offer contract upgrade incentive,85.35,54.53
8943-URTMR,2,79.65,Month-to-month,Fiber optic,No,Mailed check,1,High Risk,Offer annual contract discount + proactive support,79.65,72.11
4815-TUMEQ,10,19.3,One year,No,No internet service,Mailed check,0,Low Risk,Continue regular engagement,0.0,2.73
4713-LZDRV,2,79.6,Month-to-month,Fiber optic,No,Electronic check,1,High Risk,Offer annual contract discount + proactive support,79.6,83.43
9909-IDLEK,20,96.8,Month-to-month,Fiber optic,Yes,Mailed check,0,Low Risk,Continue regular engagement,0.0,31.46
4092-OFQZS,20,20.65,One year,No,No internet service,Mailed check,0,Low Risk,Continue regular engagement,0.0,2.08
1561-BWHIN,19,19.8,One year,No,No internet service,Mailed check,0,Low Risk,Continue regular engagement,0.0,2.5
4325-NFSKC,19,90.6,Month-to-month,Fiber optic,No,Electronic check,1,Medium Risk,Offer contract upgrade incentive,90.6,54.58
9927-DSWDF,22,104.6,Month-to-month,Fiber optic,Yes,Electronic check,1,Medium Risk,Offer contract upgrade incentive,104.6,46.28
9500-LTVBP,35,80.05,Month-to-month,Fiber optic,Yes,Credit card (automatic),0,Low Risk,Continue regular engagement,0.0,26.98
7252-NTGSS,1,45.15,Month-to-month,DSL,No,Mailed check,1,Medium Risk,Offer contract upgrade incentive,45.15,52.44
8149-AIQCG,39,73.15,Month-to-month,Fiber optic,No,Credit card (automatic),0,Low Risk,Continue regular engagement,0.0,33.23
1360-JYXKQ,54,99.1,One year,Fiber optic,Yes,Electronic check,0,Low Risk,Continue regular engagement,0.0,20.99
2955-PSXOE,1,20.2,Month-to-month,No,No internet service,Bank transfer (automatic),1,Medium Risk,Offer contract upgrade incentive,20.2,41.61
7762-URZQH,66,106.05,Two year,Fiber optic,No,Credit card (automatic),1,Medium Risk,Monitor customer + targeted engagement,106.05,57.28
0899-WZRSD,56,105.35,Month-to-month,Fiber optic,Yes,Mailed check,0,Low Risk,Continue regular engagement,0.0,32.28
3255-GRXMG,18,45.65,Month-to-month,DSL,No,Credit card (automatic),0,Low Risk,Continue regular engagement,0.0,21.92
4828-FAZPK,16,79.95,Month-to-month,Fiber optic,No,Credit card (automatic),1,Medium Risk,Offer contract upgrade incentive,79.95,41.63
6094-ZIVKX,68,54.45,One year,DSL,No,Credit card (automatic),0,Low Risk,Continue regular engagement,0.0,2.96
6925-BAYGL,53,25.1,Two year,No,No internet service,Credit card (automatic),0,Low Risk,Continue regular engagement,0.0,2.81
3262-EIDHV,72,84.7,Two year,DSL,Yes,Credit card (automatic),0,Low Risk,Continue regular engagement,0.0,0.57
7354-OIJLX,9,75.85,Month-to-month,Fiber optic,No,Electronic check,1,High Risk,Offer annual contract discount + proactive support,75.85,71.48
1376-HHBDV,30,48.8,Month-to-month,DSL,No,Mailed check,0,Low Risk,Continue regular engagement,0.0,7.51
6907-NZZIJ,36,99.15,Month-to-month,Fiber optic,No,Electronic check,1,Medium Risk,Offer contract upgrade incentive,99.15,58.65
6133-OZILE,18,35.2,Month-to-month,DSL,Yes,Electronic check,1,Medium Risk,Offer contract upgrade incentive,35.2,37.41
4135-FRWKJ,55,76.25,One year,DSL,Yes,Electronic check,0,Low Risk,Continue regular engagement,0.0,6.99
2911-UREFD,39,55.9,Month-to-month,DSL,No,Electronic check,0,Low Risk,Continue regular engagement,0.0,29.75
3744-ZRRDZ,21,82.35,Month-to-month,Fiber optic,No,Electronic check,1,Medium Risk,Offer contract upgrade incentive,82.35,58.37
5673-TIYIB,2,40.4,Month-to-month,DSL,Yes,Credit card (automatic),1,Medium Risk,Offer contract upgrade incentive,40.4,48.99
6551-ZCOTS,33,24.9,One year,No,No internet service,Bank transfer (automatic),0,Low Risk,Continue regular engagement,0.0,4.17
7191-ADRGF,44,54.3,Two year,DSL,No,Bank transfer (automatic),0,Low Risk,Continue regular engagement,0.0,6.9
5018-LXQQG,30,66.3,Month-to-month,DSL,Yes,Bank transfer (automatic),0,Low Risk,Continue regular engagement,0.0,6.11
6892-BOGQE,71,20.9,Two year,No,No internet service,Bank transfer (automatic),0,Low Risk,Continue regular engagement,0.0,0.79
1602-IJQQE,4,75.35,Month-to-month,Fiber optic,No,Electronic check,1,Medium Risk,Offer contract upgrade incentive,75.35,69.76
4628-WQCQQ,35,85.15,One year,Fiber optic,No,Electronic check,0,Low Risk,Continue regular engagement,0.0,24.13
1746-TGTWV,1,75.35,Month-to-month,Fiber optic,No,Credit card (automatic),1,Medium Risk,Offer contract upgrade incentive,75.35,68.87
5995-SNNEW,23,104.45,Month-to-month,Fiber optic,No,Electronic check,1,Medium Risk,Offer contract upgrade incentive,104.45,67.91
8050-WYBND,22,49.45,One year,DSL,No,Credit card (automatic),0,Low Risk,Continue regular engagement,0.0,22.06
2821-WARNZ,49,19.45,One year,No,No internet service,Credit card (automatic),0,Low Risk,Continue regular engagement,0.0,1.72
4879-GZLFH,42,92.15,Month-to-month,Fiber optic,No,Electronic check,0,Low Risk,Continue regular engagement,0.0,31.44
1644-IRKSF,33,93.8,One year,Fiber optic,No,Electronic check,0,Low Risk,Continue regular engagement,0.0,29.3
8314-HTWVE,7,19.85,Two year,No,No internet service,Mailed check,0,Low Risk,Continue regular engagement,0.0,1.91
9402-ROUMJ,67,100.25,One year,Fiber optic,Yes,Bank transfer (automatic),0,Low Risk,Continue regular engagement,0.0,11.82
2507-QZPQS,15,95.7,Month-to-month,Fiber optic,Yes,Electronic check,1,Medium Risk,Offer contract upgrade incentive,95.7,38.28
7159-NOKYQ,67,93.15,Two year,Fiber optic,No,Electronic check,0,Low Risk,Continue regular engagement,0.0,6.93
5707-ZMDJP,53,69.7,Two year,DSL,Yes,Mailed check,0,Low Risk,Continue regular engagement,0.0,0.94
8779-YIQQA,21,19.8,One year,No,No internet service,Mailed check,0,Low Risk,Continue regular engagement,0.0,2.39
7136-IHZJA,40,71.35,Month-to-month,DSL,Yes,Mailed check,0,Low Risk,Continue regular engagement,0.0,9.81
8966-OIQHG,22,20.75,One year,No,No internet service,Bank transfer (automatic),0,Low Risk,Continue regular engagement,0.0,2.13
7074-STDCN,39,40.6,Month-to-month,DSL,Yes,Electronic check,0,Low Risk,Continue regular engagement,0.0,17.11
3705-PSNGL,45,20.4,One year,No,No internet service,Electronic check,0,Low Risk,Continue regular engagement,0.0,3.2
8739-QOTTN,2,20.35,Month-to-month,No,No internet service,Mailed check,0,Low Risk,Continue regular engagement,0.0,11.7
1399-OUPJN,57,19.75,Two year,No,No internet service,Bank transfer (automatic),0,Low Risk,Continue regular engagement,0.0,1.25
0277-BKSQP,8,54.4,Month-to-month,DSL,No,Electronic check,1,Medium Risk,Offer contract upgrade incentive,54.4,39.6
6502-HCJTI,7,94.7,Month-to-month,Fiber optic,No,Credit card (automatic),1,High Risk,Offer annual contract discount + proactive support,94.7,78.27
2606-RMDHZ,6,30.5,Month-to-month,DSL,No,Credit card (automatic),1,Medium Risk,Offer contract upgrade incentive,30.5,38.79
5774-XZTQC,7,20.45,Month-to-month,No,No internet service,Mailed check,0,Low Risk,Continue regular engagement,0.0,7.37
2676-SSLTO,49,66.15,Two year,DSL,Yes,Bank transfer (automatic),0,Low Risk,Continue regular engagement,0.0,2.45
6266-QHOJZ,65,89.85,One year,Fiber optic,Yes,Electronic check,0,Low Risk,Continue regular engagement,0.0,7.81
7269-JISCY,55,45.05,One year,DSL,No,Bank transfer (automatic),0,Low Risk,Continue regular engagement,0.0,5.7
0363-SVHYR,71,86.85,Two year,DSL,Yes,Bank transfer (automatic),0,Low Risk,Continue regular engagement,0.0,0.64
8547-NSBBO,35,96.75,Month-to-month,Fiber optic,Yes,Mailed check,0,Low Risk,Continue regular engagement,0.0,12.1
8258-GSTJK,3,77.0,Month-to-month,Fiber optic,No,Electronic check,1,High Risk,Offer annual contract discount + proactive support,77.0,78.91
6861-OKBCE,11,20.1,Month-to-month,No,No internet service,Credit card (automatic),0,Low Risk,Continue regular engagement,0.0,9.84
9940-RHLFB,1,75.3,Month-to-month,Fiber optic,No,Electronic check,1,High Risk,Offer annual contract discount + proactive support,75.3,74.7
6591-QGOYB,17,106.65,Month-to-month,Fiber optic,Yes,Bank transfer (automatic),1,Medium Risk,Offer contract upgrade incentive,106.65,38.23
9070-BCKQP,72,110.15,Two year,Fiber optic,Yes,Credit card (automatic),0,Low Risk,Continue regular engagement,0.0,1.06
6421-SZVEM,28,82.85,One year,Fiber optic,No,Bank transfer (automatic),0,Low Risk,Continue regular engagement,0.0,13.14
1328-EUZHC,18,20.1,Two year,No,No internet service,Mailed check,0,Low Risk,Continue regular engagement,0.0,1.64
2995-UPRYS,40,99.2,One year,Fiber optic,Yes,Credit card (automatic),0,Low Risk,Continue regular engagement,0.0,23.15
8878-RYUKI,52,59.45,Month-to-month,DSL,No,Electronic check,0,Low Risk,Continue regular engagement,0.0,21.76
9633-DENPU,47,58.6,Month-to-month,DSL,No,Bank transfer (automatic),0,Low Risk,Continue regular engagement,0.0,18.96
7811-JIVPF,23,49.7,Month-to-month,DSL,No,Credit card (automatic),0,Low Risk,Continue regular engagement,0.0,15.52
7113-HIPFI,66,65.85,Two year,DSL,Yes,Mailed check,0,Low Risk,Continue regular engagement,0.0,0.79
8541-QVFKM,8,73.5,Month-to-month,Fiber optic,No,Electronic check,1,High Risk,Offer annual contract discount + proactive support,73.5,71.81
6686-YPGHK,47,85.5,Month-to-month,Fiber optic,No,Mailed check,0,Low Risk,Continue regular engagement,0.0,30.75
1383-EZRWL,7,20.05,Month-to-month,No,No internet service,Mailed check,0,Low Risk,Continue regular engagement,0.0,9.66
9258-CNWAC,71,113.65,Two year,Fiber optic,Yes,Credit card (automatic),0,Low Risk,Continue regular engagement,0.0,1.89
5371-VYLSX,50,83.4,Month-to-month,Fiber optic,No,Electronic check,0,Low Risk,Continue regular engagement,0.0,33.07
6374-AFWOX,46,65.65,Two year,DSL,Yes,Mailed check,0,Low Risk,Continue regular engagement,0.0,1.6
4759-TRPLW,1,70.4,Month-to-month,Fiber optic,No,Electronic check,1,High Risk,Offer annual contract discount + proactive support,70.4,74.25
5317-FLPJF,66,61.35,Two year,DSL,Yes,Bank transfer (automatic),0,Low Risk,Continue regular engagement,0.0,1.07
7621-VPNET,42,85.9,Month-to-month,Fiber optic,Yes,Credit card (automatic),0,Low Risk,Continue regular engagement,0.0,25.15
6034-YMTOB,5,75.65,Month-to-month,Fiber optic,Yes,Mailed check,1,Medium Risk,Offer contract upgrade incentive,75.65,52.64
8563-IIOXK,7,49.75,One year,DSL,No,Electronic check,0,Low Risk,Continue regular engagement,0.0,21.84
4903-CNOZC,29,70.9,One year,DSL,No,Credit card (automatic),0,Low Risk,Continue regular engagement,0.0,6.3
4353-HYOJD,27,49.85,Month-to-month,DSL,No,Mailed check,0,Low Risk,Continue regular engagement,0.0,7.77
8020-BWHYL,15,75.3,Month-to-month,Fiber optic,No,Credit card (automatic),1,Medium Risk,Offer contract upgrade incentive,75.3,46.96
7267-FRMJW,25,20.1,Two year,No,No internet service,Mailed check,0,Low Risk,Continue regular engagement,0.0,1.5
2982-VPSGI,11,94.0,Month-to-month,Fiber optic,No,Electronic check,1,High Risk,Offer annual contract discount + proactive support,94.0,82.14
4188-FRABG,57,103.05,Month-to-month,Fiber optic,Yes,Electronic check,0,Low Risk,Continue regular engagement,0.0,30.5
8199-ZLLSA,67,118.35,One year,Fiber optic,Yes,Bank transfer (automatic),1,Medium Risk,Monitor customer + targeted engagement,118.35,43.41
4128-ETESU,47,99.7,Month-to-month,Fiber optic,No,Electronic check,1,Medium Risk,Offer contract upgrade incentive,99.7,51.79
0620-DLSLK,13,81.9,Month-to-month,Fiber optic,No,Mailed check,1,Medium Risk,Offer contract upgrade incentive,81.9,46.09
4625-EWPTF,8,30.45,Month-to-month,DSL,No,Electronic check,1,Medium Risk,Offer contract upgrade incentive,30.45,46.9
5980-NOPLP,44,96.1,Month-to-month,Fiber optic,No,Electronic check,1,Medium Risk,Offer contract upgrade incentive,96.1,57.49
3850-OKINF,71,66.2,One year,DSL,No,Electronic check,0,Low Risk,Continue regular engagement,0.0,4.03
6892-XPFPU,24,104.25,Month-to-month,Fiber optic,No,Electronic check,1,High Risk,Offer annual contract discount + proactive support,104.25,74.01
8010-EZLOU,15,80.2,Month-to-month,Fiber optic,No,Electronic check,1,Medium Risk,Offer contract upgrade incentive,80.2,63.93
1156-ZFYDO,1,19.75,Month-to-month,No,No internet service,Electronic check,1,Medium Risk,Offer contract upgrade incentive,19.75,45.21
3295-YVUSR,2,72.6,Month-to-month,Fiber optic,No,Mailed check,1,High Risk,Offer annual contract discount + proactive support,72.6,70.82
8016-NCFVO,55,116.5,Month-to-month,Fiber optic,Yes,Electronic check,0,Low Risk,Continue regular engagement,0.0,29.94
4119-ZYPZY,71,106.8,Two year,Fiber optic,Yes,Electronic check,0,Low Risk,Continue regular engagement,0.0,31.36
5549-ZGHFB,50,24.95,Two year,No,No internet service,Mailed check,0,Low Risk,Continue regular engagement,0.0,0.9
7577-SWIFR,1,89.25,Month-to-month,Fiber optic,No,Electronic check,1,High Risk,Offer annual contract discount + proactive support,89.25,85.43
0303-WMMRN,5,19.25,Month-to-month,No,No internet service,Mailed check,0,Low Risk,Continue regular engagement,0.0,6.63
6408-OTUBZ,66,104.55,One year,Fiber optic,Yes,Bank transfer (automatic),0,Low Risk,Continue regular engagement,0.0,8.45
5204-HMGYF,49,87.2,One year,DSL,Yes,Mailed check,0,Low Risk,Continue regular engagement,0.0,4.77
1078-TDCRN,3,30.75,Month-to-month,DSL,No,Electronic check,1,Medium Risk,Offer contract upgrade incentive,30.75,68.82
3727-OVPRY,66,25.7,One year,No,No internet service,Credit card (automatic),0,Low Risk,Continue regular engagement,0.0,1.61
3797-FKOGQ,11,86.2,Month-to-month,Fiber optic,No,Electronic check,1,Medium Risk,Offer contract upgrade incentive,86.2,45.63
7622-NXQZR,28,30.1,Month-to-month,DSL,Yes,Credit card (automatic),0,Low Risk,Continue regular engagement,0.0,14.57
6196-HBOBZ,65,99.35,Two year,Fiber optic,No,Electronic check,0,Low Risk,Continue regular engagement,0.0,5.16
3970-XGJDU,62,19.2,Two year,No,No internet service,Credit card (automatic),0,Low Risk,Continue regular engagement,0.0,0.86
7017-VFULY,2,20.1,Month-to-month,No,No internet service,Bank transfer (automatic),0,Low Risk,Continue regular engagement,0.0,14.82
5562-YJQGT,2,20.35,Month-to-month,No,No internet service,Credit card (automatic),0,Low Risk,Continue regular engagement,0.0,11.56
8807-OPMBM,55,25.65,Two year,No,No internet service,Credit card (automatic),0,Low Risk,Continue regular engagement,0.0,1.24
5439-WIKXB,41,94.55,Month-to-month,Fiber optic,No,Electronic check,1,Medium Risk,Offer contract upgrade incentive,94.55,41.59
9874-QLCLH,17,104.2,Month-to-month,Fiber optic,No,Electronic check,1,High Risk,Offer annual contract discount + proactive support,104.2,70.23
8294-UIMBA,30,94.4,One year,Fiber optic,Yes,Bank transfer (automatic),0,Low Risk,Continue regular engagement,0.0,16.25
8109-YUOHE,17,56.1,One year,DSL,No,Mailed check,0,Low Risk,Continue regular engagement,0.0,6.44
5840-NVDCG,16,68.25,Two year,DSL,Yes,Bank transfer (automatic),0,Low Risk,Continue regular engagement,0.0,2.03
8092-NLTGF,72,24.75,Two year,No,No internet service,Bank transfer (automatic),0,Low Risk,Continue regular engagement,0.0,0.59
5928-QLDHB,9,76.25,Month-to-month,Fiber optic,No,Electronic check,1,Medium Risk,Offer contract upgrade incentive,76.25,66.81
9840-EFJQB,1,74.35,Month-to-month,Fiber optic,No,Electronic check,1,Medium Risk,Offer contract upgrade incentive,74.35,68.61
0696-UKTOX,23,54.15,Month-to-month,DSL,Yes,Electronic check,0,Low Risk,Continue regular engagement,0.0,9.64
4801-KFYKL,8,19.45,Month-to-month,No,No internet service,Bank transfer (automatic),0,Low Risk,Continue regular engagement,0.0,10.46
3472-OAOOR,19,34.95,Month-to-month,DSL,No,Mailed check,0,Low Risk,Continue regular engagement,0.0,19.52
6135-OZQVA,7,53.65,Month-to-month,DSL,No,Electronic check,0,Low Risk,Continue regular engagement,0.0,33.62
8062-YBDOE,1,69.65,Month-to-month,Fiber optic,No,Electronic check,1,High Risk,Offer annual contract discount + proactive support,69.65,86.7
2252-JHJGE,61,104.0,One year,Fiber optic,No,Electronic check,0,Low Risk,Continue regular engagement,0.0,22.76
4188-PCPIG,57,70.35,Two year,DSL,Yes,Credit card (automatic),0,Low Risk,Continue regular engagement,0.0,1.3
6000-APYLU,9,80.8,Month-to-month,Fiber optic,No,Electronic check,1,Medium Risk,Offer contract upgrade incentive,80.8,58.77
7105-BENQF,15,64.85,One year,DSL,No,Mailed check,0,Low Risk,Continue regular engagement,0.0,9.02
7721-DVEKZ,1,19.65,Month-to-month,No,No internet service,Mailed check,1,Medium Risk,Offer contract upgrade incentive,19.65,38.34
3566-VVORZ,12,45.9,Month-to-month,DSL,No,Bank transfer (automatic),0,Low Risk,Continue regular engagement,0.0,19.53
9507-HSMMZ,54,20.0,Two year,No,No internet service,Mailed check,0,Low Risk,Continue regular engagement,0.0,2.07
2480-SQIOB,4,44.8,Month-to-month,DSL,No,Electronic check,1,Medium Risk,Offer contract upgrade incentive,44.8,38.4
0947-IDHRQ,7,80.3,Month-to-month,Fiber optic,No,Mailed check,1,Medium Risk,Offer contract upgrade incentive,80.3,63.37
7813-TKCVO,20,20.35,One year,No,No internet service,Mailed check,0,Low Risk,Continue regular engagement,0.0,3.16
0128-MKWSG,26,45.8,Month-to-month,DSL,Yes,Mailed check,0,Low Risk,Continue regular engagement,0.0,11.42
3672-YITQD,36,84.1,Month-to-month,Fiber optic,No,Electronic check,1,Medium Risk,Offer contract upgrade incentive,84.1,58.32
4350-ZTLPI,53,108.95,One year,Fiber optic,Yes,Bank transfer (automatic),0,Low Risk,Continue regular engagement,0.0,22.41
9048-JVYVF,3,69.35,Month-to-month,DSL,Yes,Electronic check,1,Medium Risk,Offer contract upgrade incentive,69.35,38.75
0361-HJRDX,68,64.35,Two year,DSL,Yes,Credit card (automatic),0,Low Risk,Continue regular engagement,0.0,1.61
5727-MYATE,72,90.8,Two year,DSL,Yes,Credit card (automatic),0,Low Risk,Continue regular engagement,0.0,0.47
3823-KYNQY,12,24.95,One year,No,No internet service,Credit card (automatic),0,Low Risk,Continue regular engagement,0.0,4.58
8988-ECPJR,34,79.6,Month-to-month,Fiber optic,No,Mailed check,1,Medium Risk,Offer contract upgrade incentive,79.6,36.82
7570-WELNY,68,84.7,Two year,Fiber optic,No,Bank transfer (automatic),0,Low Risk,Continue regular engagement,0.0,2.76
3021-VLNRJ,50,70.8,One year,DSL,Yes,Credit card (automatic),0,Low Risk,Continue regular engagement,0.0,3.4
3776-EKTKM,1,36.45,Month-to-month,DSL,No,Electronic check,1,High Risk,Offer annual contract discount + proactive support,36.45,85.55
2080-CAZNM,41,104.4,Month-to-month,Fiber optic,No,Electronic check,1,Medium Risk,Offer contract upgrade incentive,104.4,60.84
1028-FFNJK,30,101.5,Month-to-month,Fiber optic,Yes,Electronic check,1,Medium Risk,Offer contract upgrade incentive,101.5,49.33
6907-FLBER,1,54.3,Month-to-month,DSL,No,Electronic check,1,Medium Risk,Offer contract upgrade incentive,54.3,54.83
3001-UNBTL,29,103.95,Month-to-month,Fiber optic,No,Electronic check,1,Medium Risk,Offer contract upgrade incentive,103.95,62.96
5982-PSMKW,23,91.1,Two year,DSL,Yes,Credit card (automatic),0,Low Risk,Continue regular engagement,0.0,1.56
3507-GASNP,60,19.95,Two year,No,No internet service,Mailed check,0,Low Risk,Continue regular engagement,0.0,2.28
7096-ZNBZI,72,26.45,Two year,No,No internet service,Credit card (automatic),0,Low Risk,Continue regular engagement,0.0,0.82
1902-XBTFB,22,89.4,Month-to-month,Fiber optic,No,Electronic check,1,Medium Risk,Offer contract upgrade incentive,89.4,51.4
1676-MQAOA,72,75.1,Two year,DSL,Yes,Bank transfer (automatic),0,Low Risk,Continue regular engagement,0.0,0.91
0786-IVLAW,66,108.1,One year,Fiber optic,No,Bank transfer (automatic),0,Low Risk,Continue regular engagement,0.0,16.49
7566-DSRLQ,72,110.15,Two year,Fiber optic,Yes,Electronic check,0,Low Risk,Continue regular engagement,0.0,2.76
0643-OKLRP,47,80.35,Month-to-month,Fiber optic,No,Electronic check,0,Low Risk,Continue regular engagement,0.0,30.05
7245-JMTTQ,51,111.5,One year,Fiber optic,Yes,Electronic check,0,Low Risk,Continue regular engagement,0.0,23.96
6050-IJRHS,70,106.5,One year,Fiber optic,No,Electronic check,0,Low Risk,Continue regular engagement,0.0,17.29
6202-JVYEU,9,19.9,One year,No,No internet service,Electronic check,0,Low Risk,Continue regular engagement,0.0,6.68
8591-TKMZH,59,111.1,Two year,Fiber optic,Yes,Mailed check,0,Low Risk,Continue regular engagement,0.0,7.78
0734-OXWBT,3,70.7,Month-to-month,DSL,Yes,Mailed check,0,Low Risk,Continue regular engagement,0.0,23.59
4282-ACRXS,38,24.85,Month-to-month,DSL,No,Electronic check,0,Low Risk,Continue regular engagement,0.0,33.84
0365-TRTPY,37,91.2,Month-to-month,Fiber optic,No,Bank transfer (automatic),0,Low Risk,Continue regular engagement,0.0,13.15
7349-ALMUX,37,65.6,Two year,DSL,Yes,Bank transfer (automatic),0,Low Risk,Continue regular engagement,0.0,1.75
9381-NDKME,24,40.65,Month-to-month,DSL,No,Credit card (automatic),0,Low Risk,Continue regular engagement,0.0,32.9
6502-KUGLL,14,59.45,Month-to-month,DSL,Yes,Bank transfer (automatic),0,Low Risk,Continue regular engagement,0.0,9.51
1841-YSJGV,72,109.95,Two year,Fiber optic,Yes,Credit card (automatic),0,Low Risk,Continue regular engagement,0.0,2.05
2794-XIMMO,53,60.45,One year,DSL,Yes,Electronic check,0,Low Risk,Continue regular engagement,0.0,22.33
8382-SHQEH,8,84.9,Month-to-month,Fiber optic,No,Electronic check,1,High Risk,Offer annual contract discount + proactive support,84.9,82.1
3511-BFTJW,72,38.5,Two year,DSL,No,Credit card (automatic),0,Low Risk,Continue regular engagement,0.0,0.84
7668-XCFYV,17,92.55,Month-to-month,Fiber optic,No,Electronic check,1,Medium Risk,Offer contract upgrade incentive,92.55,69.86
2983-ZANRP,2,73.55,Month-to-month,Fiber optic,No,Bank transfer (automatic),1,Medium Risk,Offer contract upgrade incentive,73.55,60.45
7845-URHJN,8,20.15,Month-to-month,No,No internet service,Bank transfer (automatic),0,Low Risk,Continue regular engagement,0.0,18.15
3034-ZBEQN,48,34.7,One year,DSL,No,Mailed check,0,Low Risk,Continue regular engagement,0.0,12.14
5018-HEKFO,10,24.5,Month-to-month,No,No internet service,Mailed check,0,Low Risk,Continue regular engagement,0.0,14.14
2923-ARZLG,0,19.7,One year,No,No internet service,Mailed check,0,Low Risk,Continue regular engagement,0.0,18.95
3976-NLDEZ,1,20.6,Month-to-month,No,No internet service,Mailed check,0,Low Risk,Continue regular engagement,0.0,31.66
2282-YGNOR,29,58.0,One year,DSL,Yes,Credit card (automatic),0,Low Risk,Continue regular engagement,0.0,3.17
5336-UFNZP,65,107.45,One year,Fiber optic,No,Electronic check,0,Low Risk,Continue regular engagement,0.0,13.2
6854-EXGSF,8,65.5,Month-to-month,DSL,No,Bank transfer (automatic),0,Low Risk,Continue regular engagement,0.0,18.43
1241-EZFMJ,61,25.45,Two year,No,No internet service,Bank transfer (automatic),0,Low Risk,Continue regular engagement,0.0,1.03
9233-PSYHO,45,100.15,One year,Fiber optic,No,Bank transfer (automatic),0,Low Risk,Continue regular engagement,0.0,27.74
5376-PCKNB,72,104.45,One year,Fiber optic,No,Credit card (automatic),0,Low Risk,Continue regular engagement,0.0,11.12
8044-BGWPI,12,21.15,Month-to-month,No,No internet service,Electronic check,0,Low Risk,Continue regular engagement,0.0,10.75
4060-LDNLU,7,96.2,Month-to-month,Fiber optic,No,Electronic check,1,High Risk,Offer annual contract discount + proactive support,96.2,73.05
3589-PPVKW,9,44.4,Month-to-month,DSL,No,Mailed check,0,Low Risk,Continue regular engagement,0.0,27.26
8327-LZKAS,43,107.55,One year,Fiber optic,Yes,Electronic check,1,Medium Risk,Monitor customer + targeted engagement,107.55,48.55
5887-IKKYO,58,94.35,Two year,Fiber optic,Yes,Bank transfer (automatic),0,Low Risk,Continue regular engagement,0.0,6.29
1075-BGWOH,16,98.75,Month-to-month,Fiber optic,No,Electronic check,1,High Risk,Offer annual contract discount + proactive support,98.75,80.85
1755-RMCXH,2,20.3,Month-to-month,No,No internet service,Mailed check,0,Low Risk,Continue regular engagement,0.0,13.84
0302-JOIVN,8,101.15,Month-to-month,Fiber optic,No,Electronic check,1,Medium Risk,Offer contract upgrade incentive,101.15,65.86
3858-XHYJO,40,105.75,One year,Fiber optic,No,Bank transfer (automatic),0,Low Risk,Continue regular engagement,0.0,32.99
4299-SIMNS,9,81.15,Month-to-month,Fiber optic,No,Electronic check,1,Medium Risk,Offer contract upgrade incentive,81.15,56.21
7025-IWFHT,41,89.55,One year,Fiber optic,Yes,Electronic check,0,Low Risk,Continue regular engagement,0.0,14.3
6261-LHRTG,26,54.75,Month-to-month,DSL,No,Credit card (automatic),0,Low Risk,Continue regular engagement,0.0,14.57
7841-FCRQD,33,53.75,One year,DSL,Yes,Credit card (automatic),0,Low Risk,Continue regular engagement,0.0,5.21
2056-EVGZL,68,105.75,One year,Fiber optic,Yes,Credit card (automatic),0,Low Risk,Continue regular engagement,0.0,14.83
8777-MBMTS,65,105.85,Two year,Fiber optic,Yes,Credit card (automatic),0,Low Risk,Continue regular engagement,0.0,5.52
7753-USQYQ,55,64.2,One year,DSL,Yes,Electronic check,0,Low Risk,Continue regular engagement,0.0,6.68
5366-IJEQJ,20,88.7,Month-to-month,Fiber optic,No,Electronic check,1,Medium Risk,Offer contract upgrade incentive,88.7,60.76
7661-CPURM,19,87.7,One year,Fiber optic,Yes,Credit card (automatic),0,Low Risk,Continue regular engagement,0.0,16.77
6233-HXJMX,45,89.3,Month-to-month,Fiber optic,No,Credit card (automatic),0,Low Risk,Continue regular engagement,0.0,31.24
5902-WBLSE,70,20.15,Two year,No,No internet service,Credit card (automatic),0,Low Risk,Continue regular engagement,0.0,0.85
1981-INRFU,2,79.75,Month-to-month,Fiber optic,No,Electronic check,1,High Risk,Offer annual contract discount + proactive support,79.75,76.22
4971-PUYQO,27,94.55,Month-to-month,Fiber optic,No,Mailed check,1,Medium Risk,Offer contract upgrade incentive,94.55,56.55
3239-TPHPZ,12,20.05,Two year,No,No internet service,Electronic check,0,Low Risk,Continue regular engagement,0.0,3.26
5115-GZDEL,72,67.2,Two year,DSL,Yes,Credit card (automatic),0,Low Risk,Continue regular engagement,0.0,0.5
3338-CVVEH,12,94.55,Month-to-month,Fiber optic,No,Electronic check,1,High Risk,Offer annual contract discount + proactive support,94.55,70.4
8485-GJCDN,5,69.05,Month-to-month,Fiber optic,No,Mailed check,1,Medium Risk,Offer contract upgrade incentive,69.05,61.49
2615-YVMYX,71,107.5,Month-to-month,Fiber optic,No,Electronic check,0,Low Risk,Continue regular engagement,0.0,24.39
2851-STERV,35,73.0,One year,DSL,Yes,Electronic check,0,Low Risk,Continue regular engagement,0.0,14.43
4393-GEADV,70,114.75,Two year,Fiber optic,Yes,Credit card (automatic),0,Low Risk,Continue regular engagement,0.0,7.99
8486-AYEQH,31,76.05,Month-to-month,Fiber optic,No,Electronic check,1,Medium Risk,Offer contract upgrade incentive,76.05,44.74
1527-SXDPN,52,96.25,Two year,Fiber optic,Yes,Bank transfer (automatic),0,Low Risk,Continue regular engagement,0.0,8.25
6029-WTIPC,37,101.1,Month-to-month,Fiber optic,No,Electronic check,1,Medium Risk,Offer contract upgrade incentive,101.1,61.95
8634-CILSZ,69,104.7,One year,Fiber optic,Yes,Bank transfer (automatic),0,Low Risk,Continue regular engagement,0.0,34.11
5419-JKZNQ,30,77.9,Month-to-month,Fiber optic,No,Mailed check,1,Medium Risk,Offer contract upgrade incentive,77.9,36.87
2495-KZNFB,33,90.65,Month-to-month,Fiber optic,No,Electronic check,0,Low Risk,Continue regular engagement,0.0,31.2
1409-PHXTF,54,110.45,Two year,Fiber optic,Yes,Electronic check,0,Low Risk,Continue regular engagement,0.0,25.08
4560-WQAQW,59,68.7,One year,DSL,Yes,Bank transfer (automatic),0,Low Risk,Continue regular engagement,0.0,3.84
9591-YVTEB,55,44.85,Month-to-month,DSL,No,Electronic check,0,Low Risk,Continue regular engagement,0.0,33.84
9309-BZGNT,69,29.8,One year,DSL,No,Credit card (automatic),0,Low Risk,Continue regular engagement,0.0,5.53
4274-DRSQT,66,88.9,One year,Fiber optic,No,Bank transfer (automatic),0,Low Risk,Continue regular engagement,0.0,10.71
2027-DNKIV,37,58.75,One year,DSL,Yes,Mailed check,0,Low Risk,Continue regular engagement,0.0,4.02
8075-GXIUB,9,19.85,One year,No,No internet service,Credit card (automatic),0,Low Risk,Continue regular engagement,0.0,5.31
2885-HIJDH,69,86.9,Two year,DSL,Yes,Bank transfer (automatic),0,Low Risk,Continue regular engagement,0.0,2.06
5424-RLQLC,10,59.65,Month-to-month,DSL,No,Mailed check,0,Low Risk,Continue regular engagement,0.0,24.21
6682-QJDGB,40,55.25,Month-to-month,DSL,No,Mailed check,0,Low Risk,Continue regular engagement,0.0,10.06
6507-DTJZV,13,66.4,Month-to-month,DSL,No,Credit card (automatic),0,Low Risk,Continue regular engagement,0.0,16.64
8780-IXSTS,6,90.1,Month-to-month,Fiber optic,No,Electronic check,1,High Risk,Offer annual contract discount + proactive support,90.1,81.39
7673-BQGKU,69,20.15,Two year,No,No internet service,Bank transfer (automatic),0,Low Risk,Continue regular engagement,0.0,1.42
6723-WSNTY,66,108.1,One year,Fiber optic,Yes,Credit card (automatic),0,Low Risk,Continue regular engagement,0.0,17.92
9530-EHPOH,11,53.75,Month-to-month,DSL,No,Electronic check,0,Low Risk,Continue regular engagement,0.0,31.68
2725-IWWBA,46,56.9,One year,DSL,Yes,Mailed check,0,Low Risk,Continue regular engagement,0.0,3.89
0345-HKJVM,6,89.3,Month-to-month,Fiber optic,No,Electronic check,1,High Risk,Offer annual contract discount + proactive support,89.3,70.02
1061-PNTHC,56,109.6,Month-to-month,Fiber optic,Yes,Mailed check,0,Low Risk,Continue regular engagement,0.0,26.32
0394-YONDK,70,25.15,Two year,No,No internet service,Credit card (automatic),0,Low Risk,Continue regular engagement,0.0,0.63
6574-MCOEH,33,79.15,One year,DSL,Yes,Electronic check,0,Low Risk,Continue regular engagement,0.0,16.73
7399-QHBJS,72,66.75,Two year,DSL,Yes,Credit card (automatic),0,Low Risk,Continue regular engagement,0.0,0.62
3049-SOLAY,3,95.2,Month-to-month,Fiber optic,No,Electronic check,1,High Risk,Offer annual contract discount + proactive support,95.2,85.99
0997-YTLNY,19,48.8,Month-to-month,DSL,Yes,Mailed check,0,Low Risk,Continue regular engagement,0.0,12.13
3317-HRTNN,5,45.7,Month-to-month,DSL,No,Electronic check,1,Medium Risk,Offer contract upgrade incentive,45.7,63.87
9479-HYNYL,71,80.7,Two year,DSL,Yes,Credit card (automatic),0,Low Risk,Continue regular engagement,0.0,0.92
3235-ETOOB,8,74.5,Month-to-month,Fiber optic,No,Electronic check,1,Medium Risk,Offer contract upgrade incentive,74.5,49.29
9708-KFDBY,1,20.55,Month-to-month,No,No internet service,Credit card (automatic),0,Low Risk,Continue regular engagement,0.0,27.95
8058-INTPH,1,79.65,Month-to-month,Fiber optic,No,Electronic check,1,High Risk,Offer annual contract discount + proactive support,79.65,88.23
3642-GKTCT,61,115.1,One year,Fiber optic,Yes,Mailed check,0,Low Risk,Continue regular engagement,0.0,10.38
0774-RMNUW,71,59.7,Two year,DSL,Yes,Bank transfer (automatic),0,Low Risk,Continue regular engagement,0.0,0.45
1334-PDUKM,68,86.45,One year,Fiber optic,No,Credit card (automatic),0,Low Risk,Continue regular engagement,0.0,8.64
0756-MPZRL,46,33.7,One year,DSL,Yes,Credit card (automatic),0,Low Risk,Continue regular engagement,0.0,4.57
2242-MFOTG,33,80.1,One year,Fiber optic,No,Bank transfer (automatic),0,Low Risk,Continue regular engagement,0.0,7.27
2927-CVULT,53,104.05,Two year,Fiber optic,Yes,Bank transfer (automatic),0,Low Risk,Continue regular engagement,0.0,5.04
2144-BFDSO,50,108.75,Month-to-month,Fiber optic,No,Bank transfer (automatic),0,Low Risk,Continue regular engagement,0.0,27.46
8745-PVESG,57,41.1,One year,DSL,Yes,Credit card (automatic),0,Low Risk,Continue regular engagement,0.0,3.56
7647-GYYKX,54,20.35,Two year,No,No internet service,Bank transfer (automatic),0,Low Risk,Continue regular engagement,0.0,1.22
5647-FXOTP,60,105.9,Month-to-month,Fiber optic,No,Electronic check,1,Medium Risk,Offer contract upgrade incentive,105.9,44.31
5569-OUICF,28,101.3,Month-to-month,Fiber optic,Yes,Credit card (automatic),1,Medium Risk,Offer contract upgrade incentive,101.3,50.67
8821-XNHVZ,1,80.05,Month-to-month,Fiber optic,No,Mailed check,1,High Risk,Offer annual contract discount + proactive support,80.05,82.56
2082-OJVTK,29,89.2,Month-to-month,Fiber optic,No,Electronic check,1,Medium Risk,Offer contract upgrade incentive,89.2,51.27
9700-ISPUP,10,65.5,Month-to-month,DSL,Yes,Electronic check,0,Low Risk,Continue regular engagement,0.0,25.13
9839-ETQOE,43,40.45,Month-to-month,DSL,No,Electronic check,0,Low Risk,Continue regular engagement,0.0,18.59
6078-VESFR,13,70.45,Month-to-month,Fiber optic,No,Bank transfer (automatic),1,Medium Risk,Offer contract upgrade incentive,70.45,36.01
9027-TMATR,43,78.8,Two year,DSL,Yes,Electronic check,0,Low Risk,Continue regular engagement,0.0,3.74
5940-NFXKV,19,83.65,Month-to-month,Fiber optic,No,Electronic check,1,Medium Risk,Offer contract upgrade incentive,83.65,62.08
1941-HOSAM,1,90.1,Month-to-month,Fiber optic,No,Electronic check,1,High Risk,Offer annual contract discount + proactive support,90.1,82.04
9110-HSGTV,69,82.45,Two year,DSL,Yes,Credit card (automatic),0,Low Risk,Continue regular engagement,0.0,2.32
0704-VCUMB,61,20.25,Two year,No,No internet service,Credit card (automatic),0,Low Risk,Continue regular engagement,0.0,0.87
6171-ZTVYB,43,66.25,Month-to-month,DSL,Yes,Bank transfer (automatic),0,Low Risk,Continue regular engagement,0.0,7.68
8053-WWDRO,6,19.5,Month-to-month,No,No internet service,Bank transfer (automatic),0,Low Risk,Continue regular engagement,0.0,9.93
9564-KCLHR,1,51.25,Month-to-month,DSL,Yes,Mailed check,1,Medium Risk,Offer contract upgrade incentive,51.25,40.28
1935-IMVBB,56,89.7,Month-to-month,Fiber optic,No,Mailed check,0,Low Risk,Continue regular engagement,0.0,21.25
2535-PBCGC,70,64.55,Two year,DSL,Yes,Bank transfer (automatic),0,Low Risk,Continue regular engagement,0.0,1.86
2082-CEFLT,1,45.6,Month-to-month,DSL,No,Electronic check,1,High Risk,Offer annual contract discount + proactive support,45.6,72.27
1470-PSXNM,49,93.65,One year,Fiber optic,No,Electronic check,0,Low Risk,Continue regular engagement,0.0,18.52
1213-NGCUN,6,49.65,Month-to-month,DSL,Yes,Bank transfer (automatic),0,Low Risk,Continue regular engagement,0.0,28.94
2498-XLDZR,32,73.6,Two year,DSL,Yes,Mailed check,0,Low Risk,Continue regular engagement,0.0,1.44
9866-OCCKE,72,109.75,Two year,Fiber optic,Yes,Mailed check,0,Low Risk,Continue regular engagement,0.0,1.37
5338-YHWYT,37,61.45,Two year,DSL,Yes,Credit card (automatic),0,Low Risk,Continue regular engagement,0.0,1.9
7718-UPSKJ,69,106.4,One year,Fiber optic,Yes,Credit card (automatic),0,Low Risk,Continue regular engagement,0.0,16.44
8731-WBBMB,26,81.9,Month-to-month,DSL,Yes,Bank transfer (automatic),0,Low Risk,Continue regular engagement,0.0,9.44
1448-CYWKC,58,105.2,One year,Fiber optic,No,Credit card (automatic),0,Low Risk,Continue regular engagement,0.0,25.45
7901-IIDQV,24,54.6,One year,DSL,Yes,Bank transfer (automatic),0,Low Risk,Continue regular engagement,0.0,4.65
2690-DVRVK,5,20.55,One year,No,No internet service,Electronic check,0,Low Risk,Continue regular engagement,0.0,7.28
5688-KZTSN,15,20.0,Month-to-month,No,No internet service,Electronic check,0,Low Risk,Continue regular engagement,0.0,19.11
1270-XKUCC,30,19.7,Two year,No,No internet service,Mailed check,0,Low Risk,Continue regular engagement,0.0,1.26
0334-ZFJSR,55,66.05,One year,DSL,Yes,Credit card (automatic),0,Low Risk,Continue regular engagement,0.0,3.69
2894-QOJRX,25,34.0,Month-to-month,DSL,No,Bank transfer (automatic),0,Low Risk,Continue regular engagement,0.0,33.63
5747-PMBSQ,10,92.5,Month-to-month,Fiber optic,Yes,Mailed check,1,Medium Risk,Offer contract upgrade incentive,92.5,63.54
5583-EJXRD,44,54.05,Two year,DSL,Yes,Credit card (automatic),0,Low Risk,Continue regular engagement,0.0,2.13
4565-EVZMJ,47,58.9,One year,DSL,Yes,Mailed check,0,Low Risk,Continue regular engagement,0.0,4.79
3143-JQEGI,13,88.35,Month-to-month,Fiber optic,No,Electronic check,1,Medium Risk,Offer contract upgrade incentive,88.35,52.29
6386-SZZKH,49,107.95,Two year,Fiber optic,Yes,Bank transfer (automatic),0,Low Risk,Continue regular engagement,0.0,23.75
3327-YBAKM,64,96.9,One year,Fiber optic,Yes,Mailed check,0,Low Risk,Continue regular engagement,0.0,6.71
9441-QHEVC,1,19.1,Month-to-month,No,No internet service,Mailed check,0,Low Risk,Continue regular engagement,0.0,17.09
6705-LNMDD,20,50.0,Month-to-month,DSL,Yes,Mailed check,0,Low Risk,Continue regular engagement,0.0,14.27
2580-ASVVY,37,45.4,Two year,DSL,Yes,Electronic check,0,Low Risk,Continue regular engagement,0.0,5.55
3370-GQEAL,30,85.45,Month-to-month,Fiber optic,No,Electronic check,1,Medium Risk,Offer contract upgrade incentive,85.45,45.66
5032-USPKF,38,84.1,One year,DSL,No,Bank transfer (automatic),0,Low Risk,Continue regular engagement,0.0,11.75
2982-IHMFT,1,74.45,Month-to-month,Fiber optic,No,Mailed check,1,High Risk,Offer annual contract discount + proactive support,74.45,81.66
3521-SYVOR,37,64.75,Month-to-month,DSL,No,Electronic check,0,Low Risk,Continue regular engagement,0.0,26.55
4254-QPEDE,52,66.25,Two year,DSL,Yes,Credit card (automatic),0,Low Risk,Continue regular engagement,0.0,1.98
6283-GITPX,71,76.9,Two year,DSL,Yes,Credit card (automatic),0,Low Risk,Continue regular engagement,0.0,1.16
9526-JAWYF,26,89.8,Month-to-month,Fiber optic,No,Electronic check,1,Medium Risk,Offer contract upgrade incentive,89.8,35.49
0771-CHWSK,66,74.6,Two year,DSL,No,Credit card (automatic),0,Low Risk,Continue regular engagement,0.0,4.73
9788-HNGUT,72,116.95,Two year,Fiber optic,Yes,Credit card (automatic),0,Low Risk,Continue regular engagement,0.0,2.25
9495-REDIY,25,40.65,One year,DSL,No,Credit card (automatic),0,Low Risk,Continue regular engagement,0.0,8.54
5375-XLDOF,69,114.35,Two year,Fiber optic,Yes,Bank transfer (automatic),0,Low Risk,Continue regular engagement,0.0,10.97
1172-VIYBP,53,69.7,Two year,DSL,No,Bank transfer (automatic),0,Low Risk,Continue regular engagement,0.0,1.27
5649-VUKMC,12,95.5,One year,Fiber optic,No,Mailed check,1,Medium Risk,Monitor customer + targeted engagement,95.5,42.15
6559-PDZLR,26,98.65,Month-to-month,Fiber optic,Yes,Electronic check,1,Medium Risk,Offer contract upgrade incentive,98.65,53.55
8992-OBVDG,21,61.65,Month-to-month,DSL,No,Mailed check,0,Low Risk,Continue regular engagement,0.0,14.26
4273-MBHYA,1,89.35,Month-to-month,Fiber optic,No,Electronic check,1,High Risk,Offer annual contract discount + proactive support,89.35,81.59
4724-WXVWF,48,95.4,Month-to-month,Fiber optic,Yes,Electronic check,0,Low Risk,Continue regular engagement,0.0,30.45
5701-GUXDC,26,35.4,One year,DSL,No,Credit card (automatic),0,Low Risk,Continue regular engagement,0.0,8.02
1460-UZPRJ,60,19.95,Two year,No,No internet service,Mailed check,0,Low Risk,Continue regular engagement,0.0,0.99
6082-GLJIX,18,19.25,Month-to-month,No,No internet service,Mailed check,0,Low Risk,Continue regular engagement,0.0,3.21
5143-EGQFK,10,29.65,Month-to-month,DSL,Yes,Electronic check,1,Medium Risk,Offer contract upgrade incentive,29.65,51.61
4919-IKATY,5,84.5,Month-to-month,Fiber optic,No,Electronic check,1,High Risk,Offer annual contract discount + proactive support,84.5,70.47
2495-TTHBQ,4,20.4,One year,No,No internet service,Mailed check,0,Low Risk,Continue regular engagement,0.0,3.95
0485-ZBSLN,65,24.75,Two year,No,No internet service,Credit card (automatic),0,Low Risk,Continue regular engagement,0.0,0.71
3810-PJUHR,70,25.35,Two year,No,No internet service,Mailed check,0,Low Risk,Continue regular engagement,0.0,0.54
9050-QLROH,18,90.7,Month-to-month,Fiber optic,No,Credit card (automatic),1,Medium Risk,Offer contract upgrade incentive,90.7,41.1
0847-HGRML,62,20.0,Two year,No,No internet service,Bank transfer (automatic),0,Low Risk,Continue regular engagement,0.0,1.21
8232-CTLKO,66,59.75,Two year,DSL,No,Electronic check,0,Low Risk,Continue regular engagement,0.0,2.66
9227-YBAXE,65,82.5,Two year,DSL,Yes,Bank transfer (automatic),0,Low Risk,Continue regular engagement,0.0,2.65
6168-WFVVF,3,70.3,Month-to-month,Fiber optic,No,Electronic check,1,Medium Risk,Offer contract upgrade incentive,70.3,62.75
9860-LISIZ,34,20.35,Month-to-month,No,No internet service,Mailed check,0,Low Risk,Continue regular engagement,0.0,4.64
0112-QAWRZ,16,90.8,Month-to-month,Fiber optic,No,Bank transfer (automatic),1,Medium Risk,Offer contract upgrade incentive,90.8,50.04
0877-SDMBN,54,103.95,One year,Fiber optic,No,Bank transfer (automatic),0,Low Risk,Continue regular engagement,0.0,32.73
2786-GCDPI,50,104.95,Month-to-month,Fiber optic,Yes,Electronic check,1,Medium Risk,Offer contract upgrade incentive,104.95,45.1
4043-MKDTV,71,105.25,Two year,Fiber optic,Yes,Electronic check,0,Low Risk,Continue regular engagement,0.0,6.89
8065-YKXKD,10,74.75,Month-to-month,Fiber optic,No,Electronic check,1,Medium Risk,Offer contract upgrade incentive,74.75,67.93
9637-EIHEQ,1,50.8,Month-to-month,DSL,Yes,Electronic check,1,Medium Risk,Offer contract upgrade incentive,50.8,52.2
9229-RQABD,18,23.75,One year,No,No internet service,Mailed check,0,Low Risk,Continue regular engagement,0.0,3.81
8313-KTIHG,4,61.3,Month-to-month,DSL,Yes,Electronic check,0,Low Risk,Continue regular engagement,0.0,34.91
5320-BRKGK,58,75.8,Two year,DSL,Yes,Mailed check,0,Low Risk,Continue regular engagement,0.0,0.95
6284-KMNUF,56,98.0,One year,Fiber optic,No,Electronic check,0,Low Risk,Continue regular engagement,0.0,22.64
9689-PTNPG,2,80.25,Month-to-month,Fiber optic,No,Electronic check,1,High Risk,Offer annual contract discount + proactive support,80.25,71.49
9465-RWMXL,32,78.9,Month-to-month,Fiber optic,No,Electronic check,1,Medium Risk,Offer contract upgrade incentive,78.9,52.1
6229-UOLQL,56,52.0,One year,DSL,Yes,Mailed check,0,Low Risk,Continue regular engagement,0.0,3.51
2362-IBOOY,36,84.75,Month-to-month,Fiber optic,No,Electronic check,1,Medium Risk,Offer contract upgrade incentive,84.75,54.84
3137-LUPIX,4,64.4,Month-to-month,DSL,Yes,Mailed check,0,Low Risk,Continue regular engagement,0.0,31.21
0843-WTBXE,53,85.45,Month-to-month,Fiber optic,No,Bank transfer (automatic),0,Low Risk,Continue regular engagement,0.0,33.93
6143-JQKEA,10,45.8,Month-to-month,DSL,No,Credit card (automatic),0,Low Risk,Continue regular engagement,0.0,28.24
8676-OOQEJ,4,30.5,Month-to-month,DSL,Yes,Electronic check,0,Low Risk,Continue regular engagement,0.0,34.11
5515-IDEJJ,1,19.9,Month-to-month,No,No internet service,Mailed check,1,Medium Risk,Offer contract upgrade incentive,19.9,39.05
9701-CDXHR,51,69.15,Month-to-month,Fiber optic,No,Mailed check,0,Low Risk,Continue regular engagement,0.0,15.85
7450-NWRTR,12,99.45,Month-to-month,Fiber optic,No,Electronic check,1,High Risk,Offer annual contract discount + proactive support,99.45,89.63
8124-NZVGJ,6,49.25,One year,DSL,Yes,Mailed check,0,Low Risk,Continue regular engagement,0.0,23.86
2162-FRZAA,63,39.35,Two year,DSL,Yes,Bank transfer (automatic),0,Low Risk,Continue regular engagement,0.0,1.88
5376-DEQCP,1,70.6,Month-to-month,Fiber optic,No,Electronic check,1,High Risk,Offer annual contract discount + proactive support,70.6,81.74
5118-MUEYH,48,105.1,Month-to-month,Fiber optic,Yes,Credit card (automatic),1,Medium Risk,Offer contract upgrade incentive,105.1,39.28
9095-HFAFX,5,81.0,Month-to-month,Fiber optic,No,Credit card (automatic),1,Medium Risk,Offer contract upgrade incentive,81.0,62.95
5627-TVBPP,35,20.1,One year,No,No internet service,Credit card (automatic),0,Low Risk,Continue regular engagement,0.0,1.65
2379-ENZGV,6,84.85,Month-to-month,Fiber optic,No,Electronic check,1,High Risk,Offer annual contract discount + proactive support,84.85,71.17
3936-QQFLL,2,19.75,Month-to-month,No,No internet service,Mailed check,0,Low Risk,Continue regular engagement,0.0,17.5
2589-AYCRP,50,19.75,One year,No,No internet service,Bank transfer (automatic),0,Low Risk,Continue regular engagement,0.0,4.2
4067-HLYQI,33,70.4,Month-to-month,Fiber optic,No,Bank transfer (automatic),0,Low Risk,Continue regular engagement,0.0,33.19
5124-EOGYE,31,20.45,Two year,No,No internet service,Mailed check,0,Low Risk,Continue regular engagement,0.0,0.92
5057-RKGLH,9,20.35,Two year,No,No internet service,Mailed check,0,Low Risk,Continue regular engagement,0.0,1.46
0292-WEGCH,54,86.2,Month-to-month,DSL,Yes,Electronic check,0,Low Risk,Continue regular engagement,0.0,12.91
8910-ICHIU,46,95.65,One year,Fiber optic,No,Credit card (automatic),0,Low Risk,Continue regular engagement,0.0,9.21
4097-YODCF,34,103.8,One year,Fiber optic,No,Electronic check,0,Low Risk,Continue regular engagement,0.0,21.92
9715-WZCLW,71,97.2,Two year,Fiber optic,No,Electronic check,0,Low Risk,Continue regular engagement,0.0,5.26
9786-YWNHU,63,63.55,Two year,DSL,Yes,Mailed check,0,Low Risk,Continue regular engagement,0.0,0.62
6407-GSJNL,51,24.95,Two year,No,No internet service,Bank transfer (automatic),0,Low Risk,Continue regular engagement,0.0,1.07
6005-OBZPH,26,89.15,Month-to-month,Fiber optic,No,Electronic check,1,Medium Risk,Offer contract upgrade incentive,89.15,63.74
4049-ZPALD,64,99.0,Two year,Fiber optic,No,Bank transfer (automatic),0,Low Risk,Continue regular engagement,0.0,3.44
7932-WPTDS,1,24.8,Month-to-month,DSL,No,Electronic check,1,High Risk,Offer annual contract discount + proactive support,24.8,82.3
3733-UOCWF,61,85.55,One year,Fiber optic,Yes,Bank transfer (automatic),0,Low Risk,Continue regular engagement,0.0,6.18
6833-JMZYP,15,94.0,Month-to-month,Fiber optic,No,Credit card (automatic),1,Medium Risk,Offer contract upgrade incentive,94.0,49.56
2722-VOJQL,64,105.65,One year,Fiber optic,Yes,Credit card (automatic),0,Low Risk,Continue regular engagement,0.0,30.67
1310-QRITU,18,50.3,Month-to-month,DSL,No,Electronic check,1,Medium Risk,Offer contract upgrade incentive,50.3,42.47
8961-QDZZJ,57,95.0,One year,Fiber optic,No,Electronic check,0,Low Risk,Continue regular engagement,0.0,12.1
9715-SBVSU,14,61.4,Two year,DSL,No,Bank transfer (automatic),0,Low Risk,Continue regular engagement,0.0,2.4
8490-BXHEO,18,80.55,Month-to-month,Fiber optic,No,Credit card (automatic),1,Medium Risk,Offer contract upgrade incentive,80.55,42.59
7173-TETGO,72,78.5,Two year,Fiber optic,No,Bank transfer (automatic),0,Low Risk,Continue regular engagement,0.0,1.35
7929-SKFGK,70,114.3,Two year,Fiber optic,Yes,Credit card (automatic),0,Low Risk,Continue regular engagement,0.0,8.13
2300-RQGOI,38,20.05,Two year,No,No internet service,Mailed check,0,Low Risk,Continue regular engagement,0.0,1.38
3563-SVYLG,68,62.65,Two year,DSL,Yes,Credit card (automatic),0,Low Risk,Continue regular engagement,0.0,1.01
5228-EXCET,13,80.85,Month-to-month,Fiber optic,No,Electronic check,1,Medium Risk,Offer contract upgrade incentive,80.85,48.34
6435-VWCCY,65,92.7,Two year,Fiber optic,No,Credit card (automatic),0,Low Risk,Continue regular engagement,0.0,3.57
4998-IKFSE,30,100.45,Month-to-month,Fiber optic,No,Electronic check,1,Medium Risk,Offer contract upgrade incentive,100.45,41.68
8630-QSGXK,51,75.2,Two year,DSL,Yes,Bank transfer (automatic),0,Low Risk,Continue regular engagement,0.0,1.85
2455-USLMV,31,84.75,Month-to-month,Fiber optic,No,Credit card (automatic),0,Low Risk,Continue regular engagement,0.0,29.29
7394-FKDNK,9,89.45,Month-to-month,Fiber optic,No,Electronic check,1,Medium Risk,Offer contract upgrade incentive,89.45,64.93
9488-FVZCC,72,79.5,Two year,DSL,Yes,Bank transfer (automatic),0,Low Risk,Continue regular engagement,0.0,0.58
6331-LWDTQ,10,72.15,Month-to-month,DSL,No,Credit card (automatic),0,Low Risk,Continue regular engagement,0.0,33.97
5995-WWKKG,37,19.8,One year,No,No internet service,Electronic check,0,Low Risk,Continue regular engagement,0.0,4.25
1597-FZREH,2,76.4,Month-to-month,DSL,Yes,Electronic check,1,Medium Risk,Offer contract upgrade incentive,76.4,47.54
7879-CGSFV,55,100.9,One year,Fiber optic,No,Mailed check,0,Low Risk,Continue regular engagement,0.0,17.49
9921-EZKBY,33,95.3,Month-to-month,Fiber optic,No,Bank transfer (automatic),0,Low Risk,Continue regular engagement,0.0,24.94
7432-FFVAR,46,90.95,One year,Fiber optic,Yes,Bank transfer (automatic),0,Low Risk,Continue regular engagement,0.0,7.54
7246-ZGQDF,1,54.5,Month-to-month,DSL,Yes,Electronic check,1,Medium Risk,Offer contract upgrade incentive,54.5,35.5
7000-WCEVQ,20,61.6,Month-to-month,DSL,No,Mailed check,1,Medium Risk,Offer contract upgrade incentive,61.6,36.91
0727-IWKVK,9,79.9,Month-to-month,Fiber optic,No,Electronic check,1,Medium Risk,Offer contract upgrade incentive,79.9,62.06
5959-BELXA,32,96.15,Month-to-month,Fiber optic,No,Credit card (automatic),1,Medium Risk,Offer contract upgrade incentive,96.15,62.49
4456-RHSNB,19,49.6,Month-to-month,DSL,No,Bank transfer (automatic),0,Low Risk,Continue regular engagement,0.0,18.7
3512-IZIKN,70,65.3,Two year,DSL,Yes,Credit card (automatic),0,Low Risk,Continue regular engagement,0.0,3.79
2481-SBOYW,61,25.0,Two year,No,No internet service,Credit card (automatic),0,Low Risk,Continue regular engagement,0.0,1.28
7109-MFBYV,26,45.45,Month-to-month,DSL,No,Electronic check,0,Low Risk,Continue regular engagement,0.0,15.55
1833-TCXKK,45,107.75,Month-to-month,Fiber optic,No,Bank transfer (automatic),1,Medium Risk,Offer contract upgrade incentive,107.75,48.41
1832-PEUTS,62,89.1,Two year,Fiber optic,No,Credit card (automatic),0,Low Risk,Continue regular engagement,0.0,4.56
6141-OOXUQ,1,19.65,Month-to-month,No,No internet service,Mailed check,1,Medium Risk,Offer contract upgrade incentive,19.65,36.31
8660-BUETV,3,44.75,Month-to-month,DSL,No,Mailed check,0,Low Risk,Continue regular engagement,0.0,32.66
0580-PIQHM,41,101.6,One year,Fiber optic,No,Bank transfer (automatic),0,Low Risk,Continue regular engagement,0.0,13.47
5696-CEIQJ,67,103.15,Two year,Fiber optic,Yes,Bank transfer (automatic),0,Low Risk,Continue regular engagement,0.0,4.07
7503-ZGUZJ,1,84.65,Month-to-month,Fiber optic,No,Mailed check,1,High Risk,Offer annual contract discount + proactive support,84.65,85.21
1696-HXOWK,71,95.65,One year,Fiber optic,No,Mailed check,0,Low Risk,Continue regular engagement,0.0,1.57
3026-ATZYV,37,75.1,One year,DSL,No,Bank transfer (automatic),0,Low Risk,Continue regular engagement,0.0,8.69
4012-YCFAI,60,61.35,Two year,DSL,Yes,Mailed check,0,Low Risk,Continue regular engagement,0.0,0.82
2506-TNFCO,1,69.55,Month-to-month,Fiber optic,No,Electronic check,1,High Risk,Offer annual contract discount + proactive support,69.55,87.43
9970-QBCDA,6,19.7,Month-to-month,No,No internet service,Credit card (automatic),0,Low Risk,Continue regular engagement,0.0,10.66
8718-PTMEZ,13,31.05,Month-to-month,DSL,No,Electronic check,1,Medium Risk,Offer contract upgrade incentive,31.05,45.85
9496-IVVRP,11,51.0,Month-to-month,DSL,No,Bank transfer (automatic),0,Low Risk,Continue regular engagement,0.0,12.46
2207-OBZNX,7,51.0,Month-to-month,DSL,No,Mailed check,0,Low Risk,Continue regular engagement,0.0,21.61
2657-VPXTA,10,88.85,Month-to-month,Fiber optic,No,Electronic check,1,Medium Risk,Offer contract upgrade incentive,88.85,67.44
6551-VLJMV,34,20.05,Two year,No,No internet service,Credit card (automatic),0,Low Risk,Continue regular engagement,0.0,0.92
1221-GHZEP,62,65.1,Two year,DSL,Yes,Mailed check,0,Low Risk,Continue regular engagement,0.0,0.81
9289-LBQVU,64,70.15,One year,DSL,Yes,Mailed check,0,Low Risk,Continue regular engagement,0.0,5.66
6142-VSJQO,1,44.35,Month-to-month,DSL,No,Bank transfer (automatic),1,Medium Risk,Offer contract upgrade incentive,44.35,50.42
3458-IDMFK,25,20.75,Two year,No,No internet service,Mailed check,0,Low Risk,Continue regular engagement,0.0,1.04
6933-FHBZC,26,56.05,One year,DSL,No,Mailed check,0,Low Risk,Continue regular engagement,0.0,6.48
0221-NAUXK,10,19.95,One year,No,No internet service,Bank transfer (automatic),0,Low Risk,Continue regular engagement,0.0,3.84
9770-KXGQU,53,98.6,One year,Fiber optic,No,Mailed check,0,Low Risk,Continue regular engagement,0.0,7.32
6437-UKHMV,7,79.7,Month-to-month,Fiber optic,No,Electronic check,1,High Risk,Offer annual contract discount + proactive support,79.7,74.87
6538-POCHL,33,79.0,Month-to-month,Fiber optic,No,Credit card (automatic),0,Low Risk,Continue regular engagement,0.0,31.85
6726-NNFWD,71,89.45,Two year,Fiber optic,No,Credit card (automatic),0,Low Risk,Continue regular engagement,0.0,2.08
3002-WQZWT,29,74.2,Month-to-month,Fiber optic,No,Electronic check,1,Medium Risk,Offer contract upgrade incentive,74.2,40.24
4277-UDIEF,24,81.0,Month-to-month,DSL,Yes,Bank transfer (automatic),0,Low Risk,Continue regular engagement,0.0,9.09
1208-NBVFH,20,49.6,Month-to-month,DSL,No,Electronic check,0,Low Risk,Continue regular engagement,0.0,34.76
4912-PIGUY,1,84.6,Month-to-month,Fiber optic,No,Electronic check,1,High Risk,Offer annual contract discount + proactive support,84.6,88.94
1114-CENIM,54,55.0,Month-to-month,DSL,No,Credit card (automatic),0,Low Risk,Continue regular engagement,0.0,16.19
6060-DRTNL,5,84.85,Month-to-month,Fiber optic,No,Mailed check,1,High Risk,Offer annual contract discount + proactive support,84.85,73.84
2725-TTRIQ,72,84.2,Two year,DSL,Yes,Bank transfer (automatic),0,Low Risk,Continue regular engagement,0.0,0.51
3374-TTZTK,52,106.3,Two year,Fiber optic,Yes,Electronic check,0,Low Risk,Continue regular engagement,0.0,20.68
8990-ZXLSU,9,69.05,Month-to-month,Fiber optic,No,Electronic check,1,Medium Risk,Offer contract upgrade incentive,69.05,43.42
2275-RBYQS,1,45.4,Month-to-month,DSL,No,Mailed check,1,Medium Risk,Offer contract upgrade incentive,45.4,60.91
8473-VUVJN,1,73.65,Month-to-month,Fiber optic,No,Electronic check,1,High Risk,Offer annual contract discount + proactive support,73.65,84.75
6289-CPNLD,33,73.9,One year,DSL,Yes,Mailed check,0,Low Risk,Continue regular engagement,0.0,12.53
5536-SLHPM,55,77.75,Month-to-month,Fiber optic,No,Electronic check,1,Medium Risk,Offer contract upgrade incentive,77.75,45.81
4419-UJMUS,69,99.35,Two year,Fiber optic,Yes,Electronic check,0,Low Risk,Continue regular engagement,0.0,8.58
7794-JASDG,1,50.75,Month-to-month,DSL,No,Mailed check,1,Medium Risk,Offer contract upgrade incentive,50.75,47.55
7609-YBPXG,54,87.1,Two year,DSL,Yes,Bank transfer (automatic),0,Low Risk,Continue regular engagement,0.0,2.05
5519-TEEUH,33,20.15,One year,No,No internet service,Mailed check,0,Low Risk,Continue regular engagement,0.0,2.33
7856-GANIL,45,98.7,One year,Fiber optic,Yes,Bank transfer (automatic),0,Low Risk,Continue regular engagement,0.0,12.78
0804-XBFBV,11,25.2,Month-to-month,DSL,No,Electronic check,0,Low Risk,Continue regular engagement,0.0,27.42
2676-OXPPQ,6,55.7,Month-to-month,DSL,No,Bank transfer (automatic),0,Low Risk,Continue regular engagement,0.0,19.37
3703-TTEPD,21,65.35,Month-to-month,DSL,No,Bank transfer (automatic),0,Low Risk,Continue regular engagement,0.0,13.65
2799-TSLAG,65,25.3,Two year,No,No internet service,Bank transfer (automatic),0,Low Risk,Continue regular engagement,0.0,1.23
0196-VULGZ,6,84.35,Month-to-month,Fiber optic,No,Electronic check,1,High Risk,Offer annual contract discount + proactive support,84.35,80.86
8837-VVWLQ,8,84.95,Month-to-month,Fiber optic,No,Electronic check,1,Medium Risk,Offer contract upgrade incentive,84.95,49.02
2696-NARTR,11,73.85,Month-to-month,Fiber optic,Yes,Electronic check,1,Medium Risk,Offer contract upgrade incentive,73.85,56.55
2208-NKVVH,43,24.25,Two year,No,No internet service,Mailed check,0,Low Risk,Continue regular engagement,0.0,1.29
7614-QVWQL,49,51.8,One year,DSL,No,Bank transfer (automatic),0,Low Risk,Continue regular engagement,0.0,21.86
1976-CFOCS,1,46.0,Month-to-month,DSL,No,Electronic check,1,High Risk,Offer annual contract discount + proactive support,46.0,70.61
4631-OACRM,15,79.4,Month-to-month,Fiber optic,No,Electronic check,1,Medium Risk,Offer contract upgrade incentive,79.4,61.62
7139-JZFVG,60,60.5,Two year,DSL,No,Bank transfer (automatic),0,Low Risk,Continue regular engagement,0.0,0.85
4987-GQWPO,17,25.1,Month-to-month,DSL,No,Credit card (automatic),0,Low Risk,Continue regular engagement,0.0,14.94
3755-JBMNH,16,71.8,Month-to-month,Fiber optic,No,Bank transfer (automatic),1,Medium Risk,Offer contract upgrade incentive,71.8,45.69
1757-TCATG,35,20.05,One year,No,No internet service,Bank transfer (automatic),0,Low Risk,Continue regular engagement,0.0,2.06
6345-ULYRW,44,88.4,One year,Fiber optic,No,Mailed check,0,Low Risk,Continue regular engagement,0.0,19.03
4776-XSKYQ,12,30.25,One year,DSL,Yes,Credit card (automatic),0,Low Risk,Continue regular engagement,0.0,7.51
8048-DSDFQ,1,20.2,Month-to-month,No,No internet service,Mailed check,0,Low Risk,Continue regular engagement,0.0,33.1
5753-QQWPW,28,59.9,One year,DSL,Yes,Electronic check,0,Low Risk,Continue regular engagement,0.0,5.82
6010-DDPPW,70,25.15,Two year,No,No internet service,Bank transfer (automatic),0,Low Risk,Continue regular engagement,0.0,1.2
1809-DMJHQ,5,46.0,Month-to-month,DSL,No,Mailed check,0,Low Risk,Continue regular engagement,0.0,30.52
6693-FRIRW,18,101.3,Month-to-month,Fiber optic,No,Credit card (automatic),0,Low Risk,Continue regular engagement,0.0,29.32
6586-MYGKD,70,76.95,Two year,DSL,Yes,Credit card (automatic),0,Low Risk,Continue regular engagement,0.0,5.94
3173-NVMPX,9,55.3,Month-to-month,DSL,No,Mailed check,0,Low Risk,Continue regular engagement,0.0,29.39
0248-PGHBZ,67,92.45,Two year,Fiber optic,Yes,Bank transfer (automatic),0,Low Risk,Continue regular engagement,0.0,2.27
0623-GDISB,1,48.45,Month-to-month,DSL,No,Bank transfer (automatic),1,Medium Risk,Offer contract upgrade incentive,48.45,52.24
2892-GESUL,18,19.35,Two year,No,No internet service,Mailed check,0,Low Risk,Continue regular engagement,0.0,1.67
6923-EFPNL,4,51.75,Month-to-month,DSL,No,Credit card (automatic),1,Medium Risk,Offer contract upgrade incentive,51.75,39.0
7472-EQOAV,71,86.7,One year,Fiber optic,No,Bank transfer (automatic),0,Low Risk,Continue regular engagement,0.0,2.43
9574-RKJIF,30,94.4,Month-to-month,Fiber optic,No,Electronic check,1,Medium Risk,Offer contract upgrade incentive,94.4,44.35
2043-WVTQJ,1,55.7,Month-to-month,DSL,No,Mailed check,1,Medium Risk,Offer contract upgrade incentive,55.7,42.24
8034-RYTVV,55,84.25,One year,Fiber optic,No,Credit card (automatic),0,Low Risk,Continue regular engagement,0.0,6.94
3863-QSTYI,59,64.65,Month-to-month,DSL,Yes,Electronic check,0,Low Risk,Continue regular engagement,0.0,9.56
2619-WFQWU,1,70.15,Month-to-month,Fiber optic,No,Mailed check,1,High Risk,Offer annual contract discount + proactive support,70.15,76.21
5044-LRQAQ,7,69.2,Month-to-month,Fiber optic,No,Bank transfer (automatic),1,Medium Risk,Offer contract upgrade incentive,69.2,54.16
1716-LSAMB,45,54.65,Two year,DSL,Yes,Bank transfer (automatic),0,Low Risk,Continue regular engagement,0.0,1.47
1333-PBMXB,54,24.75,One year,No,No internet service,Bank transfer (automatic),0,Low Risk,Continue regular engagement,0.0,2.39
6546-OPBBH,51,23.95,One year,No,No internet service,Mailed check,0,Low Risk,Continue regular engagement,0.0,2.98
5985-BEHZK,72,105.0,One year,Fiber optic,No,Credit card (automatic),0,Low Risk,Continue regular engagement,0.0,7.78
9127-QRZMH,44,59.85,One year,DSL,Yes,Bank transfer (automatic),0,Low Risk,Continue regular engagement,0.0,5.11
5919-VCZYM,2,20.05,Month-to-month,No,No internet service,Mailed check,0,Low Risk,Continue regular engagement,0.0,12.53
9644-KVCNC,66,92.15,One year,Fiber optic,No,Bank transfer (automatic),0,Low Risk,Continue regular engagement,0.0,10.63
2137-DQMEV,68,44.8,One year,DSL,No,Mailed check,0,Low Risk,Continue regular engagement,0.0,4.75
8174-LNWMW,31,20.9,Two year,No,No internet service,Credit card (automatic),0,Low Risk,Continue regular engagement,0.0,1.2
9279-CJEOJ,21,95.4,Month-to-month,Fiber optic,No,Bank transfer (automatic),1,Medium Risk,Offer contract upgrade incentive,95.4,61.72
7964-VEXDG,21,80.35,Month-to-month,Fiber optic,No,Electronic check,0,Low Risk,Continue regular engagement,0.0,31.95
2404-JIBFC,55,85.1,Two year,DSL,Yes,Bank transfer (automatic),0,Low Risk,Continue regular engagement,0.0,1.67
0778-NELLA,9,34.7,Month-to-month,DSL,No,Credit card (automatic),1,Medium Risk,Offer contract upgrade incentive,34.7,40.28
8029-XYPWT,71,115.05,Two year,Fiber optic,Yes,Bank transfer (automatic),0,Low Risk,Continue regular engagement,0.0,2.84
4614-NUVZD,1,81.1,Month-to-month,Fiber optic,No,Electronic check,1,High Risk,Offer annual contract discount + proactive support,81.1,83.91
4632-PAOYU,22,19.95,One year,No,No internet service,Mailed check,0,Low Risk,Continue regular engagement,0.0,2.84
3803-KMQFW,1,20.55,Month-to-month,No,No internet service,Mailed check,1,Medium Risk,Offer contract upgrade incentive,20.55,35.53
6804-GDMOI,61,106.6,Two year,Fiber optic,Yes,Electronic check,0,Low Risk,Continue regular engagement,0.0,29.35
2990-OGYTD,67,86.15,Two year,DSL,Yes,Bank transfer (automatic),0,Low Risk,Continue regular engagement,0.0,2.1
6646-JPPHA,14,78.85,Month-to-month,Fiber optic,No,Electronic check,1,Medium Risk,Offer contract upgrade incentive,78.85,35.09
9572-MTILT,59,106.75,Month-to-month,Fiber optic,Yes,Electronic check,1,Medium Risk,Offer contract upgrade incentive,106.75,37.94
7658-UYUQS,21,86.55,Month-to-month,Fiber optic,No,Bank transfer (automatic),0,Low Risk,Continue regular engagement,0.0,33.52
7880-XSOJX,4,42.4,Month-to-month,DSL,Yes,Mailed check,0,Low Risk,Continue regular engagement,0.0,19.82
9611-CTWIH,3,89.45,Month-to-month,Fiber optic,No,Electronic check,1,Medium Risk,Offer contract upgrade incentive,89.45,67.21
4589-IUAJB,70,24.25,Two year,No,No internet service,Bank transfer (automatic),0,Low Risk,Continue regular engagement,0.0,0.63
0329-GTIAJ,3,97.9,Month-to-month,Fiber optic,Yes,Electronic check,1,High Risk,Offer annual contract discount + proactive support,97.9,77.4
8746-BFOAJ,21,20.5,One year,No,No internet service,Bank transfer (automatic),0,Low Risk,Continue regular engagement,0.0,2.53
8457-XIGKN,20,19.6,Month-to-month,No,No internet service,Credit card (automatic),0,Low Risk,Continue regular engagement,0.0,5.41
6072-NUQCB,22,20.25,One year,No,No internet service,Bank transfer (automatic),0,Low Risk,Continue regular engagement,0.0,2.18
6629-CZTTH,1,55.7,Month-to-month,DSL,No,Mailed check,1,Medium Risk,Offer contract upgrade incentive,55.7,62.6
8838-GPHZP,63,20.6,Two year,No,No internet service,Mailed check,0,Low Risk,Continue regular engagement,0.0,0.88
8750-QWZAJ,70,19.8,Two year,No,No internet service,Bank transfer (automatic),0,Low Risk,Continue regular engagement,0.0,1.33
5364-EVNIB,13,79.8,Month-to-month,Fiber optic,No,Electronic check,1,Medium Risk,Offer contract upgrade incentive,79.8,51.91
6918-UMQCG,5,80.2,Month-to-month,Fiber optic,No,Electronic check,1,Medium Risk,Offer contract upgrade incentive,80.2,55.63
0675-NCDYU,72,116.4,Two year,Fiber optic,Yes,Credit card (automatic),0,Low Risk,Continue regular engagement,0.0,1.21
6339-DKLMK,13,31.65,Month-to-month,DSL,No,Electronic check,1,Medium Risk,Offer contract upgrade incentive,31.65,41.82
1346-PJWTK,61,94.15,Month-to-month,Fiber optic,Yes,Credit card (automatic),0,Low Risk,Continue regular engagement,0.0,11.91
5088-QZLRL,1,20.65,Month-to-month,No,No internet service,Electronic check,0,Low Risk,Continue regular engagement,0.0,33.78
8023-QHAIO,56,76.85,Month-to-month,Fiber optic,Yes,Bank transfer (automatic),0,Low Risk,Continue regular engagement,0.0,21.4
4397-FRLTA,4,20.15,Month-to-month,No,No internet service,Mailed check,0,Low Risk,Continue regular engagement,0.0,10.46
3057-VJJQE,35,55.25,Two year,DSL,No,Mailed check,0,Low Risk,Continue regular engagement,0.0,1.32
5087-SUURX,18,39.05,Month-to-month,DSL,No,Electronic check,1,Medium Risk,Offer contract upgrade incentive,39.05,53.49
2302-OUZXB,72,82.15,Two year,DSL,No,Bank transfer (automatic),0,Low Risk,Continue regular engagement,0.0,1.01
8133-ANHHJ,49,103.0,One year,Fiber optic,Yes,Bank transfer (automatic),0,Low Risk,Continue regular engagement,0.0,13.72
2270-CHBFN,44,95.1,Month-to-month,Fiber optic,Yes,Credit card (automatic),0,Low Risk,Continue regular engagement,0.0,15.73
0013-EXCHZ,3,83.9,Month-to-month,Fiber optic,Yes,Mailed check,1,High Risk,Offer annual contract discount + proactive support,83.9,74.39
5982-FPVQN,37,95.15,Month-to-month,Fiber optic,No,Electronic check,1,Medium Risk,Offer contract upgrade incentive,95.15,35.46
9107-UKCKY,61,79.8,One year,DSL,No,Electronic check,0,Low Risk,Continue regular engagement,0.0,16.68
4654-ULTTN,70,74.8,Two year,DSL,Yes,Credit card (automatic),0,Low Risk,Continue regular engagement,0.0,5.71
5550-VFRLC,1,69.85,Month-to-month,Fiber optic,No,Electronic check,1,High Risk,Offer annual contract discount + proactive support,69.85,86.13
5546-BYZSM,41,20.45,Month-to-month,No,No internet service,Electronic check,0,Low Risk,Continue regular engagement,0.0,3.71
1492-KGETH,70,78.35,One year,DSL,Yes,Bank transfer (automatic),0,Low Risk,Continue regular engagement,0.0,8.22
4929-BSTRX,1,53.55,Month-to-month,DSL,No,Mailed check,1,Medium Risk,Offer contract upgrade incentive,53.55,64.16
4163-HFTUK,51,19.1,One year,No,No internet service,Electronic check,0,Low Risk,Continue regular engagement,0.0,2.22
8215-NGSPE,42,20.0,Two year,No,No internet service,Mailed check,0,Low Risk,Continue regular engagement,0.0,1.0
2225-ZRGSG,70,93.9,Two year,Fiber optic,Yes,Bank transfer (automatic),0,Low Risk,Continue regular engagement,0.0,3.84
8859-YSTWS,48,19.95,One year,No,No internet service,Bank transfer (automatic),0,Low Risk,Continue regular engagement,0.0,2.28
5271-YNWVR,68,113.15,Two year,Fiber optic,Yes,Electronic check,0,Low Risk,Continue regular engagement,0.0,8.78
7601-DHFWZ,48,24.0,Two year,No,No internet service,Credit card (automatic),0,Low Risk,Continue regular engagement,0.0,1.43
2657-ALMWY,26,84.95,Month-to-month,Fiber optic,No,Electronic check,1,Medium Risk,Offer contract upgrade incentive,84.95,46.78
6330-JKLPC,11,80.5,Month-to-month,Fiber optic,No,Bank transfer (automatic),1,Medium Risk,Offer contract upgrade incentive,80.5,56.81
4667-OHGKG,1,19.3,Month-to-month,No,No internet service,Mailed check,0,Low Risk,Continue regular engagement,0.0,34.0
1998-VHJHK,27,19.15,One year,No,No internet service,Mailed check,0,Low Risk,Continue regular engagement,0.0,0.8
1707-HABPF,46,91.3,One year,Fiber optic,No,Bank transfer (automatic),0,Low Risk,Continue regular engagement,0.0,9.41
1660-HSOOQ,1,49.65,Month-to-month,DSL,No,Mailed check,1,Medium Risk,Offer contract upgrade incentive,49.65,53.78
7253-UVNDW,46,54.35,Two year,DSL,Yes,Credit card (automatic),0,Low Risk,Continue regular engagement,0.0,3.52
0487-VVUVK,25,19.15,Month-to-month,No,No internet service,Mailed check,0,Low Risk,Continue regular engagement,0.0,4.27
7228-OMTPN,4,88.45,Month-to-month,Fiber optic,No,Electronic check,1,High Risk,Offer annual contract discount + proactive support,88.45,78.25
5063-IUOKK,13,19.75,Two year,No,No internet service,Mailed check,0,Low Risk,Continue regular engagement,0.0,1.7
4508-OEBEY,31,75.5,One year,DSL,Yes,Credit card (automatic),0,Low Risk,Continue regular engagement,0.0,10.49
0027-KWYKW,23,83.75,Month-to-month,Fiber optic,No,Electronic check,1,Medium Risk,Offer contract upgrade incentive,83.75,49.39
2308-STERM,2,19.4,Month-to-month,No,No internet service,Mailed check,0,Low Risk,Continue regular engagement,0.0,16.2
5982-XMDEX,65,26.5,Two year,No,No internet service,Bank transfer (automatic),0,Low Risk,Continue regular engagement,0.0,0.67
6284-AHOOQ,22,90.5,Month-to-month,Fiber optic,Yes,Bank transfer (automatic),1,Medium Risk,Offer contract upgrade incentive,90.5,41.12
6051-PTVNS,55,19.15,One year,No,No internet service,Credit card (automatic),0,Low Risk,Continue regular engagement,0.0,1.06
2344-JMOGN,9,94.85,Month-to-month,Fiber optic,Yes,Mailed check,1,Medium Risk,Offer contract upgrade incentive,94.85,61.85
3799-ISUZQ,7,69.95,Month-to-month,Fiber optic,No,Bank transfer (automatic),1,Medium Risk,Offer contract upgrade incentive,69.95,51.88
2877-VDUER,35,40.9,One year,DSL,Yes,Mailed check,0,Low Risk,Continue regular engagement,0.0,4.53
9152-AMKAK,6,80.25,Two year,DSL,Yes,Mailed check,0,Low Risk,Continue regular engagement,0.0,3.74
1794-HBQTJ,1,48.6,Month-to-month,DSL,No,Credit card (automatic),1,Medium Risk,Offer contract upgrade incentive,48.6,53.82
9432-VOFYX,17,70.8,Month-to-month,Fiber optic,No,Electronic check,1,Medium Risk,Offer contract upgrade incentive,70.8,48.79
8049-WJCLQ,10,60.2,Month-to-month,DSL,No,Mailed check,0,Low Risk,Continue regular engagement,0.0,19.37
6586-PSJOX,15,55.2,One year,DSL,Yes,Credit card (automatic),0,Low Risk,Continue regular engagement,0.0,6.24
2460-FPSYH,40,55.8,Month-to-month,DSL,No,Electronic check,1,Medium Risk,Offer contract upgrade incentive,55.8,35.44
9705-ZJBCG,13,54.15,One year,DSL,Yes,Bank transfer (automatic),0,Low Risk,Continue regular engagement,0.0,5.72
4818-DRBQT,29,80.15,Month-to-month,Fiber optic,No,Bank transfer (automatic),1,Medium Risk,Offer contract upgrade incentive,80.15,38.9
1320-HTRDR,3,75.5,Month-to-month,Fiber optic,No,Electronic check,1,High Risk,Offer annual contract discount + proactive support,75.5,71.93
6847-KJLTS,58,100.4,Month-to-month,Fiber optic,Yes,Bank transfer (automatic),0,Low Risk,Continue regular engagement,0.0,28.52
9670-BPNXF,45,62.55,One year,DSL,Yes,Credit card (automatic),0,Low Risk,Continue regular engagement,0.0,6.25
3913-FCUUW,72,70.45,Two year,DSL,Yes,Bank transfer (automatic),0,Low Risk,Continue regular engagement,0.0,0.87
3301-VKTGC,68,85.5,One year,Fiber optic,No,Bank transfer (automatic),0,Low Risk,Continue regular engagement,0.0,7.43
1493-AMTIE,1,20.2,Month-to-month,No,No internet service,Bank transfer (automatic),1,Medium Risk,Offer contract upgrade incentive,20.2,38.69
9555-SAHUZ,38,54.5,Month-to-month,DSL,No,Electronic check,0,Low Risk,Continue regular engagement,0.0,10.13
0816-TSPHQ,2,20.75,Month-to-month,No,No internet service,Mailed check,0,Low Risk,Continue regular engagement,0.0,11.74
9932-WBWIK,11,20.35,Month-to-month,No,No internet service,Mailed check,0,Low Risk,Continue regular engagement,0.0,8.68
4619-EVPHY,20,91.0,One year,Fiber optic,No,Bank transfer (automatic),0,Low Risk,Continue regular engagement,0.0,26.04
5286-YHCVC,72,104.8,Two year,Fiber optic,No,Bank transfer (automatic),0,Low Risk,Continue regular engagement,0.0,5.21
6424-ELEYH,3,74.75,Month-to-month,Fiber optic,No,Credit card (automatic),1,Medium Risk,Offer contract upgrade incentive,74.75,66.21
4391-RESHN,23,104.05,Month-to-month,Fiber optic,Yes,Mailed check,1,Medium Risk,Offer contract upgrade incentive,104.05,59.68
9115-YQHGA,40,51.1,Month-to-month,DSL,Yes,Electronic check,0,Low Risk,Continue regular engagement,0.0,14.7
4462-CYWMH,62,89.8,Month-to-month,Fiber optic,No,Bank transfer (automatic),0,Low Risk,Continue regular engagement,0.0,20.89
8963-MQVYN,22,20.55,Month-to-month,No,No internet service,Electronic check,0,Low Risk,Continue regular engagement,0.0,9.05
2458-EOMRE,11,64.05,Month-to-month,DSL,No,Bank transfer (automatic),0,Low Risk,Continue regular engagement,0.0,14.23
9334-GWGOW,7,74.85,Month-to-month,Fiber optic,No,Electronic check,1,High Risk,Offer annual contract discount + proactive support,74.85,72.16
6821-BUXUX,13,96.65,Month-to-month,Fiber optic,No,Electronic check,1,High Risk,Offer annual contract discount + proactive support,96.65,75.57
5028-HTLJB,1,20.05,Month-to-month,No,No internet service,Mailed check,1,Medium Risk,Offer contract upgrade incentive,20.05,55.97
9801-GDWGV,39,103.45,Month-to-month,Fiber optic,No,Electronic check,1,Medium Risk,Offer contract upgrade incentive,103.45,54.21
6542-LWGXJ,3,25.0,Month-to-month,DSL,No,Mailed check,1,Medium Risk,Offer contract upgrade incentive,25.0,42.87
5567-GZKQY,58,20.3,Two year,No,No internet service,Credit card (automatic),0,Low Risk,Continue regular engagement,0.0,1.75
1222-LRYKO,6,26.35,Month-to-month,No,No internet service,Mailed check,0,Low Risk,Continue regular engagement,0.0,10.84
2320-JRSDE,1,19.9,Month-to-month,No,No internet service,Electronic check,1,Medium Risk,Offer contract upgrade incentive,19.9,55.33
2087-QAREY,22,54.7,Month-to-month,DSL,No,Mailed check,0,Low Risk,Continue regular engagement,0.0,26.08
0601-WZHJF,14,46.35,Month-to-month,DSL,No,Electronic check,1,Medium Risk,Offer contract upgrade incentive,46.35,49.12
4423-JWZJN,64,90.25,One year,Fiber optic,No,Credit card (automatic),0,Low Risk,Continue regular engagement,0.0,10.84
5143-WMWOG,1,19.95,Month-to-month,No,No internet service,Electronic check,1,Medium Risk,Offer contract upgrade incentive,19.95,47.18
6490-FGZAT,6,20.65,Month-to-month,No,No internet service,Mailed check,0,Low Risk,Continue regular engagement,0.0,6.1
5393-RXQSZ,1,79.6,Month-to-month,Fiber optic,No,Electronic check,1,High Risk,Offer annual contract discount + proactive support,79.6,83.35
7452-FOLON,39,25.45,One year,No,No internet service,Bank transfer (automatic),0,Low Risk,Continue regular engagement,0.0,2.12
2320-TZRRH,20,19.5,One year,No,No internet service,Mailed check,0,Low Risk,Continue regular engagement,0.0,2.76
0231-LXVAP,1,75.9,Month-to-month,Fiber optic,Yes,Electronic check,1,High Risk,Offer annual contract discount + proactive support,75.9,70.8
9444-JTXHZ,1,76.2,Month-to-month,Fiber optic,No,Electronic check,1,High Risk,Offer annual contract discount + proactive support,76.2,78.77
4942-VZZOM,64,66.15,One year,DSL,No,Credit card (automatic),0,Low Risk,Continue regular engagement,0.0,4.18
5510-BOIUJ,1,19.25,Month-to-month,No,No internet service,Mailed check,0,Low Risk,Continue regular engagement,0.0,23.76
7502-BNYGS,46,69.1,Month-to-month,DSL,No,Credit card (automatic),0,Low Risk,Continue regular engagement,0.0,19.77
4291-HYEBC,28,39.1,One year,DSL,No,Electronic check,0,Low Risk,Continue regular engagement,0.0,22.92
6147-CBCRA,33,20.05,Month-to-month,No,No internet service,Mailed check,0,Low Risk,Continue regular engagement,0.0,5.37
6047-SUHPR,39,59.8,One year,DSL,No,Electronic check,0,Low Risk,Continue regular engagement,0.0,8.29
4471-KXAUH,42,84.3,Month-to-month,Fiber optic,Yes,Electronic check,1,Medium Risk,Offer contract upgrade incentive,84.3,45.41
9752-ZNQUT,1,48.6,Month-to-month,DSL,No,Electronic check,1,Medium Risk,Offer contract upgrade incentive,48.6,66.1
7638-QVMVY,7,79.0,Month-to-month,Fiber optic,No,Electronic check,1,Medium Risk,Offer contract upgrade incentive,79.0,68.03
1576-PFZIW,70,105.35,Two year,Fiber optic,No,Credit card (automatic),0,Low Risk,Continue regular engagement,0.0,23.75
5666-MBJPT,65,25.1,Two year,No,No internet service,Bank transfer (automatic),0,Low Risk,Continue regular engagement,0.0,0.95
7312-XSBAT,1,49.75,Month-to-month,DSL,No,Electronic check,1,Medium Risk,Offer contract upgrade incentive,49.75,37.73
3096-GKWEB,18,94.75,Month-to-month,Fiber optic,No,Electronic check,1,Medium Risk,Offer contract upgrade incentive,94.75,66.89
2371-JQHZZ,24,93.0,Month-to-month,Fiber optic,No,Electronic check,1,Medium Risk,Offer contract upgrade incentive,93.0,61.96
0674-GCDXG,63,71.9,Two year,DSL,Yes,Bank transfer (automatic),0,Low Risk,Continue regular engagement,0.0,1.58
1121-QSIVB,44,77.55,One year,DSL,No,Mailed check,0,Low Risk,Continue regular engagement,0.0,12.25
4396-KLSEH,4,19.85,Month-to-month,No,No internet service,Electronic check,0,Low Risk,Continue regular engagement,0.0,15.11
3244-DCJWY,1,70.25,Month-to-month,Fiber optic,No,Electronic check,1,High Risk,Offer annual contract discount + proactive support,70.25,81.74
2824-MYYBN,37,95.25,Month-to-month,Fiber optic,No,Electronic check,1,Medium Risk,Offer contract upgrade incentive,95.25,46.09
0875-CABNR,10,84.6,Month-to-month,Fiber optic,No,Credit card (automatic),1,Medium Risk,Offer contract upgrade incentive,84.6,64.46
6345-HOVES,34,25.05,Month-to-month,DSL,No,Bank transfer (automatic),0,Low Risk,Continue regular engagement,0.0,19.84
8318-LCNBW,35,53.15,One year,DSL,No,Credit card (automatic),0,Low Risk,Continue regular engagement,0.0,7.67
6469-QJKZW,4,20.15,Month-to-month,No,No internet service,Electronic check,0,Low Risk,Continue regular engagement,0.0,14.54
0147-ESWWR,39,101.25,Month-to-month,Fiber optic,Yes,Electronic check,1,Medium Risk,Offer contract upgrade incentive,101.25,54.85
1217-VASWC,43,100.55,One year,Fiber optic,No,Bank transfer (automatic),0,Low Risk,Continue regular engagement,0.0,23.5
7812-FZHPE,17,24.1,Month-to-month,No,No internet service,Mailed check,0,Low Risk,Continue regular engagement,0.0,8.44
6370-ZVHDV,61,25.3,Two year,No,No internet service,Bank transfer (automatic),0,Low Risk,Continue regular engagement,0.0,0.94
5915-DGNVC,49,71.8,One year,DSL,No,Electronic check,0,Low Risk,Continue regular engagement,0.0,7.02
6260-XLACS,4,19.7,One year,No,No internet service,Mailed check,0,Low Risk,Continue regular engagement,0.0,6.14
3566-CAAYU,64,49.85,Two year,DSL,Yes,Electronic check,0,Low Risk,Continue regular engagement,0.0,7.04
4983-CCWMC,3,69.6,Month-to-month,Fiber optic,No,Mailed check,1,Medium Risk,Offer contract upgrade incentive,69.6,60.8
9103-CXVOK,1,19.75,Month-to-month,No,No internet service,Electronic check,1,Medium Risk,Offer contract upgrade incentive,19.75,43.56
2896-TBNBE,40,80.8,One year,Fiber optic,No,Electronic check,0,Low Risk,Continue regular engagement,0.0,13.34
4797-AXPXK,1,60.0,Month-to-month,DSL,Yes,Electronic check,1,Medium Risk,Offer contract upgrade incentive,60.0,46.88
5229-PRWKT,8,86.55,Month-to-month,Fiber optic,No,Electronic check,1,High Risk,Offer annual contract discount + proactive support,86.55,72.89
6982-UQZLY,1,20.85,Month-to-month,No,No internet service,Mailed check,1,Medium Risk,Offer contract upgrade incentive,20.85,60.37
2522-WLNSF,34,64.2,One year,DSL,Yes,Bank transfer (automatic),0,Low Risk,Continue regular engagement,0.0,5.41
3841-CONLJ,1,35.0,Month-to-month,DSL,No,Electronic check,1,Medium Risk,Offer contract upgrade incentive,35.0,67.7
5057-LCOUI,39,50.75,Month-to-month,DSL,No,Electronic check,0,Low Risk,Continue regular engagement,0.0,32.31
0193-ESZXP,58,105.5,One year,Fiber optic,Yes,Credit card (automatic),0,Low Risk,Continue regular engagement,0.0,26.45
4475-NVTLU,45,19.2,Two year,No,No internet service,Electronic check,0,Low Risk,Continue regular engagement,0.0,0.76
4369-HTUIF,6,85.15,Month-to-month,Fiber optic,No,Bank transfer (automatic),1,Medium Risk,Offer contract upgrade incentive,85.15,59.5
9386-LDCZR,43,90.65,One year,Fiber optic,Yes,Credit card (automatic),0,Low Risk,Continue regular engagement,0.0,5.29
9585-KKMFD,41,20.0,Two year,No,No internet service,Mailed check,0,Low Risk,Continue regular engagement,0.0,1.21
5399-ZIMKF,5,74.65,Month-to-month,Fiber optic,No,Electronic check,1,Medium Risk,Offer contract upgrade incentive,74.65,57.76
0336-KXKFK,72,61.2,Two year,DSL,Yes,Credit card (automatic),0,Low Risk,Continue regular engagement,0.0,0.47
5619-XZZKR,4,19.95,One year,No,No internet service,Mailed check,0,Low Risk,Continue regular engagement,0.0,3.23
3948-FVVRP,9,54.8,Month-to-month,DSL,Yes,Mailed check,0,Low Risk,Continue regular engagement,0.0,17.46
5327-XOKKY,72,73.45,Two year,DSL,No,Credit card (automatic),0,Low Risk,Continue regular engagement,0.0,4.42
0983-TATYJ,33,51.45,One year,DSL,Yes,Mailed check,0,Low Risk,Continue regular engagement,0.0,4.12
1813-JYWTO,72,80.45,Two year,Fiber optic,No,Bank transfer (automatic),0,Low Risk,Continue regular engagement,0.0,0.72
0156-FVPTA,22,54.2,Month-to-month,DSL,Yes,Electronic check,1,Medium Risk,Offer contract upgrade incentive,54.2,36.62
1984-FCOWB,70,109.5,One year,Fiber optic,Yes,Electronic check,1,Medium Risk,Monitor customer + targeted engagement,109.5,40.31
0654-HMSHN,21,104.4,Month-to-month,Fiber optic,No,Electronic check,1,Medium Risk,Offer contract upgrade incentive,104.4,55.57
6719-OXYBR,15,85.3,Month-to-month,Fiber optic,No,Electronic check,1,Medium Risk,Offer contract upgrade incentive,85.3,39.68
3312-ZWLGF,29,79.3,Month-to-month,Fiber optic,Yes,Electronic check,1,Medium Risk,Offer contract upgrade incentive,79.3,51.14
6476-YHMGA,15,76.5,Month-to-month,DSL,Yes,Bank transfer (automatic),0,Low Risk,Continue regular engagement,0.0,15.58
5287-QWLKY,71,105.1,Month-to-month,Fiber optic,No,Credit card (automatic),0,Low Risk,Continue regular engagement,0.0,30.21
0795-XCCTE,72,25.4,Two year,No,No internet service,Bank transfer (automatic),0,Low Risk,Continue regular engagement,0.0,0.81
0168-XZKBB,19,86.85,Month-to-month,Fiber optic,No,Electronic check,1,Medium Risk,Offer contract upgrade incentive,86.85,57.74
3785-NRHYR,1,19.65,Month-to-month,No,No internet service,Mailed check,1,Medium Risk,Offer contract upgrade incentive,19.65,36.31
5196-SGOAK,1,75.7,Month-to-month,Fiber optic,No,Electronic check,1,High Risk,Offer annual contract discount + proactive support,75.7,85.14
4537-DKTAL,2,45.55,Month-to-month,DSL,No,Electronic check,1,Medium Risk,Offer contract upgrade incentive,45.55,51.07
7072-MBHEV,11,78.1,Month-to-month,Fiber optic,No,Credit card (automatic),1,Medium Risk,Offer contract upgrade incentive,78.1,48.99
5602-BVFMK,12,19.3,One year,No,No internet service,Mailed check,0,Low Risk,Continue regular engagement,0.0,3.66
6297-NOOPG,70,110.5,Two year,Fiber optic,Yes,Electronic check,0,Low Risk,Continue regular engagement,0.0,10.48
1891-UAWWU,20,90.8,Month-to-month,Fiber optic,No,Electronic check,1,Medium Risk,Offer contract upgrade incentive,90.8,58.65
8204-TIFGJ,23,20.3,Month-to-month,No,No internet service,Bank transfer (automatic),0,Low Risk,Continue regular engagement,0.0,6.01
8050-DVOJX,49,81.35,Two year,DSL,Yes,Credit card (automatic),0,Low Risk,Continue regular engagement,0.0,3.59
6108-OQZDQ,4,97.95,Month-to-month,Fiber optic,No,Electronic check,1,High Risk,Offer annual contract discount + proactive support,97.95,88.37
0363-QJVFX,32,108.15,Month-to-month,Fiber optic,Yes,Credit card (automatic),0,Low Risk,Continue regular engagement,0.0,25.47
8903-XEBGX,2,55.3,Month-to-month,DSL,No,Electronic check,1,Medium Risk,Offer contract upgrade incentive,55.3,56.27
8169-SAEJD,69,56.55,Two year,DSL,No,Credit card (automatic),0,Low Risk,Continue regular engagement,0.0,3.19
9840-DVNDC,6,80.5,Month-to-month,Fiber optic,No,Credit card (automatic),1,Medium Risk,Offer contract upgrade incentive,80.5,61.64
1089-XZWHH,24,19.7,Two year,No,No internet service,Mailed check,0,Low Risk,Continue regular engagement,0.0,1.39
2325-WINES,32,104.05,One year,Fiber optic,No,Credit card (automatic),0,Low Risk,Continue regular engagement,0.0,30.9
6064-ZATLR,27,52.85,Two year,DSL,No,Bank transfer (automatic),0,Low Risk,Continue regular engagement,0.0,1.41
3096-JRDSO,27,104.3,Month-to-month,Fiber optic,Yes,Bank transfer (automatic),1,Medium Risk,Offer contract upgrade incentive,104.3,55.73
7824-PANSQ,58,80.65,Month-to-month,Fiber optic,Yes,Bank transfer (automatic),0,Low Risk,Continue regular engagement,0.0,18.12
8042-JVNFH,1,71.35,Month-to-month,Fiber optic,No,Mailed check,1,High Risk,Offer annual contract discount + proactive support,71.35,75.07
9648-BCHKM,18,24.65,Two year,No,No internet service,Credit card (automatic),0,Low Risk,Continue regular engagement,0.0,1.88
2888-ADFAO,47,21.3,Two year,No,No internet service,Bank transfer (automatic),0,Low Risk,Continue regular engagement,0.0,1.21
8707-HOEDG,70,110.2,Two year,Fiber optic,Yes,Electronic check,0,Low Risk,Continue regular engagement,0.0,11.85
3374-LXDEV,13,89.4,Month-to-month,Fiber optic,Yes,Electronic check,1,Medium Risk,Offer contract upgrade incentive,89.4,48.59
4072-IPYLT,36,51.05,Month-to-month,DSL,No,Credit card (automatic),0,Low Risk,Continue regular engagement,0.0,6.86
7167-PCEYD,67,19.8,Two year,No,No internet service,Mailed check,0,Low Risk,Continue regular engagement,0.0,1.37
4936-YPJNK,10,19.9,Month-to-month,No,No internet service,Mailed check,0,Low Risk,Continue regular engagement,0.0,12.13
1580-BMCMR,19,87.3,Month-to-month,Fiber optic,No,Electronic check,1,Medium Risk,Offer contract upgrade incentive,87.3,38.81
4817-KEQSP,71,19.85,Two year,No,No internet service,Bank transfer (automatic),0,Low Risk,Continue regular engagement,0.0,1.07
6408-WHTEF,72,89.4,Two year,DSL,Yes,Mailed check,0,Low Risk,Continue regular engagement,0.0,0.39
9251-AWQGT,48,20.0,Two year,No,No internet service,Mailed check,0,Low Risk,Continue regular engagement,0.0,1.36
8749-CLJXC,1,20.05,Month-to-month,No,No internet service,Mailed check,1,Medium Risk,Offer contract upgrade incentive,20.05,40.83
7989-VCQOH,18,83.25,Month-to-month,DSL,Yes,Electronic check,0,Low Risk,Continue regular engagement,0.0,22.05
5049-GLYVG,1,20.6,Month-to-month,No,No internet service,Mailed check,0,Low Risk,Continue regular engagement,0.0,31.66
4199-QHJNM,67,102.9,Two year,Fiber optic,Yes,Bank transfer (automatic),0,Low Risk,Continue regular engagement,0.0,7.86
8882-TLVRW,69,39.1,Two year,DSL,Yes,Mailed check,0,Low Risk,Continue regular engagement,0.0,0.98
5883-GTGVD,19,99.95,Month-to-month,Fiber optic,No,Electronic check,1,High Risk,Offer annual contract discount + proactive support,99.95,80.09
5135-GRQJV,72,114.5,Two year,Fiber optic,Yes,Mailed check,0,Low Risk,Continue regular engagement,0.0,1.92
2384-OVPSA,38,20.2,Two year,No,No internet service,Mailed check,0,Low Risk,Continue regular engagement,0.0,2.15
1371-WEPDS,40,55.8,One year,DSL,No,Electronic check,0,Low Risk,Continue regular engagement,0.0,14.77
3580-GICBM,61,24.2,Two year,No,No internet service,Mailed check,0,Low Risk,Continue regular engagement,0.0,1.18
4817-QRJSX,10,81.0,Month-to-month,Fiber optic,No,Credit card (automatic),1,Medium Risk,Offer contract upgrade incentive,81.0,62.48
9730-DRTMJ,32,72.8,One year,DSL,Yes,Credit card (automatic),0,Low Risk,Continue regular engagement,0.0,5.9
4686-UXDML,21,99.85,Month-to-month,Fiber optic,No,Credit card (automatic),1,Medium Risk,Offer contract upgrade incentive,99.85,68.26
3349-ANQNH,59,99.5,One year,Fiber optic,No,Electronic check,0,Low Risk,Continue regular engagement,0.0,30.93
2398-YPMUR,13,70.15,Month-to-month,Fiber optic,No,Electronic check,1,Medium Risk,Offer contract upgrade incentive,70.15,56.44
0932-YIXYU,47,20.25,Two year,No,No internet service,Credit card (automatic),0,Low Risk,Continue regular engagement,0.0,1.4
7480-SPLEF,69,26.0,Two year,No,No internet service,Bank transfer (automatic),0,Low Risk,Continue regular engagement,0.0,0.67
7636-XUHWW,2,19.9,Month-to-month,No,No internet service,Credit card (automatic),0,Low Risk,Continue regular engagement,0.0,13.74
1431-CYWMH,22,19.05,Month-to-month,No,No internet service,Bank transfer (automatic),0,Low Risk,Continue regular engagement,0.0,3.02
5937-EORGB,15,96.5,Month-to-month,Fiber optic,No,Electronic check,1,High Risk,Offer annual contract discount + proactive support,96.5,70.32
6349-JDHQP,53,19.85,Two year,No,No internet service,Credit card (automatic),0,Low Risk,Continue regular engagement,0.0,2.16
5539-HIVAK,28,25.7,Month-to-month,No,No internet service,Mailed check,0,Low Risk,Continue regular engagement,0.0,9.43
5847-MXBEO,22,20.3,One year,No,No internet service,Mailed check,0,Low Risk,Continue regular engagement,0.0,2.08
9985-MWVIX,1,70.15,Month-to-month,Fiber optic,No,Mailed check,1,High Risk,Offer annual contract discount + proactive support,70.15,76.21
4583-PARNH,16,91.55,Month-to-month,Fiber optic,Yes,Electronic check,1,Medium Risk,Offer contract upgrade incentive,91.55,47.65
1116-FRYVH,48,39.4,Two year,DSL,Yes,Mailed check,0,Low Risk,Continue regular engagement,0.0,1.34
1421-HCERK,30,105.7,Month-to-month,Fiber optic,Yes,Bank transfer (automatic),0,Low Risk,Continue regular engagement,0.0,29.48
9633-XQABV,3,70.25,Month-to-month,Fiber optic,No,Electronic check,1,Medium Risk,Offer contract upgrade incentive,70.25,59.91
0716-BQNDX,57,93.75,Two year,Fiber optic,Yes,Electronic check,0,Low Risk,Continue regular engagement,0.0,6.91
1265-XTECC,68,96.55,One year,Fiber optic,No,Credit card (automatic),0,Low Risk,Continue regular engagement,0.0,12.67
1183-CANVH,23,60.0,One year,DSL,Yes,Bank transfer (automatic),0,Low Risk,Continue regular engagement,0.0,4.02
1972-XMUWV,65,59.8,Two year,DSL,Yes,Credit card (automatic),0,Low Risk,Continue regular engagement,0.0,1.21
8679-LZBMD,44,90.65,One year,Fiber optic,No,Bank transfer (automatic),0,Low Risk,Continue regular engagement,0.0,14.96
3407-JMJQQ,71,109.0,Two year,Fiber optic,No,Bank transfer (automatic),0,Low Risk,Continue regular engagement,0.0,10.52
6252-DFGTK,37,68.1,One year,DSL,Yes,Credit card (automatic),0,Low Risk,Continue regular engagement,0.0,5.44
1539-LNKHM,12,20.4,Month-to-month,No,No internet service,Mailed check,0,Low Risk,Continue regular engagement,0.0,6.68
8645-KOMJQ,69,81.95,Two year,DSL,Yes,Bank transfer (automatic),0,Low Risk,Continue regular engagement,0.0,2.29
0289-IVARM,35,60.55,Month-to-month,DSL,No,Electronic check,0,Low Risk,Continue regular engagement,0.0,8.39
9761-XUJWD,5,65.6,Month-to-month,DSL,Yes,Bank transfer (automatic),0,Low Risk,Continue regular engagement,0.0,27.44
4057-FKCZK,58,82.5,Two year,Fiber optic,No,Bank transfer (automatic),0,Low Risk,Continue regular engagement,0.0,6.69
4291-TPNFG,72,82.3,Two year,DSL,Yes,Bank transfer (automatic),0,Low Risk,Continue regular engagement,0.0,0.41
6087-YPWHO,72,68.15,Two year,DSL,Yes,Mailed check,0,Low Risk,Continue regular engagement,0.0,0.6
3090-QFUVD,1,20.3,Month-to-month,No,No internet service,Credit card (automatic),0,Low Risk,Continue regular engagement,0.0,22.76
2237-ZFSMY,39,95.55,One year,Fiber optic,Yes,Electronic check,0,Low Risk,Continue regular engagement,0.0,17.82
1722-LDZJS,53,20.2,One year,No,No internet service,Credit card (automatic),0,Low Risk,Continue regular engagement,0.0,3.66
1818-ESQMW,27,89.2,Month-to-month,Fiber optic,Yes,Electronic check,0,Low Risk,Continue regular engagement,0.0,32.56
4871-JTKJF,1,69.65,Month-to-month,Fiber optic,No,Electronic check,1,High Risk,Offer annual contract discount + proactive support,69.65,87.43
1415-YFWLT,1,89.3,Month-to-month,Fiber optic,No,Electronic check,1,High Risk,Offer annual contract discount + proactive support,89.3,89.2
7401-RUBNK,18,74.8,Month-to-month,Fiber optic,No,Electronic check,0,Low Risk,Continue regular engagement,0.0,28.43
0506-YLVKJ,46,20.2,Two year,No,No internet service,Mailed check,0,Low Risk,Continue regular engagement,0.0,0.9
8661-BOYNW,72,84.4,Two year,DSL,Yes,Credit card (automatic),0,Low Risk,Continue regular engagement,0.0,0.55
6711-VTNRE,36,87.55,Month-to-month,Fiber optic,Yes,Electronic check,0,Low Risk,Continue regular engagement,0.0,30.92
4815-GBTCD,4,25.15,Month-to-month,DSL,No,Electronic check,1,Medium Risk,Offer contract upgrade incentive,25.15,57.89
2805-AUFQN,25,19.8,Two year,No,No internet service,Credit card (automatic),0,Low Risk,Continue regular engagement,0.0,1.03
0980-PVMRC,40,50.85,Month-to-month,DSL,No,Electronic check,0,Low Risk,Continue regular engagement,0.0,27.52
7233-DRTRF,63,102.4,Month-to-month,Fiber optic,No,Electronic check,1,Medium Risk,Offer contract upgrade incentive,102.4,45.32
3500-RMZLT,15,96.3,Month-to-month,Fiber optic,Yes,Mailed check,1,Medium Risk,Offer contract upgrade incentive,96.3,54.69
3873-NFTGI,14,55.5,Month-to-month,DSL,No,Credit card (automatic),0,Low Risk,Continue regular engagement,0.0,26.08
1162-ECVII,72,109.75,Two year,Fiber optic,Yes,Bank transfer (automatic),0,Low Risk,Continue regular engagement,0.0,3.12
7048-GXDAY,39,106.4,Month-to-month,Fiber optic,No,Electronic check,1,Medium Risk,Offer contract upgrade incentive,106.4,45.28
8571-ZCMCX,47,60.0,Two year,DSL,No,Credit card (automatic),0,Low Risk,Continue regular engagement,0.0,2.71
1169-WCVAK,19,88.8,Month-to-month,Fiber optic,Yes,Credit card (automatic),0,Low Risk,Continue regular engagement,0.0,24.54
4548-SDBKE,5,85.2,Month-to-month,Fiber optic,No,Electronic check,1,High Risk,Offer annual contract discount + proactive support,85.2,86.92
8066-POXGX,13,35.1,Month-to-month,DSL,No,Electronic check,1,Medium Risk,Offer contract upgrade incentive,35.1,47.62
7129-CAKJW,17,80.05,Month-to-month,Fiber optic,No,Bank transfer (automatic),0,Low Risk,Continue regular engagement,0.0,27.49
8695-ARGXZ,34,75.55,Month-to-month,Fiber optic,No,Electronic check,1,Medium Risk,Offer contract upgrade incentive,75.55,52.66
3570-YUEKJ,42,49.55,Month-to-month,DSL,No,Electronic check,0,Low Risk,Continue regular engagement,0.0,14.68
4143-OOBWZ,5,81.3,Month-to-month,Fiber optic,No,Electronic check,1,High Risk,Offer annual contract discount + proactive support,81.3,78.58
1555-HAPSU,71,23.9,Two year,No,No internet service,Credit card (automatic),0,Low Risk,Continue regular engagement,0.0,0.63
1697-NVVGY,19,66.4,Month-to-month,DSL,No,Bank transfer (automatic),0,Low Risk,Continue regular engagement,0.0,14.64
7854-EKTJL,2,19.6,Month-to-month,No,No internet service,Electronic check,0,Low Risk,Continue regular engagement,0.0,18.58
8464-EETCQ,57,18.8,Two year,No,No internet service,Credit card (automatic),0,Low Risk,Continue regular engagement,0.0,1.16
2419-FSORS,72,108.4,Two year,Fiber optic,Yes,Electronic check,0,Low Risk,Continue regular engagement,0.0,15.81
8132-YPVBX,6,85.95,Month-to-month,Fiber optic,No,Mailed check,1,High Risk,Offer annual contract discount + proactive support,85.95,72.04
9102-IAYHT,17,85.45,Month-to-month,Fiber optic,No,Electronic check,1,Medium Risk,Offer contract upgrade incentive,85.45,64.01
6754-LZUKA,61,80.9,Two year,DSL,No,Bank transfer (automatic),0,Low Risk,Continue regular engagement,0.0,2.6
3422-LYEPQ,1,71.0,Month-to-month,Fiber optic,No,Electronic check,1,High Risk,Offer annual contract discount + proactive support,71.0,80.0
8099-MZPUJ,48,111.8,Two year,Fiber optic,Yes,Credit card (automatic),0,Low Risk,Continue regular engagement,0.0,11.93
0787-LHDYT,16,20.6,Month-to-month,No,No internet service,Credit card (automatic),0,Low Risk,Continue regular engagement,0.0,8.65
2642-DTVCO,9,85.05,Month-to-month,Fiber optic,No,Electronic check,1,High Risk,Offer annual contract discount + proactive support,85.05,77.66
0374-IOEGQ,3,44.6,Month-to-month,DSL,No,Electronic check,1,Medium Risk,Offer contract upgrade incentive,44.6,41.42
4361-JEIVL,1,44.4,Month-to-month,DSL,No,Electronic check,1,Medium Risk,Offer contract upgrade incentive,44.4,59.22
3197-NNYNB,65,105.1,Two year,Fiber optic,No,Credit card (automatic),0,Low Risk,Continue regular engagement,0.0,7.29
3396-DKDEL,70,115.15,Two year,Fiber optic,Yes,Credit card (automatic),0,Low Risk,Continue regular engagement,0.0,3.63
1752-OZXFY,60,59.8,One year,DSL,No,Mailed check,0,Low Risk,Continue regular engagement,0.0,3.45
9066-QRSDU,69,26.3,One year,No,No internet service,Electronic check,0,Low Risk,Continue regular engagement,0.0,3.08
9112-WSNPU,35,70.55,Month-to-month,Fiber optic,No,Electronic check,1,Medium Risk,Offer contract upgrade incentive,70.55,41.45
9867-NNXLC,22,20.05,Month-to-month,No,No internet service,Mailed check,0,Low Risk,Continue regular engagement,0.0,8.06
5321-NTRKC,66,79.85,Two year,DSL,No,Bank transfer (automatic),0,Low Risk,Continue regular engagement,0.0,7.67
1363-TXLSL,1,70.3,Month-to-month,Fiber optic,No,Electronic check,1,High Risk,Offer annual contract discount + proactive support,70.3,83.9
9507-EXLTT,1,79.35,Month-to-month,Fiber optic,No,Bank transfer (automatic),1,High Risk,Offer annual contract discount + proactive support,79.35,85.26
3161-GETRM,34,90.05,Month-to-month,Fiber optic,No,Credit card (automatic),0,Low Risk,Continue regular engagement,0.0,34.24
0402-OAMEN,72,24.45,Two year,No,No internet service,Bank transfer (automatic),0,Low Risk,Continue regular engagement,0.0,0.65
6933-VLYFX,31,59.95,One year,DSL,Yes,Electronic check,0,Low Risk,Continue regular engagement,0.0,6.06
6754-WKSHP,30,25.35,One year,No,No internet service,Bank transfer (automatic),0,Low Risk,Continue regular engagement,0.0,3.27
9846-GKXAS,9,90.8,Month-to-month,Fiber optic,No,Bank transfer (automatic),1,Medium Risk,Offer contract upgrade incentive,90.8,68.15
6017-PPLPX,20,70.45,Month-to-month,Fiber optic,No,Electronic check,1,Medium Risk,Offer contract upgrade incentive,70.45,49.28
4976-LNFVV,19,34.3,Month-to-month,DSL,No,Credit card (automatic),0,Low Risk,Continue regular engagement,0.0,31.62
5055-MGMGF,65,105.05,Month-to-month,Fiber optic,No,Electronic check,1,Medium Risk,Offer contract upgrade incentive,105.05,43.58
4641-FROLU,30,19.3,Two year,No,No internet service,Mailed check,0,Low Risk,Continue regular engagement,0.0,0.87
2862-JVEOY,6,19.15,One year,No,No internet service,Mailed check,0,Low Risk,Continue regular engagement,0.0,1.61
2969-QWUBZ,2,51.4,Month-to-month,DSL,No,Electronic check,1,Medium Risk,Offer contract upgrade incentive,51.4,59.29
9822-BIIGN,53,71.85,Month-to-month,DSL,Yes,Electronic check,0,Low Risk,Continue regular engagement,0.0,8.34
2077-MPJQO,7,75.4,Month-to-month,Fiber optic,No,Electronic check,1,High Risk,Offer annual contract discount + proactive support,75.4,72.91
1534-OULXE,61,49.7,One year,DSL,No,Bank transfer (automatic),0,Low Risk,Continue regular engagement,0.0,3.81
7136-RVDTZ,70,45.25,One year,DSL,No,Electronic check,1,Medium Risk,Monitor customer + targeted engagement,45.25,35.78
2971-SGAFL,13,78.75,Month-to-month,DSL,No,Electronic check,0,Low Risk,Continue regular engagement,0.0,31.89
1480-IVEVR,35,81.6,One year,Fiber optic,No,Bank transfer (automatic),0,Low Risk,Continue regular engagement,0.0,13.36
2905-KFQUV,2,70.4,Month-to-month,Fiber optic,No,Credit card (automatic),1,Medium Risk,Offer contract upgrade incentive,70.4,60.54
4581-SSPWD,3,75.8,Month-to-month,Fiber optic,No,Electronic check,1,High Risk,Offer annual contract discount + proactive support,75.8,76.95
3370-HXOPH,3,76.1,Month-to-month,Fiber optic,No,Electronic check,1,High Risk,Offer annual contract discount + proactive support,76.1,70.52
9391-YZEJW,62,94.0,One year,Fiber optic,No,Bank transfer (automatic),0,Low Risk,Continue regular engagement,0.0,15.57
9958-MEKUC,72,103.95,Two year,Fiber optic,Yes,Credit card (automatic),0,Low Risk,Continue regular engagement,0.0,1.69
0281-CNTZX,63,19.95,Two year,No,No internet service,Bank transfer (automatic),0,Low Risk,Continue regular engagement,0.0,1.47
6927-WTFIV,20,71.3,Month-to-month,Fiber optic,No,Credit card (automatic),0,Low Risk,Continue regular engagement,0.0,27.86
4118-CEVPF,35,110.8,One year,Fiber optic,Yes,Bank transfer (automatic),0,Low Risk,Continue regular engagement,0.0,15.22
3398-ZOUAA,21,69.1,Month-to-month,Fiber optic,No,Electronic check,1,Medium Risk,Offer contract upgrade incentive,69.1,52.23
9114-VEPUF,62,96.1,One year,Fiber optic,No,Electronic check,0,Low Risk,Continue regular engagement,0.0,6.66
7876-BEUTG,15,48.8,Month-to-month,DSL,No,Mailed check,0,Low Risk,Continue regular engagement,0.0,29.94
2338-BQEZT,55,50.55,Month-to-month,DSL,No,Credit card (automatic),0,Low Risk,Continue regular engagement,0.0,9.66
9873-MNDKV,11,44.65,Month-to-month,DSL,No,Mailed check,0,Low Risk,Continue regular engagement,0.0,22.8
0378-NHQXU,17,88.25,Month-to-month,Fiber optic,No,Electronic check,1,Medium Risk,Offer contract upgrade incentive,88.25,48.67
8241-JUIQO,61,19.45,One year,No,No internet service,Bank transfer (automatic),0,Low Risk,Continue regular engagement,0.0,2.27
2194-IIQOF,71,89.3,Two year,DSL,Yes,Credit card (automatic),0,Low Risk,Continue regular engagement,0.0,0.57
4512-ZUIYL,2,70.0,Month-to-month,Fiber optic,No,Bank transfer (automatic),1,Medium Risk,Offer contract upgrade incentive,70.0,56.03
9631-RXVJM,35,19.25,Two year,No,No internet service,Mailed check,0,Low Risk,Continue regular engagement,0.0,0.85
9584-EXCDZ,17,70.5,Month-to-month,Fiber optic,No,Bank transfer (automatic),0,Low Risk,Continue regular engagement,0.0,25.12
7969-AULMZ,21,97.35,Month-to-month,Fiber optic,No,Electronic check,1,High Risk,Offer annual contract discount + proactive support,97.35,82.89
5093-FEGLU,47,19.65,Two year,No,No internet service,Bank transfer (automatic),0,Low Risk,Continue regular engagement,0.0,1.49
2621-UDNLU,3,20.85,Month-to-month,No,No internet service,Mailed check,0,Low Risk,Continue regular engagement,0.0,13.89
7526-IVLYU,3,19.65,Month-to-month,No,No internet service,Mailed check,0,Low Risk,Continue regular engagement,0.0,14.41
2428-HYUNX,44,19.35,Two year,No,No internet service,Credit card (automatic),0,Low Risk,Continue regular engagement,0.0,2.36
9214-EKVXR,1,44.0,Month-to-month,DSL,No,Mailed check,1,Medium Risk,Offer contract upgrade incentive,44.0,51.69
3410-MHHUM,44,94.4,One year,Fiber optic,No,Electronic check,0,Low Risk,Continue regular engagement,0.0,13.28
0568-ONFPC,5,25.9,Month-to-month,No,No internet service,Bank transfer (automatic),0,Low Risk,Continue regular engagement,0.0,18.98
0733-VUNUW,24,55.65,Month-to-month,DSL,No,Bank transfer (automatic),0,Low Risk,Continue regular engagement,0.0,11.8
4550-EVXNY,1,69.65,Month-to-month,Fiber optic,No,Electronic check,1,High Risk,Offer annual contract discount + proactive support,69.65,83.32
2122-YWVYA,18,75.4,Month-to-month,Fiber optic,No,Electronic check,0,Low Risk,Continue regular engagement,0.0,34.05
2968-SSGAA,10,100.6,Month-to-month,Fiber optic,No,Electronic check,1,High Risk,Offer annual contract discount + proactive support,100.6,89.51
2296-DKZFP,65,71.0,Two year,DSL,No,Bank transfer (automatic),0,Low Risk,Continue regular engagement,0.0,1.37
4844-JJWUY,1,86.0,Month-to-month,Fiber optic,No,Electronic check,1,High Risk,Offer annual contract discount + proactive support,86.0,87.94
6777-TGHTM,53,106.95,One year,Fiber optic,No,Credit card (automatic),0,Low Risk,Continue regular engagement,0.0,27.62
8909-BOLNL,3,21.2,One year,No,No internet service,Mailed check,0,Low Risk,Continue regular engagement,0.0,4.19
6603-YRDCJ,33,61.05,Two year,DSL,Yes,Mailed check,0,Low Risk,Continue regular engagement,0.0,1.35
3538-WZPHD,3,29.6,Month-to-month,DSL,No,Electronic check,1,Medium Risk,Offer contract upgrade incentive,29.6,66.5
3229-USWAR,34,79.95,One year,DSL,Yes,Bank transfer (automatic),0,Low Risk,Continue regular engagement,0.0,10.71
2138-VFAPZ,14,19.7,Two year,No,No internet service,Mailed check,0,Low Risk,Continue regular engagement,0.0,2.31
6131-JLWZM,13,20.3,Month-to-month,No,No internet service,Mailed check,0,Low Risk,Continue regular engagement,0.0,7.94
4785-QRJHC,46,59.9,One year,DSL,Yes,Bank transfer (automatic),0,Low Risk,Continue regular engagement,0.0,18.25
0269-XFESX,23,24.35,One year,No,No internet service,Mailed check,0,Low Risk,Continue regular engagement,0.0,2.91
1709-EJDOX,47,19.75,Two year,No,No internet service,Mailed check,0,Low Risk,Continue regular engagement,0.0,1.27
4316-XCSLJ,17,50.3,Month-to-month,DSL,No,Mailed check,0,Low Risk,Continue regular engagement,0.0,13.9
8610-WFCJF,49,95.6,Month-to-month,Fiber optic,No,Electronic check,1,Medium Risk,Offer contract upgrade incentive,95.6,50.31
9693-XMUOB,59,50.25,Month-to-month,DSL,No,Electronic check,1,Medium Risk,Offer contract upgrade incentive,50.25,36.13
0383-CLDDA,69,85.35,Two year,DSL,Yes,Credit card (automatic),0,Low Risk,Continue regular engagement,0.0,2.75
4905-JEFDW,11,41.6,One year,DSL,No,Electronic check,1,Medium Risk,Monitor customer + targeted engagement,41.6,38.82
2709-UQGNP,10,51.65,Month-to-month,DSL,No,Mailed check,0,Low Risk,Continue regular engagement,0.0,19.4
3549-ZTMNH,12,24.0,Two year,No,No internet service,Bank transfer (automatic),0,Low Risk,Continue regular engagement,0.0,1.98
7881-INRLC,45,100.85,Month-to-month,Fiber optic,No,Credit card (automatic),1,Medium Risk,Offer contract upgrade incentive,100.85,55.75
8033-ATFAS,39,59.85,Month-to-month,DSL,No,Mailed check,0,Low Risk,Continue regular engagement,0.0,22.18
1635-NZATJ,71,25.45,Two year,No,No internet service,Credit card (automatic),0,Low Risk,Continue regular engagement,0.0,1.11
0562-HKHML,71,23.9,Two year,No,No internet service,Credit card (automatic),0,Low Risk,Continue regular engagement,0.0,0.62
8277-RVRSV,33,24.15,One year,No,No internet service,Credit card (automatic),0,Low Risk,Continue regular engagement,0.0,2.39
9943-VSZUV,67,75.7,Month-to-month,Fiber optic,No,Mailed check,0,Low Risk,Continue regular engagement,0.0,26.13
0117-LFRMW,37,40.2,Month-to-month,DSL,No,Bank transfer (automatic),0,Low Risk,Continue regular engagement,0.0,15.12
6172-FECYY,49,84.5,Month-to-month,Fiber optic,No,Electronic check,1,Medium Risk,Offer contract upgrade incentive,84.5,46.34
7054-ENNGU,9,50.85,Month-to-month,DSL,No,Mailed check,0,Low Risk,Continue regular engagement,0.0,20.5
1455-HFBXA,52,91.6,Two year,Fiber optic,Yes,Credit card (automatic),0,Low Risk,Continue regular engagement,0.0,3.23
9402-CXWPL,70,98.9,One year,Fiber optic,No,Electronic check,0,Low Risk,Continue regular engagement,0.0,13.99
1628-BIZYP,1,85.0,Month-to-month,Fiber optic,No,Electronic check,1,High Risk,Offer annual contract discount + proactive support,85.0,86.44
1965-AKTSX,14,78.95,Month-to-month,Fiber optic,No,Electronic check,1,Medium Risk,Offer contract upgrade incentive,78.95,67.47
0082-LDZUE,1,44.3,Month-to-month,DSL,No,Mailed check,1,Medium Risk,Offer contract upgrade incentive,44.3,53.08
4786-UKSNZ,1,20.2,Month-to-month,No,No internet service,Mailed check,0,Low Risk,Continue regular engagement,0.0,33.1
5343-SGUBI,52,80.2,One year,Fiber optic,No,Mailed check,0,Low Risk,Continue regular engagement,0.0,9.66
0856-NAOES,6,60.9,Month-to-month,DSL,No,Mailed check,0,Low Risk,Continue regular engagement,0.0,21.25
1976-AZZPJ,7,34.2,Month-to-month,DSL,No,Mailed check,0,Low Risk,Continue regular engagement,0.0,22.08
7248-VZQLC,47,85.2,Month-to-month,Fiber optic,No,Bank transfer (automatic),0,Low Risk,Continue regular engagement,0.0,34.96
6156-UZDLF,26,87.15,One year,Fiber optic,Yes,Credit card (automatic),0,Low Risk,Continue regular engagement,0.0,6.04
3099-OONVS,25,54.3,Month-to-month,DSL,Yes,Electronic check,0,Low Risk,Continue regular engagement,0.0,9.77
9500-WBGRP,69,19.1,Two year,No,No internet service,Mailed check,0,Low Risk,Continue regular engagement,0.0,0.51
5183-KLYEM,72,112.75,Two year,Fiber optic,Yes,Credit card (automatic),0,Low Risk,Continue regular engagement,0.0,1.44
5144-PQCDZ,4,19.95,Month-to-month,No,No internet service,Mailed check,0,Low Risk,Continue regular engagement,0.0,9.93
8514-VZHEB,59,19.5,Two year,No,No internet service,Mailed check,0,Low Risk,Continue regular engagement,0.0,3.08
6625-IUTTT,67,65.55,Two year,DSL,No,Bank transfer (automatic),0,Low Risk,Continue regular engagement,0.0,1.61
9355-NPPFS,26,78.8,Month-to-month,Fiber optic,No,Electronic check,1,Medium Risk,Offer contract upgrade incentive,78.8,46.08
0068-FIGTF,27,78.2,One year,DSL,Yes,Mailed check,0,Low Risk,Continue regular engagement,0.0,7.64
5965-GGPRW,72,105.25,Two year,Fiber optic,No,Bank transfer (automatic),0,Low Risk,Continue regular engagement,0.0,7.41
8035-PWSEV,6,89.25,Month-to-month,Fiber optic,Yes,Electronic check,1,Medium Risk,Offer contract upgrade incentive,89.25,59.61
2236-HILPA,62,20.65,Two year,No,No internet service,Credit card (automatic),0,Low Risk,Continue regular engagement,0.0,1.03
1840-BIUOG,20,68.7,One year,DSL,Yes,Electronic check,0,Low Risk,Continue regular engagement,0.0,18.13
1356-MKYSK,6,78.65,Month-to-month,DSL,Yes,Credit card (automatic),0,Low Risk,Continue regular engagement,0.0,17.7
6080-LNESI,51,24.75,Two year,No,No internet service,Mailed check,0,Low Risk,Continue regular engagement,0.0,1.43
1830-IPXVJ,61,19.75,Two year,No,No internet service,Credit card (automatic),0,Low Risk,Continue regular engagement,0.0,1.2
5828-DWPIL,62,89.1,Month-to-month,Fiber optic,No,Electronic check,0,Low Risk,Continue regular engagement,0.0,13.18
8398-TBIYD,72,84.7,Two year,Fiber optic,Yes,Bank transfer (automatic),0,Low Risk,Continue regular engagement,0.0,0.78
0011-IGKFF,13,98.0,Month-to-month,Fiber optic,No,Electronic check,1,High Risk,Offer annual contract discount + proactive support,98.0,78.94
4192-GORJT,5,94.45,Month-to-month,Fiber optic,No,Electronic check,1,High Risk,Offer annual contract discount + proactive support,94.45,77.8
6496-SLWHQ,3,105.0,Month-to-month,Fiber optic,No,Electronic check,1,High Risk,Offer annual contract discount + proactive support,105.0,84.48
9912-GVSEQ,26,93.85,Month-to-month,Fiber optic,No,Electronic check,1,Medium Risk,Offer contract upgrade incentive,93.85,64.26
2931-FSOHN,13,59.9,Month-to-month,DSL,No,Electronic check,0,Low Risk,Continue regular engagement,0.0,34.57
9418-RUKPH,38,19.95,Two year,No,No internet service,Mailed check,0,Low Risk,Continue regular engagement,0.0,1.17
5383-MMTWC,8,84.0,Month-to-month,Fiber optic,No,Electronic check,1,High Risk,Offer annual contract discount + proactive support,84.0,77.56
9971-ZWPBF,34,108.9,Month-to-month,Fiber optic,Yes,Electronic check,0,Low Risk,Continue regular engagement,0.0,34.26
4712-AUQZO,18,33.6,Month-to-month,DSL,No,Mailed check,0,Low Risk,Continue regular engagement,0.0,18.91
9711-FJTBX,56,85.85,One year,Fiber optic,Yes,Mailed check,0,Low Risk,Continue regular engagement,0.0,3.44
2908-ZTPNF,36,34.85,Month-to-month,DSL,Yes,Bank transfer (automatic),0,Low Risk,Continue regular engagement,0.0,11.04
7240-ETPTR,9,48.75,Month-to-month,DSL,No,Electronic check,1,Medium Risk,Offer contract upgrade incentive,48.75,58.76
2202-CUYXZ,1,84.85,Month-to-month,Fiber optic,No,Electronic check,1,High Risk,Offer annual contract discount + proactive support,84.85,86.82
5995-OIGLP,12,56.65,Month-to-month,DSL,Yes,Mailed check,0,Low Risk,Continue regular engagement,0.0,13.68
8421-WZOOW,57,95.3,Month-to-month,Fiber optic,Yes,Credit card (automatic),0,Low Risk,Continue regular engagement,0.0,12.34
6261-RCVNS,42,73.9,One year,DSL,Yes,Credit card (automatic),0,Low Risk,Continue regular engagement,0.0,11.65
7951-QKZPL,33,24.5,Two year,No,No internet service,Mailed check,0,Low Risk,Continue regular engagement,0.0,1.8
1414-YADCW,70,84.6,Two year,Fiber optic,Yes,Bank transfer (automatic),0,Low Risk,Continue regular engagement,0.0,1.71
8756-RDDLT,68,44.95,Month-to-month,DSL,Yes,Electronic check,0,Low Risk,Continue regular engagement,0.0,10.54
2862-PFNIK,1,24.7,Month-to-month,DSL,No,Electronic check,1,Medium Risk,Offer contract upgrade incentive,24.7,68.31
5816-QVHRX,37,100.3,Month-to-month,Fiber optic,Yes,Credit card (automatic),0,Low Risk,Continue regular engagement,0.0,27.52
4430-YHXGG,4,25.45,Month-to-month,No,No internet service,Mailed check,0,Low Risk,Continue regular engagement,0.0,11.61
6888-SBYAI,1,50.7,Month-to-month,DSL,No,Mailed check,1,Medium Risk,Offer contract upgrade incentive,50.7,47.55
7395-XWZOY,20,55.0,Month-to-month,DSL,Yes,Credit card (automatic),0,Low Risk,Continue regular engagement,0.0,20.64
7169-YWAMK,72,68.4,Two year,DSL,Yes,Bank transfer (automatic),0,Low Risk,Continue regular engagement,0.0,0.52
3640-PHQXK,31,89.9,Month-to-month,Fiber optic,No,Electronic check,1,Medium Risk,Offer contract upgrade incentive,89.9,49.83
6877-LGWXO,18,78.55,Month-to-month,Fiber optic,No,Electronic check,1,Medium Risk,Offer contract upgrade incentive,78.55,44.39
6859-RKMZJ,11,55.05,Month-to-month,DSL,No,Bank transfer (automatic),0,Low Risk,Continue regular engagement,0.0,28.9
2729-VNVAP,33,19.8,Two year,No,No internet service,Credit card (automatic),0,Low Risk,Continue regular engagement,0.0,1.57
2957-JIRMN,62,84.45,One year,Fiber optic,No,Electronic check,0,Low Risk,Continue regular engagement,0.0,11.41
2049-BAFNW,1,35.9,Month-to-month,DSL,Yes,Mailed check,0,Low Risk,Continue regular engagement,0.0,32.42
3842-QTGDL,16,80.75,Month-to-month,Fiber optic,No,Bank transfer (automatic),0,Low Risk,Continue regular engagement,0.0,18.86
7163-OCEQI,22,78.65,One year,DSL,Yes,Mailed check,0,Low Risk,Continue regular engagement,0.0,12.64
9782-LGXMC,49,61.75,Month-to-month,DSL,Yes,Bank transfer (automatic),0,Low Risk,Continue regular engagement,0.0,7.79
5975-BAICR,36,63.7,One year,DSL,No,Credit card (automatic),0,Low Risk,Continue regular engagement,0.0,8.31
8019-ENHXU,42,99.45,Month-to-month,Fiber optic,Yes,Electronic check,1,Medium Risk,Offer contract upgrade incentive,99.45,46.31
5167-GBFRE,4,25.2,Month-to-month,DSL,No,Bank transfer (automatic),1,Medium Risk,Offer contract upgrade incentive,25.2,58.76
9033-EOXWV,12,74.05,One year,DSL,Yes,Mailed check,0,Low Risk,Continue regular engagement,0.0,14.27
4673-KKSLS,31,87.6,Month-to-month,Fiber optic,Yes,Electronic check,0,Low Risk,Continue regular engagement,0.0,17.69
4853-OITSN,5,89.15,Month-to-month,Fiber optic,No,Electronic check,1,Medium Risk,Offer contract upgrade incentive,89.15,54.98
9800-OUIGR,66,20.0,Two year,No,No internet service,Credit card (automatic),0,Low Risk,Continue regular engagement,0.0,0.73
1324-NLTJE,15,55.0,Month-to-month,DSL,Yes,Credit card (automatic),0,Low Risk,Continue regular engagement,0.0,27.4
2324-EFHVG,64,104.4,Two year,Fiber optic,No,Bank transfer (automatic),0,Low Risk,Continue regular engagement,0.0,7.99
7094-MSZAO,10,20.05,Month-to-month,No,No internet service,Credit card (automatic),0,Low Risk,Continue regular engagement,0.0,8.97
1522-VVDMG,7,89.75,Month-to-month,Fiber optic,Yes,Electronic check,1,Medium Risk,Offer contract upgrade incentive,89.75,62.27
6907-CQGPN,29,34.3,Month-to-month,DSL,Yes,Electronic check,0,Low Risk,Continue regular engagement,0.0,13.64
0780-XNZFN,57,20.65,Two year,No,No internet service,Bank transfer (automatic),0,Low Risk,Continue regular engagement,0.0,1.9
0239-OXEXL,46,84.25,Month-to-month,Fiber optic,No,Mailed check,0,Low Risk,Continue regular engagement,0.0,16.46
2675-IJRGJ,53,19.65,Two year,No,No internet service,Bank transfer (automatic),0,Low Risk,Continue regular engagement,0.0,1.39
7049-GKVZY,17,79.85,One year,DSL,Yes,Credit card (automatic),0,Low Risk,Continue regular engagement,0.0,12.47
8577-QSOCG,38,20.2,Two year,No,No internet service,Mailed check,0,Low Risk,Continue regular engagement,0.0,1.15
3721-CNZHX,15,19.8,One year,No,No internet service,Mailed check,0,Low Risk,Continue regular engagement,0.0,3.74
0212-ISBBF,22,50.35,Month-to-month,DSL,No,Electronic check,1,Medium Risk,Offer contract upgrade incentive,50.35,46.07
9185-TQCVP,14,85.15,Month-to-month,Fiber optic,No,Electronic check,1,High Risk,Offer annual contract discount + proactive support,85.15,71.48
3585-YNADK,57,74.6,One year,DSL,Yes,Bank transfer (automatic),0,Low Risk,Continue regular engagement,0.0,4.57
5271-DBYSJ,11,79.15,Month-to-month,Fiber optic,No,Credit card (automatic),1,Medium Risk,Offer contract upgrade incentive,79.15,52.35
1099-GODLO,1,20.35,Two year,No,No internet service,Mailed check,0,Low Risk,Continue regular engagement,0.0,3.74
6828-HMKWP,12,21.05,Two year,No,No internet service,Bank transfer (automatic),0,Low Risk,Continue regular engagement,0.0,1.39
5567-WSELE,3,94.6,Month-to-month,Fiber optic,No,Electronic check,1,High Risk,Offer annual contract discount + proactive support,94.6,87.78
1472-TNCWL,36,94.7,Month-to-month,Fiber optic,No,Electronic check,0,Low Risk,Continue regular engagement,0.0,26.26
8063-RJYNF,16,94.25,Month-to-month,Fiber optic,No,Electronic check,1,Medium Risk,Offer contract upgrade incentive,94.25,57.83
0687-ZVTHB,65,72.45,One year,DSL,No,Credit card (automatic),0,Low Risk,Continue regular engagement,0.0,10.86
2080-GKCWQ,2,74.95,Month-to-month,Fiber optic,No,Electronic check,1,Medium Risk,Offer contract upgrade incentive,74.95,52.06
9661-ACXBS,42,105.2,Month-to-month,Fiber optic,No,Electronic check,1,Medium Risk,Offer contract upgrade incentive,105.2,55.65
2193-SFWQW,72,111.95,Two year,Fiber optic,Yes,Bank transfer (automatic),0,Low Risk,Continue regular engagement,0.0,0.93
5656-JAMLX,62,19.85,Two year,No,No internet service,Bank transfer (automatic),0,Low Risk,Continue regular engagement,0.0,1.26
3462-BJQQA,6,89.75,Month-to-month,Fiber optic,No,Electronic check,1,High Risk,Offer annual contract discount + proactive support,89.75,83.88
0442-TDYUO,48,20.05,Two year,No,No internet service,Mailed check,0,Low Risk,Continue regular engagement,0.0,1.88
6733-LRIZX,35,108.95,Two year,Fiber optic,Yes,Electronic check,0,Low Risk,Continue regular engagement,0.0,31.17
9503-XJUME,52,19.65,One year,No,No internet service,Credit card (automatic),0,Low Risk,Continue regular engagement,0.0,1.26
4367-NHWMM,1,24.9,Month-to-month,DSL,No,Mailed check,1,Medium Risk,Offer contract upgrade incentive,24.9,59.21
3727-RJMEO,6,82.85,Month-to-month,Fiber optic,No,Electronic check,1,High Risk,Offer annual contract discount + proactive support,82.85,76.58
3779-OSWCF,71,93.2,Two year,DSL,Yes,Credit card (automatic),0,Low Risk,Continue regular engagement,0.0,0.57
6736-DHUQI,67,84.8,One year,Fiber optic,No,Bank transfer (automatic),0,Low Risk,Continue regular engagement,0.0,5.68
3915-ODIYG,60,71.75,One year,DSL,No,Electronic check,0,Low Risk,Continue regular engagement,0.0,6.71
1360-RCYRT,23,30.35,Month-to-month,DSL,Yes,Bank transfer (automatic),0,Low Risk,Continue regular engagement,0.0,14.31
2724-FJDYW,39,54.85,One year,DSL,Yes,Bank transfer (automatic),0,Low Risk,Continue regular engagement,0.0,9.21
4451-RWASJ,15,19.5,One year,No,No internet service,Mailed check,0,Low Risk,Continue regular engagement,0.0,3.68
6646-VRFOL,53,103.85,Month-to-month,Fiber optic,No,Electronic check,1,Medium Risk,Offer contract upgrade incentive,103.85,62.64
3460-TJBWI,24,24.2,Two year,No,No internet service,Mailed check,0,Low Risk,Continue regular engagement,0.0,1.04
5917-HBSDW,37,19.35,Month-to-month,No,No internet service,Electronic check,0,Low Risk,Continue regular engagement,0.0,3.96
5685-IIXLY,5,83.6,Month-to-month,Fiber optic,No,Electronic check,1,Medium Risk,Offer contract upgrade incentive,83.6,64.33
5671-UUNXD,50,100.65,One year,Fiber optic,Yes,Electronic check,0,Low Risk,Continue regular engagement,0.0,28.75
0956-ACVZC,54,94.1,One year,Fiber optic,No,Credit card (automatic),0,Low Risk,Continue regular engagement,0.0,15.79
2325-NBPZG,3,74.55,Month-to-month,Fiber optic,No,Electronic check,1,Medium Risk,Offer contract upgrade incentive,74.55,44.86
4250-ZBWLV,68,108.45,One year,Fiber optic,Yes,Electronic check,1,Medium Risk,Monitor customer + targeted engagement,108.45,35.6
4482-FTFFX,5,56.15,Month-to-month,DSL,Yes,Electronic check,0,Low Risk,Continue regular engagement,0.0,29.39
8859-DZTGQ,33,20.35,Two year,No,No internet service,Mailed check,0,Low Risk,Continue regular engagement,0.0,0.97
0440-MOGPM,41,80.55,One year,DSL,No,Electronic check,0,Low Risk,Continue regular engagement,0.0,18.86
0020-JDNXP,34,61.25,One year,DSL,Yes,Mailed check,0,Low Risk,Continue regular engagement,0.0,4.73
3752-CQSJI,13,20.45,Month-to-month,No,No internet service,Mailed check,0,Low Risk,Continue regular engagement,0.0,9.32
5025-GOOKI,20,18.9,Month-to-month,No,No internet service,Credit card (automatic),0,Low Risk,Continue regular engagement,0.0,3.68
4698-KVLLG,51,19.6,Two year,No,No internet service,Credit card (automatic),0,Low Risk,Continue regular engagement,0.0,2.04
5095-AESKG,3,91.5,Month-to-month,Fiber optic,No,Credit card (automatic),1,High Risk,Offer annual contract discount + proactive support,91.5,74.76
2887-JPYLU,41,45.2,Month-to-month,DSL,No,Bank transfer (automatic),0,Low Risk,Continue regular engagement,0.0,8.59
4770-QAZXN,13,19.45,Month-to-month,No,No internet service,Credit card (automatic),0,Low Risk,Continue regular engagement,0.0,4.41
4896-CPRPF,35,25.45,Two year,No,No internet service,Bank transfer (automatic),0,Low Risk,Continue regular engagement,0.0,1.13
1871-MOWRM,12,80.85,Month-to-month,Fiber optic,Yes,Bank transfer (automatic),0,Low Risk,Continue regular engagement,0.0,26.41
9714-EDSUC,4,94.9,Month-to-month,Fiber optic,Yes,Mailed check,1,Medium Risk,Offer contract upgrade incentive,94.9,54.51
2027-OAQQC,43,49.05,Month-to-month,DSL,No,Bank transfer (automatic),0,Low Risk,Continue regular engagement,0.0,25.67
0282-NVSJS,12,29.3,Month-to-month,DSL,Yes,Mailed check,0,Low Risk,Continue regular engagement,0.0,24.67
9090-SGQXL,68,105.3,Month-to-month,Fiber optic,No,Electronic check,1,Medium Risk,Offer contract upgrade incentive,105.3,58.09
6595-YGXIT,25,88.95,Month-to-month,Fiber optic,No,Electronic check,1,Medium Risk,Offer contract upgrade incentive,88.95,66.5
7353-YOWFP,7,20.25,One year,No,No internet service,Mailed check,0,Low Risk,Continue regular engagement,0.0,2.91
9835-ZIITK,66,110.85,One year,Fiber optic,Yes,Electronic check,1,Medium Risk,Monitor customer + targeted engagement,110.85,52.45
8008-ESFLK,53,110.5,One year,Fiber optic,Yes,Electronic check,0,Low Risk,Continue regular engagement,0.0,18.56
7537-CBQUZ,63,109.4,Month-to-month,Fiber optic,No,Bank transfer (automatic),0,Low Risk,Continue regular engagement,0.0,17.85
1555-DJEQW,70,114.2,Two year,Fiber optic,Yes,Bank transfer (automatic),0,Low Risk,Continue regular engagement,0.0,7.59
5649-TJHOV,27,36.5,Month-to-month,DSL,No,Bank transfer (automatic),1,Medium Risk,Offer contract upgrade incentive,36.5,39.29
0519-XUZJU,1,70.75,Month-to-month,Fiber optic,No,Mailed check,1,Medium Risk,Offer contract upgrade incentive,70.75,69.53
3363-EWLGO,5,19.95,Month-to-month,No,No internet service,Mailed check,0,Low Risk,Continue regular engagement,0.0,10.99
4750-UKWJK,37,19.6,One year,No,No internet service,Mailed check,0,Low Risk,Continue regular engagement,0.0,3.93
6338-AVWCY,3,40.15,Month-to-month,DSL,No,Mailed check,1,Medium Risk,Offer contract upgrade incentive,40.15,60.55
1689-YQBYY,12,76.6,Month-to-month,Fiber optic,No,Electronic check,1,Medium Risk,Offer contract upgrade incentive,76.6,58.66
4487-ZYJZK,38,19.6,One year,No,No internet service,Credit card (automatic),0,Low Risk,Continue regular engagement,0.0,1.73
2959-FENLU,9,85.3,Month-to-month,Fiber optic,No,Credit card (automatic),1,Medium Risk,Offer contract upgrade incentive,85.3,62.76
0708-LGSMF,13,65.85,Month-to-month,DSL,No,Electronic check,0,Low Risk,Continue regular engagement,0.0,32.97
9253-QXKBE,29,94.45,Month-to-month,Fiber optic,No,Electronic check,1,Medium Risk,Offer contract upgrade incentive,94.45,63.84
7634-HLQJR,47,20.05,Two year,No,No internet service,Credit card (automatic),0,Low Risk,Continue regular engagement,0.0,1.08
0487-RPVUM,61,99.4,Month-to-month,Fiber optic,Yes,Bank transfer (automatic),0,Low Risk,Continue regular engagement,0.0,14.98
4079-ULGFR,16,20.0,Month-to-month,No,No internet service,Mailed check,0,Low Risk,Continue regular engagement,0.0,4.96
2516-XSJKX,41,78.45,Two year,DSL,Yes,Electronic check,0,Low Risk,Continue regular engagement,0.0,3.03
0057-QBUQH,43,25.1,Two year,No,No internet service,Electronic check,0,Low Risk,Continue regular engagement,0.0,3.16
9445-SZLCH,36,97.35,Month-to-month,Fiber optic,No,Bank transfer (automatic),1,Medium Risk,Offer contract upgrade incentive,97.35,40.17
6599-SFQVE,6,55.0,Month-to-month,DSL,No,Electronic check,1,Medium Risk,Offer contract upgrade incentive,55.0,43.53
8331-ZXFOE,58,71.1,One year,DSL,Yes,Credit card (automatic),0,Low Risk,Continue regular engagement,0.0,4.42
4003-FUSHP,19,61.55,Month-to-month,DSL,Yes,Credit card (automatic),0,Low Risk,Continue regular engagement,0.0,21.23
0356-ERHVT,11,45.9,Month-to-month,DSL,No,Bank transfer (automatic),0,Low Risk,Continue regular engagement,0.0,27.44
7325-ENZFI,39,40.3,One year,DSL,Yes,Bank transfer (automatic),0,Low Risk,Continue regular engagement,0.0,5.52
4884-ZTHVF,8,87.1,Month-to-month,Fiber optic,No,Electronic check,1,Medium Risk,Offer contract upgrade incentive,87.1,65.46
3920-HIHMQ,26,49.5,Month-to-month,DSL,No,Mailed check,0,Low Risk,Continue regular engagement,0.0,15.03
3055-OYMSE,53,73.8,Month-to-month,Fiber optic,No,Credit card (automatic),0,Low Risk,Continue regular engagement,0.0,25.44
0613-WUXUM,70,19.2,Two year,No,No internet service,Mailed check,0,Low Risk,Continue regular engagement,0.0,0.66
7568-PODML,1,45.3,Month-to-month,DSL,No,Mailed check,1,High Risk,Offer annual contract discount + proactive support,45.3,76.37
4458-KVRBJ,59,25.0,Two year,No,No internet service,Mailed check,0,Low Risk,Continue regular engagement,0.0,1.13
5349-IECLD,2,94.95,Month-to-month,Fiber optic,No,Electronic check,1,Medium Risk,Offer contract upgrade incentive,94.95,67.2
1397-XKKWR,7,35.3,One year,DSL,No,Mailed check,0,Low Risk,Continue regular engagement,0.0,10.51
3945-GFWQL,12,44.55,Month-to-month,DSL,No,Electronic check,0,Low Risk,Continue regular engagement,0.0,30.39
8097-OMULG,59,76.75,One year,DSL,Yes,Credit card (automatic),0,Low Risk,Continue regular engagement,0.0,6.05
6013-BHCAW,61,81.0,Two year,DSL,Yes,Bank transfer (automatic),0,Low Risk,Continue regular engagement,0.0,2.54
0401-WDBXM,72,105.55,Two year,Fiber optic,No,Bank transfer (automatic),0,Low Risk,Continue regular engagement,0.0,3.26
3387-PLKUI,13,18.8,Month-to-month,No,No internet service,Mailed check,0,Low Risk,Continue regular engagement,0.0,6.53
6096-EGVTU,64,24.9,One year,No,No internet service,Mailed check,0,Low Risk,Continue regular engagement,0.0,1.71
3797-VTIDR,1,23.45,Month-to-month,DSL,No,Electronic check,1,High Risk,Offer annual contract discount + proactive support,23.45,75.1
5081-NWSUP,10,64.9,One year,DSL,Yes,Mailed check,0,Low Risk,Continue regular engagement,0.0,10.66
2580-ATZSQ,65,61.35,One year,DSL,No,Bank transfer (automatic),0,Low Risk,Continue regular engagement,0.0,2.34
8085-MSNLK,62,113.95,Two year,Fiber optic,Yes,Mailed check,0,Low Risk,Continue regular engagement,0.0,3.97
9691-HKOVS,55,90.15,One year,DSL,Yes,Electronic check,0,Low Risk,Continue regular engagement,0.0,6.77
9881-VCZEP,25,54.1,Month-to-month,DSL,No,Electronic check,0,Low Risk,Continue regular engagement,0.0,17.12
9526-BIHHD,1,29.7,Month-to-month,DSL,No,Mailed check,1,Medium Risk,Offer contract upgrade incentive,29.7,42.29
8757-TFHHJ,1,49.8,Month-to-month,DSL,No,Credit card (automatic),1,Medium Risk,Offer contract upgrade incentive,49.8,40.72
4523-WXCEF,59,101.1,Month-to-month,Fiber optic,No,Electronic check,1,Medium Risk,Offer contract upgrade incentive,101.1,37.7
1468-DEFNC,64,24.4,Two year,No,No internet service,Bank transfer (automatic),0,Low Risk,Continue regular engagement,0.0,1.55
5119-KEPFY,36,95.0,Month-to-month,Fiber optic,No,Bank transfer (automatic),1,Medium Risk,Offer contract upgrade incentive,95.0,41.47
8364-TRMMK,3,50.65,Month-to-month,DSL,No,Mailed check,1,Medium Risk,Offer contract upgrade incentive,50.65,50.48
0916-KNFAJ,61,69.9,Two year,DSL,No,Mailed check,0,Low Risk,Continue regular engagement,0.0,1.14
8319-QBEHW,26,39.95,One year,DSL,No,Bank transfer (automatic),0,Low Risk,Continue regular engagement,0.0,10.62
3063-QFSZL,1,55.4,Month-to-month,DSL,No,Electronic check,1,High Risk,Offer annual contract discount + proactive support,55.4,71.53
8775-LHDJH,1,90.6,Month-to-month,Fiber optic,No,Electronic check,1,High Risk,Offer annual contract discount + proactive support,90.6,91.75
9625-QNLUX,68,103.25,Two year,Fiber optic,No,Credit card (automatic),0,Low Risk,Continue regular engagement,0.0,3.94
3097-NQYSN,2,86.85,Month-to-month,Fiber optic,No,Mailed check,1,High Risk,Offer annual contract discount + proactive support,86.85,79.75
4024-CSNBY,72,94.25,Two year,Fiber optic,Yes,Bank transfer (automatic),0,Low Risk,Continue regular engagement,0.0,0.68
7110-BDTWG,71,47.05,Two year,DSL,Yes,Electronic check,0,Low Risk,Continue regular engagement,0.0,9.76
7493-GVFIO,57,20.55,Two year,No,No internet service,Credit card (automatic),0,Low Risk,Continue regular engagement,0.0,0.9
0690-SRQID,4,19.65,Month-to-month,No,No internet service,Mailed check,0,Low Risk,Continue regular engagement,0.0,9.83
9605-WGJVW,1,70.2,Month-to-month,Fiber optic,No,Electronic check,1,High Risk,Offer annual contract discount + proactive support,70.2,84.76
9114-DPSIA,72,81.0,Two year,DSL,Yes,Credit card (automatic),0,Low Risk,Continue regular engagement,0.0,0.51
4700-UBQMV,21,75.9,One year,DSL,No,Bank transfer (automatic),0,Low Risk,Continue regular engagement,0.0,13.14
7711-GQBZC,71,24.7,Two year,No,No internet service,Bank transfer (automatic),0,Low Risk,Continue regular engagement,0.0,0.66
3565-UNOCC,29,99.05,Month-to-month,Fiber optic,No,Bank transfer (automatic),1,Medium Risk,Offer contract upgrade incentive,99.05,68.96
4627-MIHJH,69,110.25,Two year,Fiber optic,Yes,Credit card (automatic),0,Low Risk,Continue regular engagement,0.0,19.01
9795-NREXC,64,85.0,Two year,DSL,Yes,Credit card (automatic),0,Low Risk,Continue regular engagement,0.0,2.16
8573-CGOCC,16,19.75,Month-to-month,No,No internet service,Credit card (automatic),0,Low Risk,Continue regular engagement,0.0,6.11
7356-AYNJP,4,23.9,One year,No,No internet service,Electronic check,0,Low Risk,Continue regular engagement,0.0,7.04
9249-FXSCK,52,111.25,One year,Fiber optic,Yes,Credit card (automatic),0,Low Risk,Continue regular engagement,0.0,24.33
5493-SDRDQ,2,55.1,Month-to-month,DSL,No,Mailed check,1,Medium Risk,Offer contract upgrade incentive,55.1,36.94
6286-SUUWT,1,19.95,Month-to-month,No,No internet service,Mailed check,1,Medium Risk,Offer contract upgrade incentive,19.95,40.83
4819-HJPIW,18,25.15,Month-to-month,DSL,No,Mailed check,0,Low Risk,Continue regular engagement,0.0,18.34
8654-DHAOW,2,54.15,Month-to-month,DSL,No,Mailed check,1,Medium Risk,Offer contract upgrade incentive,54.15,42.59
5438-QMDDL,19,59.8,Month-to-month,DSL,No,Mailed check,0,Low Risk,Continue regular engagement,0.0,24.96
9812-GHVRI,40,83.85,Month-to-month,Fiber optic,No,Bank transfer (automatic),0,Low Risk,Continue regular engagement,0.0,33.32
5553-AOINX,66,104.9,One year,Fiber optic,No,Electronic check,0,Low Risk,Continue regular engagement,0.0,21.17
1228-ZLNBX,21,75.3,Month-to-month,Fiber optic,No,Mailed check,0,Low Risk,Continue regular engagement,0.0,24.61
4226-KKDON,8,66.65,Month-to-month,DSL,Yes,Electronic check,0,Low Risk,Continue regular engagement,0.0,27.71
3831-YCPUO,72,109.5,Two year,Fiber optic,Yes,Credit card (automatic),0,Low Risk,Continue regular engagement,0.0,1.27
7445-WMRBW,48,73.85,One year,DSL,Yes,Bank transfer (automatic),0,Low Risk,Continue regular engagement,0.0,5.88
3308-DGHKL,69,19.3,Two year,No,No internet service,Bank transfer (automatic),0,Low Risk,Continue regular engagement,0.0,0.75
9924-JPRMC,72,118.2,Two year,Fiber optic,Yes,Electronic check,0,Low Risk,Continue regular engagement,0.0,2.7
0080-EMYVY,14,51.45,One year,DSL,No,Credit card (automatic),0,Low Risk,Continue regular engagement,0.0,8.17
6218-KNUBD,6,59.45,Month-to-month,DSL,No,Electronic check,0,Low Risk,Continue regular engagement,0.0,26.57
7337-CINUD,8,19.5,Two year,No,No internet service,Bank transfer (automatic),0,Low Risk,Continue regular engagement,0.0,2.23
7609-NRNCA,17,19.55,One year,No,No internet service,Mailed check,0,Low Risk,Continue regular engagement,0.0,2.42
0623-EJQEG,65,93.55,One year,Fiber optic,Yes,Electronic check,0,Low Risk,Continue regular engagement,0.0,9.29
7153-CHRBV,57,59.3,One year,DSL,Yes,Mailed check,0,Low Risk,Continue regular engagement,0.0,3.0
0871-URUWO,13,102.25,Month-to-month,Fiber optic,No,Credit card (automatic),1,Medium Risk,Offer contract upgrade incentive,102.25,69.74
9190-MFJLN,19,95.9,Month-to-month,Fiber optic,No,Credit card (automatic),1,Medium Risk,Offer contract upgrade incentive,95.9,51.11
6198-PNNSZ,56,109.8,One year,Fiber optic,No,Bank transfer (automatic),0,Low Risk,Continue regular engagement,0.0,18.33
3317-VLGQT,14,78.1,Month-to-month,Fiber optic,No,Electronic check,1,Medium Risk,Offer contract upgrade incentive,78.1,53.45
4132-POCZS,52,39.9,Month-to-month,DSL,No,Electronic check,0,Low Risk,Continue regular engagement,0.0,25.34
5614-DNZCE,58,64.9,Two year,DSL,Yes,Credit card (automatic),0,Low Risk,Continue regular engagement,0.0,1.2
1095-JUDTC,47,95.05,Month-to-month,Fiber optic,Yes,Electronic check,1,Medium Risk,Offer contract upgrade incentive,95.05,39.55
3896-RCYYE,67,53.4,Month-to-month,DSL,Yes,Credit card (automatic),0,Low Risk,Continue regular engagement,0.0,7.86
9638-JIQYA,2,24.9,Month-to-month,DSL,No,Credit card (automatic),1,Medium Risk,Offer contract upgrade incentive,24.9,48.98
3258-SANFR,6,44.7,Month-to-month,DSL,No,Credit card (automatic),0,Low Risk,Continue regular engagement,0.0,29.53
3726-TBHQT,71,114.0,Two year,Fiber optic,Yes,Bank transfer (automatic),0,Low Risk,Continue regular engagement,0.0,2.87
3190-ITQXP,46,20.25,Two year,No,No internet service,Bank transfer (automatic),0,Low Risk,Continue regular engagement,0.0,1.24
0870-VEMYL,5,53.85,Month-to-month,DSL,Yes,Credit card (automatic),0,Low Risk,Continue regular engagement,0.0,22.63
4833-QTJNO,67,83.85,Month-to-month,Fiber optic,No,Bank transfer (automatic),0,Low Risk,Continue regular engagement,0.0,15.93
3039-MJSLN,3,20.2,Month-to-month,No,No internet service,Bank transfer (automatic),0,Low Risk,Continue regular engagement,0.0,9.2
0178-CIIKR,3,19.95,Month-to-month,No,No internet service,Mailed check,0,Low Risk,Continue regular engagement,0.0,18.82
5385-SUIRI,52,104.2,Month-to-month,Fiber optic,No,Electronic check,1,Medium Risk,Offer contract upgrade incentive,104.2,60.54
3982-XWFZQ,42,50.25,Month-to-month,DSL,No,Electronic check,0,Low Risk,Continue regular engagement,0.0,22.11
5774-QPLTF,50,20.35,One year,No,No internet service,Mailed check,0,Low Risk,Continue regular engagement,0.0,2.08
2322-VCZHZ,23,90.0,Month-to-month,Fiber optic,No,Electronic check,0,Low Risk,Continue regular engagement,0.0,31.19
5010-IPEAQ,67,54.2,Two year,DSL,Yes,Credit card (automatic),0,Low Risk,Continue regular engagement,0.0,1.54
4009-ALQFH,25,99.5,Month-to-month,Fiber optic,No,Electronic check,1,High Risk,Offer annual contract discount + proactive support,99.5,70.39
6383-ZTSIW,39,99.1,One year,Fiber optic,No,Mailed check,0,Low Risk,Continue regular engagement,0.0,14.5
8990-YOZLV,69,66.9,Two year,DSL,Yes,Mailed check,0,Low Risk,Continue regular engagement,0.0,1.28
3069-SSVSN,1,25.85,One year,DSL,No,Mailed check,0,Low Risk,Continue regular engagement,0.0,21.83
5222-IMUKT,32,91.05,Month-to-month,Fiber optic,No,Electronic check,1,Medium Risk,Offer contract upgrade incentive,91.05,35.68
3627-FCRDW,9,71.0,Month-to-month,Fiber optic,No,Electronic check,1,Medium Risk,Offer contract upgrade incentive,71.0,41.37
7562-GSUHK,16,93.2,Month-to-month,Fiber optic,No,Credit card (automatic),1,Medium Risk,Offer contract upgrade incentive,93.2,41.98
6685-XSHHU,60,20.95,Two year,No,No internet service,Bank transfer (automatic),0,Low Risk,Continue regular engagement,0.0,0.92
8901-UPRHR,72,109.2,Two year,Fiber optic,Yes,Bank transfer (automatic),0,Low Risk,Continue regular engagement,0.0,5.35
4903-UYAVB,5,19.35,Month-to-month,No,No internet service,Mailed check,0,Low Risk,Continue regular engagement,0.0,12.53
0118-JPNOY,26,85.8,Month-to-month,Fiber optic,No,Credit card (automatic),0,Low Risk,Continue regular engagement,0.0,27.33
6776-TLWOI,3,19.85,Month-to-month,No,No internet service,Mailed check,0,Low Risk,Continue regular engagement,0.0,15.13
3845-FXCYS,2,19.65,Month-to-month,No,No internet service,Electronic check,0,Low Risk,Continue regular engagement,0.0,20.61
5857-XRECV,2,20.5,One year,No,No internet service,Bank transfer (automatic),0,Low Risk,Continue regular engagement,0.0,6.15
0725-CXOTM,36,89.65,One year,DSL,Yes,Credit card (automatic),0,Low Risk,Continue regular engagement,0.0,7.24
4343-EJVQB,7,74.35,Month-to-month,Fiber optic,No,Mailed check,0,Low Risk,Continue regular engagement,0.0,29.99
9000-PLFUZ,60,49.45,Two year,DSL,No,Credit card (automatic),0,Low Risk,Continue regular engagement,0.0,5.88
3427-GGZZI,19,89.1,Month-to-month,Fiber optic,No,Electronic check,1,Medium Risk,Offer contract upgrade incentive,89.1,60.09
7779-ORAEL,45,75.15,Two year,DSL,Yes,Credit card (automatic),0,Low Risk,Continue regular engagement,0.0,3.74
0644-OQMDK,4,70.65,Month-to-month,Fiber optic,No,Electronic check,1,Medium Risk,Offer contract upgrade incentive,70.65,61.34
4077-CROMM,31,104.2,Month-to-month,Fiber optic,Yes,Electronic check,1,Medium Risk,Offer contract upgrade incentive,104.2,51.31
3154-CFSZG,47,90.05,Month-to-month,Fiber optic,No,Electronic check,0,Low Risk,Continue regular engagement,0.0,17.89
2868-MZAGQ,1,79.25,Month-to-month,Fiber optic,No,Electronic check,1,High Risk,Offer annual contract discount + proactive support,79.25,87.31
4847-QNOKA,1,44.9,Month-to-month,DSL,No,Bank transfer (automatic),1,Medium Risk,Offer contract upgrade incentive,44.9,51.25
2220-IAHLS,1,19.4,Month-to-month,No,No internet service,Credit card (automatic),0,Low Risk,Continue regular engagement,0.0,28.53
1658-XUHBX,59,88.75,Month-to-month,Fiber optic,No,Credit card (automatic),0,Low Risk,Continue regular engagement,0.0,23.96
6379-RXJRQ,10,70.1,Month-to-month,Fiber optic,No,Electronic check,1,Medium Risk,Offer contract upgrade incentive,70.1,54.96
2378-HTWFW,35,91.0,Month-to-month,Fiber optic,No,Credit card (automatic),0,Low Risk,Continue regular engagement,0.0,26.17
8650-RHRKE,4,29.65,Month-to-month,DSL,No,Electronic check,1,Medium Risk,Offer contract upgrade incentive,29.65,56.08
4377-VDHYI,32,90.8,One year,Fiber optic,No,Electronic check,0,Low Risk,Continue regular engagement,0.0,14.48
0475-RIJEP,43,77.85,Month-to-month,Fiber optic,No,Electronic check,1,Medium Risk,Offer contract upgrade incentive,77.85,45.61
1260-TTRXI,4,54.3,Month-to-month,DSL,No,Electronic check,1,Medium Risk,Offer contract upgrade incentive,54.3,47.66
3719-TDVQB,54,18.95,Two year,No,No internet service,Mailed check,0,Low Risk,Continue regular engagement,0.0,2.73
6328-ZPBGN,11,95.15,Month-to-month,Fiber optic,No,Bank transfer (automatic),1,High Risk,Offer annual contract discount + proactive support,95.15,73.72
0201-MIBOL,66,102.4,Two year,Fiber optic,No,Bank transfer (automatic),0,Low Risk,Continue regular engagement,0.0,6.74
4937-QPZPO,61,99.9,One year,Fiber optic,No,Electronic check,1,Medium Risk,Monitor customer + targeted engagement,99.9,38.41
2925-VDZHY,72,88.7,Two year,DSL,Yes,Credit card (automatic),0,Low Risk,Continue regular engagement,0.0,0.46
6981-TDRFT,44,54.3,One year,DSL,Yes,Electronic check,0,Low Risk,Continue regular engagement,0.0,20.87
3413-CSSTH,41,55.7,Month-to-month,DSL,No,Bank transfer (automatic),0,Low Risk,Continue regular engagement,0.0,19.44
8033-VCZGH,50,103.95,One year,Fiber optic,No,Electronic check,1,Medium Risk,Monitor customer + targeted engagement,103.95,40.49
4789-KWMXN,47,110.85,One year,Fiber optic,Yes,Credit card (automatic),0,Low Risk,Continue regular engagement,0.0,34.75
0224-NIJLP,8,20.15,Two year,No,No internet service,Mailed check,0,Low Risk,Continue regular engagement,0.0,1.71
7542-CYDDM,18,20.05,Month-to-month,No,No internet service,Mailed check,0,Low Risk,Continue regular engagement,0.0,8.23
4718-WXBGI,72,91.95,Two year,DSL,Yes,Credit card (automatic),0,Low Risk,Continue regular engagement,0.0,0.46
2867-UIMSS,1,80.5,Month-to-month,Fiber optic,No,Electronic check,1,High Risk,Offer annual contract discount + proactive support,80.5,79.17
8495-PRWFH,42,55.65,Month-to-month,DSL,No,Electronic check,0,Low Risk,Continue regular engagement,0.0,28.7
0439-IFYUN,18,74.7,Month-to-month,Fiber optic,No,Electronic check,1,Medium Risk,Offer contract upgrade incentive,74.7,43.9
5716-LIBJC,13,104.15,One year,Fiber optic,No,Credit card (automatic),1,Medium Risk,Monitor customer + targeted engagement,104.15,35.11
2868-LLSKM,68,83.65,One year,Fiber optic,Yes,Bank transfer (automatic),0,Low Risk,Continue regular engagement,0.0,7.5
8111-RKSPX,4,72.2,Month-to-month,Fiber optic,No,Bank transfer (automatic),1,Medium Risk,Offer contract upgrade incentive,72.2,64.99
2988-QRAJY,69,110.05,Two year,Fiber optic,No,Credit card (automatic),0,Low Risk,Continue regular engagement,0.0,19.44
1585-MQSSU,17,51.5,Month-to-month,DSL,Yes,Mailed check,0,Low Risk,Continue regular engagement,0.0,16.57
0071-NDAFP,25,25.5,Two year,No,No internet service,Credit card (automatic),0,Low Risk,Continue regular engagement,0.0,1.51
2856-NNASM,43,89.55,Month-to-month,Fiber optic,No,Mailed check,1,Medium Risk,Offer contract upgrade incentive,89.55,37.66
7328-ZJAJO,59,19.5,Two year,No,No internet service,Credit card (automatic),0,Low Risk,Continue regular engagement,0.0,1.01
6458-CYIDZ,5,80.7,Month-to-month,Fiber optic,No,Electronic check,0,Low Risk,Continue regular engagement,0.0,33.86
8559-CIZFV,21,77.5,One year,DSL,Yes,Mailed check,0,Low Risk,Continue regular engagement,0.0,6.31
1090-PYKCI,69,105.1,One year,Fiber optic,Yes,Credit card (automatic),0,Low Risk,Continue regular engagement,0.0,5.63
3058-WQDRE,13,25.15,Month-to-month,DSL,No,Bank transfer (automatic),0,Low Risk,Continue regular engagement,0.0,29.16
7547-EKNFS,42,95.25,Month-to-month,Fiber optic,No,Bank transfer (automatic),0,Low Risk,Continue regular engagement,0.0,33.94
2279-AXJJK,52,95.65,Month-to-month,Fiber optic,Yes,Credit card (automatic),0,Low Risk,Continue regular engagement,0.0,18.26
6769-DYBQN,46,85.0,Month-to-month,Fiber optic,No,Electronic check,0,Low Risk,Continue regular engagement,0.0,32.67
0909-SELIE,61,80.8,Two year,DSL,Yes,Bank transfer (automatic),0,Low Risk,Continue regular engagement,0.0,1.49
3417-TSCIC,29,24.85,One year,DSL,No,Mailed check,0,Low Risk,Continue regular engagement,0.0,9.69
1042-HFUCW,25,54.75,One year,DSL,Yes,Credit card (automatic),0,Low Risk,Continue regular engagement,0.0,5.72
4439-JMPMT,5,85.75,Month-to-month,Fiber optic,Yes,Electronic check,1,High Risk,Offer annual contract discount + proactive support,85.75,74.8
6537-OTKMY,15,50.75,One year,DSL,No,Electronic check,0,Low Risk,Continue regular engagement,0.0,30.78
8999-EXMNO,19,20.15,Two year,No,No internet service,Mailed check,0,Low Risk,Continue regular engagement,0.0,1.2
6725-TPKJO,44,20.05,Two year,No,No internet service,Mailed check,0,Low Risk,Continue regular engagement,0.0,1.03
2446-BEGGB,6,98.25,Month-to-month,Fiber optic,No,Electronic check,1,High Risk,Offer annual contract discount + proactive support,98.25,90.67
7162-WPHPM,58,71.6,Two year,DSL,Yes,Credit card (automatic),0,Low Risk,Continue regular engagement,0.0,1.31
1599-MMYRQ,62,81.45,One year,Fiber optic,No,Credit card (automatic),0,Low Risk,Continue regular engagement,0.0,3.15
8821-KVZKQ,70,58.4,One year,DSL,Yes,Bank transfer (automatic),0,Low Risk,Continue regular engagement,0.0,4.76
1496-GGSUK,1,25.7,Month-to-month,DSL,No,Mailed check,1,High Risk,Offer annual contract discount + proactive support,25.7,75.72
6434-TTGJP,10,53.7,Two year,DSL,Yes,Credit card (automatic),0,Low Risk,Continue regular engagement,0.0,2.97
0042-JVWOJ,26,19.6,One year,No,No internet service,Bank transfer (automatic),0,Low Risk,Continue regular engagement,0.0,1.83
0130-SXOUN,66,89.4,Month-to-month,Fiber optic,No,Credit card (automatic),0,Low Risk,Continue regular engagement,0.0,23.08
2575-GFSOE,7,69.0,Month-to-month,Fiber optic,No,Electronic check,1,Medium Risk,Offer contract upgrade incentive,69.0,60.25
2330-PQGDQ,51,84.2,One year,Fiber optic,Yes,Bank transfer (automatic),0,Low Risk,Continue regular engagement,0.0,7.83
1452-UZOSF,72,106.1,Two year,Fiber optic,Yes,Credit card (automatic),0,Low Risk,Continue regular engagement,0.0,1.78
2097-YVPKN,65,25.75,Two year,No,No internet service,Mailed check,0,Low Risk,Continue regular engagement,0.0,0.64
2842-JTCCU,2,46.05,Month-to-month,DSL,No,Bank transfer (automatic),1,Medium Risk,Offer contract upgrade incentive,46.05,46.26
8597-CTXVJ,70,64.95,One year,DSL,Yes,Bank transfer (automatic),0,Low Risk,Continue regular engagement,0.0,2.42
6631-HMANX,72,85.45,Two year,DSL,Yes,Credit card (automatic),0,Low Risk,Continue regular engagement,0.0,0.85
9962-BFPDU,1,20.05,Month-to-month,No,No internet service,Mailed check,1,Medium Risk,Offer contract upgrade incentive,20.05,40.43
3296-SILRA,1,76.4,Month-to-month,Fiber optic,No,Mailed check,1,High Risk,Offer annual contract discount + proactive support,76.4,83.27
9681-OXGVC,5,100.5,Month-to-month,Fiber optic,No,Electronic check,1,High Risk,Offer annual contract discount + proactive support,100.5,88.15
6394-HHHZM,3,20.7,Month-to-month,No,No internet service,Mailed check,0,Low Risk,Continue regular engagement,0.0,15.04
5995-LFTLE,58,25.3,Two year,No,No internet service,Credit card (automatic),0,Low Risk,Continue regular engagement,0.0,1.48
5180-UCIIQ,22,40.05,Month-to-month,DSL,No,Mailed check,0,Low Risk,Continue regular engagement,0.0,27.18
1932-UEDCX,33,100.6,Month-to-month,Fiber optic,No,Bank transfer (automatic),1,Medium Risk,Offer contract upgrade incentive,100.6,41.72
7153-OANIO,1,69.95,Month-to-month,Fiber optic,No,Electronic check,1,High Risk,Offer annual contract discount + proactive support,69.95,75.43
5188-HGMLP,54,74.0,Month-to-month,Fiber optic,No,Bank transfer (automatic),0,Low Risk,Continue regular engagement,0.0,24.65
0665-XHDJU,72,99.4,Two year,Fiber optic,No,Electronic check,0,Low Risk,Continue regular engagement,0.0,8.62
6521-YYTYI,1,93.3,Month-to-month,Fiber optic,No,Electronic check,1,High Risk,Offer annual contract discount + proactive support,93.3,88.57
8878-HMWBV,3,49.15,Month-to-month,DSL,No,Electronic check,1,Medium Risk,Offer contract upgrade incentive,49.15,53.15
8265-HKSOW,72,107.45,Two year,Fiber optic,Yes,Credit card (automatic),0,Low Risk,Continue regular engagement,0.0,2.94
3544-FBCAS,72,83.6,Two year,DSL,No,Credit card (automatic),0,Low Risk,Continue regular engagement,0.0,0.64
5331-RGMTT,54,99.05,Month-to-month,Fiber optic,No,Credit card (automatic),1,Medium Risk,Offer contract upgrade incentive,99.05,51.95
4759-PXTAN,59,80.1,One year,DSL,Yes,Electronic check,0,Low Risk,Continue regular engagement,0.0,8.82
7054-DMVAS,54,65.3,Two year,DSL,No,Bank transfer (automatic),0,Low Risk,Continue regular engagement,0.0,1.87
3428-MMGUB,60,89.55,Two year,Fiber optic,No,Electronic check,0,Low Risk,Continue regular engagement,0.0,10.52
6549-BTYPG,60,60.8,Two year,DSL,Yes,Credit card (automatic),0,Low Risk,Continue regular engagement,0.0,1.31
7823-JSOAG,3,74.5,Month-to-month,Fiber optic,No,Electronic check,1,Medium Risk,Offer contract upgrade incentive,74.5,59.59
3705-RHRFR,69,99.15,Two year,Fiber optic,No,Bank transfer (automatic),0,Low Risk,Continue regular engagement,0.0,4.47
9374-YOLBJ,1,19.25,Month-to-month,No,No internet service,Electronic check,1,Medium Risk,Offer contract upgrade incentive,19.25,37.31
9074-KGVOX,50,39.45,Month-to-month,DSL,No,Credit card (automatic),0,Low Risk,Continue regular engagement,0.0,12.67
6128-DAFVY,56,44.85,Month-to-month,DSL,No,Credit card (automatic),0,Low Risk,Continue regular engagement,0.0,25.34
9933-QRGTX,60,97.2,Two year,Fiber optic,Yes,Electronic check,0,Low Risk,Continue regular engagement,0.0,3.47
4476-OSWTN,69,110.55,One year,Fiber optic,Yes,Mailed check,0,Low Risk,Continue regular engagement,0.0,29.28
3751-KTZEL,1,35.05,Month-to-month,DSL,No,Mailed check,1,Medium Risk,Offer contract upgrade incentive,35.05,54.72
1977-STDKI,1,73.0,Month-to-month,Fiber optic,No,Electronic check,1,High Risk,Offer annual contract discount + proactive support,73.0,81.66
5066-GFJMM,3,19.9,Month-to-month,No,No internet service,Mailed check,0,Low Risk,Continue regular engagement,0.0,13.11
2661-GKBTK,60,76.95,Two year,DSL,Yes,Bank transfer (automatic),0,Low Risk,Continue regular engagement,0.0,1.4
0458-HEUZG,13,35.4,Two year,DSL,Yes,Mailed check,0,Low Risk,Continue regular engagement,0.0,2.97
7268-WNTCP,62,20.45,Two year,No,No internet service,Bank transfer (automatic),0,Low Risk,Continue regular engagement,0.0,0.77
0824-VWDPO,45,96.75,One year,Fiber optic,No,Bank transfer (automatic),0,Low Risk,Continue regular engagement,0.0,8.67
8409-WQJUX,25,54.2,One year,DSL,Yes,Electronic check,0,Low Risk,Continue regular engagement,0.0,8.35
2578-JQPHZ,44,100.1,Two year,Fiber optic,Yes,Bank transfer (automatic),0,Low Risk,Continue regular engagement,0.0,4.07
3278-FSIXX,2,45.25,Month-to-month,DSL,No,Mailed check,1,Medium Risk,Offer contract upgrade incentive,45.25,48.64
5813-UECBU,33,83.85,Month-to-month,Fiber optic,No,Credit card (automatic),1,Medium Risk,Offer contract upgrade incentive,83.85,43.27
0328-GRPMV,1,70.1,Month-to-month,Fiber optic,No,Electronic check,1,High Risk,Offer annual contract discount + proactive support,70.1,81.74
9746-UGFAC,22,20.85,One year,No,No internet service,Bank transfer (automatic),0,Low Risk,Continue regular engagement,0.0,2.26
2946-KIQSP,35,33.45,Month-to-month,DSL,Yes,Mailed check,0,Low Risk,Continue regular engagement,0.0,17.82
0625-AFOHS,29,20.2,Two year,No,No internet service,Mailed check,0,Low Risk,Continue regular engagement,0.0,1.39
6726-WEXXK,27,85.9,One year,Fiber optic,No,Electronic check,0,Low Risk,Continue regular engagement,0.0,13.93
4636-OLWOE,54,61.0,One year,DSL,Yes,Electronic check,0,Low Risk,Continue regular engagement,0.0,6.06
4342-HENTK,2,70.65,Month-to-month,Fiber optic,No,Electronic check,1,High Risk,Offer annual contract discount + proactive support,70.65,70.06
4685-ERGHK,57,86.9,One year,Fiber optic,No,Electronic check,0,Low Risk,Continue regular engagement,0.0,20.28
0885-HMGPY,62,69.4,Two year,DSL,Yes,Bank transfer (automatic),0,Low Risk,Continue regular engagement,0.0,0.99
5003-OKNNK,15,20.35,One year,No,No internet service,Credit card (automatic),0,Low Risk,Continue regular engagement,0.0,2.77
4195-SMMNX,2,20.35,Month-to-month,No,No internet service,Mailed check,0,Low Risk,Continue regular engagement,0.0,13.86
7208-PSIHR,70,104.3,Two year,Fiber optic,Yes,Bank transfer (automatic),0,Low Risk,Continue regular engagement,0.0,9.87
4012-ZTHBR,21,44.95,Month-to-month,DSL,No,Electronic check,0,Low Risk,Continue regular engagement,0.0,28.86
0489-WMEMG,23,49.45,One year,DSL,Yes,Electronic check,0,Low Risk,Continue regular engagement,0.0,14.22
7435-ZNUYY,6,20.6,One year,No,No internet service,Mailed check,0,Low Risk,Continue regular engagement,0.0,4.69
1354-YZFNB,4,19.55,Two year,No,No internet service,Credit card (automatic),0,Low Risk,Continue regular engagement,0.0,1.57
6956-SMUCM,3,99.0,Month-to-month,Fiber optic,No,Credit card (automatic),1,High Risk,Offer annual contract discount + proactive support,99.0,81.92
2985-FMWYF,23,93.5,Month-to-month,Fiber optic,No,Electronic check,1,High Risk,Offer annual contract discount + proactive support,93.5,71.32
2812-ENYMO,26,54.55,One year,DSL,Yes,Credit card (automatic),0,Low Risk,Continue regular engagement,0.0,6.19
2717-HVIZY,8,20.05,Month-to-month,No,No internet service,Mailed check,0,Low Risk,Continue regular engagement,0.0,8.5
3223-WZWJM,26,83.95,Month-to-month,Fiber optic,No,Electronic check,1,Medium Risk,Offer contract upgrade incentive,83.95,62.67
3422-GALYP,2,79.45,Month-to-month,Fiber optic,No,Electronic check,1,High Risk,Offer annual contract discount + proactive support,79.45,77.19
9053-JZFKV,67,116.2,Two year,Fiber optic,Yes,Credit card (automatic),0,Low Risk,Continue regular engagement,0.0,19.74
2530-ENDWQ,71,93.7,Two year,Fiber optic,No,Bank transfer (automatic),0,Low Risk,Continue regular engagement,0.0,6.65
2890-WFBHU,59,79.85,One year,DSL,Yes,Credit card (automatic),0,Low Risk,Continue regular engagement,0.0,7.41
0327-WFZSY,39,100.0,One year,Fiber optic,No,Electronic check,0,Low Risk,Continue regular engagement,0.0,24.72
7977-HXJKU,21,19.6,Two year,No,No internet service,Mailed check,0,Low Risk,Continue regular engagement,0.0,1.43
6615-ZGEDR,1,19.7,Month-to-month,No,No internet service,Mailed check,1,Medium Risk,Offer contract upgrade incentive,19.7,38.23
7033-CLAMM,48,20.2,Two year,No,No internet service,Bank transfer (automatic),0,Low Risk,Continue regular engagement,0.0,1.31
4023-RTIQM,31,50.4,One year,DSL,No,Credit card (automatic),0,Low Risk,Continue regular engagement,0.0,14.87
0864-FVJNJ,64,113.35,One year,Fiber optic,Yes,Electronic check,0,Low Risk,Continue regular engagement,0.0,5.86
7356-IWLFW,46,80.0,Month-to-month,Fiber optic,No,Bank transfer (automatic),0,Low Risk,Continue regular engagement,0.0,31.31
9541-PWTWO,52,80.95,Two year,DSL,Yes,Bank transfer (automatic),0,Low Risk,Continue regular engagement,0.0,2.03
3967-VQOGC,67,24.9,Two year,No,No internet service,Mailed check,0,Low Risk,Continue regular engagement,0.0,0.69
7872-RDDLZ,67,54.9,Month-to-month,DSL,No,Electronic check,0,Low Risk,Continue regular engagement,0.0,11.04
9250-WYPLL,5,75.55,Month-to-month,Fiber optic,No,Electronic check,1,Medium Risk,Offer contract upgrade incentive,75.55,66.53
6308-CQRBU,71,109.25,Two year,Fiber optic,Yes,Electronic check,0,Low Risk,Continue regular engagement,0.0,11.51
2754-XBHTB,9,77.65,Month-to-month,Fiber optic,No,Bank transfer (automatic),1,Medium Risk,Offer contract upgrade incentive,77.65,56.32
1597-LHYNC,26,95.0,Month-to-month,Fiber optic,No,Electronic check,1,Medium Risk,Offer contract upgrade incentive,95.0,59.0
0186-CAERR,71,116.3,One year,Fiber optic,Yes,Bank transfer (automatic),0,Low Risk,Continue regular engagement,0.0,21.34
3043-SUDUA,32,19.9,Month-to-month,No,No internet service,Bank transfer (automatic),0,Low Risk,Continue regular engagement,0.0,4.03
5442-BHQNG,2,70.35,Month-to-month,Fiber optic,No,Electronic check,1,Medium Risk,Offer contract upgrade incentive,70.35,57.95
2169-RRLFW,71,25.6,Two year,No,No internet service,Credit card (automatic),0,Low Risk,Continue regular engagement,0.0,1.15
5872-OEQNH,60,44.45,One year,DSL,No,Electronic check,0,Low Risk,Continue regular engagement,0.0,12.86
3162-KKZXO,55,100.15,One year,Fiber optic,No,Electronic check,1,Medium Risk,Monitor customer + targeted engagement,100.15,35.93
7055-VKGDA,54,105.4,One year,Fiber optic,Yes,Credit card (automatic),0,Low Risk,Continue regular engagement,0.0,27.64
0754-UKWQP,2,95.85,Month-to-month,Fiber optic,No,Electronic check,1,High Risk,Offer annual contract discount + proactive support,95.85,79.49
8873-GLDMH,6,73.85,Month-to-month,Fiber optic,No,Mailed check,1,Medium Risk,Offer contract upgrade incentive,73.85,63.66
5696-JVVQY,48,70.1,Two year,DSL,No,Credit card (automatic),0,Low Risk,Continue regular engagement,0.0,2.07
8946-BFWSG,63,25.25,Two year,No,No internet service,Mailed check,0,Low Risk,Continue regular engagement,0.0,0.8
7493-TPUWZ,1,79.15,Month-to-month,Fiber optic,No,Electronic check,1,High Risk,Offer annual contract discount + proactive support,79.15,89.47
0547-HURJB,12,21.05,Month-to-month,No,No internet service,Credit card (automatic),0,Low Risk,Continue regular engagement,0.0,7.57
8904-OPDCK,54,24.95,Month-to-month,DSL,No,Bank transfer (automatic),0,Low Risk,Continue regular engagement,0.0,18.39
8845-LWKGE,30,64.5,One year,DSL,Yes,Electronic check,0,Low Risk,Continue regular engagement,0.0,6.58
1577-HKTFG,30,19.65,Month-to-month,No,No internet service,Bank transfer (automatic),0,Low Risk,Continue regular engagement,0.0,7.56
8752-STIVR,4,79.0,Month-to-month,Fiber optic,No,Electronic check,1,High Risk,Offer annual contract discount + proactive support,79.0,70.99
0691-NIKRI,40,105.95,One year,Fiber optic,Yes,Credit card (automatic),0,Low Risk,Continue regular engagement,0.0,33.69
5022-JNQEQ,9,75.85,Month-to-month,Fiber optic,Yes,Electronic check,1,Medium Risk,Offer contract upgrade incentive,75.85,52.61
4558-FANTW,17,91.85,Month-to-month,Fiber optic,Yes,Electronic check,1,Medium Risk,Offer contract upgrade incentive,91.85,41.52
3249-VHRIP,62,43.6,Two year,DSL,No,Credit card (automatic),0,Low Risk,Continue regular engagement,0.0,3.61
3736-BLEPA,28,91.25,One year,Fiber optic,Yes,Bank transfer (automatic),0,Low Risk,Continue regular engagement,0.0,10.45
4701-LKOZD,70,89.75,Two year,DSL,Yes,Credit card (automatic),0,Low Risk,Continue regular engagement,0.0,1.67
6603-QWSPR,46,104.4,Two year,Fiber optic,Yes,Bank transfer (automatic),0,Low Risk,Continue regular engagement,0.0,17.02
9921-QFQUL,23,90.15,Month-to-month,Fiber optic,No,Mailed check,0,Low Risk,Continue regular engagement,0.0,28.39
1929-ZCBHE,47,40.3,One year,DSL,Yes,Electronic check,0,Low Risk,Continue regular engagement,0.0,6.17
4378-MYPGO,68,105.25,Two year,Fiber optic,No,Bank transfer (automatic),0,Low Risk,Continue regular engagement,0.0,8.05
8651-ENBZX,60,106.0,One year,Fiber optic,Yes,Electronic check,0,Low Risk,Continue regular engagement,0.0,29.37
4129-LYCOI,67,104.0,Two year,Fiber optic,Yes,Electronic check,0,Low Risk,Continue regular engagement,0.0,7.58
7798-JVXYM,14,69.65,Month-to-month,DSL,Yes,Electronic check,0,Low Risk,Continue regular engagement,0.0,30.05
8647-SDTWQ,57,74.3,Month-to-month,Fiber optic,No,Electronic check,0,Low Risk,Continue regular engagement,0.0,34.94
2696-ECXKC,55,100.9,One year,Fiber optic,No,Mailed check,0,Low Risk,Continue regular engagement,0.0,9.33
2081-KJSQF,1,20.25,Month-to-month,No,No internet service,Mailed check,0,Low Risk,Continue regular engagement,0.0,32.13
7623-TRNQN,1,49.9,Month-to-month,DSL,Yes,Mailed check,0,Low Risk,Continue regular engagement,0.0,29.89
3323-CPBWR,23,96.9,Month-to-month,Fiber optic,Yes,Credit card (automatic),0,Low Risk,Continue regular engagement,0.0,32.17
9330-IJWIO,13,100.35,Month-to-month,Fiber optic,No,Electronic check,1,High Risk,Offer annual contract discount + proactive support,100.35,76.75
3384-CTMSF,47,104.1,Month-to-month,Fiber optic,No,Electronic check,1,Medium Risk,Offer contract upgrade incentive,104.1,58.2
0902-RFHOF,38,20.1,One year,No,No internet service,Mailed check,0,Low Risk,Continue regular engagement,0.0,1.91
9286-DOJGF,38,74.95,Month-to-month,Fiber optic,No,Bank transfer (automatic),1,Medium Risk,Offer contract upgrade incentive,74.95,39.74
6048-QBXKL,2,56.55,Month-to-month,DSL,No,Credit card (automatic),1,Medium Risk,Offer contract upgrade incentive,56.55,56.35
9661-MHUMO,1,49.25,Month-to-month,DSL,Yes,Credit card (automatic),1,Medium Risk,Offer contract upgrade incentive,49.25,46.11
7718-RXDGG,15,68.6,Month-to-month,Fiber optic,No,Bank transfer (automatic),1,Medium Risk,Offer contract upgrade incentive,68.6,38.92
1025-FALIX,26,69.05,Month-to-month,Fiber optic,No,Credit card (automatic),0,Low Risk,Continue regular engagement,0.0,22.58
3451-VAWLI,35,19.7,Two year,No,No internet service,Credit card (automatic),0,Low Risk,Continue regular engagement,0.0,1.14
3407-QGWLG,3,20.05,Month-to-month,No,No internet service,Mailed check,0,Low Risk,Continue regular engagement,0.0,13.12
1842-EZJMK,50,103.7,Month-to-month,Fiber optic,Yes,Electronic check,1,Medium Risk,Offer contract upgrade incentive,103.7,37.33
2347-WKKAE,42,94.4,Month-to-month,Fiber optic,No,Electronic check,0,Low Risk,Continue regular engagement,0.0,34.31
8735-DCXNF,10,54.95,Month-to-month,DSL,Yes,Credit card (automatic),0,Low Risk,Continue regular engagement,0.0,16.75
3214-IYUUQ,61,93.7,One year,Fiber optic,Yes,Bank transfer (automatic),0,Low Risk,Continue regular engagement,0.0,4.98
1936-UAFEH,68,110.25,Two year,Fiber optic,Yes,Credit card (automatic),0,Low Risk,Continue regular engagement,0.0,8.45
3587-PMCOY,10,98.9,One year,Fiber optic,No,Electronic check,1,Medium Risk,Monitor customer + targeted engagement,98.9,64.17
8079-XRJRS,65,89.75,One year,Fiber optic,No,Electronic check,0,Low Risk,Continue regular engagement,0.0,10.18
1027-LKKQQ,72,80.45,Two year,DSL,Yes,Bank transfer (automatic),0,Low Risk,Continue regular engagement,0.0,0.46
7148-XZPHA,55,79.4,Month-to-month,Fiber optic,Yes,Electronic check,0,Low Risk,Continue regular engagement,0.0,16.26
8073-IJDCM,1,20.3,Month-to-month,No,No internet service,Mailed check,0,Low Risk,Continue regular engagement,0.0,32.64
5309-TAIKL,7,62.8,Month-to-month,DSL,Yes,Bank transfer (automatic),0,Low Risk,Continue regular engagement,0.0,18.27
6856-RAURS,2,74.9,Month-to-month,Fiber optic,No,Mailed check,1,Medium Risk,Offer contract upgrade incentive,74.9,69.16
8778-LMWTJ,9,74.85,Month-to-month,Fiber optic,No,Electronic check,1,Medium Risk,Offer contract upgrade incentive,74.85,47.33
9717-IOAAF,27,25.85,Two year,No,No internet service,Credit card (automatic),0,Low Risk,Continue regular engagement,0.0,2.5
8884-ADFVN,7,101.95,Month-to-month,Fiber optic,No,Electronic check,1,High Risk,Offer annual contract discount + proactive support,101.95,85.75
2845-KDHVX,64,68.3,Two year,DSL,Yes,Mailed check,0,Low Risk,Continue regular engagement,0.0,1.05
0848-SOMKO,70,48.4,Two year,DSL,Yes,Bank transfer (automatic),0,Low Risk,Continue regular engagement,0.0,1.57
2720-WGKHP,2,94.0,Month-to-month,Fiber optic,No,Electronic check,1,High Risk,Offer annual contract discount + proactive support,94.0,87.21
6734-FQAJX,67,105.05,Two year,Fiber optic,Yes,Electronic check,0,Low Risk,Continue regular engagement,0.0,17.68
2869-ADAWR,45,89.3,Month-to-month,Fiber optic,No,Credit card (automatic),0,Low Risk,Continue regular engagement,0.0,30.2
1535-VTJOQ,24,25.15,Two year,No,No internet service,Credit card (automatic),0,Low Risk,Continue regular engagement,0.0,1.75
6368-TZZDT,4,19.5,Two year,No,No internet service,Credit card (automatic),0,Low Risk,Continue regular engagement,0.0,1.4
0943-ZQPXH,44,92.95,Month-to-month,Fiber optic,No,Bank transfer (automatic),0,Low Risk,Continue regular engagement,0.0,30.0
1293-BSEUN,72,20.7,Two year,No,No internet service,Mailed check,0,Low Risk,Continue regular engagement,0.0,0.53
9894-EZEWG,1,74.3,Month-to-month,Fiber optic,No,Credit card (automatic),1,High Risk,Offer annual contract discount + proactive support,74.3,75.01
1302-TPUBN,66,19.35,Two year,No,No internet service,Bank transfer (automatic),0,Low Risk,Continue regular engagement,0.0,1.51
7851-FLGGQ,1,44.65,Month-to-month,DSL,Yes,Mailed check,1,Medium Risk,Offer contract upgrade incentive,44.65,41.45
0637-UBJRP,13,84.05,Month-to-month,Fiber optic,No,Electronic check,1,Medium Risk,Offer contract upgrade incentive,84.05,43.8
0940-OUQEC,10,80.7,Month-to-month,Fiber optic,No,Bank transfer (automatic),1,Medium Risk,Offer contract upgrade incentive,80.7,59.09
2378-VTKDH,65,104.35,Month-to-month,Fiber optic,No,Electronic check,1,Medium Risk,Offer contract upgrade incentive,104.35,49.71
0927-CNGRH,1,19.55,Month-to-month,No,No internet service,Mailed check,0,Low Risk,Continue regular engagement,0.0,33.66
8608-OZTLB,38,74.05,One year,DSL,Yes,Electronic check,0,Low Risk,Continue regular engagement,0.0,8.54
2335-GSODA,23,40.1,Two year,DSL,Yes,Mailed check,0,Low Risk,Continue regular engagement,0.0,1.68
1952-DVVSW,10,20.1,One year,No,No internet service,Mailed check,0,Low Risk,Continue regular engagement,0.0,2.74
0702-PGIBZ,4,101.7,Month-to-month,Fiber optic,No,Electronic check,1,High Risk,Offer annual contract discount + proactive support,101.7,81.97
6656-GULJQ,72,83.55,Two year,DSL,Yes,Credit card (automatic),0,Low Risk,Continue regular engagement,0.0,0.63
9853-JFZDU,35,56.85,Month-to-month,DSL,Yes,Electronic check,0,Low Risk,Continue regular engagement,0.0,9.52
1963-VAUKV,1,20.4,Month-to-month,No,No internet service,Mailed check,0,Low Risk,Continue regular engagement,0.0,26.03
3777-XROBG,58,19.55,Two year,No,No internet service,Credit card (automatic),0,Low Risk,Continue regular engagement,0.0,1.32
6994-FGRHH,70,106.15,One year,Fiber optic,Yes,Electronic check,0,Low Risk,Continue regular engagement,0.0,23.14
4000-VGMQP,38,78.95,One year,DSL,No,Credit card (automatic),0,Low Risk,Continue regular engagement,0.0,12.64
3999-WRNGR,60,49.75,Month-to-month,DSL,No,Electronic check,0,Low Risk,Continue regular engagement,0.0,24.79
3466-RITXD,26,92.4,Month-to-month,Fiber optic,No,Credit card (automatic),0,Low Risk,Continue regular engagement,0.0,34.78
2680-XKKNJ,8,58.2,One year,DSL,Yes,Bank transfer (automatic),0,Low Risk,Continue regular engagement,0.0,6.14
3058-HJCUY,41,102.6,One year,Fiber optic,Yes,Electronic check,1,Medium Risk,Monitor customer + targeted engagement,102.6,43.18
2974-GGUXS,36,91.95,Month-to-month,Fiber optic,No,Credit card (automatic),0,Low Risk,Continue regular engagement,0.0,31.81
7994-XIRTR,54,65.25,One year,DSL,Yes,Bank transfer (automatic),0,Low Risk,Continue regular engagement,0.0,7.59
3259-FDWOY,71,106.0,Two year,Fiber optic,No,Bank transfer (automatic),1,Medium Risk,Monitor customer + targeted engagement,106.0,46.23
2101-RANCD,55,73.1,Month-to-month,Fiber optic,No,Electronic check,1,Medium Risk,Offer contract upgrade incentive,73.1,38.21
7921-BEPCI,72,59.75,Two year,DSL,No,Bank transfer (automatic),0,Low Risk,Continue regular engagement,0.0,0.5
0807-ZABDG,3,55.1,Month-to-month,DSL,Yes,Mailed check,0,Low Risk,Continue regular engagement,0.0,27.55
8510-TMWYB,54,59.8,Two year,DSL,No,Bank transfer (automatic),0,Low Risk,Continue regular engagement,0.0,2.61
3258-ZKPAI,72,116.6,Two year,Fiber optic,Yes,Bank transfer (automatic),0,Low Risk,Continue regular engagement,0.0,1.75
1428-IEDPR,52,109.3,Two year,Fiber optic,Yes,Electronic check,0,Low Risk,Continue regular engagement,0.0,30.73
5298-GSTLM,60,101.4,One year,Fiber optic,No,Bank transfer (automatic),0,Low Risk,Continue regular engagement,0.0,18.41
4450-YOOHP,39,50.65,Month-to-month,DSL,No,Credit card (automatic),0,Low Risk,Continue regular engagement,0.0,21.46
6728-CZFEI,15,56.15,One year,DSL,No,Mailed check,0,Low Risk,Continue regular engagement,0.0,10.45
5748-RNCJT,69,106.5,Two year,Fiber optic,Yes,Bank transfer (automatic),1,Medium Risk,Monitor customer + targeted engagement,106.5,64.3
3653-NCRDJ,43,19.2,One year,No,No internet service,Mailed check,0,Low Risk,Continue regular engagement,0.0,1.05
6121-TNHBO,63,83.0,One year,DSL,Yes,Bank transfer (automatic),0,Low Risk,Continue regular engagement,0.0,3.73
5119-NZPTV,2,70.1,Month-to-month,Fiber optic,No,Electronic check,1,Medium Risk,Offer contract upgrade incentive,70.1,61.75
6519-ZHPXP,72,108.3,Two year,Fiber optic,Yes,Bank transfer (automatic),0,Low Risk,Continue regular engagement,0.0,4.09
7739-LAXOG,32,91.05,Month-to-month,Fiber optic,No,Bank transfer (automatic),1,Medium Risk,Offer contract upgrade incentive,91.05,37.65
3472-QPRCH,40,25.25,Two year,No,No internet service,Credit card (automatic),0,Low Risk,Continue regular engagement,0.0,1.13
8224-UAXBZ,58,45.35,One year,DSL,No,Electronic check,0,Low Risk,Continue regular engagement,0.0,15.83
9610-WCESF,67,43.9,Two year,DSL,Yes,Electronic check,0,Low Risk,Continue regular engagement,0.0,7.06
9776-CLUJA,51,77.5,Month-to-month,Fiber optic,No,Electronic check,0,Low Risk,Continue regular engagement,0.0,32.71
2486-WYVVE,31,79.3,One year,DSL,Yes,Mailed check,0,Low Risk,Continue regular engagement,0.0,15.25
3865-ZYKAD,69,84.9,Month-to-month,Fiber optic,No,Credit card (automatic),0,Low Risk,Continue regular engagement,0.0,20.24
1422-DGUBX,32,79.25,One year,Fiber optic,Yes,Electronic check,0,Low Risk,Continue regular engagement,0.0,25.04
2999-AANRQ,21,71.05,Two year,DSL,Yes,Credit card (automatic),0,Low Risk,Continue regular engagement,0.0,2.33
8668-KNZTI,52,53.75,One year,DSL,No,Electronic check,0,Low Risk,Continue regular engagement,0.0,6.94
0480-KYJVA,72,24.25,Two year,No,No internet service,Credit card (automatic),0,Low Risk,Continue regular engagement,0.0,0.46
6034-ZRYCV,72,54.2,Two year,DSL,No,Electronic check,0,Low Risk,Continue regular engagement,0.0,15.53
9746-YKGXB,52,44.25,One year,DSL,No,Bank transfer (automatic),0,Low Risk,Continue regular engagement,0.0,9.04
3926-YZVVX,41,50.05,One year,DSL,Yes,Bank transfer (automatic),0,Low Risk,Continue regular engagement,0.0,3.34
6000-UKLWI,41,20.15,Two year,No,No internet service,Mailed check,0,Low Risk,Continue regular engagement,0.0,1.18
2079-FBMZK,6,69.25,Month-to-month,Fiber optic,No,Mailed check,1,Medium Risk,Offer contract upgrade incentive,69.25,56.75
6332-FBZRI,67,69.35,One year,DSL,Yes,Credit card (automatic),0,Low Risk,Continue regular engagement,0.0,5.12
2096-XOTMO,16,19.35,Month-to-month,No,No internet service,Mailed check,0,Low Risk,Continue regular engagement,0.0,6.35
3266-FTKHB,17,19.15,Two year,No,No internet service,Mailed check,0,Low Risk,Continue regular engagement,0.0,0.92
8221-EQDGL,35,61.0,Month-to-month,DSL,No,Mailed check,0,Low Risk,Continue regular engagement,0.0,8.15
2346-LOCWC,58,20.5,Two year,No,No internet service,Credit card (automatic),0,Low Risk,Continue regular engagement,0.0,1.19
6608-QQLVK,1,50.5,Month-to-month,DSL,No,Electronic check,1,Medium Risk,Offer contract upgrade incentive,50.5,68.93
0298-XACET,52,50.2,Two year,DSL,Yes,Mailed check,0,Low Risk,Continue regular engagement,0.0,2.08
7560-QJAVJ,70,79.6,Two year,DSL,Yes,Bank transfer (automatic),0,Low Risk,Continue regular engagement,0.0,2.48
2995-YWTCD,19,24.9,Two year,No,No internet service,Bank transfer (automatic),0,Low Risk,Continue regular engagement,0.0,1.74
3551-HUAZH,1,74.4,Month-to-month,Fiber optic,No,Electronic check,1,High Risk,Offer annual contract discount + proactive support,74.4,86.75
9137-UIYPG,35,106.9,Month-to-month,Fiber optic,Yes,Electronic check,0,Low Risk,Continue regular engagement,0.0,25.79
2809-ZMYOQ,32,101.35,Month-to-month,Fiber optic,No,Electronic check,1,Medium Risk,Offer contract upgrade incentive,101.35,55.08
5084-OOVCJ,17,55.35,Month-to-month,DSL,Yes,Credit card (automatic),0,Low Risk,Continue regular engagement,0.0,14.58
0254-WWRKD,67,50.55,One year,DSL,No,Credit card (automatic),0,Low Risk,Continue regular engagement,0.0,3.75
7727-SHVZV,9,19.5,Month-to-month,No,No internet service,Bank transfer (automatic),0,Low Risk,Continue regular engagement,0.0,6.92
6302-JGYRJ,31,79.45,One year,DSL,Yes,Mailed check,0,Low Risk,Continue regular engagement,0.0,16.92
5339-PXDVH,4,90.65,Month-to-month,Fiber optic,No,Electronic check,1,Medium Risk,Offer contract upgrade incentive,90.65,57.56
2205-LPVGL,58,89.85,One year,Fiber optic,Yes,Bank transfer (automatic),0,Low Risk,Continue regular engagement,0.0,4.18
8782-NUUOL,60,79.0,One year,DSL,Yes,Mailed check,0,Low Risk,Continue regular engagement,0.0,4.87
3685-YLCMQ,58,104.65,One year,Fiber optic,Yes,Electronic check,1,Medium Risk,Monitor customer + targeted engagement,104.65,45.89
7601-WFVZV,1,19.55,Month-to-month,No,No internet service,Mailed check,0,Low Risk,Continue regular engagement,0.0,34.58
4609-KNNWG,27,19.9,Two year,No,No internet service,Mailed check,0,Low Risk,Continue regular engagement,0.0,1.01
4868-AADLV,66,116.25,One year,Fiber optic,Yes,Electronic check,0,Low Risk,Continue regular engagement,0.0,21.85
9529-OFXHY,15,87.75,Month-to-month,Fiber optic,No,Bank transfer (automatic),0,Low Risk,Continue regular engagement,0.0,32.12
8634-MPHTR,47,100.05,Month-to-month,Fiber optic,No,Electronic check,1,Medium Risk,Offer contract upgrade incentive,100.05,65.34
2669-QVCRG,41,81.3,Month-to-month,Fiber optic,No,Credit card (automatic),0,Low Risk,Continue regular engagement,0.0,28.64
2478-EEWWM,59,44.3,Month-to-month,DSL,No,Electronic check,1,Medium Risk,Offer contract upgrade incentive,44.3,50.3
9174-IHETN,50,70.35,Two year,Fiber optic,No,Credit card (automatic),0,Low Risk,Continue regular engagement,0.0,2.54
2233-TXSIU,17,44.45,One year,DSL,No,Credit card (automatic),0,Low Risk,Continue regular engagement,0.0,10.14
9644-UMGQA,6,49.15,Month-to-month,DSL,No,Electronic check,0,Low Risk,Continue regular engagement,0.0,32.32
3256-EZDBI,51,29.45,Month-to-month,DSL,No,Credit card (automatic),0,Low Risk,Continue regular engagement,0.0,18.44
8761-NSOBC,44,100.55,Month-to-month,Fiber optic,Yes,Electronic check,0,Low Risk,Continue regular engagement,0.0,27.04
0419-YAAPX,49,85.3,Month-to-month,Fiber optic,No,Credit card (automatic),0,Low Risk,Continue regular engagement,0.0,32.96
8413-VONUO,2,95.65,Month-to-month,Fiber optic,No,Electronic check,1,Medium Risk,Offer contract upgrade incentive,95.65,63.24
0872-CASZJ,59,69.1,One year,DSL,Yes,Mailed check,0,Low Risk,Continue regular engagement,0.0,4.11
4726-DLWQN,50,70.35,Month-to-month,DSL,No,Bank transfer (automatic),0,Low Risk,Continue regular engagement,0.0,10.86
8164-OCKUJ,59,20.6,Two year,No,No internet service,Mailed check,0,Low Risk,Continue regular engagement,0.0,0.86
3094-JOJAI,18,74.15,Month-to-month,Fiber optic,No,Mailed check,0,Low Risk,Continue regular engagement,0.0,25.25
9494-MRNYX,10,75.05,Month-to-month,Fiber optic,No,Electronic check,1,Medium Risk,Offer contract upgrade incentive,75.05,53.38
2599-CZABP,14,44.6,One year,DSL,No,Electronic check,0,Low Risk,Continue regular engagement,0.0,15.84
7945-PRBVF,35,21.45,Two year,No,No internet service,Bank transfer (automatic),0,Low Risk,Continue regular engagement,0.0,1.07
4544-RXFMG,8,43.45,One year,DSL,No,Mailed check,0,Low Risk,Continue regular engagement,0.0,13.5
0859-YGKFW,18,20.05,One year,No,No internet service,Bank transfer (automatic),0,Low Risk,Continue regular engagement,0.0,4.51
1150-FTQGN,60,94.15,One year,Fiber optic,No,Bank transfer (automatic),0,Low Risk,Continue regular engagement,0.0,4.52
9223-UCPVT,1,94.4,Month-to-month,Fiber optic,No,Electronic check,1,High Risk,Offer annual contract discount + proactive support,94.4,83.99
7196-LIWRH,6,19.55,Two year,No,No internet service,Mailed check,0,Low Risk,Continue regular engagement,0.0,1.9
5448-VWNAM,19,75.9,Month-to-month,DSL,Yes,Mailed check,0,Low Risk,Continue regular engagement,0.0,12.64
1177-XZBJL,53,64.15,One year,DSL,Yes,Bank transfer (automatic),0,Low Risk,Continue regular engagement,0.0,2.84
3518-FSTWG,72,109.55,Two year,Fiber optic,No,Bank transfer (automatic),0,Low Risk,Continue regular engagement,0.0,1.4
9330-VOFSZ,60,110.8,Two year,Fiber optic,Yes,Credit card (automatic),0,Low Risk,Continue regular engagement,0.0,6.97
4351-QLCSU,1,55.0,Month-to-month,DSL,No,Credit card (automatic),1,Medium Risk,Offer contract upgrade incentive,55.0,66.21
0939-EREMR,13,53.45,Month-to-month,DSL,Yes,Mailed check,0,Low Risk,Continue regular engagement,0.0,12.55
9389-ACWBI,5,69.95,Month-to-month,Fiber optic,No,Credit card (automatic),1,Medium Risk,Offer contract upgrade incentive,69.95,49.08
5419-JPRRN,1,101.45,Month-to-month,Fiber optic,No,Electronic check,1,High Risk,Offer annual contract discount + proactive support,101.45,91.64
3644-QXEHN,13,97.0,Month-to-month,Fiber optic,No,Electronic check,1,Medium Risk,Offer contract upgrade incentive,97.0,48.23
2911-IJORQ,37,90.6,One year,DSL,Yes,Bank transfer (automatic),0,Low Risk,Continue regular engagement,0.0,7.15
5921-NGYRH,64,73.55,Month-to-month,Fiber optic,No,Mailed check,0,Low Risk,Continue regular engagement,0.0,10.12
2100-BDNSN,5,67.95,Month-to-month,DSL,Yes,Bank transfer (automatic),0,Low Risk,Continue regular engagement,0.0,28.4
5998-DZLYR,61,94.35,Two year,Fiber optic,Yes,Bank transfer (automatic),0,Low Risk,Continue regular engagement,0.0,2.35
0488-GSLFR,1,69.5,Month-to-month,Fiber optic,No,Electronic check,1,High Risk,Offer annual contract discount + proactive support,69.5,84.84
9318-NKNFC,1,18.85,Month-to-month,No,No internet service,Mailed check,0,Low Risk,Continue regular engagement,0.0,25.48
3985-HOYPM,26,19.4,One year,No,No internet service,Mailed check,0,Low Risk,Continue regular engagement,0.0,2.4
9728-FTTVZ,1,69.2,Month-to-month,Fiber optic,No,Electronic check,1,High Risk,Offer annual contract discount + proactive support,69.2,84.84
9548-LERKT,24,19.75,Two year,No,No internet service,Mailed check,0,Low Risk,Continue regular engagement,0.0,1.72
6576-FBXOJ,17,54.6,One year,DSL,Yes,Electronic check,0,Low Risk,Continue regular engagement,0.0,20.11
4310-KEDTB,26,29.8,Month-to-month,DSL,No,Mailed check,0,Low Risk,Continue regular engagement,0.0,16.8
7254-IQWOZ,1,69.65,Month-to-month,Fiber optic,No,Electronic check,1,High Risk,Offer annual contract discount + proactive support,69.65,84.78
2474-BRUCM,40,101.85,Month-to-month,Fiber optic,No,Electronic check,1,Medium Risk,Offer contract upgrade incentive,101.85,51.64
4062-HBMOS,52,103.05,Month-to-month,Fiber optic,No,Electronic check,1,Medium Risk,Offer contract upgrade incentive,103.05,56.8
0742-NXBGR,1,82.3,Month-to-month,Fiber optic,No,Electronic check,1,High Risk,Offer annual contract discount + proactive support,82.3,84.0
2676-ISHSF,1,20.3,Month-to-month,No,No internet service,Mailed check,0,Low Risk,Continue regular engagement,0.0,23.76
9236-NDUCW,21,35.1,Two year,DSL,Yes,Mailed check,0,Low Risk,Continue regular engagement,0.0,2.58
4753-PADAS,67,105.7,One year,Fiber optic,No,Bank transfer (automatic),0,Low Risk,Continue regular engagement,0.0,24.97
6103-QCKFX,44,56.25,Month-to-month,DSL,Yes,Bank transfer (automatic),0,Low Risk,Continue regular engagement,0.0,8.56
7781-EWARA,70,60.35,One year,DSL,Yes,Electronic check,0,Low Risk,Continue regular engagement,0.0,7.92
6110-OHIHY,3,79.25,Month-to-month,Fiber optic,No,Electronic check,1,Medium Risk,Offer contract upgrade incentive,79.25,69.15
7018-FPXHH,56,59.8,Two year,DSL,No,Bank transfer (automatic),0,Low Risk,Continue regular engagement,0.0,1.36
5889-LFOLL,13,84.6,Month-to-month,Fiber optic,No,Electronic check,1,High Risk,Offer annual contract discount + proactive support,84.6,73.54
5708-EVONK,58,93.4,Month-to-month,Fiber optic,No,Bank transfer (automatic),0,Low Risk,Continue regular engagement,0.0,18.19
8708-XPXHZ,42,94.2,Month-to-month,Fiber optic,No,Electronic check,1,Medium Risk,Offer contract upgrade incentive,94.2,54.2
0616-ATFGB,1,25.05,Month-to-month,DSL,No,Electronic check,1,High Risk,Offer annual contract discount + proactive support,25.05,76.96
0572-ZJKLT,46,99.65,Two year,Fiber optic,Yes,Mailed check,0,Low Risk,Continue regular engagement,0.0,3.24
5135-RDDQL,63,50.65,Two year,DSL,No,Bank transfer (automatic),0,Low Risk,Continue regular engagement,0.0,1.78
1353-LJWEM,11,60.9,Month-to-month,DSL,Yes,Electronic check,0,Low Risk,Continue regular engagement,0.0,23.47
1794-SWWKL,15,59.65,Month-to-month,DSL,Yes,Bank transfer (automatic),0,Low Risk,Continue regular engagement,0.0,18.63
6166-YIPFO,72,64.7,Two year,DSL,Yes,Electronic check,0,Low Risk,Continue regular engagement,0.0,3.31
7016-BPGEU,29,25.1,Month-to-month,DSL,No,Credit card (automatic),0,Low Risk,Continue regular engagement,0.0,21.22
6876-ADESB,1,48.95,Month-to-month,DSL,No,Electronic check,1,Medium Risk,Offer contract upgrade incentive,48.95,58.9
9332-GYWLO,6,54.85,Month-to-month,DSL,No,Electronic check,0,Low Risk,Continue regular engagement,0.0,34.06
1963-SVUCV,1,45.3,Month-to-month,DSL,No,Electronic check,1,Medium Risk,Offer contract upgrade incentive,45.3,63.19
4184-VODJZ,63,91.35,One year,Fiber optic,No,Electronic check,0,Low Risk,Continue regular engagement,0.0,14.5
0220-EBGCE,2,85.85,Month-to-month,Fiber optic,No,Electronic check,1,High Risk,Offer annual contract discount + proactive support,85.85,75.35
1092-WPIVQ,18,25.1,Two year,No,No internet service,Mailed check,0,Low Risk,Continue regular engagement,0.0,1.93
7233-IOQNP,43,34.0,Month-to-month,DSL,Yes,Bank transfer (automatic),0,Low Risk,Continue regular engagement,0.0,10.42
2834-JKOOW,15,45.9,One year,DSL,Yes,Mailed check,0,Low Risk,Continue regular engagement,0.0,7.09
2754-VDLTR,10,95.2,Month-to-month,Fiber optic,No,Electronic check,1,Medium Risk,Offer contract upgrade incentive,95.2,64.88
2400-FEQME,55,20.5,Two year,No,No internet service,Mailed check,0,Low Risk,Continue regular engagement,0.0,1.25
3190-XFANI,49,100.6,One year,Fiber optic,Yes,Bank transfer (automatic),0,Low Risk,Continue regular engagement,0.0,26.64
7551-DACSP,6,55.3,Month-to-month,DSL,No,Mailed check,0,Low Risk,Continue regular engagement,0.0,29.71
4957-SREEC,70,20.35,Two year,No,No internet service,Credit card (automatic),0,Low Risk,Continue regular engagement,0.0,0.54
7235-NXZCP,2,74.85,Month-to-month,Fiber optic,No,Mailed check,1,High Risk,Offer annual contract discount + proactive support,74.85,72.79
0230-UBYPQ,63,36.1,One year,DSL,Yes,Bank transfer (automatic),0,Low Risk,Continue regular engagement,0.0,4.34
4923-ADWXJ,25,65.8,Month-to-month,DSL,Yes,Bank transfer (automatic),0,Low Risk,Continue regular engagement,0.0,10.31
1763-KUAAW,18,20.35,One year,No,No internet service,Bank transfer (automatic),0,Low Risk,Continue regular engagement,0.0,3.74
1104-TNLZA,28,105.8,Month-to-month,Fiber optic,Yes,Electronic check,1,Medium Risk,Offer contract upgrade incentive,105.8,49.17
5195-KPUNQ,53,96.75,One year,Fiber optic,Yes,Mailed check,0,Low Risk,Continue regular engagement,0.0,7.9
0520-FDVVT,35,102.35,One year,Fiber optic,No,Bank transfer (automatic),0,Low Risk,Continue regular engagement,0.0,25.58
3439-GVUSX,1,24.4,Month-to-month,DSL,No,Mailed check,1,Medium Risk,Offer contract upgrade incentive,24.4,48.58
1444-VVSGW,70,115.65,One year,Fiber optic,Yes,Credit card (automatic),0,Low Risk,Continue regular engagement,0.0,34.1
5712-PTIWW,2,79.85,Month-to-month,Fiber optic,Yes,Electronic check,1,Medium Risk,Offer contract upgrade incentive,79.85,66.25
5949-HGVJL,26,73.05,Month-to-month,DSL,Yes,Electronic check,0,Low Risk,Continue regular engagement,0.0,15.05
5203-XEHAX,34,64.35,One year,DSL,No,Electronic check,0,Low Risk,Continue regular engagement,0.0,4.93
1635-HDGFT,19,20.5,Two year,No,No internet service,Mailed check,0,Low Risk,Continue regular engagement,0.0,1.0
3315-TOTBP,15,76.0,Month-to-month,Fiber optic,No,Mailed check,1,Medium Risk,Offer contract upgrade incentive,76.0,48.6
8050-XGRVL,62,54.75,One year,DSL,No,Credit card (automatic),0,Low Risk,Continue regular engagement,0.0,3.2
6661-HBGWL,42,104.75,Month-to-month,Fiber optic,No,Bank transfer (automatic),1,Medium Risk,Offer contract upgrade incentive,104.75,55.93
1518-VOWAV,9,74.65,Month-to-month,DSL,No,Electronic check,0,Low Risk,Continue regular engagement,0.0,27.99
9828-QHFBK,24,51.15,Month-to-month,DSL,No,Electronic check,0,Low Risk,Continue regular engagement,0.0,14.73
3908-MKIMJ,68,41.95,Two year,DSL,No,Electronic check,0,Low Risk,Continue regular engagement,0.0,12.44
5012-YSPJJ,31,54.35,Month-to-month,DSL,Yes,Mailed check,0,Low Risk,Continue regular engagement,0.0,6.8
5909-ECHUI,1,56.25,Month-to-month,DSL,No,Electronic check,1,High Risk,Offer annual contract discount + proactive support,56.25,71.63
1309-BXVOQ,21,106.1,Month-to-month,Fiber optic,Yes,Electronic check,1,High Risk,Offer annual contract discount + proactive support,106.1,71.93
6728-VOIFY,63,96.0,One year,Fiber optic,No,Electronic check,0,Low Risk,Continue regular engagement,0.0,15.81
9317-WZPGV,2,79.75,Month-to-month,Fiber optic,No,Bank transfer (automatic),1,High Risk,Offer annual contract discount + proactive support,79.75,76.04
4891-NLUBA,61,61.45,Two year,DSL,Yes,Bank transfer (automatic),0,Low Risk,Continue regular engagement,0.0,0.85
2856-HYAPG,1,68.65,Month-to-month,Fiber optic,No,Electronic check,1,High Risk,Offer annual contract discount + proactive support,68.65,75.85
8969-PRHFK,18,19.65,One year,No,No internet service,Mailed check,0,Low Risk,Continue regular engagement,0.0,2.87
0661-KQHNK,6,19.0,One year,No,No internet service,Credit card (automatic),0,Low Risk,Continue regular engagement,0.0,1.4
8709-KRDVL,33,100.0,Month-to-month,Fiber optic,No,Electronic check,1,Medium Risk,Offer contract upgrade incentive,100.0,58.46
4488-PSYCG,16,20.25,Month-to-month,No,No internet service,Bank transfer (automatic),0,Low Risk,Continue regular engagement,0.0,7.96
1427-VERSM,56,98.7,Month-to-month,Fiber optic,Yes,Electronic check,0,Low Risk,Continue regular engagement,0.0,32.43
9801-NOSHQ,23,19.8,One year,No,No internet service,Mailed check,0,Low Risk,Continue regular engagement,0.0,2.23
6339-YPSAH,9,73.8,Month-to-month,Fiber optic,No,Electronic check,1,Medium Risk,Offer contract upgrade incentive,73.8,54.07
3621-CEOVK,14,100.2,Month-to-month,Fiber optic,No,Electronic check,1,High Risk,Offer annual contract discount + proactive support,100.2,80.48
6906-ANDWJ,15,74.9,Month-to-month,Fiber optic,No,Bank transfer (automatic),1,Medium Risk,Offer contract upgrade incentive,74.9,48.21
2159-TURXX,5,20.05,Month-to-month,No,No internet service,Credit card (automatic),0,Low Risk,Continue regular engagement,0.0,10.77
1548-FEHVL,61,106.2,Month-to-month,Fiber optic,No,Electronic check,0,Low Risk,Continue regular engagement,0.0,30.13
3795-CAWEX,70,116.55,Two year,Fiber optic,Yes,Credit card (automatic),0,Low Risk,Continue regular engagement,0.0,6.37
6215-NQCPY,15,99.7,Month-to-month,Fiber optic,No,Electronic check,1,High Risk,Offer annual contract discount + proactive support,99.7,73.62
5647-URDKA,8,19.7,Two year,No,No internet service,Mailed check,0,Low Risk,Continue regular engagement,0.0,1.8
2229-DPMBI,8,19.5,Two year,No,No internet service,Mailed check,0,Low Risk,Continue regular engagement,0.0,1.48
9626-WEQRM,4,29.15,Month-to-month,DSL,No,Mailed check,0,Low Risk,Continue regular engagement,0.0,33.82
2188-SXWVT,34,55.0,One year,DSL,No,Mailed check,0,Low Risk,Continue regular engagement,0.0,3.45
6258-PVZWJ,68,90.8,Two year,DSL,Yes,Credit card (automatic),0,Low Risk,Continue regular engagement,0.0,1.79
1094-BKOSX,45,51.0,One year,DSL,Yes,Bank transfer (automatic),0,Low Risk,Continue regular engagement,0.0,9.31
6969-MVBAI,9,90.1,Month-to-month,Fiber optic,No,Electronic check,1,High Risk,Offer annual contract discount + proactive support,90.1,81.49
2978-XXSOG,22,59.05,Month-to-month,DSL,Yes,Mailed check,0,Low Risk,Continue regular engagement,0.0,12.05
2342-CKIAO,2,20.3,Month-to-month,No,No internet service,Mailed check,0,Low Risk,Continue regular engagement,0.0,11.24
6953-PBDIN,70,72.95,Two year,DSL,Yes,Bank transfer (automatic),0,Low Risk,Continue regular engagement,0.0,4.75
3898-BSJYF,10,73.55,One year,DSL,Yes,Credit card (automatic),0,Low Risk,Continue regular engagement,0.0,10.44
3938-YFPXD,72,84.3,Two year,DSL,Yes,Credit card (automatic),0,Low Risk,Continue regular engagement,0.0,0.66
7696-AMHOD,49,78.0,One year,DSL,No,Credit card (automatic),0,Low Risk,Continue regular engagement,0.0,7.55
2453-SAFNS,54,72.1,One year,DSL,Yes,Mailed check,0,Low Risk,Continue regular engagement,0.0,4.49
9558-IHEZX,71,106.75,Two year,Fiber optic,No,Credit card (automatic),0,Low Risk,Continue regular engagement,0.0,2.81
9617-UDPEU,22,19.25,One year,No,No internet service,Mailed check,0,Low Risk,Continue regular engagement,0.0,2.99
6340-DACFT,50,20.55,Two year,No,No internet service,Credit card (automatic),0,Low Risk,Continue regular engagement,0.0,1.11
4955-VCWBI,43,20.0,One year,No,No internet service,Mailed check,0,Low Risk,Continue regular engagement,0.0,1.49
6813-GZQCG,45,24.65,Two year,No,No internet service,Credit card (automatic),0,Low Risk,Continue regular engagement,0.0,1.64
7426-GSWPO,64,103.5,Month-to-month,Fiber optic,No,Bank transfer (automatic),0,Low Risk,Continue regular engagement,0.0,27.65
3389-KTRXV,23,23.85,Two year,No,No internet service,Mailed check,0,Low Risk,Continue regular engagement,0.0,1.73
3118-UHVVQ,68,25.8,Two year,No,No internet service,Credit card (automatic),0,Low Risk,Continue regular engagement,0.0,1.06
1031-IIDEO,1,70.85,Month-to-month,Fiber optic,No,Electronic check,1,High Risk,Offer annual contract discount + proactive support,70.85,81.74
5832-XKAES,2,69.8,Month-to-month,Fiber optic,No,Credit card (automatic),1,Medium Risk,Offer contract upgrade incentive,69.8,62.64
3205-MXZRA,26,59.45,One year,DSL,Yes,Credit card (automatic),0,Low Risk,Continue regular engagement,0.0,4.07
4701-AHWMW,55,54.55,Month-to-month,DSL,Yes,Bank transfer (automatic),0,Low Risk,Continue regular engagement,0.0,12.04
8317-BVKSO,14,20.05,Month-to-month,No,No internet service,Electronic check,0,Low Risk,Continue regular engagement,0.0,14.4
5702-KVQRD,71,82.55,Two year,DSL,Yes,Electronic check,0,Low Risk,Continue regular engagement,0.0,1.43
0083-PIVIK,64,81.25,One year,DSL,Yes,Electronic check,0,Low Risk,Continue regular engagement,0.0,6.09
9210-IAHGH,7,70.75,Month-to-month,DSL,Yes,Credit card (automatic),0,Low Risk,Continue regular engagement,0.0,26.64
6169-PGNCD,57,74.3,Two year,DSL,Yes,Credit card (automatic),0,Low Risk,Continue regular engagement,0.0,1.37
0023-XUOPT,13,94.1,Month-to-month,Fiber optic,No,Electronic check,1,Medium Risk,Offer contract upgrade incentive,94.1,60.68
4592-IWTJI,3,29.7,Month-to-month,DSL,No,Credit card (automatic),0,Low Risk,Continue regular engagement,0.0,29.09
4909-JOUPP,72,109.7,Two year,Fiber optic,Yes,Credit card (automatic),0,Low Risk,Continue regular engagement,0.0,2.58
4657-FWVFY,40,96.35,Month-to-month,Fiber optic,No,Credit card (automatic),0,Low Risk,Continue regular engagement,0.0,31.22
2257-BOVXD,14,66.6,Month-to-month,DSL,Yes,Credit card (automatic),0,Low Risk,Continue regular engagement,0.0,21.73
7729-JTEEC,2,44.5,Month-to-month,DSL,No,Electronic check,1,Medium Risk,Offer contract upgrade incentive,44.5,51.59
7632-MNYOY,66,110.9,One year,Fiber optic,Yes,Credit card (automatic),1,Medium Risk,Monitor customer + targeted engagement,110.9,51.26
6518-LGAOV,38,105.0,Month-to-month,Fiber optic,Yes,Electronic check,1,Medium Risk,Offer contract upgrade incentive,105.0,59.92
7242-QZLXF,1,25.3,Month-to-month,DSL,No,Electronic check,1,High Risk,Offer annual contract discount + proactive support,25.3,71.31
4576-CSAJH,22,55.15,One year,DSL,Yes,Credit card (automatic),0,Low Risk,Continue regular engagement,0.0,15.02
1000-AJSLD,1,20.1,Month-to-month,No,No internet service,Mailed check,1,Medium Risk,Offer contract upgrade incentive,20.1,51.91
9696-RMYBA,5,80.1,Month-to-month,Fiber optic,No,Mailed check,1,Medium Risk,Offer contract upgrade incentive,80.1,65.34
8690-UPCZI,29,69.05,One year,DSL,Yes,Bank transfer (automatic),0,Low Risk,Continue regular engagement,0.0,2.57
1062-LHZOD,1,69.9,Month-to-month,Fiber optic,No,Mailed check,1,High Risk,Offer annual contract discount + proactive support,69.9,76.41
9770-LXDBK,3,20.4,Month-to-month,No,No internet service,Mailed check,0,Low Risk,Continue regular engagement,0.0,11.48
4086-WITJG,71,19.7,Two year,No,No internet service,Credit card (automatic),0,Low Risk,Continue regular engagement,0.0,0.69
8344-WFMFH,9,50.1,Month-to-month,DSL,No,Electronic check,0,Low Risk,Continue regular engagement,0.0,29.45
9600-NAXZN,43,101.4,Month-to-month,Fiber optic,No,Electronic check,1,Medium Risk,Offer contract upgrade incentive,101.4,63.66
8822-KNBHV,48,83.45,One year,DSL,No,Credit card (automatic),0,Low Risk,Continue regular engagement,0.0,10.47
8404-FYDIB,26,86.65,Month-to-month,Fiber optic,No,Credit card (automatic),0,Low Risk,Continue regular engagement,0.0,26.23
2791-SFVEW,9,20.15,Month-to-month,No,No internet service,Bank transfer (automatic),0,Low Risk,Continue regular engagement,0.0,10.01
6457-USBER,1,80.8,Month-to-month,Fiber optic,No,Electronic check,1,High Risk,Offer annual contract discount + proactive support,80.8,83.92
6762-NSODU,46,19.4,Two year,No,No internet service,Credit card (automatic),0,Low Risk,Continue regular engagement,0.0,1.1
4662-EKDPQ,2,62.05,Month-to-month,DSL,No,Bank transfer (automatic),1,Medium Risk,Offer contract upgrade incentive,62.05,40.47
9248-OJYKK,1,76.45,Month-to-month,Fiber optic,No,Electronic check,1,High Risk,Offer annual contract discount + proactive support,76.45,90.89
9888-ZCUMM,64,60.05,Two year,DSL,Yes,Bank transfer (automatic),0,Low Risk,Continue regular engagement,0.0,1.19
3398-FSHON,12,91.3,Month-to-month,Fiber optic,No,Electronic check,1,High Risk,Offer annual contract discount + proactive support,91.3,82.45
3319-DWOEP,6,95.75,Month-to-month,Fiber optic,No,Electronic check,1,High Risk,Offer annual contract discount + proactive support,95.75,79.55
1074-WVEVG,59,20.35,One year,No,No internet service,Mailed check,0,Low Risk,Continue regular engagement,0.0,1.78
9979-RGMZT,7,94.05,One year,Fiber optic,No,Mailed check,1,Medium Risk,Monitor customer + targeted engagement,94.05,57.36
6437-UDQJM,72,84.1,Two year,DSL,No,Credit card (automatic),0,Low Risk,Continue regular engagement,0.0,0.99
1226-IENZN,16,78.75,Month-to-month,Fiber optic,No,Electronic check,1,Medium Risk,Offer contract upgrade incentive,78.75,52.88
2108-GLPQB,25,55.55,Month-to-month,DSL,No,Credit card (automatic),0,Low Risk,Continue regular engagement,0.0,12.25
9259-PACGQ,34,62.65,Month-to-month,DSL,Yes,Electronic check,0,Low Risk,Continue regular engagement,0.0,10.06
4415-IJZTP,1,74.5,Month-to-month,Fiber optic,No,Electronic check,1,High Risk,Offer annual contract discount + proactive support,74.5,85.37
1465-VINDH,10,102.1,Month-to-month,Fiber optic,No,Credit card (automatic),1,High Risk,Offer annual contract discount + proactive support,102.1,82.94
5474-LAMUQ,24,20.1,One year,No,No internet service,Mailed check,0,Low Risk,Continue regular engagement,0.0,2.3
3468-DRVQJ,10,70.3,One year,DSL,No,Electronic check,0,Low Risk,Continue regular engagement,0.0,10.5
1122-YJBCS,69,53.65,One year,DSL,No,Credit card (automatic),0,Low Risk,Continue regular engagement,0.0,3.27
4990-ALDGW,57,20.75,Two year,No,No internet service,Mailed check,0,Low Risk,Continue regular engagement,0.0,1.79
4816-OKWNX,50,103.4,One year,Fiber optic,Yes,Bank transfer (automatic),0,Low Risk,Continue regular engagement,0.0,17.92
3315-IKYZQ,28,50.8,One year,DSL,Yes,Mailed check,0,Low Risk,Continue regular engagement,0.0,3.49
2810-FTLEM,16,50.15,Month-to-month,DSL,No,Electronic check,0,Low Risk,Continue regular engagement,0.0,34.61
4747-LCAQL,25,79.0,Month-to-month,DSL,Yes,Mailed check,0,Low Risk,Continue regular engagement,0.0,9.55
3411-WLRSQ,3,74.6,Month-to-month,Fiber optic,No,Bank transfer (automatic),1,Medium Risk,Offer contract upgrade incentive,74.6,55.93
0898-XCGTF,61,96.5,One year,Fiber optic,No,Bank transfer (automatic),0,Low Risk,Continue regular engagement,0.0,18.53
8006-PYCSW,2,20.1,Month-to-month,No,No internet service,Mailed check,0,Low Risk,Continue regular engagement,0.0,16.06
8249-THVEC,51,19.4,One year,No,No internet service,Mailed check,0,Low Risk,Continue regular engagement,0.0,3.0
8722-PRFDV,71,77.55,Two year,DSL,No,Credit card (automatic),0,Low Risk,Continue regular engagement,0.0,1.59
2164-SOQXL,20,20.05,Month-to-month,No,No internet service,Mailed check,0,Low Risk,Continue regular engagement,0.0,5.02
4020-KIUDI,6,19.85,Month-to-month,No,No internet service,Credit card (automatic),0,Low Risk,Continue regular engagement,0.0,9.48
5850-BDWCY,6,20.2,Month-to-month,No,No internet service,Mailed check,0,Low Risk,Continue regular engagement,0.0,9.38
2038-YSEZE,29,67.45,Month-to-month,DSL,Yes,Mailed check,0,Low Risk,Continue regular engagement,0.0,5.78
0827-ITJPH,36,18.55,Two year,No,No internet service,Credit card (automatic),0,Low Risk,Continue regular engagement,0.0,0.72
8799-OXZMD,28,29.75,Month-to-month,DSL,No,Mailed check,0,Low Risk,Continue regular engagement,0.0,21.34
1925-TIBLE,7,86.5,Month-to-month,Fiber optic,No,Electronic check,1,High Risk,Offer annual contract discount + proactive support,86.5,81.03
1705-GUHPV,63,24.2,Two year,No,No internet service,Mailed check,0,Low Risk,Continue regular engagement,0.0,0.74
4779-ZGICK,48,23.55,Two year,No,No internet service,Mailed check,0,Low Risk,Continue regular engagement,0.0,1.25
0048-PIHNL,49,20.45,One year,No,No internet service,Bank transfer (automatic),0,Low Risk,Continue regular engagement,0.0,1.7
0818-OCPZO,27,81.45,Month-to-month,Fiber optic,No,Electronic check,1,Medium Risk,Offer contract upgrade incentive,81.45,51.58
3967-KXAPS,72,92.3,Two year,DSL,Yes,Credit card (automatic),0,Low Risk,Continue regular engagement,0.0,0.39
1447-GIQMR,1,69.15,Month-to-month,Fiber optic,No,Electronic check,1,High Risk,Offer annual contract discount + proactive support,69.15,84.86
3704-IEAXF,72,53.65,Two year,DSL,Yes,Credit card (automatic),0,Low Risk,Continue regular engagement,0.0,0.71
6810-VCAEX,47,39.65,One year,DSL,Yes,Credit card (automatic),0,Low Risk,Continue regular engagement,0.0,4.94
0674-EYYZV,1,54.65,Month-to-month,DSL,No,Electronic check,1,High Risk,Offer annual contract discount + proactive support,54.65,72.04
4480-MBMLB,36,104.8,One year,Fiber optic,No,Bank transfer (automatic),0,Low Risk,Continue regular engagement,0.0,28.47
1395-OFUWC,43,29.3,Month-to-month,DSL,No,Credit card (automatic),0,Low Risk,Continue regular engagement,0.0,15.72
0822-QGCXA,27,83.85,Month-to-month,DSL,Yes,Electronic check,0,Low Risk,Continue regular engagement,0.0,22.53
0872-NXJYS,9,79.55,Month-to-month,Fiber optic,No,Electronic check,1,Medium Risk,Offer contract upgrade incentive,79.55,63.83
2832-KJCRD,38,103.65,Month-to-month,Fiber optic,Yes,Electronic check,1,Medium Risk,Offer contract upgrade incentive,103.65,50.57
3588-WSTTJ,35,99.05,Month-to-month,Fiber optic,No,Electronic check,1,Medium Risk,Offer contract upgrade incentive,99.05,58.81
4075-WKNIU,0,73.35,Two year,DSL,Yes,Mailed check,0,Low Risk,Continue regular engagement,0.0,4.85
5090-EMGTC,59,100.05,Two year,Fiber optic,Yes,Mailed check,0,Low Risk,Continue regular engagement,0.0,3.2
2346-CZYIL,27,20.35,Two year,No,No internet service,Credit card (automatic),0,Low Risk,Continue regular engagement,0.0,0.84
3798-EPWRR,2,43.95,Month-to-month,DSL,No,Electronic check,1,Medium Risk,Offer contract upgrade incentive,43.95,53.37
6258-NGCNG,7,23.5,Month-to-month,No,No internet service,Mailed check,0,Low Risk,Continue regular engagement,0.0,8.12
4186-ZBUEW,36,70.7,One year,DSL,Yes,Mailed check,0,Low Risk,Continue regular engagement,0.0,11.3
5274-XHAKY,41,94.3,Month-to-month,Fiber optic,No,Bank transfer (automatic),0,Low Risk,Continue regular engagement,0.0,22.15
1442-BQPVU,13,29.15,Month-to-month,DSL,No,Electronic check,0,Low Risk,Continue regular engagement,0.0,26.24
3978-YNKDD,19,20.85,Two year,No,No internet service,Credit card (automatic),0,Low Risk,Continue regular engagement,0.0,0.97
4940-KHCWD,60,37.7,Two year,DSL,Yes,Bank transfer (automatic),0,Low Risk,Continue regular engagement,0.0,1.78
9412-ARGBX,48,95.5,Two year,Fiber optic,Yes,Mailed check,0,Low Risk,Continue regular engagement,0.0,2.24
1389-CXMLU,3,91.05,Month-to-month,Fiber optic,No,Electronic check,1,High Risk,Offer annual contract discount + proactive support,91.05,82.38
9589-ABEPT,69,92.45,Two year,Fiber optic,Yes,Mailed check,0,Low Risk,Continue regular engagement,0.0,2.23
9388-ZEYVT,43,44.15,One year,DSL,Yes,Electronic check,0,Low Risk,Continue regular engagement,0.0,8.83
0305-SQECB,11,36.05,One year,DSL,Yes,Mailed check,0,Low Risk,Continue regular engagement,0.0,7.23
7605-SNLQG,45,50.25,Month-to-month,DSL,No,Credit card (automatic),0,Low Risk,Continue regular engagement,0.0,12.4
4670-TABXH,72,109.75,Two year,Fiber optic,Yes,Credit card (automatic),0,Low Risk,Continue regular engagement,0.0,4.48
5561-NWEVX,2,79.2,Month-to-month,Fiber optic,No,Electronic check,1,High Risk,Offer annual contract discount + proactive support,79.2,81.68
0064-SUDOG,12,20.3,Two year,No,No internet service,Bank transfer (automatic),0,Low Risk,Continue regular engagement,0.0,1.76
8561-NMTBD,67,112.35,One year,Fiber optic,Yes,Credit card (automatic),0,Low Risk,Continue regular engagement,0.0,10.35
5161-XEUVX,37,94.3,Two year,Fiber optic,Yes,Mailed check,0,Low Risk,Continue regular engagement,0.0,3.45
8292-FRFZQ,39,41.15,One year,DSL,Yes,Bank transfer (automatic),0,Low Risk,Continue regular engagement,0.0,5.0
8591-NXRCV,41,74.65,Month-to-month,DSL,Yes,Bank transfer (automatic),0,Low Risk,Continue regular engagement,0.0,12.84
7895-VONWT,25,48.25,Month-to-month,DSL,No,Electronic check,0,Low Risk,Continue regular engagement,0.0,29.31
4526-RMTLL,8,76.15,Two year,DSL,Yes,Credit card (automatic),0,Low Risk,Continue regular engagement,0.0,2.92
6253-GNHWH,71,71.1,Two year,DSL,Yes,Mailed check,0,Low Risk,Continue regular engagement,0.0,1.04
4566-NECEV,5,96.55,Month-to-month,Fiber optic,No,Electronic check,1,Medium Risk,Offer contract upgrade incentive,96.55,63.98
8080-POTJR,30,79.3,One year,DSL,No,Credit card (automatic),0,Low Risk,Continue regular engagement,0.0,16.69
6906-MPARY,40,89.6,One year,Fiber optic,Yes,Credit card (automatic),0,Low Risk,Continue regular engagement,0.0,13.79
3662-FXJFO,54,20.5,Two year,No,No internet service,Mailed check,0,Low Risk,Continue regular engagement,0.0,1.79
8107-RZLNV,72,106.3,Two year,Fiber optic,No,Bank transfer (automatic),0,Low Risk,Continue regular engagement,0.0,6.25
0516-OOHAR,28,100.35,One year,Fiber optic,No,Bank transfer (automatic),0,Low Risk,Continue regular engagement,0.0,13.3
2027-CWDNU,18,85.6,Month-to-month,Fiber optic,Yes,Electronic check,1,Medium Risk,Offer contract upgrade incentive,85.6,44.59
2737-WFVYW,2,45.25,Month-to-month,DSL,No,Electronic check,1,High Risk,Offer annual contract discount + proactive support,45.25,74.72
9912-OMZDS,59,106.15,One year,Fiber optic,No,Electronic check,0,Low Risk,Continue regular engagement,0.0,26.52
3733-ZEECP,22,51.1,Month-to-month,DSL,Yes,Electronic check,0,Low Risk,Continue regular engagement,0.0,23.01
7878-RTCZG,1,19.9,Month-to-month,No,No internet service,Mailed check,1,Medium Risk,Offer contract upgrade incentive,19.9,42.31
2452-MRMZF,72,25.7,Two year,No,No internet service,Credit card (automatic),0,Low Risk,Continue regular engagement,0.0,1.42
2272-QAGFO,14,74.3,Month-to-month,Fiber optic,No,Electronic check,1,Medium Risk,Offer contract upgrade incentive,74.3,69.48
7103-IPXPJ,50,99.4,One year,Fiber optic,Yes,Electronic check,0,Low Risk,Continue regular engagement,0.0,23.18
4342-HFXWS,48,69.7,One year,DSL,Yes,Bank transfer (automatic),0,Low Risk,Continue regular engagement,0.0,4.16
3545-CNWRG,49,98.35,Month-to-month,Fiber optic,No,Electronic check,1,Medium Risk,Offer contract upgrade incentive,98.35,45.68
1785-BPHTP,28,85.45,Month-to-month,Fiber optic,No,Electronic check,0,Low Risk,Continue regular engagement,0.0,33.64
4989-LIXVT,68,95.9,Month-to-month,Fiber optic,No,Electronic check,0,Low Risk,Continue regular engagement,0.0,33.33
7315-WYOAW,13,100.75,Month-to-month,Fiber optic,Yes,Electronic check,1,Medium Risk,Offer contract upgrade incentive,100.75,55.61
1173-XZPYF,11,89.2,Month-to-month,Fiber optic,No,Electronic check,1,High Risk,Offer annual contract discount + proactive support,89.2,70.41
9850-OWRHQ,3,74.1,Month-to-month,Fiber optic,No,Credit card (automatic),1,Medium Risk,Offer contract upgrade incentive,74.1,66.21
3768-NLUBH,57,100.6,Month-to-month,Fiber optic,No,Electronic check,1,Medium Risk,Offer contract upgrade incentive,100.6,53.55
8676-TRMJS,3,75.0,Month-to-month,Fiber optic,No,Mailed check,1,Medium Risk,Offer contract upgrade incentive,75.0,58.56
2509-TFPJU,72,25.75,Two year,No,No internet service,Credit card (automatic),0,Low Risk,Continue regular engagement,0.0,0.55
9530-GRMJG,70,84.1,Two year,DSL,Yes,Electronic check,0,Low Risk,Continue regular engagement,0.0,3.72
6898-RBTLU,49,79.3,Two year,DSL,Yes,Bank transfer (automatic),0,Low Risk,Continue regular engagement,0.0,1.59
5481-NTDOH,67,107.05,One year,Fiber optic,No,Credit card (automatic),0,Low Risk,Continue regular engagement,0.0,24.52
2068-WWXQZ,46,20.05,Two year,No,No internet service,Bank transfer (automatic),0,Low Risk,Continue regular engagement,0.0,1.25
7359-SSBJK,64,70.2,Two year,DSL,Yes,Credit card (automatic),0,Low Risk,Continue regular engagement,0.0,3.34
2061-VVFST,37,19.5,Month-to-month,No,No internet service,Bank transfer (automatic),0,Low Risk,Continue regular engagement,0.0,6.83
0685-MLYYM,2,70.75,Month-to-month,Fiber optic,No,Electronic check,1,Medium Risk,Offer contract upgrade incentive,70.75,62.46
0749-IRGQE,13,45.3,Month-to-month,DSL,No,Electronic check,1,Medium Risk,Offer contract upgrade incentive,45.3,48.15
2380-DAMQP,72,115.15,Two year,Fiber optic,Yes,Electronic check,0,Low Risk,Continue regular engagement,0.0,1.37
2256-YLYLP,68,72.95,Two year,DSL,Yes,Bank transfer (automatic),0,Low Risk,Continue regular engagement,0.0,4.05
1272-ILHFG,15,19.65,One year,No,No internet service,Mailed check,0,Low Risk,Continue regular engagement,0.0,3.08
0164-XAIRP,24,19.55,Two year,No,No internet service,Bank transfer (automatic),0,Low Risk,Continue regular engagement,0.0,1.94
5666-CYCYZ,24,89.55,Month-to-month,Fiber optic,Yes,Electronic check,1,Medium Risk,Offer contract upgrade incentive,89.55,52.25
4011-ARPHK,27,50.35,Month-to-month,DSL,No,Mailed check,0,Low Risk,Continue regular engagement,0.0,6.69
8182-PNAGI,12,50.25,Month-to-month,DSL,Yes,Bank transfer (automatic),0,Low Risk,Continue regular engagement,0.0,15.35
6365-HITVU,71,87.25,Two year,DSL,Yes,Credit card (automatic),0,Low Risk,Continue regular engagement,0.0,0.6
7558-IMLMT,67,20.8,Two year,No,No internet service,Mailed check,0,Low Risk,Continue regular engagement,0.0,0.66
9488-FYQAU,63,109.25,Two year,Fiber optic,Yes,Bank transfer (automatic),0,Low Risk,Continue regular engagement,0.0,9.42
3590-TCXTB,1,20.35,Month-to-month,No,No internet service,Mailed check,0,Low Risk,Continue regular engagement,0.0,23.76
6994-KERXL,4,55.9,Month-to-month,DSL,No,Electronic check,1,Medium Risk,Offer contract upgrade incentive,55.9,41.91
7957-RYHQD,40,79.2,Month-to-month,Fiber optic,No,Credit card (automatic),1,Medium Risk,Offer contract upgrade incentive,79.2,36.1
2180-DXNEG,12,96.0,Month-to-month,Fiber optic,No,Electronic check,1,High Risk,Offer annual contract discount + proactive support,96.0,72.66
1960-UOTYM,52,79.2,Two year,DSL,No,Electronic check,0,Low Risk,Continue regular engagement,0.0,2.48
2740-JFBOK,10,24.0,Month-to-month,No,No internet service,Electronic check,0,Low Risk,Continue regular engagement,0.0,17.8
6500-JVEGC,68,101.35,One year,Fiber optic,No,Bank transfer (automatic),0,Low Risk,Continue regular engagement,0.0,12.95
5515-AKOAJ,54,100.1,Month-to-month,Fiber optic,Yes,Electronic check,1,Medium Risk,Offer contract upgrade incentive,100.1,48.75
8976-OQHGT,4,56.5,Month-to-month,DSL,Yes,Mailed check,0,Low Risk,Continue regular engagement,0.0,20.12
5245-VDBUR,52,35.45,One year,DSL,No,Mailed check,0,Low Risk,Continue regular engagement,0.0,5.32
6230-BSUXY,1,85.0,Month-to-month,Fiber optic,No,Electronic check,1,High Risk,Offer annual contract discount + proactive support,85.0,90.18
8469-SNFFH,70,79.4,One year,DSL,Yes,Bank transfer (automatic),0,Low Risk,Continue regular engagement,0.0,6.33
2144-ESWKO,43,35.2,One year,DSL,No,Credit card (automatic),0,Low Risk,Continue regular engagement,0.0,6.94
1241-FPMOF,52,19.65,Two year,No,No internet service,Mailed check,0,Low Risk,Continue regular engagement,0.0,2.21
9928-BZVLZ,12,49.85,Two year,DSL,Yes,Mailed check,0,Low Risk,Continue regular engagement,0.0,3.79
4114-QMKVN,56,68.75,One year,DSL,No,Bank transfer (automatic),0,Low Risk,Continue regular engagement,0.0,3.52
2775-SEFEE,0,61.9,Two year,DSL,Yes,Bank transfer (automatic),0,Low Risk,Continue regular engagement,0.0,3.01
9003-CPATH,42,79.9,Month-to-month,Fiber optic,No,Electronic check,1,Medium Risk,Offer contract upgrade incentive,79.9,37.74
1754-GKYPY,22,89.75,Month-to-month,Fiber optic,No,Bank transfer (automatic),1,Medium Risk,Offer contract upgrade incentive,89.75,44.7
5294-CDGWY,51,59.3,One year,DSL,No,Electronic check,0,Low Risk,Continue regular engagement,0.0,18.09
7956-XQWGU,27,19.4,Month-to-month,No,No internet service,Credit card (automatic),0,Low Risk,Continue regular engagement,0.0,4.27
1591-MQJTP,51,93.65,One year,Fiber optic,No,Bank transfer (automatic),0,Low Risk,Continue regular engagement,0.0,19.27
5295-PCJOO,4,49.4,Month-to-month,DSL,No,Electronic check,1,Medium Risk,Offer contract upgrade incentive,49.4,44.95
2369-FEVNO,1,19.9,Month-to-month,No,No internet service,Mailed check,1,Medium Risk,Offer contract upgrade incentive,19.9,49.33
9863-JZAIC,35,55.0,Month-to-month,DSL,No,Mailed check,0,Low Risk,Continue regular engagement,0.0,13.4
7471-MQPOS,71,72.9,One year,DSL,Yes,Bank transfer (automatic),0,Low Risk,Continue regular engagement,0.0,5.85
7660-HDPJV,1,69.2,Month-to-month,Fiber optic,No,Electronic check,1,High Risk,Offer annual contract discount + proactive support,69.2,84.84
5115-SQAAU,69,25.6,Two year,No,No internet service,Bank transfer (automatic),0,Low Risk,Continue regular engagement,0.0,0.68
9845-QOMAD,14,19.75,One year,No,No internet service,Mailed check,0,Low Risk,Continue regular engagement,0.0,3.01
7672-VFMXZ,57,55.7,Month-to-month,DSL,Yes,Electronic check,0,Low Risk,Continue regular engagement,0.0,8.2
9739-JLPQJ,72,117.5,Two year,Fiber optic,Yes,Credit card (automatic),0,Low Risk,Continue regular engagement,0.0,1.12
9916-AYHTC,48,19.85,Two year,No,No internet service,Credit card (automatic),0,Low Risk,Continue regular engagement,0.0,1.04
3855-ONCAR,4,78.9,Month-to-month,Fiber optic,No,Mailed check,1,Medium Risk,Offer contract upgrade incentive,78.9,64.74
1488-SYSFC,31,20.65,Month-to-month,No,No internet service,Electronic check,0,Low Risk,Continue regular engagement,0.0,5.74
7931-PXHFC,38,62.3,One year,DSL,Yes,Mailed check,0,Low Risk,Continue regular engagement,0.0,13.24
3990-QYKBE,37,92.5,Month-to-month,Fiber optic,No,Electronic check,1,Medium Risk,Offer contract upgrade incentive,92.5,52.96
0970-QXPXW,1,19.65,Month-to-month,No,No internet service,Mailed check,1,Medium Risk,Offer contract upgrade incentive,19.65,38.34
3259-KNMRR,57,79.75,Two year,DSL,No,Bank transfer (automatic),0,Low Risk,Continue regular engagement,0.0,5.03
6120-RJKLU,62,79.95,Two year,DSL,Yes,Credit card (automatic),0,Low Risk,Continue regular engagement,0.0,3.78
9572-WUKSB,3,29.9,Month-to-month,DSL,Yes,Electronic check,1,Medium Risk,Offer contract upgrade incentive,29.9,54.78
5893-KCLGT,72,19.75,Two year,No,No internet service,Mailed check,0,Low Risk,Continue regular engagement,0.0,0.93
0076-LVEPS,29,45.0,Month-to-month,DSL,Yes,Mailed check,0,Low Risk,Continue regular engagement,0.0,7.75
3640-JQGJG,13,44.8,Month-to-month,DSL,No,Bank transfer (automatic),0,Low Risk,Continue regular engagement,0.0,14.79
4919-MOAVT,3,69.65,Month-to-month,Fiber optic,No,Electronic check,1,Medium Risk,Offer contract upgrade incentive,69.65,52.42
1596-OQSPS,11,51.1,Month-to-month,DSL,No,Electronic check,0,Low Risk,Continue regular engagement,0.0,23.46
9867-XOBQA,21,53.15,Two year,DSL,Yes,Mailed check,0,Low Risk,Continue regular engagement,0.0,2.31
9546-KDTRB,19,24.7,Month-to-month,No,No internet service,Bank transfer (automatic),0,Low Risk,Continue regular engagement,0.0,6.55
3090-HAWSU,61,111.6,Two year,Fiber optic,Yes,Credit card (automatic),0,Low Risk,Continue regular engagement,0.0,29.44
9820-RMCQV,11,48.55,Month-to-month,DSL,No,Credit card (automatic),0,Low Risk,Continue regular engagement,0.0,18.36
3174-RKMOW,35,109.95,Month-to-month,Fiber optic,Yes,Electronic check,0,Low Risk,Continue regular engagement,0.0,34.2
1760-CAZHT,25,20.8,Month-to-month,No,No internet service,Mailed check,0,Low Risk,Continue regular engagement,0.0,2.53
7839-QRKXN,1,20.2,Month-to-month,No,No internet service,Mailed check,1,Medium Risk,Offer contract upgrade incentive,20.2,43.47
8441-SHIPE,67,25.6,Two year,No,No internet service,Bank transfer (automatic),0,Low Risk,Continue regular engagement,0.0,1.37
5204-QZXPU,19,39.65,Month-to-month,DSL,No,Electronic check,1,Medium Risk,Offer contract upgrade incentive,39.65,55.93
4597-ELFTS,56,24.9,One year,No,No internet service,Electronic check,0,Low Risk,Continue regular engagement,0.0,5.07
1320-GVNHT,72,108.4,Two year,Fiber optic,No,Credit card (automatic),0,Low Risk,Continue regular engagement,0.0,3.06
1047-RNXZV,43,19.55,Two year,No,No internet service,Mailed check,0,Low Risk,Continue regular engagement,0.0,1.14
3541-ZNUHK,55,85.1,Month-to-month,Fiber optic,No,Electronic check,0,Low Risk,Continue regular engagement,0.0,21.41
8450-JOVAH,2,56.7,Month-to-month,DSL,No,Mailed check,0,Low Risk,Continue regular engagement,0.0,27.47
8725-JEDFD,27,69.05,Month-to-month,Fiber optic,No,Mailed check,0,Low Risk,Continue regular engagement,0.0,22.63
7562-UXTPG,13,70.15,Month-to-month,Fiber optic,No,Mailed check,1,Medium Risk,Offer contract upgrade incentive,70.15,38.41
8071-SBTRN,70,111.15,Two year,Fiber optic,No,Mailed check,0,Low Risk,Continue regular engagement,0.0,7.6
1113-IUJYX,14,105.95,One year,Fiber optic,Yes,Mailed check,1,Medium Risk,Monitor customer + targeted engagement,105.95,35.88
6668-CNMFP,19,89.35,One year,Fiber optic,Yes,Bank transfer (automatic),0,Low Risk,Continue regular engagement,0.0,19.5
5626-MGTUK,20,89.1,Month-to-month,Fiber optic,No,Bank transfer (automatic),1,Medium Risk,Offer contract upgrade incentive,89.1,40.07
5681-LLOEI,43,91.25,One year,Fiber optic,Yes,Credit card (automatic),0,Low Risk,Continue regular engagement,0.0,5.4
8212-DJRCH,5,90.35,Month-to-month,Fiber optic,No,Mailed check,1,Medium Risk,Offer contract upgrade incentive,90.35,52.8
4323-OHFOW,70,105.55,One year,Fiber optic,Yes,Bank transfer (automatic),0,Low Risk,Continue regular engagement,0.0,15.71
4933-BSAIP,40,19.1,Two year,No,No internet service,Mailed check,0,Low Risk,Continue regular engagement,0.0,1.1
2030-BTZRO,6,20.4,Two year,No,No internet service,Credit card (automatic),0,Low Risk,Continue regular engagement,0.0,1.79
1116-DXXDF,39,100.45,Two year,Fiber optic,No,Electronic check,0,Low Risk,Continue regular engagement,0.0,8.0
9274-CNFMO,4,74.95,Month-to-month,Fiber optic,No,Electronic check,1,Medium Risk,Offer contract upgrade incentive,74.95,65.08
7758-XKCBS,15,29.7,Month-to-month,DSL,Yes,Electronic check,1,Medium Risk,Offer contract upgrade incentive,29.7,43.37
8992-JQYUN,1,50.35,Month-to-month,DSL,No,Electronic check,1,High Risk,Offer annual contract discount + proactive support,50.35,81.93
6563-VNPMN,45,85.7,Month-to-month,Fiber optic,Yes,Bank transfer (automatic),0,Low Risk,Continue regular engagement,0.0,13.39
0617-AQNWT,64,47.85,Two year,DSL,Yes,Electronic check,0,Low Risk,Continue regular engagement,0.0,8.09
2267-WTPYD,57,94.0,Month-to-month,Fiber optic,No,Credit card (automatic),0,Low Risk,Continue regular engagement,0.0,28.78
0270-THENM,72,69.85,Two year,DSL,Yes,Bank transfer (automatic),0,Low Risk,Continue regular engagement,0.0,0.72
2446-PLQVO,1,70.3,Month-to-month,Fiber optic,No,Electronic check,1,High Risk,Offer annual contract discount + proactive support,70.3,81.66
4707-MAXGU,72,25.85,Two year,No,No internet service,Credit card (automatic),0,Low Risk,Continue regular engagement,0.0,0.55
2710-WYVXG,3,71.1,Two year,DSL,Yes,Mailed check,0,Low Risk,Continue regular engagement,0.0,2.32
3005-NFMTA,55,98.8,Month-to-month,Fiber optic,No,Electronic check,1,Medium Risk,Offer contract upgrade incentive,98.8,55.95
6300-BWMJX,59,93.35,Month-to-month,Fiber optic,Yes,Electronic check,0,Low Risk,Continue regular engagement,0.0,19.64
8784-CGILN,18,99.85,Month-to-month,Fiber optic,Yes,Bank transfer (automatic),1,Medium Risk,Offer contract upgrade incentive,99.85,58.59
5389-FFVKB,32,80.3,Month-to-month,Fiber optic,No,Credit card (automatic),1,Medium Risk,Offer contract upgrade incentive,80.3,40.54
7009-LGECI,4,50.55,Month-to-month,DSL,No,Bank transfer (automatic),0,Low Risk,Continue regular engagement,0.0,25.84
8444-WRIDW,66,80.45,Month-to-month,Fiber optic,No,Credit card (automatic),1,Medium Risk,Offer contract upgrade incentive,80.45,36.8
5022-KVDQT,27,81.3,Month-to-month,Fiber optic,No,Electronic check,1,Medium Risk,Offer contract upgrade incentive,81.3,49.98
7976-CICYS,4,20.7,Month-to-month,No,No internet service,Credit card (automatic),0,Low Risk,Continue regular engagement,0.0,11.3
1036-GUDCL,60,79.05,Month-to-month,DSL,Yes,Credit card (automatic),0,Low Risk,Continue regular engagement,0.0,6.9
2005-DWQZJ,8,19.05,Two year,No,No internet service,Mailed check,0,Low Risk,Continue regular engagement,0.0,0.98
8148-WOCMK,8,19.6,Two year,No,No internet service,Credit card (automatic),0,Low Risk,Continue regular engagement,0.0,1.35
7815-PDTHL,35,20.2,Two year,No,No internet service,Mailed check,0,Low Risk,Continue regular engagement,0.0,1.18
9451-LPGOO,7,86.8,Month-to-month,Fiber optic,No,Electronic check,1,High Risk,Offer annual contract discount + proactive support,86.8,80.73
9173-IVZVP,53,20.9,Two year,No,No internet service,Mailed check,0,Low Risk,Continue regular engagement,0.0,1.42
9129-UXERG,18,103.6,Month-to-month,Fiber optic,Yes,Credit card (automatic),1,Medium Risk,Offer contract upgrade incentive,103.6,44.99
3635-JBPSG,15,38.8,Two year,DSL,No,Mailed check,0,Low Risk,Continue regular engagement,0.0,5.46
7964-ZRKKG,67,88.4,One year,Fiber optic,No,Bank transfer (automatic),0,Low Risk,Continue regular engagement,0.0,14.21
5868-YWPDW,6,84.2,Month-to-month,Fiber optic,No,Electronic check,1,High Risk,Offer annual contract discount + proactive support,84.2,72.94
6229-LSCKB,6,79.7,Month-to-month,Fiber optic,No,Electronic check,1,High Risk,Offer annual contract discount + proactive support,79.7,74.42
2025-JKFWI,13,99.0,Month-to-month,Fiber optic,Yes,Mailed check,1,Medium Risk,Offer contract upgrade incentive,99.0,65.49
4078-SAYYN,11,100.75,Month-to-month,Fiber optic,No,Electronic check,1,High Risk,Offer annual contract discount + proactive support,100.75,87.56
1724-IQWNM,1,19.3,Month-to-month,No,No internet service,Mailed check,0,Low Risk,Continue regular engagement,0.0,33.04
8217-QYOHV,5,55.75,Month-to-month,DSL,Yes,Mailed check,0,Low Risk,Continue regular engagement,0.0,22.44
5546-QUERU,13,19.95,One year,No,No internet service,Mailed check,0,Low Risk,Continue regular engagement,0.0,4.74
9940-HPQPG,9,91.75,Month-to-month,Fiber optic,No,Bank transfer (automatic),1,Medium Risk,Offer contract upgrade incentive,91.75,61.24
6897-UUBNU,29,89.65,Month-to-month,Fiber optic,Yes,Mailed check,0,Low Risk,Continue regular engagement,0.0,22.45
6127-IYJOZ,1,45.85,Month-to-month,DSL,No,Mailed check,1,Medium Risk,Offer contract upgrade incentive,45.85,69.07
6618-RYATB,1,79.55,Month-to-month,Fiber optic,No,Mailed check,1,High Risk,Offer annual contract discount + proactive support,79.55,85.94
8930-XOTDP,18,55.95,Month-to-month,DSL,No,Mailed check,0,Low Risk,Continue regular engagement,0.0,22.49
5916-QEWPT,2,69.0,Month-to-month,DSL,No,Credit card (automatic),1,Medium Risk,Offer contract upgrade incentive,69.0,37.47
5060-TQUQN,30,83.55,Month-to-month,Fiber optic,Yes,Bank transfer (automatic),0,Low Risk,Continue regular engagement,0.0,30.56
0531-XBKMM,66,65.7,Two year,DSL,Yes,Bank transfer (automatic),0,Low Risk,Continue regular engagement,0.0,1.07
8465-SBRXP,38,94.9,Two year,Fiber optic,Yes,Bank transfer (automatic),0,Low Risk,Continue regular engagement,0.0,4.73
2408-PSJVE,44,61.9,Month-to-month,DSL,Yes,Mailed check,0,Low Risk,Continue regular engagement,0.0,9.82
9079-YEXQJ,54,111.1,Month-to-month,Fiber optic,Yes,Electronic check,0,Low Risk,Continue regular engagement,0.0,26.2
9700-ZCLOT,2,20.0,Month-to-month,No,No internet service,Mailed check,0,Low Risk,Continue regular engagement,0.0,13.32
8738-JOKAR,42,67.7,One year,DSL,Yes,Mailed check,0,Low Risk,Continue regular engagement,0.0,7.9
4534-WGCIR,58,25.15,Two year,No,No internet service,Credit card (automatic),0,Low Risk,Continue regular engagement,0.0,1.13
1930-WNXSB,58,92.85,Month-to-month,Fiber optic,No,Electronic check,0,Low Risk,Continue regular engagement,0.0,27.22
2685-SREOM,25,89.1,Month-to-month,Fiber optic,No,Electronic check,1,Medium Risk,Offer contract upgrade incentive,89.1,67.32
3508-CFVZL,71,111.3,Two year,Fiber optic,Yes,Mailed check,0,Low Risk,Continue regular engagement,0.0,1.82
0402-CQAJN,37,101.9,Month-to-month,Fiber optic,No,Bank transfer (automatic),1,Medium Risk,Offer contract upgrade incentive,101.9,41.59
6692-UDPJC,14,91.65,Month-to-month,Fiber optic,Yes,Electronic check,1,Medium Risk,Offer contract upgrade incentive,91.65,59.94
1273-MTETI,4,88.85,Month-to-month,Fiber optic,No,Electronic check,1,High Risk,Offer annual contract discount + proactive support,88.85,86.78
0657-DOGUM,48,60.6,One year,DSL,Yes,Bank transfer (automatic),0,Low Risk,Continue regular engagement,0.0,4.48
5480-HPRRX,3,25.3,Month-to-month,DSL,No,Electronic check,1,Medium Risk,Offer contract upgrade incentive,25.3,65.13
8792-AOROI,8,65.5,Two year,DSL,Yes,Mailed check,0,Low Risk,Continue regular engagement,0.0,2.49
0295-PPHDO,1,95.45,Month-to-month,Fiber optic,No,Electronic check,1,High Risk,Offer annual contract discount + proactive support,95.45,90.78
5146-YYFRZ,67,19.95,Two year,No,No internet service,Bank transfer (automatic),0,Low Risk,Continue regular engagement,0.0,1.04
1195-OIYEJ,13,91.1,Month-to-month,Fiber optic,No,Electronic check,1,High Risk,Offer annual contract discount + proactive support,91.1,70.21
5906-CVLHP,45,54.15,One year,DSL,Yes,Credit card (automatic),0,Low Risk,Continue regular engagement,0.0,8.59
3452-SRFEG,49,74.6,Month-to-month,Fiber optic,No,Bank transfer (automatic),0,Low Risk,Continue regular engagement,0.0,26.88
4070-OKWVH,52,94.6,Month-to-month,Fiber optic,No,Bank transfer (automatic),0,Low Risk,Continue regular engagement,0.0,22.99
5297-MDOIR,63,81.15,One year,Fiber optic,No,Credit card (automatic),0,Low Risk,Continue regular engagement,0.0,3.85
6369-MCAKO,68,89.05,Two year,DSL,Yes,Bank transfer (automatic),0,Low Risk,Continue regular engagement,0.0,1.51
4926-UMJZD,31,49.2,Month-to-month,DSL,Yes,Mailed check,0,Low Risk,Continue regular engagement,0.0,9.2
6848-HJTXY,64,19.45,Two year,No,No internet service,Credit card (automatic),0,Low Risk,Continue regular engagement,0.0,1.24
6341-AEVKX,62,104.3,One year,Fiber optic,Yes,Electronic check,0,Low Risk,Continue regular engagement,0.0,21.62
4501-EQDRN,1,69.7,Month-to-month,Fiber optic,No,Bank transfer (automatic),1,High Risk,Offer annual contract discount + proactive support,69.7,75.13
2990-HWIML,6,89.5,Month-to-month,Fiber optic,No,Electronic check,1,High Risk,Offer annual contract discount + proactive support,89.5,79.97
0682-USIXD,21,86.05,Month-to-month,Fiber optic,Yes,Electronic check,1,Medium Risk,Offer contract upgrade incentive,86.05,48.13
6976-BWGLQ,72,25.2,Two year,No,No internet service,Bank transfer (automatic),0,Low Risk,Continue regular engagement,0.0,0.53
7078-NVFAM,32,35.15,Month-to-month,DSL,No,Electronic check,0,Low Risk,Continue regular engagement,0.0,21.63
8065-QBYTO,71,99.65,One year,Fiber optic,Yes,Credit card (automatic),0,Low Risk,Continue regular engagement,0.0,3.26
2133-TSRRM,34,105.35,Month-to-month,Fiber optic,No,Bank transfer (automatic),0,Low Risk,Continue regular engagement,0.0,22.08
7384-GHBPI,3,35.15,Month-to-month,DSL,No,Electronic check,1,High Risk,Offer annual contract discount + proactive support,35.15,73.02
7603-USHJS,12,73.75,Month-to-month,Fiber optic,No,Credit card (automatic),1,Medium Risk,Offer contract upgrade incentive,73.75,44.63
7234-FECYN,8,101.35,Month-to-month,Fiber optic,No,Electronic check,1,High Risk,Offer annual contract discount + proactive support,101.35,79.66
2511-ALLCS,35,24.3,Two year,No,No internet service,Bank transfer (automatic),0,Low Risk,Continue regular engagement,0.0,1.19
3191-CSNMG,3,80.7,Month-to-month,Fiber optic,No,Electronic check,1,Medium Risk,Offer contract upgrade incentive,80.7,63.5
7952-OBOYL,3,89.85,Month-to-month,Fiber optic,Yes,Mailed check,1,Medium Risk,Offer contract upgrade incentive,89.85,58.54
7470-DYNOE,53,61.1,One year,DSL,No,Electronic check,0,Low Risk,Continue regular engagement,0.0,12.21
7853-OETYL,4,29.05,Month-to-month,DSL,No,Electronic check,1,Medium Risk,Offer contract upgrade incentive,29.05,44.99
1545-ACTAS,48,99.7,One year,Fiber optic,No,Bank transfer (automatic),0,Low Risk,Continue regular engagement,0.0,19.34
5876-HZVZM,6,55.9,Month-to-month,DSL,No,Credit card (automatic),0,Low Risk,Continue regular engagement,0.0,17.75
1400-MMYXY,3,105.9,Month-to-month,Fiber optic,No,Electronic check,1,High Risk,Offer annual contract discount + proactive support,105.9,78.48
5126-RCXYW,54,46.0,Two year,DSL,Yes,Credit card (automatic),0,Low Risk,Continue regular engagement,0.0,2.06
3085-QUOZK,1,43.95,Month-to-month,DSL,No,Mailed check,1,Medium Risk,Offer contract upgrade incentive,43.95,44.44
2363-BJLSL,62,80.4,Month-to-month,DSL,Yes,Bank transfer (automatic),0,Low Risk,Continue regular engagement,0.0,7.17
1956-YIFGE,22,100.05,One year,Fiber optic,No,Mailed check,1,Medium Risk,Monitor customer + targeted engagement,100.05,38.24
3926-CUQZX,1,45.1,Month-to-month,DSL,No,Bank transfer (automatic),1,Medium Risk,Offer contract upgrade incentive,45.1,59.5
7921-LMDFQ,51,94.0,One year,Fiber optic,No,Bank transfer (automatic),0,Low Risk,Continue regular engagement,0.0,18.88
2925-MXLSX,30,68.95,One year,DSL,No,Credit card (automatic),0,Low Risk,Continue regular engagement,0.0,6.2
5820-PTRYM,56,68.45,One year,DSL,Yes,Credit card (automatic),0,Low Risk,Continue regular engagement,0.0,4.86
9609-BENEA,35,69.0,One year,DSL,Yes,Electronic check,0,Low Risk,Continue regular engagement,0.0,12.67
6211-WHMYA,64,43.85,Month-to-month,DSL,Yes,Electronic check,0,Low Risk,Continue regular engagement,0.0,18.47
4459-BBGHE,30,44.5,Month-to-month,DSL,No,Electronic check,0,Low Risk,Continue regular engagement,0.0,25.99
9945-PSVIP,25,18.7,Two year,No,No internet service,Mailed check,0,Low Risk,Continue regular engagement,0.0,0.8
1041-RXHRA,41,70.25,Month-to-month,Fiber optic,No,Bank transfer (automatic),0,Low Risk,Continue regular engagement,0.0,24.43
1750-CSKKM,9,55.35,Month-to-month,DSL,No,Electronic check,0,Low Risk,Continue regular engagement,0.0,29.95
9108-EJFJP,1,53.55,Month-to-month,DSL,No,Mailed check,1,Medium Risk,Offer contract upgrade incentive,53.55,46.95
0530-IJVDB,70,114.6,Two year,Fiber optic,Yes,Electronic check,0,Low Risk,Continue regular engagement,0.0,6.71
0508-SQWPL,57,20.1,Two year,No,No internet service,Bank transfer (automatic),0,Low Risk,Continue regular engagement,0.0,2.37
2215-ZAFGX,9,85.5,Month-to-month,Fiber optic,No,Electronic check,1,High Risk,Offer annual contract discount + proactive support,85.5,74.09
8213-TAZPM,69,108.75,One year,Fiber optic,Yes,Bank transfer (automatic),0,Low Risk,Continue regular engagement,0.0,12.85
7142-HVGBG,43,103.0,Month-to-month,Fiber optic,No,Electronic check,1,Medium Risk,Offer contract upgrade incentive,103.0,66.13
1304-SEGFY,72,97.85,Two year,Fiber optic,No,Electronic check,0,Low Risk,Continue regular engagement,0.0,6.59
7242-EDTYC,44,19.55,Two year,No,No internet service,Bank transfer (automatic),0,Low Risk,Continue regular engagement,0.0,1.01
2904-GGUAZ,72,84.05,Two year,Fiber optic,No,Bank transfer (automatic),0,Low Risk,Continue regular engagement,0.0,0.73
8267-ZNYVZ,33,103.75,One year,Fiber optic,Yes,Electronic check,0,Low Risk,Continue regular engagement,0.0,25.95
5136-GFPMB,54,89.4,Month-to-month,Fiber optic,No,Credit card (automatic),0,Low Risk,Continue regular engagement,0.0,24.72
2595-KIWPV,27,19.7,Two year,No,No internet service,Credit card (automatic),0,Low Risk,Continue regular engagement,0.0,0.9
5243-SAOTC,54,79.85,Month-to-month,Fiber optic,No,Bank transfer (automatic),0,Low Risk,Continue regular engagement,0.0,30.04
9398-MMQTO,3,74.45,Month-to-month,Fiber optic,No,Credit card (automatic),1,Medium Risk,Offer contract upgrade incentive,74.45,45.95
7619-PLRLP,53,74.1,One year,DSL,No,Bank transfer (automatic),0,Low Risk,Continue regular engagement,0.0,6.18
6457-GIRWB,1,69.35,Month-to-month,Fiber optic,No,Electronic check,1,High Risk,Offer annual contract discount + proactive support,69.35,84.78
6508-NJYRO,15,18.8,One year,No,No internet service,Mailed check,0,Low Risk,Continue regular engagement,0.0,2.11
1450-SKCVI,56,73.85,Month-to-month,Fiber optic,No,Electronic check,0,Low Risk,Continue regular engagement,0.0,30.44
4710-NKCAW,5,64.4,Month-to-month,DSL,Yes,Credit card (automatic),0,Low Risk,Continue regular engagement,0.0,14.0
5306-BVTKJ,48,55.8,One year,DSL,No,Credit card (automatic),0,Low Risk,Continue regular engagement,0.0,9.28
0357-NVCRI,25,20.05,Month-to-month,No,No internet service,Credit card (automatic),0,Low Risk,Continue regular engagement,0.0,3.28
5570-PTWEH,3,75.15,Month-to-month,Fiber optic,No,Credit card (automatic),1,Medium Risk,Offer contract upgrade incentive,75.15,65.06
2371-KFUOG,58,99.15,One year,Fiber optic,No,Bank transfer (automatic),0,Low Risk,Continue regular engagement,0.0,10.49
0463-ZSDNT,10,56.75,Month-to-month,DSL,No,Bank transfer (automatic),0,Low Risk,Continue regular engagement,0.0,28.63
6502-MJQAE,1,69.6,Month-to-month,Fiber optic,No,Electronic check,1,High Risk,Offer annual contract discount + proactive support,69.6,84.78
6257-DTAYD,71,104.15,Two year,Fiber optic,Yes,Credit card (automatic),0,Low Risk,Continue regular engagement,0.0,8.02
4616-ULAOA,65,110.8,Two year,Fiber optic,Yes,Credit card (automatic),0,Low Risk,Continue regular engagement,0.0,4.69
7693-LCKZL,5,80.15,Month-to-month,Fiber optic,No,Electronic check,1,High Risk,Offer annual contract discount + proactive support,80.15,72.77
7746-AWNQW,28,35.75,Month-to-month,DSL,Yes,Mailed check,0,Low Risk,Continue regular engagement,0.0,13.36
5996-EBTKM,67,69.9,Two year,DSL,Yes,Bank transfer (automatic),0,Low Risk,Continue regular engagement,0.0,2.19
2758-RNWXS,35,89.2,One year,Fiber optic,Yes,Electronic check,0,Low Risk,Continue regular engagement,0.0,13.12
2314-TNDJQ,72,55.65,Two year,DSL,Yes,Credit card (automatic),0,Low Risk,Continue regular engagement,0.0,0.42
2405-LBMUW,61,50.7,One year,DSL,Yes,Bank transfer (automatic),0,Low Risk,Continue regular engagement,0.0,4.49
3454-JFUBC,68,20.0,Two year,No,No internet service,Credit card (automatic),0,Low Risk,Continue regular engagement,0.0,1.26
0032-PGELS,1,30.5,Month-to-month,DSL,No,Bank transfer (automatic),1,Medium Risk,Offer contract upgrade incentive,30.5,40.39
9039-ZVJDC,3,19.1,Month-to-month,No,No internet service,Mailed check,0,Low Risk,Continue regular engagement,0.0,6.24
6797-LNAQX,70,98.3,Two year,Fiber optic,No,Bank transfer (automatic),0,Low Risk,Continue regular engagement,0.0,3.78
9013-AQORL,48,45.55,Month-to-month,DSL,No,Credit card (automatic),0,Low Risk,Continue regular engagement,0.0,18.44
2898-MRKPI,68,101.05,One year,Fiber optic,No,Credit card (automatic),0,Low Risk,Continue regular engagement,0.0,16.23
2750-BJLSB,47,103.7,One year,Fiber optic,Yes,Electronic check,0,Low Risk,Continue regular engagement,0.0,23.74
3648-GZPHF,32,36.25,One year,DSL,Yes,Mailed check,0,Low Risk,Continue regular engagement,0.0,9.0
2075-RMJIK,5,49.4,Month-to-month,DSL,No,Mailed check,0,Low Risk,Continue regular engagement,0.0,28.22
9588-YRFHY,49,19.9,Two year,No,No internet service,Credit card (automatic),0,Low Risk,Continue regular engagement,0.0,1.15
6394-MFYNG,48,107.4,Month-to-month,Fiber optic,No,Bank transfer (automatic),1,Medium Risk,Offer contract upgrade incentive,107.4,48.9
1564-NTYXF,13,82.0,Month-to-month,Fiber optic,No,Electronic check,1,High Risk,Offer annual contract discount + proactive support,82.0,77.43
9364-YKUVW,15,19.8,Month-to-month,No,No internet service,Mailed check,0,Low Risk,Continue regular engagement,0.0,11.72
5392-AKEMH,12,45.05,Month-to-month,DSL,No,Electronic check,0,Low Risk,Continue regular engagement,0.0,33.57
2451-YMUXS,67,64.55,Two year,DSL,Yes,Bank transfer (automatic),0,Low Risk,Continue regular engagement,0.0,1.68
3914-FDRHP,9,86.25,Month-to-month,Fiber optic,Yes,Electronic check,1,Medium Risk,Offer contract upgrade incentive,86.25,47.11
3078-ZKNTS,13,19.75,Two year,No,No internet service,Bank transfer (automatic),0,Low Risk,Continue regular engagement,0.0,2.72
1024-KPRBB,38,89.1,One year,Fiber optic,No,Mailed check,0,Low Risk,Continue regular engagement,0.0,15.89
4690-PKDQG,42,95.55,Month-to-month,Fiber optic,No,Electronic check,1,Medium Risk,Offer contract upgrade incentive,95.55,46.61
8155-IBNHG,24,75.4,Month-to-month,Fiber optic,No,Credit card (automatic),0,Low Risk,Continue regular engagement,0.0,30.41
0886-QGENL,27,101.25,Month-to-month,Fiber optic,No,Electronic check,1,Medium Risk,Offer contract upgrade incentive,101.25,60.6
9547-ITEFG,9,102.6,Month-to-month,Fiber optic,No,Credit card (automatic),1,High Risk,Offer annual contract discount + proactive support,102.6,72.86
1264-FUHCX,49,56.3,One year,DSL,Yes,Credit card (automatic),0,Low Risk,Continue regular engagement,0.0,15.32
7789-CRUVC,61,94.2,Month-to-month,Fiber optic,Yes,Credit card (automatic),0,Low Risk,Continue regular engagement,0.0,11.72
6598-KELSS,50,43.05,One year,DSL,No,Bank transfer (automatic),0,Low Risk,Continue regular engagement,0.0,5.69
8739-WWKDU,25,89.5,Month-to-month,Fiber optic,No,Electronic check,1,Medium Risk,Offer contract upgrade incentive,89.5,61.32
8685-WHQPW,22,74.4,Month-to-month,Fiber optic,No,Bank transfer (automatic),1,Medium Risk,Offer contract upgrade incentive,74.4,41.76
4745-LSPLO,1,20.5,Month-to-month,No,No internet service,Mailed check,0,Low Risk,Continue regular engagement,0.0,31.66
8083-YTZES,4,74.35,Month-to-month,Fiber optic,No,Electronic check,1,Medium Risk,Offer contract upgrade incentive,74.35,68.36
7240-FQLHE,18,99.75,Month-to-month,Fiber optic,Yes,Bank transfer (automatic),1,Medium Risk,Offer contract upgrade incentive,99.75,57.34
6664-FPDAC,56,111.95,One year,Fiber optic,Yes,Electronic check,0,Low Risk,Continue regular engagement,0.0,21.4
9972-VAFJJ,53,94.0,One year,Fiber optic,Yes,Electronic check,0,Low Risk,Continue regular engagement,0.0,11.43
0422-UXFAP,51,98.85,One year,Fiber optic,No,Electronic check,1,Medium Risk,Monitor customer + targeted engagement,98.85,35.05
1904-WAJAA,24,64.35,Two year,DSL,No,Electronic check,0,Low Risk,Continue regular engagement,0.0,2.65
5130-YPIRV,62,72.0,Two year,DSL,No,Credit card (automatic),0,Low Risk,Continue regular engagement,0.0,1.49
2843-CQMEG,24,49.7,Month-to-month,DSL,No,Mailed check,0,Low Risk,Continue regular engagement,0.0,13.47
6439-PKTRR,70,80.7,Two year,DSL,Yes,Electronic check,0,Low Risk,Continue regular engagement,0.0,2.27
5351-QESIO,1,24.2,Month-to-month,DSL,No,Mailed check,1,Medium Risk,Offer contract upgrade incentive,24.2,53.37
0786-VSSUD,16,39.0,Month-to-month,DSL,No,Mailed check,1,Medium Risk,Offer contract upgrade incentive,39.0,42.18
5568-DMXZS,8,65.45,Month-to-month,DSL,Yes,Electronic check,0,Low Risk,Continue regular engagement,0.0,30.14
8468-FZTOE,72,74.35,Two year,DSL,Yes,Electronic check,0,Low Risk,Continue regular engagement,0.0,1.6
6633-SYEUS,23,83.2,Month-to-month,Fiber optic,Yes,Bank transfer (automatic),0,Low Risk,Continue regular engagement,0.0,18.9
6447-GORXK,31,25.0,Month-to-month,DSL,No,Credit card (automatic),0,Low Risk,Continue regular engagement,0.0,11.68
6967-PEJLL,37,40.2,One year,DSL,Yes,Electronic check,0,Low Risk,Continue regular engagement,0.0,7.31
3976-BWUCK,30,94.1,Month-to-month,Fiber optic,Yes,Credit card (automatic),0,Low Risk,Continue regular engagement,0.0,33.72
5981-ZVXOT,35,108.35,One year,Fiber optic,No,Electronic check,0,Low Risk,Continue regular engagement,0.0,23.08
1684-FLBGS,23,69.5,Month-to-month,DSL,Yes,Credit card (automatic),0,Low Risk,Continue regular engagement,0.0,10.33
1389-WNUIB,20,76.0,One year,DSL,No,Bank transfer (automatic),0,Low Risk,Continue regular engagement,0.0,9.16
0376-OIWME,36,93.6,Month-to-month,Fiber optic,No,Electronic check,0,Low Risk,Continue regular engagement,0.0,29.78
3585-ISXZP,8,95.65,Month-to-month,Fiber optic,No,Bank transfer (automatic),1,High Risk,Offer annual contract discount + proactive support,95.65,72.63
0218-QNVAS,71,100.55,One year,Fiber optic,No,Bank transfer (automatic),0,Low Risk,Continue regular engagement,0.0,8.21
6583-QGCSI,50,88.05,Month-to-month,Fiber optic,No,Electronic check,1,Medium Risk,Offer contract upgrade incentive,88.05,48.91
0804-YGEQV,43,24.45,One year,No,No internet service,Bank transfer (automatic),0,Low Risk,Continue regular engagement,0.0,2.93
7164-BPTUT,57,89.55,Two year,DSL,Yes,Mailed check,0,Low Risk,Continue regular engagement,0.0,1.33
4174-LPGTI,41,66.5,One year,DSL,Yes,Bank transfer (automatic),0,Low Risk,Continue regular engagement,0.0,11.87
2523-EWWZL,27,76.1,Month-to-month,Fiber optic,No,Electronic check,1,Medium Risk,Offer contract upgrade incentive,76.1,36.52
0928-XUTSN,13,80.5,Month-to-month,Fiber optic,No,Electronic check,1,Medium Risk,Offer contract upgrade incentive,80.5,48.92
2108-XWMPY,3,35.45,Month-to-month,DSL,No,Mailed check,1,Medium Risk,Offer contract upgrade incentive,35.45,48.08
0052-YNYOT,67,20.55,One year,No,No internet service,Electronic check,0,Low Risk,Continue regular engagement,0.0,2.85
6304-IJFSQ,3,49.9,Month-to-month,DSL,No,Mailed check,1,Medium Risk,Offer contract upgrade incentive,49.9,41.36
9586-JGQKH,64,105.4,Two year,Fiber optic,Yes,Bank transfer (automatic),0,Low Risk,Continue regular engagement,0.0,10.5
4501-VCPFK,26,35.75,Month-to-month,DSL,Yes,Electronic check,0,Low Risk,Continue regular engagement,0.0,15.32
6075-SLNIL,38,95.1,Month-to-month,Fiber optic,No,Credit card (automatic),0,Low Risk,Continue regular engagement,0.0,28.0
9347-AERRL,23,19.3,One year,No,No internet service,Credit card (automatic),0,Low Risk,Continue regular engagement,0.0,1.43
0093-XWZFY,40,104.5,Month-to-month,Fiber optic,No,Credit card (automatic),1,Medium Risk,Offer contract upgrade incentive,104.5,53.67
2274-XUATA,72,63.1,Two year,DSL,Yes,Bank transfer (automatic),0,Low Risk,Continue regular engagement,0.0,0.94
1980-KXVPM,3,75.05,Month-to-month,Fiber optic,No,Credit card (automatic),1,High Risk,Offer annual contract discount + proactive support,75.05,77.1
7703-ZEKEF,23,81.0,Month-to-month,Fiber optic,No,Electronic check,1,Medium Risk,Offer contract upgrade incentive,81.0,50.84
0723-DRCLG,1,74.45,Month-to-month,Fiber optic,No,Electronic check,1,High Risk,Offer annual contract discount + proactive support,74.45,87.48
5482-NUPNA,4,60.4,Month-to-month,DSL,Yes,Mailed check,0,Low Risk,Continue regular engagement,0.0,21.76
6691-CCIHA,62,84.95,Two year,DSL,Yes,Electronic check,0,Low Risk,Continue regular engagement,0.0,2.41
1685-BQULA,40,93.4,Month-to-month,Fiber optic,No,Bank transfer (automatic),0,Low Risk,Continue regular engagement,0.0,28.84
9053-EJUNL,41,89.2,Month-to-month,Fiber optic,No,Electronic check,1,Medium Risk,Offer contract upgrade incentive,89.2,44.14
0666-UXTJO,34,85.2,Month-to-month,Fiber optic,No,Credit card (automatic),1,Medium Risk,Offer contract upgrade incentive,85.2,36.29
1471-GIQKQ,1,49.95,Month-to-month,DSL,No,Electronic check,1,Medium Risk,Offer contract upgrade incentive,49.95,43.92
4807-IZYOZ,51,20.65,Two year,No,No internet service,Bank transfer (automatic),0,Low Risk,Continue regular engagement,0.0,1.45
1122-JWTJW,1,70.65,Month-to-month,Fiber optic,No,Mailed check,1,High Risk,Offer annual contract discount + proactive support,70.65,74.19
9710-NJERN,39,20.15,Two year,No,No internet service,Mailed check,0,Low Risk,Continue regular engagement,0.0,1.5
9837-FWLCH,12,19.2,Month-to-month,No,No internet service,Electronic check,0,Low Risk,Continue regular engagement,0.0,7.73
1699-HPSBG,12,59.8,One year,DSL,Yes,Electronic check,0,Low Risk,Continue regular engagement,0.0,19.78
7203-OYKCT,72,104.95,One year,Fiber optic,No,Electronic check,0,Low Risk,Continue regular engagement,0.0,16.66
1035-IPQPU,63,103.5,Month-to-month,Fiber optic,No,Electronic check,1,Medium Risk,Offer contract upgrade incentive,103.5,37.82
7398-LXGYX,44,84.8,Month-to-month,Fiber optic,No,Credit card (automatic),0,Low Risk,Continue regular engagement,0.0,24.53
2823-LKABH,18,95.05,Month-to-month,Fiber optic,Yes,Bank transfer (automatic),1,Medium Risk,Offer contract upgrade incentive,95.05,36.46
8775-CEBBJ,9,44.2,Month-to-month,DSL,No,Bank transfer (automatic),0,Low Risk,Continue regular engagement,0.0,26.9
0550-DCXLH,13,73.35,Month-to-month,DSL,Yes,Mailed check,0,Low Risk,Continue regular engagement,0.0,14.97
9281-CEDRU,68,64.1,Two year,DSL,Yes,Bank transfer (automatic),0,Low Risk,Continue regular engagement,0.0,1.2
2235-DWLJU,6,44.4,Month-to-month,DSL,No,Electronic check,1,Medium Risk,Offer contract upgrade incentive,44.4,59.91
0871-OPBXW,2,20.05,Month-to-month,No,No internet service,Mailed check,0,Low Risk,Continue regular engagement,0.0,19.04
3605-JISKB,55,60.0,One year,DSL,No,Credit card (automatic),0,Low Risk,Continue regular engagement,0.0,6.38
6894-LFHLY,1,75.75,Month-to-month,Fiber optic,No,Electronic check,1,High Risk,Offer annual contract discount + proactive support,75.75,89.52
9767-FFLEM,38,69.5,Month-to-month,Fiber optic,No,Credit card (automatic),0,Low Risk,Continue regular engagement,0.0,31.73
0639-TSIQW,67,102.95,Month-to-month,Fiber optic,No,Credit card (automatic),1,Medium Risk,Offer contract upgrade incentive,102.95,36.15
8456-QDAVC,19,78.7,Month-to-month,Fiber optic,No,Bank transfer (automatic),1,Medium Risk,Offer contract upgrade incentive,78.7,40.83
7750-EYXWZ,12,60.65,One year,DSL,Yes,Electronic check,0,Low Risk,Continue regular engagement,0.0,13.92
2569-WGERO,72,21.15,Two year,No,No internet service,Bank transfer (automatic),0,Low Risk,Continue regular engagement,0.0,0.75
6840-RESVB,24,84.8,One year,DSL,Yes,Mailed check,0,Low Risk,Continue regular engagement,0.0,8.52
2234-XADUH,72,103.2,One year,Fiber optic,No,Credit card (automatic),0,Low Risk,Continue regular engagement,0.0,7.38
4801-JZAZL,11,29.6,Month-to-month,DSL,No,Electronic check,0,Low Risk,Continue regular engagement,0.0,27.9
8361-LTMKD,4,74.4,Month-to-month,Fiber optic,No,Mailed check,1,Medium Risk,Offer contract upgrade incentive,74.4,67.13
3186-AJIEK,66,105.65,Two year,Fiber optic,Yes,Bank transfer (automatic),0,Low Risk,Continue regular engagement,0.0,9.06
