CustomerID,ChurnProbability,PredictedChurn,RiskLevel,tenure,Contract,InternetService,TechSupport,PaymentMethod,RecommendedAction,MonthlyCharges
7590-VHVEG,0.7202053,1,High Risk,1,Month-to-month,DSL,No,Electronic check,Offer annual contract discount + proactive support,29.85
5575-GNVDE,0.030385753,0,Low Risk,34,One year,DSL,No,Mailed check,Continue regular engagement,56.95
3668-QPYBK,0.3698431,1,Medium Risk,2,Month-to-month,DSL,No,Mailed check,Offer contract upgrade incentive,53.85
7795-CFOCW,0.039592993,0,Low Risk,45,One year,DSL,Yes,Bank transfer (automatic),Continue regular engagement,42.3
9237-HQITU,0.66115427,1,Medium Risk,2,Month-to-month,Fiber optic,No,Electronic check,Offer contract upgrade incentive,70.7
9305-CDSKC,0.91866726,1,High Risk,8,Month-to-month,Fiber optic,No,Electronic check,Offer annual contract discount + proactive support,99.65
1452-KIOVK,0.41764697,1,Medium Risk,22,Month-to-month,Fiber optic,No,Credit card (automatic),Offer contract upgrade incentive,89.1
6713-OKOMC,0.15247989,0,Low Risk,10,Month-to-month,DSL,No,Mailed check,Continue regular engagement,29.75
7892-POOKP,0.53699714,1,Medium Risk,28,Month-to-month,Fiber optic,Yes,Electronic check,Offer contract upgrade incentive,104.8
6388-TABGU,0.023172043,0,Low Risk,62,One year,DSL,No,Bank transfer (automatic),Continue regular engagement,56.15
9763-GRSKD,0.1803833,0,Low Risk,13,Month-to-month,DSL,No,Mailed check,Continue regular engagement,49.95
7469-LKBCI,0.009083067,0,Low Risk,16,Two year,No,No internet service,Credit card (automatic),Continue regular engagement,18.95
8091-TTVAX,0.19220583,0,Low Risk,58,One year,Fiber optic,No,Credit card (automatic),Continue regular engagement,100.35
0280-XJGEX,0.5127295,1,Medium Risk,49,Month-to-month,Fiber optic,No,Bank transfer (automatic),Offer contract upgrade incentive,103.7
5129-JLPIS,0.5629977,1,Medium Risk,25,Month-to-month,Fiber optic,Yes,Electronic check,Offer contract upgrade incentive,105.5
3655-SNQYZ,0.037937302,0,Low Risk,69,Two year,Fiber optic,Yes,Credit card (automatic),Continue regular engagement,113.25
8191-XWSZG,0.026849708,0,Low Risk,52,One year,No,No internet service,Mailed check,Continue regular engagement,20.65
9959-WOFKT,0.067313634,0,Low Risk,71,Two year,Fiber optic,No,Bank transfer (automatic),Continue regular engagement,106.7
4190-MFLUW,0.1870744,0,Low Risk,10,Month-to-month,DSL,Yes,Credit card (automatic),Continue regular engagement,55.2
4183-MYFRB,0.48335898,1,Medium Risk,21,Month-to-month,Fiber optic,No,Electronic check,Offer contract upgrade incentive,90.05
8779-QRDMV,0.8592489,1,High Risk,1,Month-to-month,DSL,No,Electronic check,Offer annual contract discount + proactive support,39.65
1680-VDCWW,0.03217221,0,Low Risk,12,One year,No,No internet service,Bank transfer (automatic),Continue regular engagement,19.8
1066-JKSGK,0.43942145,1,Medium Risk,1,Month-to-month,No,No internet service,Mailed check,Offer contract upgrade incentive,20.15
3638-WEABW,0.020393867,0,Low Risk,58,Two year,DSL,Yes,Credit card (automatic),Continue regular engagement,59.9
6322-HRPFA,0.09965257,0,Low Risk,49,Month-to-month,DSL,Yes,Credit card (automatic),Continue regular engagement,59.6
6865-JZNKO,0.09585174,0,Low Risk,30,Month-to-month,DSL,No,Bank transfer (automatic),Continue regular engagement,55.3
6467-CHFZW,0.5609316,1,Medium Risk,47,Month-to-month,Fiber optic,No,Electronic check,Offer contract upgrade incentive,99.35
8665-UTDHZ,0.6033047,1,Medium Risk,1,Month-to-month,DSL,No,Electronic check,Offer contract upgrade incentive,30.2
5248-YGIJN,0.004154109,0,Low Risk,72,Two year,DSL,Yes,Credit card (automatic),Continue regular engagement,90.25
8773-HHUOZ,0.2560358,0,Low Risk,17,Month-to-month,DSL,No,Mailed check,Continue regular engagement,64.7
3841-NFECX,0.015886862,0,Low Risk,71,Two year,Fiber optic,Yes,Credit card (automatic),Continue regular engagement,96.35
4929-XIHVW,0.8001178,1,High Risk,2,Month-to-month,Fiber optic,No,Credit card (automatic),Offer annual contract discount + proactive support,95.5
6827-IEAUQ,0.030319538,0,Low Risk,27,One year,DSL,Yes,Mailed check,Continue regular engagement,66.15
7310-EGVHZ,0.31427673,0,Low Risk,1,Month-to-month,No,No internet service,Bank transfer (automatic),Continue regular engagement,20.2
3413-BMNZE,0.5841737,1,Medium Risk,1,Month-to-month,DSL,No,Bank transfer (automatic),Offer contract upgrade incentive,45.25
6234-RAAPL,0.0084765665,0,Low Risk,72,Two year,Fiber optic,Yes,Bank transfer (automatic),Continue regular engagement,99.9
6047-YHPVI,0.5996249,1,Medium Risk,5,Month-to-month,Fiber optic,No,Electronic check,Offer contract upgrade incentive,69.7
6572-ADKRS,0.2524965,0,Low Risk,46,Month-to-month,Fiber optic,No,Credit card (automatic),Continue regular engagement,74.8
5380-WJKOV,0.5095708,1,Medium Risk,34,Month-to-month,Fiber optic,No,Electronic check,Offer contract upgrade incentive,106.35
8168-UQWWF,0.8972635,1,High Risk,11,Month-to-month,Fiber optic,No,Bank transfer (automatic),Offer annual contract discount + proactive support,97.85
8865-TNMNX,0.086782165,0,Low Risk,10,One year,DSL,No,Mailed check,Continue regular engagement,49.55
9489-DEDVP,0.03379041,0,Low Risk,70,Two year,DSL,No,Credit card (automatic),Continue regular engagement,69.2
9867-JCZSP,0.022271058,0,Low Risk,17,One year,No,No internet service,Mailed check,Continue regular engagement,20.75
4671-VJLCL,0.018660313,0,Low Risk,63,Two year,DSL,Yes,Credit card (automatic),Continue regular engagement,79.85
4080-IIARD,0.24983351,0,Low Risk,13,Month-to-month,DSL,Yes,Electronic check,Continue regular engagement,76.2
3714-NTNFO,0.43775967,1,Medium Risk,49,Month-to-month,Fiber optic,No,Electronic check,Offer contract upgrade incentive,84.5
5948-UJZLF,0.41686335,1,Medium Risk,2,Month-to-month,DSL,No,Mailed check,Offer contract upgrade incentive,49.25
7760-OYPDY,0.69904965,1,Medium Risk,2,Month-to-month,Fiber optic,No,Electronic check,Offer contract upgrade incentive,80.65
7639-LIAYI,0.027483547,0,Low Risk,52,Two year,DSL,Yes,Credit card (automatic),Continue regular engagement,79.75
2954-PIBKO,0.01158685,0,Low Risk,69,Two year,DSL,Yes,Credit card (automatic),Continue regular engagement,64.15
8012-SOUDQ,0.45204014,1,Medium Risk,43,Month-to-month,Fiber optic,No,Electronic check,Offer contract upgrade incentive,90.25
9420-LOJKX,0.6190766,1,Medium Risk,15,Month-to-month,Fiber optic,No,Credit card (automatic),Offer contract upgrade incentive,99.1
6575-SUVOI,0.11307601,0,Low Risk,25,Month-to-month,DSL,Yes,Credit card (automatic),Continue regular engagement,69.5
7495-OOKFY,0.70712256,1,High Risk,8,Month-to-month,Fiber optic,No,Credit card (automatic),Offer annual contract discount + proactive support,80.65
4667-QONEA,0.0560213,0,Low Risk,60,One year,DSL,Yes,Credit card (automatic),Continue regular engagement,74.85
1658-BYGOY,0.71285474,1,High Risk,18,Month-to-month,Fiber optic,No,Electronic check,Offer annual contract discount + proactive support,95.45
8769-KKTPH,0.18759264,0,Low Risk,63,One year,Fiber optic,No,Credit card (automatic),Continue regular engagement,99.65
5067-XJQFU,0.25331217,0,Low Risk,66,One year,Fiber optic,Yes,Electronic check,Continue regular engagement,108.45
3957-SQXML,0.013971007,0,Low Risk,34,Two year,No,No internet service,Credit card (automatic),Continue regular engagement,24.95
5954-BDFSG,0.0671771,0,Low Risk,72,Two year,Fiber optic,Yes,Credit card (automatic),Continue regular engagement,107.5
0434-CSFON,0.5644016,1,Medium Risk,47,Month-to-month,Fiber optic,No,Electronic check,Offer contract upgrade incentive,100.5
1215-FIGMP,0.21399345,0,Low Risk,60,Month-to-month,Fiber optic,No,Bank transfer (automatic),Continue regular engagement,89.9
0526-SXDJP,0.013488304,0,Low Risk,72,Two year,DSL,No,Bank transfer (automatic),Continue regular engagement,42.1
0557-ASKVU,0.08205065,0,Low Risk,18,One year,DSL,Yes,Credit card (automatic),Continue regular engagement,54.4
5698-BQJOH,0.73109055,1,High Risk,9,Month-to-month,Fiber optic,No,Electronic check,Offer annual contract discount + proactive support,94.4
5122-CYFXA,0.40465972,1,Medium Risk,3,Month-to-month,DSL,Yes,Electronic check,Offer contract upgrade incentive,75.3
8627-ZYGSZ,0.23065174,0,Low Risk,47,One year,Fiber optic,No,Electronic check,Continue regular engagement,78.9
3410-YOQBQ,0.025657639,0,Low Risk,31,Two year,DSL,Yes,Mailed check,Continue regular engagement,79.2
3170-NMYVV,0.009038567,0,Low Risk,50,Two year,No,No internet service,Bank transfer (automatic),Continue regular engagement,20.15
7410-OIEDU,0.43462276,1,Medium Risk,10,Month-to-month,Fiber optic,No,Mailed check,Offer contract upgrade incentive,79.85
2273-QCKXA,0.35250738,1,Medium Risk,1,Month-to-month,DSL,Yes,Mailed check,Offer contract upgrade incentive,49.05
0731-EBJQB,0.037950654,0,Low Risk,52,One year,No,No internet service,Electronic check,Continue regular engagement,20.4
1891-QRQSA,0.077391654,0,Low Risk,64,Two year,Fiber optic,Yes,Bank transfer (automatic),Continue regular engagement,111.6
8028-PNXHQ,0.010033017,0,Low Risk,62,Two year,No,No internet service,Bank transfer (automatic),Continue regular engagement,24.25
5630-AHZIL,0.20913543,0,Low Risk,3,Month-to-month,DSL,Yes,Bank transfer (automatic),Continue regular engagement,64.5
2673-CXQEU,0.18742424,0,Low Risk,56,One year,Fiber optic,No,Electronic check,Continue regular engagement,110.5
6416-JNVRK,0.10950497,0,Low Risk,46,One year,DSL,No,Credit card (automatic),Continue regular engagement,55.65
5590-ZSKRV,0.14318228,0,Low Risk,8,Month-to-month,DSL,No,Mailed check,Continue regular engagement,54.65
0191-ZHSKZ,0.16666912,0,Low Risk,30,Month-to-month,DSL,No,Electronic check,Continue regular engagement,74.75
3887-PBQAO,0.048825525,0,Low Risk,45,One year,No,No internet service,Credit card (automatic),Continue regular engagement,25.9
5919-TMRGD,0.87112945,1,High Risk,1,Month-to-month,Fiber optic,No,Electronic check,Offer annual contract discount + proactive support,79.35
8108-UXRQN,0.2555853,0,Low Risk,11,Month-to-month,DSL,No,Electronic check,Continue regular engagement,50.55
9191-MYQKX,0.53656685,1,Medium Risk,7,Month-to-month,Fiber optic,No,Bank transfer (automatic),Offer contract upgrade incentive,75.15
9919-YLNNG,0.34283918,0,Low Risk,42,Month-to-month,Fiber optic,Yes,Bank transfer (automatic),Continue regular engagement,103.8
0318-ZOPWS,0.017373588,0,Low Risk,49,Two year,No,No internet service,Bank transfer (automatic),Continue regular engagement,20.15
4445-ZJNMU,0.88193566,1,High Risk,9,Month-to-month,Fiber optic,No,Credit card (automatic),Offer annual contract discount + proactive support,99.3
4808-YNLEU,0.04806792,0,Low Risk,35,One year,DSL,No,Bank transfer (automatic),Continue regular engagement,62.15
1862-QRWPE,0.011710385,0,Low Risk,48,Two year,No,No internet service,Bank transfer (automatic),Continue regular engagement,20.65
2796-NNUFI,0.010745092,0,Low Risk,46,Two year,No,No internet service,Mailed check,Continue regular engagement,19.95
3016-KSVCP,0.27033177,0,Low Risk,29,Month-to-month,DSL,No,Mailed check,Continue regular engagement,33.75
4767-HZZHQ,0.2599206,0,Low Risk,30,Month-to-month,Fiber optic,No,Bank transfer (automatic),Continue regular engagement,82.05
2424-WVHPL,0.6086093,1,Medium Risk,1,Month-to-month,Fiber optic,Yes,Electronic check,Offer contract upgrade incentive,74.7
7233-PAHHL,0.020814594,0,Low Risk,66,Two year,DSL,Yes,Mailed check,Continue regular engagement,84.0
6067-NGCEU,0.20871852,0,Low Risk,65,Month-to-month,Fiber optic,No,Credit card (automatic),Continue regular engagement,111.05
9848-JQJTX,0.04794917,0,Low Risk,72,Two year,Fiber optic,No,Bank transfer (automatic),Continue regular engagement,100.9
8637-XJIVR,0.5402413,1,Medium Risk,12,Month-to-month,Fiber optic,No,Electronic check,Offer contract upgrade incentive,78.95
9803-FTJCG,0.0162136,0,Low Risk,71,One year,DSL,Yes,Credit card (automatic),Continue regular engagement,66.85
0278-YXOOG,0.111211136,0,Low Risk,5,Month-to-month,No,No internet service,Mailed check,Continue regular engagement,21.05
3212-KXOCR,0.01604824,0,Low Risk,52,Two year,No,No internet service,Bank transfer (automatic),Continue regular engagement,21.0
4598-XLKNJ,0.728972,1,High Risk,25,Month-to-month,Fiber optic,No,Electronic check,Offer annual contract discount + proactive support,98.5
6380-ARCEH,0.33095282,0,Low Risk,1,Month-to-month,No,No internet service,Mailed check,Continue regular engagement,20.2
3679-XASPY,0.48245388,1,Medium Risk,1,Month-to-month,No,No internet service,Electronic check,Offer contract upgrade incentive,19.45
7123-WQUHX,0.09535656,0,Low Risk,38,One year,Fiber optic,Yes,Bank transfer (automatic),Continue regular engagement,95.0
5386-THSLQ,0.10989757,0,Low Risk,66,One year,DSL,No,Bank transfer (automatic),Continue regular engagement,45.55
3192-NQECA,0.22899032,0,Low Risk,68,Two year,Fiber optic,Yes,Bank transfer (automatic),Continue regular engagement,110.0
6180-YBIQI,0.3703558,1,Medium Risk,5,Month-to-month,DSL,No,Mailed check,Offer contract upgrade incentive,24.3
6728-DKUCO,0.05119632,0,Low Risk,72,One year,Fiber optic,No,Electronic check,Continue regular engagement,104.15
9750-BOOHV,0.05956822,0,Low Risk,32,One year,DSL,No,Mailed check,Continue regular engagement,30.15
8597-CWYHH,0.1563486,0,Low Risk,43,One year,Fiber optic,No,Mailed check,Continue regular engagement,94.35
2848-YXSMW,0.0074440837,0,Low Risk,72,Two year,No,No internet service,Credit card (automatic),Continue regular engagement,19.4
0486-HECZI,0.34837323,0,Low Risk,55,Month-to-month,Fiber optic,No,Electronic check,Continue regular engagement,96.75
4549-ZDQYY,0.044198863,0,Low Risk,52,One year,DSL,Yes,Credit card (automatic),Continue regular engagement,57.95
5712-AHQNN,0.31164658,0,Low Risk,43,Month-to-month,Fiber optic,No,Electronic check,Continue regular engagement,91.65
4846-WHAFZ,0.5626914,1,Medium Risk,37,Month-to-month,Fiber optic,No,Electronic check,Offer contract upgrade incentive,76.5
5256-SKJGO,0.054341547,0,Low Risk,64,Two year,DSL,Yes,Electronic check,Continue regular engagement,54.6
3071-VBYPO,0.3053198,0,Low Risk,3,Month-to-month,Fiber optic,No,Electronic check,Continue regular engagement,89.85
9560-BBZXK,0.030194104,0,Low Risk,36,Two year,DSL,No,Bank transfer (automatic),Continue regular engagement,31.05
5299-RULOA,0.8682604,1,High Risk,10,Month-to-month,Fiber optic,No,Electronic check,Offer annual contract discount + proactive support,100.25
8402-OOOHJ,0.00974159,0,Low Risk,41,Two year,No,No internet service,Mailed check,Continue regular engagement,20.65
9445-ZUEQE,0.28848606,0,Low Risk,27,Month-to-month,Fiber optic,Yes,Credit card (automatic),Continue regular engagement,85.2
1091-SOZGA,0.23098756,0,Low Risk,56,One year,Fiber optic,No,Credit card (automatic),Continue regular engagement,99.8
2928-HLDBA,0.079063006,0,Low Risk,6,Month-to-month,No,No internet service,Mailed check,Continue regular engagement,20.7
0404-SWRVG,0.72042334,1,High Risk,3,Month-to-month,Fiber optic,No,Electronic check,Offer annual contract discount + proactive support,74.4
6497-TILVL,0.14187974,0,Low Risk,7,Month-to-month,DSL,No,Mailed check,Continue regular engagement,50.7
7219-TLZHO,0.097024634,0,Low Risk,4,Month-to-month,No,No internet service,Mailed check,Continue regular engagement,20.85
4622-YNKIJ,0.04552464,0,Low Risk,33,Two year,Fiber optic,Yes,Electronic check,Continue regular engagement,88.95
4412-YLTKF,0.5563011,1,Medium Risk,27,Month-to-month,Fiber optic,No,Electronic check,Offer contract upgrade incentive,78.05
6734-PSBAW,0.0075807343,0,Low Risk,72,Two year,No,No internet service,Bank transfer (automatic),Continue regular engagement,23.55
3930-ZGWVE,0.38229802,1,Medium Risk,1,Month-to-month,No,No internet service,Mailed check,Offer contract upgrade incentive,19.75
2639-UGMAZ,0.08463136,0,Low Risk,71,One year,DSL,No,Electronic check,Continue regular engagement,56.45
2876-GZYZC,0.6763308,1,Medium Risk,13,Month-to-month,Fiber optic,No,Electronic check,Offer contract upgrade incentive,85.95
6207-WIOLX,0.20544672,0,Low Risk,25,Month-to-month,DSL,No,Credit card (automatic),Continue regular engagement,58.6
8587-XYZSF,0.019472538,0,Low Risk,67,Two year,DSL,Yes,Bank transfer (automatic),Continue regular engagement,50.55
3091-FYHKI,0.8027966,1,High Risk,1,Month-to-month,DSL,No,Electronic check,Offer annual contract discount + proactive support,35.45
2372-HWUHI,0.50764376,1,Medium Risk,2,Month-to-month,DSL,No,Electronic check,Offer contract upgrade incentive,44.35
7799-LGRDP,0.034385134,0,Low Risk,43,Two year,No,No internet service,Credit card (automatic),Continue regular engagement,25.7
7850-VWJUU,0.20945774,0,Low Risk,23,Month-to-month,Fiber optic,No,Bank transfer (automatic),Continue regular engagement,75.0
3774-VBNXY,0.01123863,0,Low Risk,64,Two year,No,No internet service,Mailed check,Continue regular engagement,20.2
6217-KDYWC,0.018421113,0,Low Risk,57,Two year,No,No internet service,Mailed check,Continue regular engagement,19.6
0390-DCFDQ,0.7893697,1,High Risk,1,Month-to-month,Fiber optic,No,Mailed check,Offer annual contract discount + proactive support,70.45
3146-MSEGF,0.0075664986,0,Low Risk,72,Two year,DSL,Yes,Credit card (automatic),Continue regular engagement,88.05
4080-OGPJL,0.22855574,0,Low Risk,8,Month-to-month,DSL,Yes,Electronic check,Continue regular engagement,71.15
1095-WGNGG,0.03971615,0,Low Risk,61,Two year,Fiber optic,No,Bank transfer (automatic),Continue regular engagement,101.05
2636-SJDOU,0.067033306,0,Low Risk,64,One year,Fiber optic,No,Credit card (automatic),Continue regular engagement,84.3
1131-QQZEB,0.009779544,0,Low Risk,71,Two year,No,No internet service,Bank transfer (automatic),Continue regular engagement,23.95
5716-EZXZN,0.023663944,0,Low Risk,65,Two year,Fiber optic,Yes,Credit card (automatic),Continue regular engagement,99.05
6837-BJYDQ,0.04067424,0,Low Risk,3,One year,No,No internet service,Mailed check,Continue regular engagement,19.6
2135-RXIHG,0.722731,1,High Risk,1,Month-to-month,DSL,No,Electronic check,Offer annual contract discount + proactive support,45.65
6440-DKQGE,0.044114534,0,Low Risk,30,One year,DSL,No,Credit card (automatic),Continue regular engagement,64.5
3466-BYAVD,0.17778547,0,Low Risk,15,Month-to-month,DSL,Yes,Mailed check,Continue regular engagement,69.5
3780-YVMFA,0.31687033,0,Low Risk,8,Month-to-month,DSL,Yes,Electronic check,Continue regular engagement,68.55
3874-EQOEP,0.7590917,1,High Risk,7,Month-to-month,Fiber optic,No,Mailed check,Offer annual contract discount + proactive support,95.0
1679-JRFBR,0.117627,0,Low Risk,70,One year,Fiber optic,No,Credit card (automatic),Continue regular engagement,108.15
9073-ZZIAY,0.018927513,0,Low Risk,62,Two year,DSL,Yes,Electronic check,Continue regular engagement,86.1
3077-RSNTJ,0.09682809,0,Low Risk,6,Month-to-month,No,No internet service,Mailed check,Continue regular engagement,19.7
6551-GNYDG,0.44996497,1,Medium Risk,14,Month-to-month,Fiber optic,No,Bank transfer (automatic),Offer contract upgrade incentive,80.9
9167-APMXZ,0.44217443,1,Medium Risk,22,Month-to-month,Fiber optic,No,Bank transfer (automatic),Offer contract upgrade incentive,84.15
2749-CTKAJ,0.033027954,0,Low Risk,22,One year,No,No internet service,Mailed check,Continue regular engagement,20.15
6371-NZYEG,0.02488665,0,Low Risk,16,Two year,DSL,No,Mailed check,Continue regular engagement,64.25
7554-NEWDD,0.01893545,0,Low Risk,10,Two year,No,No internet service,Bank transfer (automatic),Continue regular engagement,25.7
8992-VONJD,0.22249411,0,Low Risk,13,Month-to-month,DSL,No,Electronic check,Continue regular engagement,56.0
0867-MKZVY,0.3167038,0,Low Risk,20,Month-to-month,Fiber optic,No,Electronic check,Continue regular engagement,82.4
4482-EWFMI,0.6624659,1,Medium Risk,2,Month-to-month,Fiber optic,No,Electronic check,Offer contract upgrade incentive,69.7
4648-YPBTM,0.016085576,0,Low Risk,53,Two year,DSL,Yes,Bank transfer (automatic),Continue regular engagement,73.9
2907-ILJBN,0.027456854,0,Low Risk,11,One year,No,No internet service,Mailed check,Continue regular engagement,20.6
6345-FZOQH,0.009233073,0,Low Risk,69,Two year,No,No internet service,Mailed check,Continue regular engagement,19.9
3376-BMGFE,0.5790082,1,Medium Risk,4,Month-to-month,Fiber optic,No,Bank transfer (automatic),Offer contract upgrade incentive,70.9
5997-OPVFA,0.003983271,0,Low Risk,72,Two year,DSL,Yes,Bank transfer (automatic),Continue regular engagement,89.05
3445-HXXGF,0.51076585,1,Medium Risk,58,Month-to-month,DSL,No,Electronic check,Offer contract upgrade incentive,45.3
1159-WFSGR,0.11215523,0,Low Risk,16,Month-to-month,No,No internet service,Electronic check,Continue regular engagement,20.4
7654-YWJUF,0.07879468,0,Low Risk,43,One year,Fiber optic,Yes,Bank transfer (automatic),Continue regular engagement,84.25
1875-QIVME,0.7639982,1,High Risk,2,Month-to-month,Fiber optic,Yes,Electronic check,Offer annual contract discount + proactive support,104.4
6727-IOTLZ,0.030623166,0,Low Risk,14,Two year,DSL,Yes,Mailed check,Continue regular engagement,81.95
0691-JVSYA,0.18697736,0,Low Risk,53,One year,Fiber optic,No,Bank transfer (automatic),Continue regular engagement,94.85
5918-VUKWP,0.019852282,0,Low Risk,32,One year,No,No internet service,Bank transfer (automatic),Continue regular engagement,20.55
1744-JHKYS,0.07400491,0,Low Risk,34,Month-to-month,No,No internet service,Electronic check,Continue regular engagement,24.7
2656-FMOKZ,0.5433114,1,Medium Risk,15,Month-to-month,Fiber optic,No,Mailed check,Offer contract upgrade incentive,74.45
2070-FNEXE,0.3608744,1,Medium Risk,7,Month-to-month,Fiber optic,No,Bank transfer (automatic),Offer contract upgrade incentive,76.45
5947-SGKCL,0.5263662,1,Medium Risk,15,Month-to-month,Fiber optic,No,Bank transfer (automatic),Offer contract upgrade incentive,105.35
3712-PKXZA,0.018920798,0,Low Risk,61,One year,No,No internet service,Credit card (automatic),Continue regular engagement,20.55
6317-YPKDH,0.46411297,1,Medium Risk,1,Month-to-month,DSL,No,Bank transfer (automatic),Offer contract upgrade incentive,29.95
6582-OIVSP,0.5317605,1,Medium Risk,1,Month-to-month,DSL,No,Mailed check,Offer contract upgrade incentive,45.3
9367-WXLCH,0.6733729,1,Medium Risk,8,Month-to-month,Fiber optic,No,Bank transfer (automatic),Offer contract upgrade incentive,84.5
5524-KHNJP,0.0987652,0,Low Risk,33,One year,DSL,No,Credit card (automatic),Continue regular engagement,74.75
1918-ZBFQJ,0.61672866,1,Medium Risk,13,Month-to-month,Fiber optic,No,Electronic check,Offer contract upgrade incentive,79.25
1024-GUALD,0.716892,1,High Risk,1,Month-to-month,DSL,No,Electronic check,Offer annual contract discount + proactive support,24.8
4827-USJHP,0.20083041,0,Low Risk,20,Month-to-month,DSL,No,Mailed check,Continue regular engagement,51.8
8167-GJLRN,0.4120584,1,Medium Risk,3,Month-to-month,DSL,Yes,Electronic check,Offer contract upgrade incentive,30.4
0956-SYCWG,0.057746686,0,Low Risk,13,One year,No,No internet service,Electronic check,Continue regular engagement,19.65
8017-UVSZU,0.17871295,0,Low Risk,40,Month-to-month,DSL,No,Credit card (automatic),Continue regular engagement,56.6
7100-FQPRV,0.09776845,0,Low Risk,43,One year,DSL,Yes,Credit card (automatic),Continue regular engagement,71.9
2472-OVKUP,0.7153477,1,High Risk,6,Month-to-month,Fiber optic,No,Electronic check,Offer annual contract discount + proactive support,91.0
2984-RGEYA,0.012515834,0,Low Risk,69,Two year,No,No internet service,Bank transfer (automatic),Continue regular engagement,19.75
9680-NIAUV,0.0118449135,0,Low Risk,72,Two year,Fiber optic,No,Credit card (automatic),Continue regular engagement,109.7
2146-EGVDT,0.013428065,0,Low Risk,59,Two year,No,No internet service,Credit card (automatic),Continue regular engagement,19.3
2604-IJPDU,0.54070187,1,Medium Risk,20,Month-to-month,Fiber optic,Yes,Electronic check,Offer contract upgrade incentive,96.55
9178-JHUVJ,0.013017046,0,Low Risk,24,Two year,No,No internet service,Bank transfer (automatic),Continue regular engagement,24.1
6168-YBYNP,0.32417867,0,Low Risk,59,Month-to-month,Fiber optic,Yes,Electronic check,Continue regular engagement,111.35
7255-SSFBC,0.025595628,0,Low Risk,72,Two year,Fiber optic,Yes,Bank transfer (automatic),Continue regular engagement,112.25
3645-DEYGF,0.3015229,0,Low Risk,1,Month-to-month,No,No internet service,Mailed check,Continue regular engagement,20.75
9323-HGFWY,0.21222691,0,Low Risk,27,One year,Fiber optic,Yes,Credit card (automatic),Continue regular engagement,101.9
8544-GOQSH,0.3776906,1,Medium Risk,14,Month-to-month,Fiber optic,Yes,Credit card (automatic),Offer contract upgrade incentive,80.05
3363-DTIVD,0.070341855,0,Low Risk,71,Two year,Fiber optic,No,Electronic check,Continue regular engagement,105.55
7018-WBJNK,0.45808017,1,Medium Risk,13,Month-to-month,Fiber optic,No,Credit card (automatic),Offer contract upgrade incentive,78.3
9142-KZXOP,0.20542286,0,Low Risk,44,Month-to-month,Fiber optic,No,Credit card (automatic),Continue regular engagement,68.85
7674-YTAFD,0.114769585,0,Low Risk,33,One year,Fiber optic,Yes,Bank transfer (automatic),Continue regular engagement,79.95
6348-SNFUS,0.0039211973,0,Low Risk,72,Two year,DSL,Yes,Credit card (automatic),Continue regular engagement,55.45
1285-OKIPP,0.8334742,1,High Risk,1,Month-to-month,Fiber optic,No,Electronic check,Offer annual contract discount + proactive support,79.9
7825-ECJRF,0.6615617,1,Medium Risk,19,Month-to-month,Fiber optic,Yes,Electronic check,Offer contract upgrade incentive,106.6
1347-KTTTA,0.15168846,0,Low Risk,64,One year,Fiber optic,Yes,Credit card (automatic),Continue regular engagement,102.45
7841-TZDMQ,0.51236063,1,Medium Risk,2,Month-to-month,DSL,No,Credit card (automatic),Offer contract upgrade incentive,46.0
4195-NZGTA,0.58120173,1,Medium Risk,1,Month-to-month,DSL,No,Electronic check,Offer contract upgrade incentive,25.25
7157-SMCFK,0.017178608,0,Low Risk,61,Two year,No,No internet service,Mailed check,Continue regular engagement,19.75
4709-LKHYG,0.024798524,0,Low Risk,29,One year,No,No internet service,Electronic check,Continue regular engagement,20.0
2504-DSHIH,0.46824065,1,Medium Risk,23,Month-to-month,Fiber optic,No,Electronic check,Offer contract upgrade incentive,86.8
0699-NDKJM,0.1408637,0,Low Risk,57,Month-to-month,DSL,No,Bank transfer (automatic),Continue regular engagement,58.75
9286-BHDQG,0.0062029175,0,Low Risk,72,Two year,DSL,Yes,Credit card (automatic),Continue regular engagement,45.25
0230-WEQUW,0.013288803,0,Low Risk,66,Two year,DSL,Yes,Bank transfer (automatic),Continue regular engagement,56.6
2040-LDIWQ,0.032139152,0,Low Risk,65,Two year,DSL,Yes,Bank transfer (automatic),Continue regular engagement,84.2
6496-JDSSB,0.58931583,1,Medium Risk,8,Month-to-month,Fiber optic,No,Bank transfer (automatic),Offer contract upgrade incentive,80.0
9408-SSNVZ,0.59776616,1,Medium Risk,4,Month-to-month,Fiber optic,No,Electronic check,Offer contract upgrade incentive,70.15
4443-EMBNA,0.007278455,0,Low Risk,71,Two year,No,No internet service,Bank transfer (automatic),Continue regular engagement,24.75
6469-MRVET,0.22132783,0,Low Risk,1,One year,No,No internet service,Electronic check,Continue regular engagement,20.2
0742-MOABM,0.26269922,0,Low Risk,4,Month-to-month,DSL,Yes,Mailed check,Continue regular engagement,50.05
5961-VUSRV,0.04182665,0,Low Risk,12,One year,No,No internet service,Bank transfer (automatic),Continue regular engagement,19.35
6778-JFCMK,0.12267945,0,Low Risk,24,One year,DSL,No,Mailed check,Continue regular engagement,50.6
6341-JVQGF,0.0912718,0,Low Risk,31,One year,DSL,Yes,Mailed check,Continue regular engagement,81.15
2232-DMLXU,0.58796114,1,Medium Risk,1,Month-to-month,DSL,No,Mailed check,Offer contract upgrade incentive,55.2
4811-JBUVU,0.30192265,0,Low Risk,30,Month-to-month,Fiber optic,Yes,Credit card (automatic),Continue regular engagement,89.9
0945-TSONX,0.017167801,0,Low Risk,47,Two year,DSL,Yes,Credit card (automatic),Continue regular engagement,85.3
2651-ZCBXV,0.25373128,0,Low Risk,54,Two year,Fiber optic,Yes,Credit card (automatic),Continue regular engagement,108.0
3316-UWXUY,0.16069728,0,Low Risk,50,Month-to-month,Fiber optic,Yes,Credit card (automatic),Continue regular engagement,93.5
8937-RDTHP,0.7019222,1,High Risk,1,Month-to-month,Fiber optic,No,Mailed check,Offer annual contract discount + proactive support,84.6
7083-MIOPC,0.0051755277,0,Low Risk,72,Two year,No,No internet service,Credit card (automatic),Continue regular engagement,20.25
1984-GPTEH,0.09511285,0,Low Risk,29,Month-to-month,No,No internet service,Electronic check,Continue regular engagement,25.15
1251-KRREG,0.49298817,1,Medium Risk,2,Month-to-month,DSL,No,Mailed check,Offer contract upgrade incentive,54.4
0621-JFHOL,0.05100393,0,Low Risk,10,Two year,DSL,Yes,Mailed check,Continue regular engagement,29.6
9903-LYSAB,0.50003934,1,Medium Risk,18,Month-to-month,Fiber optic,No,Electronic check,Offer contract upgrade incentive,73.15
0094-OIFMO,0.7931696,1,High Risk,11,Month-to-month,Fiber optic,No,Electronic check,Offer annual contract discount + proactive support,95.0
9227-UAQFT,0.017422719,0,Low Risk,16,Two year,No,No internet service,Mailed check,Continue regular engagement,19.75
7301-ABVAD,0.00572131,0,Low Risk,72,Two year,DSL,Yes,Bank transfer (automatic),Continue regular engagement,86.6
6614-FHDBO,0.028935337,0,Low Risk,72,Two year,Fiber optic,Yes,Bank transfer (automatic),Continue regular engagement,109.2
7576-ASEJU,0.12811874,0,Low Risk,41,One year,DSL,Yes,Credit card (automatic),Continue regular engagement,74.7
9058-HRZSV,0.14623521,0,Low Risk,65,Month-to-month,Fiber optic,No,Electronic check,Continue regular engagement,94.4
4522-AKYLR,0.32055932,0,Low Risk,13,Month-to-month,DSL,No,Electronic check,Continue regular engagement,54.8
0221-WMXNQ,0.341395,0,Low Risk,4,Month-to-month,Fiber optic,No,Electronic check,Continue regular engagement,75.35
0303-UNCIP,0.099350914,0,Low Risk,41,One year,DSL,No,Mailed check,Continue regular engagement,65.0
9947-OTFQU,0.57611847,1,Medium Risk,15,Month-to-month,Fiber optic,No,Electronic check,Offer contract upgrade incentive,74.4
0322-YINQP,0.5159049,1,Medium Risk,1,Month-to-month,DSL,No,Mailed check,Offer contract upgrade incentive,48.55
0959-WHOKV,0.26886442,0,Low Risk,42,One year,Fiber optic,No,Electronic check,Continue regular engagement,99.0
4075-JFPGR,0.106149614,0,Low Risk,51,One year,Fiber optic,No,Electronic check,Continue regular engagement,93.5
4629-NRXKX,0.572097,1,Medium Risk,2,Month-to-month,Fiber optic,No,Electronic check,Offer contract upgrade incentive,70.4
9514-JDSKI,0.76650876,1,High Risk,1,Month-to-month,DSL,No,Electronic check,Offer annual contract discount + proactive support,40.2
3282-ZISZV,0.12240985,0,Low Risk,32,One year,DSL,Yes,Credit card (automatic),Continue regular engagement,83.7
3675-YDUPJ,0.12910897,0,Low Risk,10,Month-to-month,No,No internet service,Mailed check,Continue regular engagement,19.85
4111-BNXIF,0.05201863,0,Low Risk,67,Two year,DSL,Yes,Electronic check,Continue regular engagement,59.55
7017-VFHAY,0.041512586,0,Low Risk,61,Two year,Fiber optic,Yes,Credit card (automatic),Continue regular engagement,115.1
6655-LHBYW,0.23445876,0,Low Risk,50,One year,Fiber optic,Yes,Credit card (automatic),Continue regular engagement,114.35
4959-JOSRX,0.48155373,1,Medium Risk,2,Month-to-month,DSL,No,Credit card (automatic),Offer contract upgrade incentive,44.6
5046-NUHWD,0.26676345,0,Low Risk,29,Month-to-month,DSL,No,Electronic check,Continue regular engagement,45.0
7273-TEFQD,0.7211186,1,High Risk,3,Month-to-month,DSL,No,Electronic check,Offer annual contract discount + proactive support,41.15
3606-TWKGI,0.6964776,1,Medium Risk,13,Month-to-month,Fiber optic,No,Electronic check,Offer contract upgrade incentive,106.9
7529-ZDFXI,0.37486872,1,Medium Risk,57,Month-to-month,Fiber optic,No,Electronic check,Offer contract upgrade incentive,89.85
7605-BDWDC,0.015951306,0,Low Risk,31,Two year,DSL,Yes,Bank transfer (automatic),Continue regular engagement,49.85
1950-KSVVJ,0.12837833,0,Low Risk,45,One year,Fiber optic,Yes,Mailed check,Continue regular engagement,113.3
0123-CRBRT,0.00949653,0,Low Risk,61,Two year,DSL,Yes,Mailed check,Continue regular engagement,88.1
6292-TOSSS,0.024822855,0,Low Risk,50,Two year,No,No internet service,Bank transfer (automatic),Continue regular engagement,24.9
3197-ARFOY,0.57935774,1,Medium Risk,19,Month-to-month,Fiber optic,Yes,Mailed check,Offer contract upgrade incentive,105.0
6323-AYBRX,0.03270451,0,Low Risk,59,Two year,No,No internet service,Mailed check,Continue regular engagement,19.35
7014-ZZXAW,0.00762222,0,Low Risk,71,Two year,No,No internet service,Credit card (automatic),Continue regular engagement,24.25
4385-GZQXV,0.61016136,1,Medium Risk,16,Month-to-month,Fiber optic,Yes,Electronic check,Offer contract upgrade incentive,94.45
7633-MVPUY,0.020537848,0,Low Risk,57,Two year,DSL,Yes,Electronic check,Continue regular engagement,59.75
6366-ZGQGL,0.5136438,1,Medium Risk,1,Month-to-month,DSL,No,Bank transfer (automatic),Offer contract upgrade incentive,24.8
4716-HHKQH,0.47739846,1,Medium Risk,20,Month-to-month,Fiber optic,Yes,Electronic check,Offer contract upgrade incentive,107.05
5940-AHUHD,0.6941385,1,Medium Risk,1,Month-to-month,Fiber optic,No,Mailed check,Offer contract upgrade incentive,70.6
6432-TWQLB,0.7377972,1,High Risk,5,Month-to-month,Fiber optic,Yes,Electronic check,Offer annual contract discount + proactive support,85.4
4484-GLZOU,0.56786484,1,Medium Risk,52,Month-to-month,Fiber optic,No,Electronic check,Offer contract upgrade incentive,105.05
3179-GBRWV,0.15852927,0,Low Risk,21,Month-to-month,DSL,No,Bank transfer (automatic),Continue regular engagement,64.95
8645-KWHJO,0.40124393,1,Medium Risk,14,Month-to-month,DSL,Yes,Electronic check,Offer contract upgrade incentive,55.0
4130-MZLCC,0.25363126,0,Low Risk,5,Month-to-month,DSL,No,Bank transfer (automatic),Continue regular engagement,50.55
0314-TKOSI,0.13811426,0,Low Risk,6,Month-to-month,DSL,No,Mailed check,Continue regular engagement,55.15
8229-MYEJZ,0.21737054,0,Low Risk,10,Month-to-month,DSL,No,Electronic check,Continue regular engagement,51.2
2080-SRCDE,0.20806079,0,Low Risk,1,Month-to-month,No,No internet service,Mailed check,Continue regular engagement,25.4
9577-WJVCQ,0.04356564,0,Low Risk,68,Month-to-month,DSL,No,Mailed check,Continue regular engagement,54.45
9512-UIBFX,0.33117628,0,Low Risk,18,Month-to-month,Fiber optic,No,Mailed check,Continue regular engagement,95.15
6202-DYYFX,0.16444984,0,Low Risk,22,One year,Fiber optic,No,Credit card (automatic),Continue regular engagement,76.0
3808-HFKDE,0.3728013,1,Medium Risk,20,Month-to-month,DSL,No,Electronic check,Offer contract upgrade incentive,44.35
5583-SXDAG,0.75552475,1,High Risk,1,Month-to-month,Fiber optic,No,Electronic check,Offer annual contract discount + proactive support,70.0
3488-PGMQJ,0.57123035,1,Medium Risk,8,Month-to-month,Fiber optic,No,Electronic check,Offer contract upgrade incentive,74.5
3580-REOAC,0.26497704,0,Low Risk,10,Month-to-month,DSL,No,Credit card (automatic),Continue regular engagement,44.85
7534-BFESC,0.46868056,1,Medium Risk,24,Month-to-month,Fiber optic,No,Electronic check,Offer contract upgrade incentive,76.1
3727-OWVYD,0.03200911,0,Low Risk,35,One year,DSL,No,Mailed check,Continue regular engagement,61.2
2294-SALNE,0.06683033,0,Low Risk,23,One year,Fiber optic,Yes,Mailed check,Continue regular engagement,86.8
4847-TAJYI,0.8097859,1,High Risk,6,Month-to-month,Fiber optic,No,Electronic check,Offer annual contract discount + proactive support,89.35
1563-IWQEX,0.054058306,0,Low Risk,12,Month-to-month,No,No internet service,Mailed check,Continue regular engagement,19.7
8203-XJZRC,0.25584143,0,Low Risk,1,Month-to-month,No,No internet service,Mailed check,Continue regular engagement,20.25
6556-DBKZF,0.04659681,0,Low Risk,71,Two year,Fiber optic,No,Electronic check,Continue regular engagement,76.05
6851-WEFYX,0.5426286,1,Medium Risk,35,Month-to-month,Fiber optic,No,Electronic check,Offer contract upgrade incentive,100.8
2985-JUUBZ,0.27823323,0,Low Risk,40,Month-to-month,DSL,No,Electronic check,Continue regular engagement,74.55
6390-DSAZX,0.61318207,1,Medium Risk,1,Month-to-month,Fiber optic,No,Mailed check,Offer contract upgrade incentive,73.6
0895-LMRSF,0.107274234,0,Low Risk,23,One year,DSL,No,Bank transfer (automatic),Continue regular engagement,64.9
8098-LLAZX,0.8891839,1,High Risk,4,Month-to-month,Fiber optic,No,Electronic check,Offer annual contract discount + proactive support,95.45
8266-VBFQL,0.7009093,1,High Risk,4,Month-to-month,Fiber optic,Yes,Electronic check,Offer annual contract discount + proactive support,90.4
8181-YHCMF,0.011904596,0,Low Risk,68,Two year,DSL,Yes,Credit card (automatic),Continue regular engagement,60.3
2240-HSJQD,0.33075085,0,Low Risk,38,Month-to-month,Fiber optic,No,Mailed check,Continue regular engagement,81.85
1248-DYXUB,0.009800335,0,Low Risk,52,Two year,No,No internet service,Mailed check,Continue regular engagement,24.8
0265-EDXBD,0.5267706,1,Medium Risk,32,Month-to-month,Fiber optic,No,Electronic check,Offer contract upgrade incentive,74.9
4115-BNPJY,0.012239459,0,Low Risk,29,Two year,DSL,Yes,Mailed check,Continue regular engagement,75.55
3167-SNQPL,0.38585556,1,Medium Risk,38,Month-to-month,Fiber optic,No,Electronic check,Offer contract upgrade incentive,101.15
4091-TVOCN,0.11425944,0,Low Risk,48,One year,DSL,No,Credit card (automatic),Continue regular engagement,78.75
1098-TDVUQ,0.36510438,1,Medium Risk,1,Month-to-month,No,No internet service,Bank transfer (automatic),Offer contract upgrade incentive,19.25
7277-OZCGZ,0.31501532,0,Low Risk,22,Month-to-month,Fiber optic,Yes,Electronic check,Continue regular engagement,89.05
1557-EMYVT,0.13337451,0,Low Risk,43,Two year,Fiber optic,Yes,Credit card (automatic),Continue regular engagement,115.05
2799-ARNLO,0.6263541,1,Medium Risk,5,Month-to-month,Fiber optic,No,Electronic check,Offer contract upgrade incentive,69.35
7563-BIUPC,0.71325934,1,High Risk,5,Month-to-month,Fiber optic,No,Electronic check,Offer annual contract discount + proactive support,80.6
5027-YOCXN,0.14744678,0,Low Risk,51,One year,Fiber optic,Yes,Credit card (automatic),Continue regular engagement,110.05
3973-SKMLN,0.008785452,0,Low Risk,71,Two year,No,No internet service,Credit card (automatic),Continue regular engagement,19.9
2321-OMBXY,0.15178092,0,Low Risk,38,One year,DSL,Yes,Credit card (automatic),Continue regular engagement,80.3
2840-XANRC,0.55474937,1,Medium Risk,24,Month-to-month,Fiber optic,No,Electronic check,Offer contract upgrade incentive,93.15
6745-JEFZB,0.28211284,0,Low Risk,35,Month-to-month,Fiber optic,Yes,Credit card (automatic),Continue regular engagement,91.5
5020-ZSTTY,0.09230255,0,Low Risk,54,One year,DSL,Yes,Bank transfer (automatic),Continue regular engagement,82.45
9880-TDQAC,0.030111874,0,Low Risk,72,Two year,DSL,Yes,Electronic check,Continue regular engagement,60.0
8705-WZCYL,0.6173892,1,Medium Risk,1,Month-to-month,DSL,No,Electronic check,Offer contract upgrade incentive,44.8
7102-JJVTX,0.077515155,0,Low Risk,9,One year,DSL,No,Mailed check,Continue regular engagement,48.6
8626-PTQGE,0.014864605,0,Low Risk,69,Two year,DSL,Yes,Bank transfer (automatic),Continue regular engagement,60.05
4983-CLMLV,0.2683436,0,Low Risk,52,Month-to-month,Fiber optic,Yes,Credit card (automatic),Continue regular engagement,102.7
5701-YVSVF,0.55614024,1,Medium Risk,11,Month-to-month,Fiber optic,Yes,Electronic check,Offer contract upgrade incentive,82.9
5804-LEPIM,0.7026732,1,High Risk,2,Month-to-month,Fiber optic,No,Electronic check,Offer annual contract discount + proactive support,70.35
5697-GOMBF,0.33370352,0,Low Risk,28,Month-to-month,DSL,No,Electronic check,Continue regular engagement,35.9
2739-CACDQ,0.4604367,1,Medium Risk,17,Month-to-month,Fiber optic,No,Credit card (automatic),Offer contract upgrade incentive,82.65
9385-EHGDO,0.012851311,0,Low Risk,35,Two year,No,No internet service,Mailed check,Continue regular engagement,19.85
9498-FIMXL,0.02294861,0,Low Risk,8,One year,No,No internet service,Mailed check,Continue regular engagement,19.2
2379-GYFLQ,0.12935813,0,Low Risk,46,One year,Fiber optic,No,Credit card (automatic),Continue regular engagement,94.9
0122-OAHPZ,0.6952415,1,Medium Risk,7,Month-to-month,Fiber optic,No,Electronic check,Offer contract upgrade incentive,73.85
2868-SNELZ,0.70377713,1,High Risk,2,Month-to-month,Fiber optic,No,Mailed check,Offer annual contract discount + proactive support,80.6
4322-RCYMT,0.16874872,0,Low Risk,68,One year,DSL,Yes,Bank transfer (automatic),Continue regular engagement,75.8
6680-NENYN,0.33999202,0,Low Risk,43,Two year,Fiber optic,No,Electronic check,Continue regular engagement,104.6
2088-IEBAU,0.025070298,0,Low Risk,68,Two year,DSL,Yes,Electronic check,Continue regular engagement,88.15
7982-VCELR,0.27114248,0,Low Risk,36,Month-to-month,Fiber optic,No,Credit card (automatic),Continue regular engagement,94.8
1343-EHPYB,0.470155,1,Medium Risk,63,Month-to-month,Fiber optic,No,Electronic check,Offer contract upgrade incentive,103.4
6035-BXTTY,0.103932425,0,Low Risk,32,Month-to-month,DSL,Yes,Bank transfer (automatic),Continue regular engagement,54.65
6885-PKOAM,0.005918308,0,Low Risk,71,Two year,DSL,Yes,Credit card (automatic),Continue regular engagement,85.75
7520-HQWJU,0.07237435,0,Low Risk,66,Month-to-month,DSL,No,Bank transfer (automatic),Continue regular engagement,67.45
9639-BUJXT,0.015025181,0,Low Risk,63,One year,No,No internet service,Mailed check,Continue regular engagement,20.5
5924-SNGKP,0.021623356,0,Low Risk,41,One year,No,No internet service,Credit card (automatic),Continue regular engagement,20.25
0021-IKXGC,0.8561501,1,High Risk,1,Month-to-month,Fiber optic,No,Electronic check,Offer annual contract discount + proactive support,72.1
2034-GDRCN,0.75625575,1,High Risk,2,Month-to-month,Fiber optic,No,Electronic check,Offer annual contract discount + proactive support,90.4
8966-SNIZF,0.011084662,0,Low Risk,70,Two year,No,No internet service,Bank transfer (automatic),Continue regular engagement,19.45
6243-OZGFH,0.38860446,1,Medium Risk,23,Month-to-month,DSL,No,Electronic check,Offer contract upgrade incentive,44.95
4654-DLAMQ,0.0672759,0,Low Risk,64,One year,Fiber optic,No,Bank transfer (automatic),Continue regular engagement,97.0
0513-RBGPE,0.01822423,0,Low Risk,37,Two year,DSL,Yes,Credit card (automatic),Continue regular engagement,62.8
5160-UXJED,0.069338135,0,Low Risk,17,One year,DSL,No,Mailed check,Continue regular engagement,44.6
4115-NZRKS,0.67100745,1,Medium Risk,7,Month-to-month,Fiber optic,No,Electronic check,Offer contract upgrade incentive,89.15
0219-YTZUE,0.83300906,1,High Risk,4,Month-to-month,Fiber optic,No,Bank transfer (automatic),Offer annual contract discount + proactive support,84.8
0623-IIHUG,0.4907398,1,Medium Risk,21,Month-to-month,DSL,No,Electronic check,Offer contract upgrade incentive,41.9
4572-DVCGN,0.6159272,1,Medium Risk,10,Month-to-month,Fiber optic,No,Bank transfer (automatic),Offer contract upgrade incentive,80.25
3351-NGXYI,0.38589242,1,Medium Risk,16,Month-to-month,DSL,No,Electronic check,Offer contract upgrade incentive,54.1
8984-EYLLL,0.16092764,0,Low Risk,64,Two year,Fiber optic,Yes,Electronic check,Continue regular engagement,105.25
9057-MSWCO,0.23835714,0,Low Risk,27,Month-to-month,DSL,No,Credit card (automatic),Continue regular engagement,30.75
9833-TGFHX,0.17671965,0,Low Risk,42,One year,Fiber optic,No,Electronic check,Continue regular engagement,97.1
9294-TDIPC,0.062107276,0,Low Risk,5,Month-to-month,No,No internet service,Mailed check,Continue regular engagement,20.2
5229-DTFYB,0.035242267,0,Low Risk,41,Two year,Fiber optic,Yes,Bank transfer (automatic),Continue regular engagement,98.8
0104-PPXDV,0.045227688,0,Low Risk,58,One year,DSL,No,Credit card (automatic),Continue regular engagement,50.3
5176-LMJXE,0.010802508,0,Low Risk,47,Two year,No,No internet service,Mailed check,Continue regular engagement,20.55
3583-KRKMD,0.24034347,0,Low Risk,18,Month-to-month,Fiber optic,Yes,Bank transfer (automatic),Continue regular engagement,75.9
1010-DIAUQ,0.6659249,1,Medium Risk,5,Month-to-month,Fiber optic,No,Bank transfer (automatic),Offer contract upgrade incentive,96.5
9069-LGEUL,0.11637378,0,Low Risk,23,Month-to-month,DSL,No,Bank transfer (automatic),Continue regular engagement,59.95
7302-ZHMHP,0.20351753,0,Low Risk,1,Month-to-month,No,No internet service,Mailed check,Continue regular engagement,19.15
9571-EDEBV,0.11052732,0,Low Risk,71,One year,Fiber optic,No,Credit card (automatic),Continue regular engagement,98.65
3520-FJGCV,0.015558065,0,Low Risk,72,Two year,Fiber optic,Yes,Credit card (automatic),Continue regular engagement,112.6
6563-VRERX,0.016938161,0,Low Risk,33,One year,No,No internet service,Mailed check,Continue regular engagement,20.6
0259-GBZSH,0.84654933,1,High Risk,2,Month-to-month,Fiber optic,No,Electronic check,Offer annual contract discount + proactive support,85.65
6122-EFVKN,0.01648332,0,Low Risk,24,Two year,DSL,Yes,Mailed check,Continue regular engagement,35.75
2805-EDJPQ,0.09960298,0,Low Risk,56,One year,Fiber optic,Yes,Credit card (automatic),Continue regular engagement,99.75
6862-CQUMB,0.32007656,0,Low Risk,37,Month-to-month,Fiber optic,No,Credit card (automatic),Continue regular engagement,96.1
7156-MXBJE,0.11536,0,Low Risk,43,One year,DSL,Yes,Credit card (automatic),Continue regular engagement,85.1
6158-HDPXZ,0.5115697,1,Medium Risk,1,Month-to-month,DSL,No,Mailed check,Offer contract upgrade incentive,25.35
9601-BRXPO,0.5737654,1,Medium Risk,25,Month-to-month,Fiber optic,Yes,Bank transfer (automatic),Offer contract upgrade incentive,104.95
2863-IMQDR,0.019202864,0,Low Risk,61,Two year,DSL,Yes,Electronic check,Continue regular engagement,89.65
5686-CMAWK,0.19099164,0,Low Risk,17,One year,Fiber optic,Yes,Electronic check,Continue regular engagement,86.75
5651-CRHKQ,0.08091646,0,Low Risk,41,One year,Fiber optic,Yes,Bank transfer (automatic),Continue regular engagement,86.2
6905-NIQIN,0.4762477,1,Medium Risk,1,Month-to-month,DSL,No,Mailed check,Offer contract upgrade incentive,50.65
8204-YJCLA,0.0074644154,0,Low Risk,72,Two year,DSL,Yes,Bank transfer (automatic),Continue regular engagement,64.8
5167-ZFFMM,0.8976656,1,High Risk,1,Month-to-month,Fiber optic,No,Credit card (automatic),Offer annual contract discount + proactive support,90.85
6583-SZVGP,0.30039015,0,Low Risk,48,Two year,Fiber optic,No,Bank transfer (automatic),Continue regular engagement,108.1
4895-TMWIR,0.19817455,0,Low Risk,11,Month-to-month,No,No internet service,Mailed check,Continue regular engagement,19.95
0533-BNWKF,0.43530634,1,Medium Risk,55,Month-to-month,Fiber optic,No,Electronic check,Offer contract upgrade incentive,85.45
1708-PBBOA,0.13779789,0,Low Risk,42,One year,DSL,Yes,Electronic check,Continue regular engagement,54.75
8782-LKFPK,0.2927656,0,Low Risk,44,Month-to-month,Fiber optic,No,Mailed check,Continue regular engagement,90.4
5522-JBWMO,0.51032364,1,Medium Risk,1,Month-to-month,DSL,No,Electronic check,Offer contract upgrade incentive,44.0
3597-MVHJT,0.5019657,1,Medium Risk,27,Month-to-month,Fiber optic,No,Bank transfer (automatic),Offer contract upgrade incentive,95.6
9774-NRNAU,0.18425083,0,Low Risk,27,Month-to-month,DSL,Yes,Bank transfer (automatic),Continue regular engagement,84.8
0224-RLWWD,0.58762,1,Medium Risk,2,Month-to-month,DSL,No,Electronic check,Offer contract upgrade incentive,44.3
9967-ATRFS,0.09081279,0,Low Risk,19,Month-to-month,No,No internet service,Mailed check,Continue regular engagement,19.9
3951-NJCVI,0.528411,1,Medium Risk,42,Month-to-month,Fiber optic,No,Electronic check,Offer contract upgrade incentive,95.05
2977-CEBSX,0.016497418,0,Low Risk,66,Two year,DSL,Yes,Credit card (automatic),Continue regular engagement,90.05
0177-PXBAT,0.24190317,0,Low Risk,33,Month-to-month,Fiber optic,Yes,Bank transfer (automatic),Continue regular engagement,109.9
6599-CEBNN,0.3625289,1,Medium Risk,34,Month-to-month,Fiber optic,No,Credit card (automatic),Offer contract upgrade incentive,73.95
2519-ERQOJ,0.1902727,0,Low Risk,33,Month-to-month,DSL,Yes,Electronic check,Continue regular engagement,54.6
5876-QMYLD,0.018089944,0,Low Risk,23,One year,No,No internet service,Mailed check,Continue regular engagement,20.05
2277-AXSDC,0.035580866,0,Low Risk,32,One year,No,No internet service,Bank transfer (automatic),Continue regular engagement,19.75
9442-JTWDL,0.03513042,0,Low Risk,11,One year,No,No internet service,Credit card (automatic),Continue regular engagement,20.05
0979-PHULV,0.55609274,1,Medium Risk,69,Month-to-month,Fiber optic,No,Credit card (automatic),Offer contract upgrade incentive,99.45
3067-SVMTC,0.019914042,0,Low Risk,68,One year,DSL,Yes,Bank transfer (automatic),Continue regular engagement,55.9
5495-GPSRW,0.01685768,0,Low Risk,20,Two year,No,No internet service,Mailed check,Continue regular engagement,19.7
7606-BPHHN,0.0063286764,0,Low Risk,72,Two year,No,No internet service,Credit card (automatic),Continue regular engagement,19.8
4742-DRORA,0.08360439,0,Low Risk,60,One year,Fiber optic,No,Bank transfer (automatic),Continue regular engagement,95.4
0111-KLBQG,0.38648492,1,Medium Risk,32,Month-to-month,Fiber optic,No,Mailed check,Offer contract upgrade incentive,93.95
4800-VHZKI,0.5085689,1,Medium Risk,1,Month-to-month,No,No internet service,Mailed check,Offer contract upgrade incentive,19.9
7989-CHGTL,0.45755976,1,Medium Risk,1,Month-to-month,No,No internet service,Mailed check,Offer contract upgrade incentive,19.6
0334-GDDSO,0.7457671,1,High Risk,3,Month-to-month,Fiber optic,No,Electronic check,Offer annual contract discount + proactive support,81.35
4163-NCJAK,0.040023644,0,Low Risk,46,One year,No,No internet service,Bank transfer (automatic),Continue regular engagement,24.45
5233-AOZUF,0.47785866,1,Medium Risk,29,Month-to-month,Fiber optic,No,Electronic check,Offer contract upgrade incentive,74.95
5973-EJGDP,0.26297405,0,Low Risk,51,Month-to-month,Fiber optic,Yes,Electronic check,Continue regular engagement,87.35
1996-DBMUS,0.2589943,0,Low Risk,48,Month-to-month,Fiber optic,No,Bank transfer (automatic),Continue regular engagement,70.65
7916-VCCPB,0.25031984,0,Low Risk,16,Month-to-month,Fiber optic,No,Bank transfer (automatic),Continue regular engagement,73.25
4686-GEFRM,0.03426244,0,Low Risk,70,Two year,Fiber optic,Yes,Bank transfer (automatic),Continue regular engagement,98.7
5249-QYHEX,0.014706992,0,Low Risk,40,Two year,No,No internet service,Mailed check,Continue regular engagement,24.8
0578-SKVMF,0.38878,1,Medium Risk,22,Month-to-month,Fiber optic,No,Electronic check,Offer contract upgrade incentive,83.3
5564-NEMQO,0.8046216,1,High Risk,1,Month-to-month,Fiber optic,No,Bank transfer (automatic),Offer annual contract discount + proactive support,75.3
2233-FAGXV,0.12703705,0,Low Risk,5,Month-to-month,No,No internet service,Mailed check,Continue regular engagement,24.3
5605-IYGFG,0.5274896,1,Medium Risk,7,Month-to-month,Fiber optic,No,Bank transfer (automatic),Offer contract upgrade incentive,69.85
7663-ZTEGJ,0.110126875,0,Low Risk,29,One year,Fiber optic,Yes,Credit card (automatic),Continue regular engagement,100.55
3935-TBRZZ,0.029605564,0,Low Risk,44,One year,No,No internet service,Mailed check,Continue regular engagement,25.7
8111-BKVDS,0.17836182,0,Low Risk,10,Month-to-month,DSL,No,Bank transfer (automatic),Continue regular engagement,40.7
2055-SIFSS,0.1398502,0,Low Risk,55,Month-to-month,DSL,No,Bank transfer (automatic),Continue regular engagement,51.65
2806-MLNTI,0.34466967,0,Low Risk,52,One year,Fiber optic,No,Bank transfer (automatic),Continue regular engagement,105.1
8734-DKSTZ,0.58787704,1,Medium Risk,10,Month-to-month,Fiber optic,No,Electronic check,Offer contract upgrade incentive,85.95
4360-PNRQB,0.34761474,0,Low Risk,18,Month-to-month,Fiber optic,No,Bank transfer (automatic),Continue regular engagement,75.6
6152-ONASV,0.022466715,0,Low Risk,68,One year,DSL,Yes,Bank transfer (automatic),Continue regular engagement,58.25
9063-ZGTUY,0.1777617,0,Low Risk,61,Month-to-month,No,No internet service,Mailed check,Continue regular engagement,19.4
7781-HVGMK,0.005413114,0,Low Risk,72,Two year,DSL,Yes,Credit card (automatic),Continue regular engagement,65.2
2181-UAESM,0.37218934,1,Medium Risk,2,Month-to-month,DSL,No,Electronic check,Offer contract upgrade incentive,53.45
2957-LOLHO,0.2578631,0,Low Risk,12,Month-to-month,DSL,No,Bank transfer (automatic),Continue regular engagement,45.4
6048-NJXHX,0.026185988,0,Low Risk,41,Two year,No,No internet service,Electronic check,Continue regular engagement,19.75
2320-SLKMB,0.2130925,0,Low Risk,26,Month-to-month,DSL,Yes,Credit card (automatic),Continue regular engagement,44.45
4980-URKXC,0.01820296,0,Low Risk,36,One year,No,No internet service,Bank transfer (automatic),Continue regular engagement,20.85
4376-KFVRS,0.017301423,0,Low Risk,72,Two year,Fiber optic,Yes,Credit card (automatic),Continue regular engagement,114.05
5886-VLQVU,0.27617386,0,Low Risk,35,Month-to-month,Fiber optic,Yes,Bank transfer (automatic),Continue regular engagement,89.85
3577-AMVUX,0.37844765,1,Medium Risk,1,Month-to-month,DSL,Yes,Mailed check,Offer contract upgrade incentive,55.05
0771-WLCLA,0.44843385,1,Medium Risk,16,Month-to-month,Fiber optic,Yes,Electronic check,Offer contract upgrade incentive,112.95
5628-RKIFK,0.3781578,1,Medium Risk,49,Month-to-month,Fiber optic,No,Credit card (automatic),Offer contract upgrade incentive,101.55
0206-TBWLC,0.13931602,0,Low Risk,54,One year,Fiber optic,Yes,Mailed check,Continue regular engagement,114.65
2937-FTHUR,0.24237674,0,Low Risk,18,Month-to-month,DSL,No,Electronic check,Continue regular engagement,64.8
1910-FMXJM,0.31517106,0,Low Risk,36,Month-to-month,Fiber optic,No,Electronic check,Continue regular engagement,80.4
7752-XUSCI,0.44697696,1,Medium Risk,60,Month-to-month,Fiber optic,No,Electronic check,Offer contract upgrade incentive,105.9
4110-PFEUZ,0.75132954,1,High Risk,1,Month-to-month,Fiber optic,No,Mailed check,Offer annual contract discount + proactive support,69.55
0732-OCQOC,0.011114484,0,Low Risk,52,Two year,No,No internet service,Bank transfer (automatic),Continue regular engagement,25.05
5168-MSWXT,0.6807443,1,Medium Risk,8,Month-to-month,Fiber optic,No,Electronic check,Offer contract upgrade incentive,94.75
1090-ESELR,0.025357207,0,Low Risk,72,Two year,Fiber optic,Yes,Bank transfer (automatic),Continue regular engagement,105.5
8592-PLTMQ,0.014760341,0,Low Risk,64,One year,No,No internet service,Mailed check,Continue regular engagement,24.7
5760-WRAHC,0.12776922,0,Low Risk,22,Month-to-month,DSL,Yes,Mailed check,Continue regular engagement,69.75
8847-GEOOQ,0.09557158,0,Low Risk,60,Month-to-month,DSL,Yes,Bank transfer (automatic),Continue regular engagement,60.2
0256-LTHVJ,0.40833932,1,Medium Risk,28,Month-to-month,Fiber optic,No,Electronic check,Offer contract upgrade incentive,81.05
4785-FCIFB,0.008956864,0,Low Risk,61,Two year,No,No internet service,Mailed check,Continue regular engagement,24.4
8313-NDOIA,0.697344,1,Medium Risk,24,Month-to-month,Fiber optic,No,Electronic check,Offer contract upgrade incentive,104.15
5149-CUZUJ,0.06473093,0,Low Risk,28,One year,Fiber optic,Yes,Bank transfer (automatic),Continue regular engagement,92.9
0942-KOWSM,0.016313203,0,Low Risk,30,Two year,DSL,Yes,Bank transfer (automatic),Continue regular engagement,80.8
4237-CLSMM,0.13997377,0,Low Risk,2,Month-to-month,No,No internet service,Mailed check,Continue regular engagement,20.0
1452-VOQCH,0.8530667,1,High Risk,1,Month-to-month,Fiber optic,No,Electronic check,Offer annual contract discount + proactive support,75.1
4719-UMSIY,0.049439296,0,Low Risk,6,Month-to-month,No,No internet service,Mailed check,Continue regular engagement,19.65
6614-VBEGU,0.1570767,0,Low Risk,24,Month-to-month,DSL,No,Bank transfer (automatic),Continue regular engagement,69.45
0880-TKATG,0.7354519,1,High Risk,4,Month-to-month,Fiber optic,No,Electronic check,Offer annual contract discount + proactive support,101.15
3811-VBYBZ,0.8924112,1,High Risk,7,Month-to-month,Fiber optic,No,Electronic check,Offer annual contract discount + proactive support,99.8
1480-BKXGA,0.020153506,0,Low Risk,72,Two year,Fiber optic,Yes,Bank transfer (automatic),Continue regular engagement,116.05
2996-XAUVF,0.014171953,0,Low Risk,70,Two year,DSL,Yes,Mailed check,Continue regular engagement,40.05
9076-AXYIK,0.087110735,0,Low Risk,64,Two year,Fiber optic,Yes,Electronic check,Continue regular engagement,102.1
5968-XQIVE,0.08559943,0,Low Risk,72,One year,Fiber optic,No,Electronic check,Continue regular engagement,89.7
8896-RAZCR,0.010274691,0,Low Risk,44,Two year,No,No internet service,Mailed check,Continue regular engagement,19.9
4640-UHDOS,0.23335965,0,Low Risk,13,Month-to-month,DSL,No,Electronic check,Continue regular engagement,55.95
4933-IKULF,0.054895032,0,Low Risk,17,One year,No,No internet service,Mailed check,Continue regular engagement,20.65
3583-EKAPL,0.71597403,1,High Risk,1,Month-to-month,DSL,No,Electronic check,Offer annual contract discount + proactive support,55.0
1304-BCCFO,0.2861074,0,Low Risk,9,Month-to-month,DSL,No,Mailed check,Continue regular engagement,70.05
4104-PVRPS,0.060156614,0,Low Risk,24,Month-to-month,DSL,Yes,Mailed check,Continue regular engagement,53.6
9399-APLBT,0.8036472,1,High Risk,1,Month-to-month,Fiber optic,No,Electronic check,Offer annual contract discount + proactive support,74.7
2359-KMGLI,0.49059308,1,Medium Risk,24,Month-to-month,Fiber optic,No,Electronic check,Offer contract upgrade incentive,80.25
3780-DDGSE,0.20178555,0,Low Risk,35,Month-to-month,DSL,Yes,Electronic check,Continue regular engagement,76.05
4431-EDMIQ,0.25228998,0,Low Risk,7,Month-to-month,DSL,Yes,Electronic check,Continue regular engagement,75.7
0306-JAELE,0.75706387,1,High Risk,5,Month-to-month,Fiber optic,Yes,Electronic check,Offer annual contract discount + proactive support,96.1
6227-HWPWX,0.2508516,0,Low Risk,15,Month-to-month,Fiber optic,No,Bank transfer (automatic),Continue regular engagement,69.0
0486-LGCCH,0.013541776,0,Low Risk,11,Two year,No,No internet service,Mailed check,Continue regular engagement,19.65
0447-BEMNG,0.17851114,0,Low Risk,48,Month-to-month,DSL,No,Bank transfer (automatic),Continue regular engagement,45.3
4612-SSVHJ,0.5126375,1,Medium Risk,20,Month-to-month,Fiber optic,No,Electronic check,Offer contract upgrade incentive,81.45
5168-MQQCA,0.09878465,0,Low Risk,72,One year,Fiber optic,Yes,Bank transfer (automatic),Continue regular engagement,108.5
5949-XIKAE,0.67044824,1,Medium Risk,8,Month-to-month,Fiber optic,No,Electronic check,Offer contract upgrade incentive,83.55
7971-HLVXI,0.023675326,0,Low Risk,72,Two year,Fiber optic,No,Credit card (automatic),Continue regular engagement,84.5
9094-AZPHK,0.78752875,1,High Risk,15,Month-to-month,Fiber optic,No,Electronic check,Offer annual contract discount + proactive support,100.15
3649-JPUGY,0.007460615,0,Low Risk,72,Two year,DSL,Yes,Bank transfer (automatic),Continue regular engagement,88.6
4472-LVYGI,0.070756935,0,Low Risk,0,Two year,DSL,Yes,Bank transfer (automatic),Continue regular engagement,52.55
8372-JUXUI,0.82185435,1,High Risk,1,Month-to-month,Fiber optic,No,Electronic check,Offer annual contract discount + proactive support,74.35
3552-CTCYF,0.07496756,0,Low Risk,63,Two year,Fiber optic,No,Bank transfer (automatic),Continue regular engagement,104.8
6778-YSNIH,0.50767744,1,Medium Risk,2,Month-to-month,DSL,No,Electronic check,Offer contract upgrade incentive,59.0
0388-EOPEX,0.5396548,1,Medium Risk,2,Month-to-month,Fiber optic,No,Electronic check,Offer contract upgrade incentive,74.4
5756-OZRIO,0.064692944,0,Low Risk,61,One year,DSL,No,Bank transfer (automatic),Continue regular engagement,64.05
6579-JPICP,0.23757936,0,Low Risk,1,Month-to-month,No,No internet service,Mailed check,Continue regular engagement,20.4
8205-OTCHB,0.28543717,0,Low Risk,22,One year,DSL,No,Bank transfer (automatic),Continue regular engagement,43.75
4134-BSXLX,0.067640394,0,Low Risk,28,Month-to-month,DSL,Yes,Mailed check,Continue regular engagement,60.9
0505-SPOOW,0.01164921,0,Low Risk,70,Two year,No,No internet service,Bank transfer (automatic),Continue regular engagement,19.8
6235-VDHOM,0.464096,1,Medium Risk,5,Month-to-month,DSL,No,Electronic check,Offer contract upgrade incentive,28.45
7783-YKGDV,0.7174741,1,High Risk,12,Month-to-month,Fiber optic,No,Bank transfer (automatic),Offer annual contract discount + proactive support,99.7
4374-YMUSQ,0.15198523,0,Low Risk,34,One year,Fiber optic,Yes,Credit card (automatic),Continue regular engagement,116.25
4513-CXYIX,0.02330278,0,Low Risk,71,Two year,Fiber optic,No,Credit card (automatic),Continue regular engagement,80.7
3957-HHLMR,0.039067667,0,Low Risk,70,One year,DSL,No,Bank transfer (automatic),Continue regular engagement,65.2
7803-XOCCZ,0.1267128,0,Low Risk,52,Month-to-month,Fiber optic,Yes,Bank transfer (automatic),Continue regular engagement,84.05
5736-YEJAX,0.028703908,0,Low Risk,69,Two year,DSL,Yes,Credit card (automatic),Continue regular engagement,79.45
5609-CEBID,0.6233272,1,Medium Risk,20,Month-to-month,Fiber optic,No,Electronic check,Offer contract upgrade incentive,94.1
8981-FJGLA,0.44148105,1,Medium Risk,11,Month-to-month,Fiber optic,No,Mailed check,Offer contract upgrade incentive,78.0
7218-HKQFK,0.6773509,1,Medium Risk,2,Month-to-month,Fiber optic,Yes,Electronic check,Offer contract upgrade incentive,94.2
4636-QRJKY,0.77767444,1,High Risk,6,Month-to-month,Fiber optic,Yes,Electronic check,Offer annual contract discount + proactive support,80.5
1135-LMECX,0.39863566,1,Medium Risk,1,Month-to-month,No,No internet service,Mailed check,Offer contract upgrade incentive,19.85
4332-MUOEZ,0.15311182,0,Low Risk,20,One year,Fiber optic,Yes,Credit card (automatic),Continue regular engagement,94.3
8535-SFUTN,0.41110608,1,Medium Risk,61,Month-to-month,Fiber optic,No,Electronic check,Offer contract upgrade incentive,106.45
5956-VKDTT,0.7181185,1,High Risk,5,Month-to-month,Fiber optic,No,Electronic check,Offer annual contract discount + proactive support,74.35
8677-HDZEE,0.35400236,1,Medium Risk,56,Month-to-month,Fiber optic,Yes,Bank transfer (automatic),Offer contract upgrade incentive,105.45
2475-MROZF,0.1964317,0,Low Risk,30,Month-to-month,Fiber optic,Yes,Credit card (automatic),Continue regular engagement,95.0
9412-GHEEC,0.46060944,1,Medium Risk,40,Month-to-month,Fiber optic,Yes,Bank transfer (automatic),Offer contract upgrade incentive,104.8
3482-ABPKK,0.028725041,0,Low Risk,28,One year,DSL,Yes,Mailed check,Continue regular engagement,54.3
6705-LXORM,0.54113674,1,Medium Risk,5,Month-to-month,Fiber optic,No,Electronic check,Offer contract upgrade incentive,70.05
0257-ZESQC,0.22148111,0,Low Risk,27,Month-to-month,Fiber optic,No,Bank transfer (automatic),Continue regular engagement,75.2
7531-GQHME,0.078657806,0,Low Risk,12,Month-to-month,No,No internet service,Credit card (automatic),Continue regular engagement,20.05
5174-ITUMV,0.28572127,0,Low Risk,67,One year,Fiber optic,No,Electronic check,Continue regular engagement,105.4
4109-CYRBD,0.19792601,0,Low Risk,29,Month-to-month,DSL,No,Electronic check,Continue regular engagement,51.6
0913-XWSCN,0.29132062,0,Low Risk,55,Month-to-month,Fiber optic,No,Bank transfer (automatic),Continue regular engagement,85.5
6825-UYPFK,0.22894892,0,Low Risk,23,Month-to-month,Fiber optic,No,Bank transfer (automatic),Continue regular engagement,75.6
8397-MVTAZ,0.6779062,1,Medium Risk,34,Month-to-month,Fiber optic,No,Electronic check,Offer contract upgrade incentive,100.05
0750-EBAIU,0.0843424,0,Low Risk,52,One year,Fiber optic,No,Electronic check,Continue regular engagement,91.25
8606-CIQUL,0.018304147,0,Low Risk,72,Two year,Fiber optic,Yes,Credit card (automatic),Continue regular engagement,115.75
3571-DPYUH,0.060565062,0,Low Risk,58,One year,Fiber optic,Yes,Credit card (automatic),Continue regular engagement,94.7
7601-GNDYK,0.0103007,0,Low Risk,35,Two year,No,No internet service,Mailed check,Continue regular engagement,19.6
0356-OBMAC,0.05658011,0,Low Risk,56,Two year,Fiber optic,Yes,Bank transfer (automatic),Continue regular engagement,99.9
8067-NIOYM,0.009757717,0,Low Risk,24,Two year,No,No internet service,Credit card (automatic),Continue regular engagement,21.1
1403-GYAFU,0.009694357,0,Low Risk,70,Two year,No,No internet service,Credit card (automatic),Continue regular engagement,20.05
4234-XTNEA,0.7635788,1,High Risk,2,Month-to-month,Fiber optic,No,Electronic check,Offer annual contract discount + proactive support,79.95
1297-VQDRP,0.21828246,0,Low Risk,68,One year,Fiber optic,Yes,Credit card (automatic),Continue regular engagement,107.15
9282-IZGQK,0.89944404,1,High Risk,1,Month-to-month,Fiber optic,No,Electronic check,Offer annual contract discount + proactive support,85.0
5348-CAGXB,0.7036708,1,High Risk,12,Month-to-month,Fiber optic,No,Electronic check,Offer annual contract discount + proactive support,89.55
0621-HJWXJ,0.18229921,0,Low Risk,63,Month-to-month,Fiber optic,No,Bank transfer (automatic),Continue regular engagement,81.55
5844-QVTAT,0.045608904,0,Low Risk,33,One year,DSL,No,Mailed check,Continue regular engagement,58.45
8905-IAZPF,0.12332004,0,Low Risk,69,One year,Fiber optic,No,Credit card (automatic),Continue regular engagement,95.65
5394-MEITZ,0.012498707,0,Low Risk,60,Two year,DSL,Yes,Bank transfer (automatic),Continue regular engagement,80.6
6859-QNXIQ,0.01048257,0,Low Risk,72,Two year,Fiber optic,Yes,Bank transfer (automatic),Continue regular engagement,113.1
2782-LFZVW,0.29971272,0,Low Risk,11,Month-to-month,DSL,No,Mailed check,Continue regular engagement,58.95
2866-IKBTM,0.35269466,1,Medium Risk,1,Month-to-month,No,No internet service,Mailed check,Offer contract upgrade incentive,19.55
1342-JPNKI,0.6783013,1,Medium Risk,10,Month-to-month,Fiber optic,No,Bank transfer (automatic),Offer contract upgrade incentive,86.05
2817-NTQDO,0.26148298,0,Low Risk,13,Month-to-month,DSL,Yes,Credit card (automatic),Continue regular engagement,45.55
7129-AZJDE,0.19899873,0,Low Risk,34,One year,Fiber optic,No,Bank transfer (automatic),Continue regular engagement,78.95
6986-IJDHX,0.3698749,1,Medium Risk,39,Month-to-month,Fiber optic,No,Mailed check,Offer contract upgrade incentive,86.3
2560-PPCHE,0.14996472,0,Low Risk,65,One year,Fiber optic,Yes,Bank transfer (automatic),Continue regular engagement,105.05
4676-MQUEA,0.17702493,0,Low Risk,50,One year,Fiber optic,No,Bank transfer (automatic),Continue regular engagement,101.9
8138-EALND,0.096030876,0,Low Risk,15,Month-to-month,No,No internet service,Mailed check,Continue regular engagement,19.75
3580-HYCSP,0.013351165,0,Low Risk,72,Two year,Fiber optic,No,Bank transfer (automatic),Continue regular engagement,110.3
1352-HNSAW,0.011194165,0,Low Risk,72,Two year,Fiber optic,Yes,Bank transfer (automatic),Continue regular engagement,115.6
2075-PUEPR,0.019692637,0,Low Risk,55,Two year,No,No internet service,Bank transfer (automatic),Continue regular engagement,19.35
1982-FEBTD,0.01771025,0,Low Risk,23,Two year,No,No internet service,Credit card (automatic),Continue regular engagement,25.6
5301-GAUUY,0.36233595,1,Medium Risk,32,Month-to-month,Fiber optic,No,Bank transfer (automatic),Offer contract upgrade incentive,80.35
5791-KAJFD,0.04917282,0,Low Risk,56,One year,DSL,No,Bank transfer (automatic),Continue regular engagement,68.75
2654-VBVPB,0.412426,1,Medium Risk,1,Month-to-month,No,No internet service,Bank transfer (automatic),Offer contract upgrade incentive,19.9
1154-HYWWO,0.055028442,0,Low Risk,38,One year,DSL,Yes,Mailed check,Continue regular engagement,70.6
2501-XWWTZ,0.4026403,1,Medium Risk,11,Month-to-month,Fiber optic,No,Electronic check,Offer contract upgrade incentive,70.2
3716-UVSPD,0.4427321,1,Medium Risk,1,Month-to-month,DSL,Yes,Electronic check,Offer contract upgrade incentive,49.3
6815-ABQFQ,0.34720019,0,Low Risk,56,One year,Fiber optic,Yes,Electronic check,Continue regular engagement,107.25
7343-EOBEU,0.19272494,0,Low Risk,3,Month-to-month,No,No internet service,Mailed check,Continue regular engagement,23.6
3701-SFMUH,0.15860718,0,Low Risk,7,Month-to-month,DSL,No,Credit card (automatic),Continue regular engagement,69.7
6103-LIANB,0.099523745,0,Low Risk,59,Two year,Fiber optic,No,Credit card (automatic),Continue regular engagement,99.5
7319-VENRZ,0.17693736,0,Low Risk,7,Month-to-month,DSL,Yes,Bank transfer (automatic),Continue regular engagement,64.3
5846-NEQVZ,0.012184114,0,Low Risk,71,Two year,DSL,Yes,Credit card (automatic),Continue regular engagement,70.85
6967-QIQRV,0.18871844,0,Low Risk,15,One year,Fiber optic,Yes,Electronic check,Continue regular engagement,101.9
5781-RFZRP,0.014466741,0,Low Risk,71,Two year,DSL,Yes,Credit card (automatic),Continue regular engagement,73.5
0939-YAPAF,0.6379006,1,Medium Risk,35,Month-to-month,Fiber optic,No,Electronic check,Offer contract upgrade incentive,100.25
0308-IVGOK,0.11731611,0,Low Risk,11,One year,DSL,Yes,Credit card (automatic),Continue regular engagement,40.4
7293-LSCDV,0.012373292,0,Low Risk,60,Two year,No,No internet service,Credit card (automatic),Continue regular engagement,19.25
7025-WCBNE,0.037093475,0,Low Risk,47,Two year,DSL,Yes,Bank transfer (automatic),Continue regular engagement,59.6
5756-JYOJT,0.10481716,0,Low Risk,11,One year,DSL,Yes,Credit card (automatic),Continue regular engagement,64.9
4710-FDUIZ,0.23549728,0,Low Risk,56,One year,Fiber optic,No,Credit card (automatic),Continue regular engagement,100.3
6030-REHUX,0.44067082,1,Medium Risk,28,Month-to-month,Fiber optic,Yes,Electronic check,Offer contract upgrade incentive,110.85
9548-LIGTA,0.012096579,0,Low Risk,61,Two year,DSL,Yes,Mailed check,Continue regular engagement,81.05
5150-LJNSR,0.1111535,0,Low Risk,31,One year,Fiber optic,No,Bank transfer (automatic),Continue regular engagement,98.05
8270-RKSAP,0.5479362,1,Medium Risk,9,Month-to-month,Fiber optic,No,Electronic check,Offer contract upgrade incentive,70.5
6522-YRBXD,0.3050212,0,Low Risk,35,Month-to-month,Fiber optic,No,Electronic check,Continue regular engagement,94.55
2640-LYMOV,0.17965166,0,Low Risk,2,Month-to-month,No,No internet service,Mailed check,Continue regular engagement,19.65
1218-VKFPE,0.07257886,0,Low Risk,12,Month-to-month,No,No internet service,Mailed check,Continue regular engagement,19.0
3627-FHKBK,0.5480777,1,Medium Risk,1,Month-to-month,Fiber optic,No,Mailed check,Offer contract upgrade incentive,75.3
2865-TCHJW,0.8431582,1,High Risk,4,Month-to-month,Fiber optic,No,Electronic check,Offer annual contract discount + proactive support,89.2
1423-BMPBQ,0.2547483,0,Low Risk,1,Month-to-month,No,No internet service,Mailed check,Continue regular engagement,19.0
2393-DIVAI,0.14802559,0,Low Risk,3,Month-to-month,No,No internet service,Mailed check,Continue regular engagement,20.0
5192-EBGOV,0.91392475,1,High Risk,1,Month-to-month,Fiber optic,No,Electronic check,Offer annual contract discount + proactive support,85.7
4568-KNYWR,0.023311269,0,Low Risk,52,Two year,DSL,No,Credit card (automatic),Continue regular engagement,63.25
8752-IMQOS,0.029724631,0,Low Risk,5,One year,No,No internet service,Mailed check,Continue regular engagement,20.1
0742-LAFQK,0.024505265,0,Low Risk,72,Two year,Fiber optic,No,Electronic check,Continue regular engagement,99.15
0795-LAFGP,0.009697678,0,Low Risk,71,Two year,DSL,Yes,Electronic check,Continue regular engagement,90.4
0619-OLYUR,0.015057501,0,Low Risk,72,Two year,Fiber optic,Yes,Credit card (automatic),Continue regular engagement,111.9
5512-IDZEI,0.05356048,0,Low Risk,46,One year,No,No internet service,Electronic check,Continue regular engagement,24.9
0459-SPZHJ,0.019582847,0,Low Risk,63,Two year,DSL,No,Credit card (automatic),Continue regular engagement,83.5
0215-BQKGS,0.23301402,0,Low Risk,30,Month-to-month,Fiber optic,No,Credit card (automatic),Continue regular engagement,84.3
9244-ZVAPM,0.5372543,1,Medium Risk,1,Month-to-month,DSL,No,Mailed check,Offer contract upgrade incentive,45.6
0719-SYFRB,0.14944777,0,Low Risk,12,Month-to-month,DSL,Yes,Mailed check,Continue regular engagement,61.65
8208-EUMTE,0.023875665,0,Low Risk,16,Two year,DSL,Yes,Mailed check,Continue regular engagement,54.85
5172-MIGPM,0.266425,0,Low Risk,4,Month-to-month,DSL,Yes,Mailed check,Continue regular engagement,65.55
1710-RCXUS,0.16013163,0,Low Risk,51,One year,Fiber optic,No,Credit card (automatic),Continue regular engagement,90.35
0374-FIUCA,0.0066760676,0,Low Risk,65,Two year,No,No internet service,Credit card (automatic),Continue regular engagement,20.4
5839-SUYVZ,0.34677288,0,Low Risk,16,Month-to-month,Fiber optic,Yes,Credit card (automatic),Continue regular engagement,74.55
5173-ZXXXL,0.04640989,0,Low Risk,2,One year,No,No internet service,Mailed check,Continue regular engagement,19.95
1096-ADRUX,0.11092224,0,Low Risk,66,One year,Fiber optic,No,Bank transfer (automatic),Continue regular engagement,74.25
2001-MCUUW,0.3626808,1,Medium Risk,46,Two year,Fiber optic,Yes,Electronic check,Monitor customer + targeted engagement,108.65
2731-GJRDG,0.21038511,0,Low Risk,32,One year,Fiber optic,Yes,Bank transfer (automatic),Continue regular engagement,109.55
4723-BEGSG,0.0049989726,0,Low Risk,72,Two year,DSL,Yes,Credit card (automatic),Continue regular engagement,86.65
6516-NKQBO,0.025020503,0,Low Risk,38,Two year,DSL,Yes,Credit card (automatic),Continue regular engagement,81.0
8672-OAUPW,0.056135062,0,Low Risk,51,One year,DSL,Yes,Credit card (automatic),Continue regular engagement,47.85
8207-DMRVL,0.014739025,0,Low Risk,72,Two year,Fiber optic,Yes,Bank transfer (automatic),Continue regular engagement,114.55
3419-SNJJD,0.30628628,0,Low Risk,65,Month-to-month,Fiber optic,No,Bank transfer (automatic),Continue regular engagement,105.25
6543-CPZMK,0.4107498,1,Medium Risk,9,Month-to-month,DSL,No,Electronic check,Offer contract upgrade incentive,29.95
4765-OXPPD,0.12032496,0,Low Risk,9,Month-to-month,DSL,Yes,Mailed check,Continue regular engagement,65.0
2804-ETQDK,0.0065077953,0,Low Risk,66,Two year,No,No internet service,Mailed check,Continue regular engagement,20.55
6689-VRRTK,0.21257398,0,Low Risk,44,One year,Fiber optic,No,Credit card (automatic),Continue regular engagement,109.8
7138-GIRSH,0.016855633,0,Low Risk,50,Two year,DSL,Yes,Bank transfer (automatic),Continue regular engagement,69.5
9396-ZSFLL,0.1980131,0,Low Risk,15,Month-to-month,DSL,No,Mailed check,Continue regular engagement,48.85
6464-KEXXH,0.30319244,0,Low Risk,8,Month-to-month,DSL,No,Credit card (automatic),Continue regular engagement,25.25
7134-MJPDY,0.29707775,0,Low Risk,66,One year,Fiber optic,Yes,Credit card (automatic),Continue regular engagement,102.85
5240-CAOYT,0.108542174,0,Low Risk,57,Month-to-month,Fiber optic,Yes,Bank transfer (automatic),Continue regular engagement,87.55
4059-IIEBK,0.60398674,1,Medium Risk,7,Month-to-month,Fiber optic,No,Bank transfer (automatic),Offer contract upgrade incentive,78.55
4881-JVQOD,0.382861,1,Medium Risk,10,Month-to-month,DSL,No,Bank transfer (automatic),Offer contract upgrade incentive,34.55
0516-UXRMT,0.076147355,0,Low Risk,62,One year,Fiber optic,No,Electronic check,Continue regular engagement,92.05
4851-BQDNX,0.18402083,0,Low Risk,40,One year,Fiber optic,No,Electronic check,Continue regular engagement,85.05
5148-HKFIR,0.014389908,0,Low Risk,20,Two year,No,No internet service,Mailed check,Continue regular engagement,19.7
1009-IRMNA,0.14032201,0,Low Risk,7,Month-to-month,No,No internet service,Bank transfer (automatic),Continue regular engagement,20.0
3003-CMDUU,0.50603336,1,Medium Risk,25,Month-to-month,Fiber optic,Yes,Electronic check,Offer contract upgrade incentive,95.15
5016-IBERQ,0.39189714,1,Medium Risk,23,Month-to-month,Fiber optic,No,Electronic check,Offer contract upgrade incentive,84.25
6797-UCJHZ,0.24814819,0,Low Risk,66,One year,Fiber optic,No,Credit card (automatic),Continue regular engagement,104.6
2469-DTSGX,0.020258754,0,Low Risk,72,Two year,Fiber optic,Yes,Electronic check,Continue regular engagement,111.65
4554-YGZIH,0.34105796,0,Low Risk,49,Month-to-month,Fiber optic,No,Credit card (automatic),Continue regular engagement,90.05
5099-BAILX,0.44619867,1,Medium Risk,43,Month-to-month,Fiber optic,Yes,Bank transfer (automatic),Offer contract upgrade incentive,110.75
9931-KGHOA,0.10224116,0,Low Risk,46,Month-to-month,DSL,No,Bank transfer (automatic),Continue regular engagement,55.0
1775-KWJKQ,0.004924113,0,Low Risk,72,Two year,DSL,Yes,Credit card (automatic),Continue regular engagement,89.85
7665-VIGUD,0.023993852,0,Low Risk,10,One year,No,No internet service,Mailed check,Continue regular engagement,20.35
9411-TPQQV,0.10269109,0,Low Risk,40,One year,DSL,Yes,Bank transfer (automatic),Continue regular engagement,54.55
7207-RMRDB,0.3821007,1,Medium Risk,65,Month-to-month,Fiber optic,No,Electronic check,Offer contract upgrade incentive,105.5
7954-MLBUN,0.04619355,0,Low Risk,31,Two year,Fiber optic,Yes,Bank transfer (automatic),Continue regular engagement,99.45
2077-DDHJK,0.029912876,0,Low Risk,68,Two year,DSL,Yes,Credit card (automatic),Continue regular engagement,70.9
4913-EHYUI,0.33755636,0,Low Risk,56,One year,Fiber optic,No,Bank transfer (automatic),Continue regular engagement,104.55
0195-IESCP,0.7760167,1,High Risk,10,Month-to-month,Fiber optic,No,Electronic check,Offer annual contract discount + proactive support,85.25
9574-BOSMD,0.008504675,0,Low Risk,68,Two year,No,No internet service,Bank transfer (automatic),Continue regular engagement,25.4
4580-TMHJU,0.238313,0,Low Risk,43,Month-to-month,DSL,No,Electronic check,Continue regular engagement,56.15
0970-ETWGE,0.86014974,1,High Risk,1,Month-to-month,Fiber optic,No,Electronic check,Offer annual contract discount + proactive support,89.55
4908-XAXAY,0.14062923,0,Low Risk,49,One year,Fiber optic,No,Bank transfer (automatic),Continue regular engagement,89.85
8404-VLQFB,0.16641222,0,Low Risk,15,Month-to-month,No,No internet service,Electronic check,Continue regular engagement,25.25
1626-ERCMM,0.7435415,1,High Risk,20,Month-to-month,Fiber optic,No,Electronic check,Offer annual contract discount + proactive support,94.55
0887-HJGAR,0.6143426,1,Medium Risk,1,Month-to-month,DSL,No,Mailed check,Offer contract upgrade incentive,45.7
2391-IPLOP,0.08569992,0,Low Risk,50,One year,DSL,Yes,Electronic check,Continue regular engagement,69.65
5644-PDMZC,0.75841373,1,High Risk,2,Month-to-month,Fiber optic,No,Electronic check,Offer annual contract discount + proactive support,89.5
3509-GWQGF,0.21659155,0,Low Risk,24,Month-to-month,Fiber optic,No,Credit card (automatic),Continue regular engagement,70.0
9576-ANLXO,0.5789621,1,Medium Risk,3,Month-to-month,Fiber optic,No,Bank transfer (automatic),Offer contract upgrade incentive,69.55
2024-BASKD,0.7608435,1,High Risk,1,Month-to-month,Fiber optic,No,Mailed check,Offer annual contract discount + proactive support,74.6
5845-BZZIB,0.008835254,0,Low Risk,35,Two year,No,No internet service,Mailed check,Continue regular engagement,20.1
1140-UKVZG,0.10075832,0,Low Risk,17,Month-to-month,No,No internet service,Mailed check,Continue regular engagement,24.8
4160-AMJTL,0.20837839,0,Low Risk,8,Month-to-month,No,No internet service,Electronic check,Continue regular engagement,19.65
5183-SNMJQ,0.5625816,1,Medium Risk,10,Month-to-month,Fiber optic,Yes,Credit card (automatic),Offer contract upgrade incentive,95.1
8100-PNJMH,0.017027989,0,Low Risk,68,Two year,DSL,Yes,Credit card (automatic),Continue regular engagement,88.85
7838-LAZFO,0.09451526,0,Low Risk,45,One year,DSL,No,Bank transfer (automatic),Continue regular engagement,78.8
4464-JCOLN,0.05223776,0,Low Risk,2,One year,No,No internet service,Mailed check,Continue regular engagement,19.85
2085-JVGAD,0.034248866,0,Low Risk,37,Month-to-month,No,No internet service,Bank transfer (automatic),Continue regular engagement,20.35
5650-VDUDS,0.45015386,1,Medium Risk,4,Month-to-month,DSL,No,Mailed check,Offer contract upgrade incentive,24.25
8095-WANWK,0.19456345,0,Low Risk,10,Month-to-month,DSL,No,Mailed check,Continue regular engagement,45.25
3030-ZKIWL,0.40826637,1,Medium Risk,1,Month-to-month,No,No internet service,Mailed check,Offer contract upgrade incentive,20.05
9565-FLVCG,0.01214217,0,Low Risk,65,Two year,DSL,No,Mailed check,Continue regular engagement,69.55
8755-OGKNA,0.015215326,0,Low Risk,57,Two year,No,No internet service,Bank transfer (automatic),Continue regular engagement,19.5
2800-VEQXM,0.5572155,1,Medium Risk,3,Month-to-month,Fiber optic,No,Mailed check,Offer contract upgrade incentive,74.75
7538-GWHML,0.5832054,1,Medium Risk,2,Month-to-month,Fiber optic,No,Electronic check,Offer contract upgrade incentive,69.65
5533-RJFTJ,0.20284936,0,Low Risk,49,Month-to-month,DSL,No,Bank transfer (automatic),Continue regular engagement,30.2
3859-CVCET,0.37161112,1,Medium Risk,4,Month-to-month,DSL,No,Mailed check,Offer contract upgrade incentive,45.65
0214-JHPFW,0.01480026,0,Low Risk,70,Two year,DSL,Yes,Bank transfer (automatic),Continue regular engagement,57.8
5642-MHDQT,0.04773239,0,Low Risk,53,One year,No,No internet service,Bank transfer (automatic),Continue regular engagement,19.85
3088-FVYWK,0.010277382,0,Low Risk,53,Two year,No,No internet service,Credit card (automatic),Continue regular engagement,25.55
3276-HDUEG,0.78866905,1,High Risk,1,Month-to-month,Fiber optic,No,Mailed check,Offer annual contract discount + proactive support,75.05
9092-GDZKO,0.096822046,0,Low Risk,22,Month-to-month,No,No internet service,Credit card (automatic),Continue regular engagement,24.85
0823-HSCDJ,0.4992551,1,Medium Risk,52,Month-to-month,DSL,No,Electronic check,Offer contract upgrade incentive,49.15
3729-OWRVL,0.16311185,0,Low Risk,65,Two year,Fiber optic,Yes,Electronic check,Continue regular engagement,110.35
2324-AALNO,0.027398037,0,Low Risk,48,One year,No,No internet service,Bank transfer (automatic),Continue regular engagement,24.55
0822-GAVAP,0.71080893,1,High Risk,2,Month-to-month,DSL,No,Electronic check,Offer annual contract discount + proactive support,34.7
5760-IFJOZ,0.62499547,1,Medium Risk,3,Month-to-month,Fiber optic,No,Mailed check,Offer contract upgrade incentive,107.95
2826-UWHIS,0.25067928,0,Low Risk,45,Month-to-month,Fiber optic,No,Bank transfer (automatic),Continue regular engagement,81.4
1448-PWKYE,0.8219929,1,High Risk,1,Month-to-month,Fiber optic,No,Electronic check,Offer annual contract discount + proactive support,80.0
7501-IWUNG,0.013350291,0,Low Risk,61,Two year,DSL,Yes,Bank transfer (automatic),Continue regular engagement,73.8
4957-TREIR,0.21395093,0,Low Risk,3,Month-to-month,DSL,Yes,Credit card (automatic),Continue regular engagement,64.4
7251-LJBQN,0.38473386,1,Medium Risk,40,One year,Fiber optic,Yes,Credit card (automatic),Monitor customer + targeted engagement,103.75
8040-MNRTF,0.6952767,1,Medium Risk,1,Month-to-month,Fiber optic,No,Mailed check,Offer contract upgrade incentive,71.1
1536-HBSWP,0.4354934,1,Medium Risk,1,Month-to-month,DSL,Yes,Electronic check,Offer contract upgrade incentive,49.9
5313-FPXWG,0.02370208,0,Low Risk,51,One year,No,No internet service,Bank transfer (automatic),Continue regular engagement,24.6
0067-DKWBL,0.6824682,1,Medium Risk,2,Month-to-month,DSL,No,Electronic check,Offer contract upgrade incentive,49.25
0946-FKYTX,0.06731193,0,Low Risk,52,One year,DSL,No,Mailed check,Continue regular engagement,30.1
5076-YVXCM,0.30382237,0,Low Risk,51,Month-to-month,Fiber optic,No,Bank transfer (automatic),Continue regular engagement,83.4
8262-COGGB,0.30024323,0,Low Risk,1,Month-to-month,No,No internet service,Mailed check,Continue regular engagement,20.45
6663-JOCQO,0.087561876,0,Low Risk,31,One year,DSL,Yes,Bank transfer (automatic),Continue regular engagement,75.25
9620-QJREV,0.017200198,0,Low Risk,47,One year,No,No internet service,Credit card (automatic),Continue regular engagement,20.55
2276-YDAVZ,0.77444106,1,High Risk,3,Month-to-month,Fiber optic,No,Credit card (automatic),Offer annual contract discount + proactive support,75.1
2682-KEVRP,0.037833754,0,Low Risk,22,One year,No,No internet service,Mailed check,Continue regular engagement,20.05
2480-JZOSN,0.44250658,1,Medium Risk,1,Month-to-month,No,No internet service,Mailed check,Offer contract upgrade incentive,20.65
0078-XZMHT,0.008063356,0,Low Risk,72,Two year,DSL,Yes,Bank transfer (automatic),Continue regular engagement,85.15
5896-NPFWW,0.51274586,1,Medium Risk,3,Month-to-month,DSL,No,Electronic check,Offer contract upgrade incentive,50.15
9978-HYCIN,0.10511632,0,Low Risk,47,One year,Fiber optic,No,Bank transfer (automatic),Continue regular engagement,84.95
8338-QIUNR,0.007944869,0,Low Risk,72,Two year,DSL,Yes,Credit card (automatic),Continue regular engagement,66.5
1525-LNLOJ,0.021843227,0,Low Risk,66,Two year,DSL,No,Bank transfer (automatic),Continue regular engagement,63.3
9450-TRJUU,0.41396442,1,Medium Risk,35,Month-to-month,Fiber optic,No,Electronic check,Offer contract upgrade incentive,83.15
1766-GKNMI,0.56357485,1,Medium Risk,29,Month-to-month,Fiber optic,No,Electronic check,Offer contract upgrade incentive,84.9
6942-LBFDP,0.18133277,0,Low Risk,2,Month-to-month,No,No internet service,Mailed check,Continue regular engagement,20.55
1456-TWCGB,0.28841928,0,Low Risk,4,Month-to-month,DSL,No,Mailed check,Continue regular engagement,49.25
7133-VBDCG,0.23279434,0,Low Risk,25,Month-to-month,Fiber optic,No,Bank transfer (automatic),Continue regular engagement,79.85
7596-ZYWBB,0.007962538,0,Low Risk,65,Two year,DSL,Yes,Mailed check,Continue regular engagement,59.6
8329-UTMVM,0.2708733,0,Low Risk,27,One year,Fiber optic,Yes,Bank transfer (automatic),Continue regular engagement,104.65
3014-WJKSM,0.30680442,0,Low Risk,29,Month-to-month,Fiber optic,No,Credit card (automatic),Continue regular engagement,75.3
3347-YJZZE,0.14103784,0,Low Risk,29,Month-to-month,DSL,No,Credit card (automatic),Continue regular engagement,80.1
1029-QFBEN,0.34580573,0,Low Risk,1,Month-to-month,No,No internet service,Mailed check,Continue regular engagement,19.55
7929-DMBCV,0.27655858,0,Low Risk,20,Month-to-month,Fiber optic,Yes,Mailed check,Continue regular engagement,81.0
9661-JALZV,0.01276087,0,Low Risk,58,Two year,No,No internet service,Credit card (automatic),Continue regular engagement,24.7
5433-KYGHE,0.32365716,0,Low Risk,14,Month-to-month,Fiber optic,Yes,Mailed check,Continue regular engagement,86.0
4312-KFRXN,0.0066761943,0,Low Risk,72,Two year,No,No internet service,Mailed check,Continue regular engagement,25.4
5575-TPIZQ,0.2149523,0,Low Risk,46,Month-to-month,Fiber optic,No,Credit card (automatic),Continue regular engagement,89.15
0114-IGABW,0.009821463,0,Low Risk,71,Two year,DSL,Yes,Bank transfer (automatic),Continue regular engagement,58.25
9944-AEXBM,0.40966138,1,Medium Risk,32,Month-to-month,Fiber optic,No,Bank transfer (automatic),Offer contract upgrade incentive,85.65
1853-ARAAQ,0.20332439,0,Low Risk,26,Month-to-month,DSL,No,Credit card (automatic),Continue regular engagement,50.35
6952-OMNWB,0.27207637,0,Low Risk,68,Month-to-month,Fiber optic,No,Credit card (automatic),Continue regular engagement,80.35
4697-LUPSU,0.05893662,0,Low Risk,2,One year,No,No internet service,Mailed check,Continue regular engagement,20.2
8434-VGEQQ,0.007796721,0,Low Risk,61,Two year,No,No internet service,Credit card (automatic),Continue regular engagement,20.55
4952-YSOGZ,0.84569395,1,High Risk,4,Month-to-month,Fiber optic,No,Electronic check,Offer annual contract discount + proactive support,85.95
1589-AGTLK,0.58934563,1,Medium Risk,3,Month-to-month,DSL,No,Electronic check,Offer contract upgrade incentive,45.35
5244-IRFIH,0.6302243,1,Medium Risk,33,Month-to-month,Fiber optic,No,Electronic check,Offer contract upgrade incentive,94.5
6549-YMFAW,0.1505237,0,Low Risk,9,Month-to-month,No,No internet service,Mailed check,Continue regular engagement,21.25
4950-HKQTE,0.023069734,0,Low Risk,22,Two year,No,No internet service,Mailed check,Continue regular engagement,26.25
6786-OBWQR,0.6293089,1,Medium Risk,5,Month-to-month,Fiber optic,No,Electronic check,Offer contract upgrade incentive,80.85
2684-EIWEO,0.3442688,0,Low Risk,30,Month-to-month,Fiber optic,No,Credit card (automatic),Continue regular engagement,91.7
2753-JMMCV,0.043394454,0,Low Risk,65,Two year,DSL,Yes,Credit card (automatic),Continue regular engagement,74.2
6439-GTPCA,0.3367704,0,Low Risk,45,Month-to-month,Fiber optic,Yes,Electronic check,Continue regular engagement,87.25
6621-YOBKI,0.07175915,0,Low Risk,5,Month-to-month,No,No internet service,Mailed check,Continue regular engagement,20.35
1216-JWVUX,0.3819733,1,Medium Risk,25,Month-to-month,Fiber optic,No,Electronic check,Offer contract upgrade incentive,75.5
7564-GHCVB,0.00786051,0,Low Risk,72,Two year,Fiber optic,No,Bank transfer (automatic),Continue regular engagement,79.05
1173-NOEYG,0.31404468,0,Low Risk,27,Month-to-month,Fiber optic,No,Bank transfer (automatic),Continue regular engagement,90.15
7595-EHCDL,0.13935423,0,Low Risk,32,Month-to-month,DSL,No,Credit card (automatic),Continue regular engagement,50.6
6647-ZEDXT,0.17058134,0,Low Risk,30,One year,Fiber optic,Yes,Credit card (automatic),Continue regular engagement,110.45
2521-NPUZR,0.038629077,0,Low Risk,70,Two year,Fiber optic,Yes,Credit card (automatic),Continue regular engagement,101.0
1307-TVUFB,0.37275904,1,Medium Risk,42,Month-to-month,Fiber optic,No,Bank transfer (automatic),Offer contract upgrade incentive,79.35
7503-MIOGA,0.0053840238,0,Low Risk,72,Two year,DSL,Yes,Bank transfer (automatic),Continue regular engagement,89.85
4381-MHQDC,0.014041806,0,Low Risk,47,Two year,DSL,Yes,Mailed check,Continue regular engagement,65.0
6923-JHPMP,0.5109002,1,Medium Risk,2,Month-to-month,Fiber optic,No,Electronic check,Offer contract upgrade incentive,80.45
5138-WVKYJ,0.72279835,1,High Risk,10,Month-to-month,Fiber optic,No,Electronic check,Offer annual contract discount + proactive support,98.55
4018-PPNDW,0.007972023,0,Low Risk,61,Two year,No,No internet service,Mailed check,Continue regular engagement,24.1
1635-FJFCC,0.3612015,1,Medium Risk,5,Month-to-month,DSL,No,Credit card (automatic),Offer contract upgrade incentive,44.05
2499-AJYUA,0.016525874,0,Low Risk,72,Two year,Fiber optic,Yes,Credit card (automatic),Continue regular engagement,110.8
6919-ELBGL,0.013900686,0,Low Risk,72,Two year,Fiber optic,Yes,Bank transfer (automatic),Continue regular engagement,114.95
3966-HRMZA,0.6176296,1,Medium Risk,3,Month-to-month,Fiber optic,No,Mailed check,Offer contract upgrade incentive,75.05
6425-JWTDV,0.0070013846,0,Low Risk,48,Two year,No,No internet service,Mailed check,Continue regular engagement,19.25
8405-IGQFX,0.04017836,0,Low Risk,63,One year,Fiber optic,Yes,Credit card (automatic),Continue regular engagement,90.05
8224-IVVPA,0.11086678,0,Low Risk,27,Month-to-month,DSL,No,Mailed check,Continue regular engagement,56.7
9477-LGWQI,0.021100234,0,Low Risk,70,Two year,DSL,No,Credit card (automatic),Continue regular engagement,80.15
1410-RSCMR,0.1639728,0,Low Risk,7,Month-to-month,DSL,Yes,Credit card (automatic),Continue regular engagement,71.35
3115-CZMZD,0.041930918,0,Low Risk,0,Two year,No,No internet service,Mailed check,Continue regular engagement,20.25
0139-IVFJG,0.45532137,1,Medium Risk,2,Month-to-month,Fiber optic,No,Electronic check,Offer contract upgrade incentive,90.35
6683-VLCTZ,0.78723025,1,High Risk,20,Month-to-month,Fiber optic,No,Electronic check,Offer annual contract discount + proactive support,98.55
5730-DBDSI,0.011357189,0,Low Risk,66,Two year,No,No internet service,Bank transfer (automatic),Continue regular engagement,19.7
0030-FNXPP,0.17330176,0,Low Risk,3,Month-to-month,No,No internet service,Mailed check,Continue regular engagement,19.85
2189-WWOEW,0.41026637,1,Medium Risk,15,Month-to-month,Fiber optic,No,Bank transfer (automatic),Offer contract upgrade incentive,85.9
5684-FJVYR,0.005536199,0,Low Risk,72,Two year,Fiber optic,Yes,Bank transfer (automatic),Continue regular engagement,90.35
4013-GUXND,0.31657597,0,Low Risk,1,Month-to-month,No,No internet service,Mailed check,Continue regular engagement,20.8
1894-IGFSG,0.40575114,1,Medium Risk,22,Month-to-month,Fiber optic,No,Electronic check,Offer contract upgrade incentive,89.25
7379-POKDZ,0.6384582,1,Medium Risk,3,Month-to-month,Fiber optic,No,Electronic check,Offer contract upgrade incentive,70.3
1266-NZYUI,0.006214669,0,Low Risk,72,Two year,DSL,Yes,Bank transfer (automatic),Continue regular engagement,66.85
7969-FFOWG,0.009438942,0,Low Risk,65,Two year,No,No internet service,Mailed check,Continue regular engagement,19.9
4718-DHSMV,0.36520594,1,Medium Risk,11,Month-to-month,DSL,No,Mailed check,Offer contract upgrade incentive,35.8
5175-WLYXL,0.3639613,1,Medium Risk,22,Month-to-month,Fiber optic,No,Mailed check,Offer contract upgrade incentive,78.85
7817-OMJNA,0.036128502,0,Low Risk,14,One year,No,No internet service,Bank transfer (automatic),Continue regular engagement,20.4
8728-SKJLR,0.3649139,1,Medium Risk,41,Month-to-month,Fiber optic,Yes,Electronic check,Offer contract upgrade incentive,74.25
3137-NYQQI,0.10024658,0,Low Risk,17,One year,DSL,No,Mailed check,Continue regular engagement,64.8
7706-DZNKK,0.07675409,0,Low Risk,11,Month-to-month,No,No internet service,Credit card (automatic),Continue regular engagement,20.45
0236-HFWSV,0.7245433,1,High Risk,15,Month-to-month,Fiber optic,No,Electronic check,Offer annual contract discount + proactive support,93.35
3900-AQPHZ,0.42308852,1,Medium Risk,1,Month-to-month,No,No internet service,Mailed check,Offer contract upgrade incentive,19.9
5842-POCOP,0.65229446,1,Medium Risk,5,Month-to-month,Fiber optic,No,Mailed check,Offer contract upgrade incentive,88.9
2037-XJFUP,0.30308127,0,Low Risk,33,One year,Fiber optic,No,Electronic check,Continue regular engagement,95.8
8823-RLPWL,0.009048789,0,Low Risk,72,Two year,Fiber optic,No,Credit card (automatic),Continue regular engagement,110.65
9505-SQFSW,0.33672416,0,Low Risk,3,Month-to-month,DSL,No,Mailed check,Continue regular engagement,40.3
7314-OXENN,0.8385113,1,High Risk,2,Month-to-month,Fiber optic,No,Electronic check,Offer annual contract discount + proactive support,82.0
3758-CKOQL,0.13732116,0,Low Risk,59,One year,Fiber optic,Yes,Credit card (automatic),Continue regular engagement,107.0
0322-CHQRU,0.5147382,1,Medium Risk,2,Month-to-month,DSL,No,Electronic check,Offer contract upgrade incentive,45.35
5676-CFLYY,0.020803023,0,Low Risk,71,Two year,DSL,Yes,Credit card (automatic),Continue regular engagement,73.35
7521-AFHAB,0.27700534,0,Low Risk,5,Month-to-month,DSL,No,Mailed check,Continue regular engagement,44.8
0285-INHLN,0.103644654,0,Low Risk,27,Month-to-month,DSL,No,Credit card (automatic),Continue regular engagement,54.75
4678-DVQEO,0.5603935,1,Medium Risk,1,Month-to-month,DSL,Yes,Electronic check,Offer contract upgrade incentive,52.2
5125-CNDSP,0.033379078,0,Low Risk,63,One year,DSL,Yes,Bank transfer (automatic),Continue regular engagement,40.6
0691-IFBQW,0.31651363,0,Low Risk,46,One year,Fiber optic,No,Electronic check,Continue regular engagement,110.0
4992-LTJNE,0.0042563733,0,Low Risk,72,Two year,DSL,No,Bank transfer (automatic),Continue regular engagement,55.3
2202-OUTMO,0.074376255,0,Low Risk,34,Month-to-month,DSL,Yes,Bank transfer (automatic),Continue regular engagement,60.85
0810-BDHAW,0.088993326,0,Low Risk,24,One year,DSL,No,Electronic check,Continue regular engagement,78.4
0229-LFJAF,0.007518494,0,Low Risk,72,Two year,DSL,Yes,Bank transfer (automatic),Continue regular engagement,69.65
7131-ZQZNK,0.009334387,0,Low Risk,60,Two year,DSL,Yes,Credit card (automatic),Continue regular engagement,59.85
3442-ZHHCC,0.13658078,0,Low Risk,68,One year,DSL,No,Credit card (automatic),Continue regular engagement,76.9
5726-CVNYA,0.02075145,0,Low Risk,8,Two year,No,No internet service,Mailed check,Continue regular engagement,19.85
9871-ELEYA,0.01818664,0,Low Risk,34,Two year,DSL,Yes,Credit card (automatic),Continue regular engagement,67.65
4257-GAESD,0.3040796,0,Low Risk,6,Month-to-month,DSL,No,Credit card (automatic),Continue regular engagement,45.0
5173-WXOQV,0.3220773,0,Low Risk,2,Month-to-month,DSL,Yes,Mailed check,Continue regular engagement,64.2
2040-OBMLJ,0.0963715,0,Low Risk,31,One year,Fiber optic,Yes,Credit card (automatic),Continue regular engagement,81.7
6286-ZHAOK,0.08366856,0,Low Risk,20,Month-to-month,No,No internet service,Bank transfer (automatic),Continue regular engagement,25.55
3807-XHCJH,0.43605757,1,Medium Risk,1,Month-to-month,No,No internet service,Electronic check,Offer contract upgrade incentive,20.0
3009-JWMPU,0.27167,0,Low Risk,62,One year,Fiber optic,No,Electronic check,Continue regular engagement,96.75
5671-RQRLP,0.15188749,0,Low Risk,70,Two year,Fiber optic,No,Credit card (automatic),Continue regular engagement,75.65
1450-GALXR,0.8909069,1,High Risk,10,Month-to-month,Fiber optic,Yes,Electronic check,Offer annual contract discount + proactive support,98.5
8859-AXJZP,0.01192026,0,Low Risk,39,Two year,No,No internet service,Mailed check,Continue regular engagement,23.8
3174-AKMAS,0.024656918,0,Low Risk,46,Two year,DSL,Yes,Credit card (automatic),Continue regular engagement,64.2
3138-BKYAV,0.65945923,1,Medium Risk,6,Month-to-month,Fiber optic,No,Electronic check,Offer contract upgrade incentive,85.35
9926-PJHDQ,0.02397588,0,Low Risk,72,Two year,DSL,No,Bank transfer (automatic),Continue regular engagement,76.8
7382-DFJTU,0.16836697,0,Low Risk,18,Month-to-month,DSL,Yes,Credit card (automatic),Continue regular engagement,55.2
2798-NYLMZ,0.36234668,1,Medium Risk,71,Two year,Fiber optic,Yes,Credit card (automatic),Monitor customer + targeted engagement,108.55
4289-DTDKW,0.6272926,1,Medium Risk,40,Month-to-month,Fiber optic,No,Electronic check,Offer contract upgrade incentive,101.3
1820-TQVEV,0.84775716,1,High Risk,1,Month-to-month,Fiber optic,No,Electronic check,Offer annual contract discount + proactive support,69.55
2239-JALAW,0.37526008,1,Medium Risk,58,One year,Fiber optic,No,Bank transfer (automatic),Monitor customer + targeted engagement,103.25
4853-RULSV,0.26202673,0,Low Risk,70,Two year,Fiber optic,Yes,Credit card (automatic),Continue regular engagement,104.0
8098-TDCBU,0.028763685,0,Low Risk,42,Two year,No,No internet service,Electronic check,Continue regular engagement,25.25
3551-GAEGL,0.057215188,0,Low Risk,34,One year,DSL,No,Bank transfer (automatic),Continue regular engagement,30.4
4785-NKHCX,0.16405089,0,Low Risk,5,Month-to-month,No,No internet service,Bank transfer (automatic),Continue regular engagement,20.05
3196-NVXLZ,0.42051643,1,Medium Risk,25,Month-to-month,Fiber optic,No,Mailed check,Offer contract upgrade incentive,84.6
6275-YDUVO,0.77920127,1,High Risk,2,Month-to-month,Fiber optic,No,Mailed check,Offer annual contract discount + proactive support,86.2
0036-IHMOT,0.107502796,0,Low Risk,55,One year,Fiber optic,Yes,Bank transfer (automatic),Continue regular engagement,103.7
0115-TFERT,0.59946245,1,Medium Risk,21,Month-to-month,Fiber optic,Yes,Electronic check,Offer contract upgrade incentive,111.2
4178-EGMON,0.020594109,0,Low Risk,70,Two year,Fiber optic,Yes,Credit card (automatic),Continue regular engagement,88.0
4220-TINQT,0.22249518,0,Low Risk,61,Month-to-month,Fiber optic,Yes,Electronic check,Continue regular engagement,106.35
5318-YKDPV,0.027708123,0,Low Risk,43,Two year,DSL,Yes,Credit card (automatic),Continue regular engagement,79.15
7975-TZMLR,0.42015618,1,Medium Risk,47,One year,Fiber optic,No,Electronic check,Monitor customer + targeted engagement,103.1
0295-QVKPB,0.27593696,0,Low Risk,5,Month-to-month,DSL,Yes,Credit card (automatic),Continue regular engagement,63.95
4335-BSMJS,0.011585507,0,Low Risk,62,Two year,No,No internet service,Credit card (automatic),Continue regular engagement,25.8
2311-QYMUQ,0.44330055,1,Medium Risk,16,Month-to-month,Fiber optic,No,Credit card (automatic),Offer contract upgrade incentive,89.45
3643-AHCFP,0.86390096,1,High Risk,7,Month-to-month,Fiber optic,No,Bank transfer (automatic),Offer annual contract discount + proactive support,95.6
9146-JRIOX,0.09238656,0,Low Risk,14,Month-to-month,No,No internet service,Mailed check,Continue regular engagement,25.55
3104-OWCGK,0.09193751,0,Low Risk,60,One year,Fiber optic,No,Electronic check,Continue regular engagement,90.95
5337-IIWKZ,0.13976131,0,Low Risk,34,Month-to-month,DSL,Yes,Electronic check,Continue regular engagement,44.85
9101-BWFSS,0.21675886,0,Low Risk,50,One year,Fiber optic,Yes,Electronic check,Continue regular engagement,108.55
9650-VBUOG,0.011414416,0,Low Risk,38,Two year,No,No internet service,Credit card (automatic),Continue regular engagement,25.05
3487-EARAT,0.09118508,0,Low Risk,70,One year,DSL,Yes,Credit card (automatic),Continue regular engagement,74.1
2672-TGEFF,0.37913778,1,Medium Risk,37,Month-to-month,Fiber optic,No,Electronic check,Offer contract upgrade incentive,88.8
9231-ZJYAM,0.70788646,1,High Risk,4,Month-to-month,Fiber optic,No,Electronic check,Offer annual contract discount + proactive support,78.85
4250-WAROZ,0.1525753,0,Low Risk,60,Month-to-month,Fiber optic,No,Electronic check,Continue regular engagement,93.25
8184-WMOFI,0.04046676,0,Low Risk,62,One year,DSL,Yes,Credit card (automatic),Continue regular engagement,71.4
6982-SSHFK,0.45816496,1,Medium Risk,1,Month-to-month,DSL,No,Mailed check,Offer contract upgrade incentive,44.4
6092-QZVPP,0.14343622,0,Low Risk,36,Month-to-month,DSL,Yes,Credit card (automatic),Continue regular engagement,79.2
4625-LAMOB,0.009497791,0,Low Risk,44,Two year,No,No internet service,Credit card (automatic),Continue regular engagement,20.4
0727-BMPLR,0.40804774,1,Medium Risk,55,One year,Fiber optic,No,Electronic check,Monitor customer + targeted engagement,100.0
0392-BZIUW,0.04096354,0,Low Risk,72,Two year,Fiber optic,No,Credit card (automatic),Continue regular engagement,105.0
1038-ZAGBI,0.0683895,0,Low Risk,12,One year,No,No internet service,Bank transfer (automatic),Continue regular engagement,19.8
6549-NNDYT,0.21543112,0,Low Risk,13,Month-to-month,DSL,No,Bank transfer (automatic),Continue regular engagement,30.85
3027-ZTDHO,0.8638498,1,High Risk,1,Month-to-month,Fiber optic,No,Electronic check,Offer annual contract discount + proactive support,89.9
0422-OHQHQ,0.03905459,0,Low Risk,15,One year,No,No internet service,Mailed check,Continue regular engagement,20.55
6916-HIJSE,0.016592111,0,Low Risk,65,Two year,DSL,Yes,Bank transfer (automatic),Continue regular engagement,84.85
2316-ESMLS,0.060104858,0,Low Risk,12,One year,DSL,Yes,Credit card (automatic),Continue regular engagement,33.15
9778-OGKQZ,0.0040314305,0,Low Risk,72,Two year,DSL,Yes,Credit card (automatic),Continue regular engagement,92.0
7408-OFWXJ,0.0045276773,0,Low Risk,72,Two year,DSL,Yes,Credit card (automatic),Continue regular engagement,89.8
6007-TCTST,0.011194165,0,Low Risk,72,Two year,Fiber optic,Yes,Bank transfer (automatic),Continue regular engagement,115.8
2252-NKNSI,0.0175354,0,Low Risk,52,Two year,DSL,Yes,Mailed check,Continue regular engagement,85.15
8713-IGZSO,0.17976436,0,Low Risk,2,Month-to-month,No,No internet service,Mailed check,Continue regular engagement,24.85
7905-TVXTA,0.31579557,0,Low Risk,5,Month-to-month,DSL,Yes,Electronic check,Continue regular engagement,64.35
7695-PKLCZ,0.005918698,0,Low Risk,68,Two year,No,No internet service,Credit card (automatic),Continue regular engagement,20.5
2382-BCKQJ,0.33710274,0,Low Risk,62,One year,Fiber optic,No,Electronic check,Continue regular engagement,100.15
8374-UULRV,0.00451807,0,Low Risk,72,Two year,DSL,Yes,Credit card (automatic),Continue regular engagement,86.05
2207-NHRJK,0.5244592,1,Medium Risk,1,Month-to-month,DSL,No,Electronic check,Offer contract upgrade incentive,50.8
3224-DFQNQ,0.087627746,0,Low Risk,66,One year,Fiber optic,Yes,Electronic check,Continue regular engagement,89.0
5275-PMFUT,0.004856327,0,Low Risk,72,Two year,DSL,Yes,Credit card (automatic),Continue regular engagement,64.8
4795-UXVCJ,0.012994522,0,Low Risk,26,One year,No,No internet service,Credit card (automatic),Continue regular engagement,19.8
9777-IQHWP,0.037286386,0,Low Risk,64,Two year,Fiber optic,No,Bank transfer (automatic),Continue regular engagement,93.4
0947-MUGVO,0.5111045,1,Medium Risk,20,Month-to-month,Fiber optic,No,Electronic check,Offer contract upgrade incentive,73.65
9944-HKVVB,0.75299925,1,High Risk,3,Month-to-month,Fiber optic,No,Electronic check,Offer annual contract discount + proactive support,95.1
4124-MMETB,0.577555,1,Medium Risk,22,Month-to-month,Fiber optic,No,Credit card (automatic),Offer contract upgrade incentive,94.65
3671-SHRSP,0.5813216,1,Medium Risk,4,Month-to-month,Fiber optic,Yes,Mailed check,Offer contract upgrade incentive,80.6
0979-MOZQI,0.027329296,0,Low Risk,62,Two year,DSL,Yes,Bank transfer (automatic),Continue regular engagement,39.0
2732-ISEZX,0.121440694,0,Low Risk,5,Month-to-month,No,No internet service,Mailed check,Continue regular engagement,20.5
3313-QKNKB,0.1747218,0,Low Risk,59,One year,Fiber optic,No,Electronic check,Continue regular engagement,85.55
0323-XWWTN,0.034480684,0,Low Risk,3,Two year,No,No internet service,Mailed check,Continue regular engagement,26.4
1937-OTUKY,0.009428515,0,Low Risk,72,Two year,Fiber optic,Yes,Bank transfer (automatic),Continue regular engagement,98.2
1573-LGXBA,0.12637797,0,Low Risk,57,One year,Fiber optic,No,Credit card (automatic),Continue regular engagement,97.55
1764-VUUMT,0.008895424,0,Low Risk,66,Two year,No,No internet service,Credit card (automatic),Continue regular engagement,19.95
5073-WXOYN,0.36383522,1,Medium Risk,60,Month-to-month,DSL,No,Electronic check,Offer contract upgrade incentive,50.8
4713-ZBURT,0.09822269,0,Low Risk,45,Two year,Fiber optic,No,Bank transfer (automatic),Continue regular engagement,99.7
3050-GBUSH,0.5174294,1,Medium Risk,3,Month-to-month,DSL,No,Credit card (automatic),Offer contract upgrade incentive,34.8
0207-MDKNV,0.5705368,1,Medium Risk,15,Month-to-month,Fiber optic,Yes,Electronic check,Offer contract upgrade incentive,105.1
7876-AEHIG,0.06386645,0,Low Risk,51,One year,DSL,Yes,Bank transfer (automatic),Continue regular engagement,60.15
7945-HLKEA,0.03673843,0,Low Risk,60,One year,DSL,Yes,Electronic check,Continue regular engagement,64.75
9342-VNIMQ,0.1409629,0,Low Risk,33,Month-to-month,DSL,No,Bank transfer (automatic),Continue regular engagement,54.65
9851-KIELU,0.6402995,1,Medium Risk,10,Month-to-month,Fiber optic,Yes,Electronic check,Offer contract upgrade incentive,110.1
3523-BRGUW,0.017532172,0,Low Risk,26,One year,No,No internet service,Credit card (automatic),Continue regular engagement,19.3
3908-BLSYF,0.6000741,1,Medium Risk,6,Month-to-month,Fiber optic,No,Electronic check,Offer contract upgrade incentive,83.9
3199-NPKCN,0.21061182,0,Low Risk,67,One year,Fiber optic,Yes,Electronic check,Continue regular engagement,111.25
5170-PTRKA,0.030227194,0,Low Risk,49,One year,DSL,Yes,Credit card (automatic),Continue regular engagement,35.8
4661-NJEUX,0.49331278,1,Medium Risk,1,Month-to-month,No,No internet service,Mailed check,Offer contract upgrade incentive,20.05
2123-AGEEN,0.73394424,1,High Risk,7,Month-to-month,Fiber optic,No,Electronic check,Offer annual contract discount + proactive support,84.35
1258-YMZNM,0.28863198,0,Low Risk,27,One year,Fiber optic,No,Bank transfer (automatic),Continue regular engagement,110.5
0048-LUMLS,0.15886836,0,Low Risk,37,One year,Fiber optic,No,Credit card (automatic),Continue regular engagement,91.2
7549-MYGPK,0.27382383,0,Low Risk,63,Month-to-month,Fiber optic,No,Electronic check,Continue regular engagement,100.55
5898-IGSLP,0.18867983,0,Low Risk,31,Month-to-month,Fiber optic,Yes,Electronic check,Continue regular engagement,89.3
3804-RVTGV,0.47075695,1,Medium Risk,50,Month-to-month,Fiber optic,No,Bank transfer (automatic),Offer contract upgrade incentive,103.85
6259-WJQLC,0.37972513,1,Medium Risk,32,Month-to-month,Fiber optic,No,Credit card (automatic),Offer contract upgrade incentive,81.1
9227-LUNBG,0.56653285,1,Medium Risk,1,Month-to-month,DSL,No,Electronic check,Offer contract upgrade incentive,24.6
7997-EASSD,0.045764174,0,Low Risk,63,One year,Fiber optic,Yes,Credit card (automatic),Continue regular engagement,81.2
0730-KOAVE,0.33056697,0,Low Risk,30,Month-to-month,Fiber optic,No,Credit card (automatic),Continue regular engagement,94.3
8975-SKGRX,0.036436792,0,Low Risk,71,Two year,Fiber optic,Yes,Bank transfer (automatic),Continue regular engagement,116.1
0678-RLHVP,0.24511598,0,Low Risk,53,Two year,Fiber optic,No,Electronic check,Continue regular engagement,105.55
4315-MURBD,0.7558618,1,High Risk,12,Month-to-month,Fiber optic,Yes,Bank transfer (automatic),Offer annual contract discount + proactive support,98.9
2267-FPIMA,0.23546307,0,Low Risk,50,Month-to-month,Fiber optic,No,Credit card (automatic),Continue regular engagement,94.4
1051-GEJLJ,0.15194839,0,Low Risk,2,Month-to-month,No,No internet service,Mailed check,Continue regular engagement,19.5
9734-YWGEX,0.8334679,1,High Risk,9,Month-to-month,Fiber optic,No,Credit card (automatic),Offer annual contract discount + proactive support,98.3
2719-BDAQO,0.45496878,1,Medium Risk,17,Month-to-month,Fiber optic,No,Electronic check,Offer contract upgrade incentive,93.85
5285-MVEHD,0.27674276,0,Low Risk,56,One year,Fiber optic,No,Credit card (automatic),Continue regular engagement,105.6
0379-DJQHR,0.029986577,0,Low Risk,67,Two year,DSL,No,Credit card (automatic),Continue regular engagement,81.35
0781-LKXBR,0.8748743,1,High Risk,9,Month-to-month,Fiber optic,No,Electronic check,Offer annual contract discount + proactive support,100.5
5543-QDCRY,0.45237106,1,Medium Risk,4,Month-to-month,DSL,No,Electronic check,Offer contract upgrade incentive,56.4
0297-RBCSG,0.1180855,0,Low Risk,19,One year,DSL,Yes,Bank transfer (automatic),Continue regular engagement,65.35
4694-PHWFW,0.09860728,0,Low Risk,8,Month-to-month,No,No internet service,Mailed check,Continue regular engagement,19.95
0835-JKADZ,0.050985526,0,Low Risk,71,Two year,Fiber optic,Yes,Electronic check,Continue regular engagement,111.25
1907-UBQFC,0.54446775,1,Medium Risk,10,Month-to-month,Fiber optic,No,Electronic check,Offer contract upgrade incentive,72.85
7508-SMHXL,0.4169042,1,Medium Risk,15,Month-to-month,Fiber optic,No,Credit card (automatic),Offer contract upgrade incentive,89.0
3865-YIOTT,0.09050977,0,Low Risk,72,One year,Fiber optic,No,Bank transfer (automatic),Continue regular engagement,106.1
5993-BQHEA,0.033792082,0,Low Risk,12,One year,No,No internet service,Credit card (automatic),Continue regular engagement,20.05
6024-RUGGH,0.0061801667,0,Low Risk,72,Two year,No,No internet service,Bank transfer (automatic),Continue regular engagement,25.2
6513-EECDB,0.8479514,1,High Risk,1,Month-to-month,Fiber optic,No,Electronic check,Offer annual contract discount + proactive support,73.55
3956-CJUST,0.21132639,0,Low Risk,23,Month-to-month,Fiber optic,No,Bank transfer (automatic),Continue regular engagement,75.4
4079-WWQQQ,0.007726741,0,Low Risk,72,Two year,DSL,Yes,Bank transfer (automatic),Continue regular engagement,65.55
6103-BOCOU,0.54829067,1,Medium Risk,26,Month-to-month,Fiber optic,No,Electronic check,Offer contract upgrade incentive,80.7
5149-TGWDZ,0.33687967,0,Low Risk,21,One year,Fiber optic,Yes,Mailed check,Continue regular engagement,104.55
7471-WNSUF,0.018450767,0,Low Risk,60,One year,No,No internet service,Bank transfer (automatic),Continue regular engagement,24.15
8942-DBMHZ,0.06398662,0,Low Risk,12,Month-to-month,No,No internet service,Mailed check,Continue regular engagement,20.45
4301-VVZKA,0.60466146,1,Medium Risk,16,Month-to-month,Fiber optic,No,Electronic check,Offer contract upgrade incentive,75.4
9199-PWQVC,0.08435154,0,Low Risk,63,One year,DSL,No,Credit card (automatic),Continue regular engagement,79.7
4824-GUCBY,0.28554,0,Low Risk,22,Month-to-month,Fiber optic,No,Electronic check,Continue regular engagement,81.7
5393-HJZSM,0.10295694,0,Low Risk,32,Month-to-month,DSL,Yes,Bank transfer (automatic),Continue regular engagement,76.3
7074-IEVOJ,0.7347815,1,High Risk,3,Month-to-month,Fiber optic,No,Electronic check,Offer annual contract discount + proactive support,79.4
9625-QSTYE,0.5385653,1,Medium Risk,13,Month-to-month,Fiber optic,No,Electronic check,Offer contract upgrade incentive,81.15
0862-PRCBS,0.053281274,0,Low Risk,68,Two year,Fiber optic,Yes,Credit card (automatic),Continue regular engagement,103.75
8812-ZRHFP,0.17378616,0,Low Risk,30,One year,Fiber optic,No,Electronic check,Continue regular engagement,86.45
5146-CBVOE,0.24987614,0,Low Risk,16,Month-to-month,Fiber optic,No,Bank transfer (automatic),Continue regular engagement,75.1
0454-OKRCT,0.024821412,0,Low Risk,33,Two year,Fiber optic,Yes,Bank transfer (automatic),Continue regular engagement,80.6
5787-KXGIY,0.004742811,0,Low Risk,72,Two year,No,No internet service,Credit card (automatic),Continue regular engagement,19.3
4750-ZRXIU,0.8542089,1,High Risk,4,Month-to-month,Fiber optic,No,Electronic check,Offer annual contract discount + proactive support,84.6
4198-VFOEA,0.09188742,0,Low Risk,12,One year,DSL,Yes,Mailed check,Continue regular engagement,33.6
6630-UJZMY,0.8015009,1,High Risk,4,Month-to-month,Fiber optic,No,Electronic check,Offer annual contract discount + proactive support,83.25
5709-LVOEQ,0.050584234,0,Low Risk,0,Two year,DSL,No,Mailed check,Continue regular engagement,80.85
6400-BWQKW,0.5908939,1,Medium Risk,6,Month-to-month,Fiber optic,No,Electronic check,Offer contract upgrade incentive,79.05
2692-AQCPF,0.13412374,0,Low Risk,65,One year,Fiber optic,Yes,Credit card (automatic),Continue regular engagement,108.05
0347-UBKUZ,0.086991236,0,Low Risk,15,Month-to-month,No,No internet service,Mailed check,Continue regular engagement,19.9
0835-DUUIQ,0.02132317,0,Low Risk,24,One year,No,No internet service,Bank transfer (automatic),Continue regular engagement,21.05
0811-GSDTP,0.22583266,0,Low Risk,13,Month-to-month,DSL,No,Electronic check,Continue regular engagement,30.15
7567-ECMCM,0.33600503,0,Low Risk,24,Month-to-month,Fiber optic,No,Credit card (automatic),Continue regular engagement,79.85
6115-ZTBFQ,0.0074457717,0,Low Risk,72,Two year,DSL,Yes,Bank transfer (automatic),Continue regular engagement,65.5
6353-BRMMA,0.2956697,0,Low Risk,54,Month-to-month,Fiber optic,No,Bank transfer (automatic),Continue regular engagement,104.1
6680-WKXRZ,0.55506873,1,Medium Risk,3,Month-to-month,Fiber optic,No,Bank transfer (automatic),Offer contract upgrade incentive,74.4
6231-WFGFH,0.18256128,0,Low Risk,4,Month-to-month,No,No internet service,Mailed check,Continue regular engagement,20.5
9904-EHEVJ,0.37931564,1,Medium Risk,32,Month-to-month,Fiber optic,No,Mailed check,Offer contract upgrade incentive,91.35
7028-DVOIQ,0.6527434,1,Medium Risk,35,Month-to-month,Fiber optic,No,Electronic check,Offer contract upgrade incentive,99.05
6169-PPETC,0.007968434,0,Low Risk,35,Two year,No,No internet service,Bank transfer (automatic),Continue regular engagement,20.5
4208-UFFGW,0.46699786,1,Medium Risk,2,Month-to-month,DSL,No,Mailed check,Offer contract upgrade incentive,44.95
8584-KMVXD,0.40250576,1,Medium Risk,8,Month-to-month,Fiber optic,No,Electronic check,Offer contract upgrade incentive,75.6
8467-WYNSR,0.08987983,0,Low Risk,22,Month-to-month,DSL,Yes,Mailed check,Continue regular engagement,55.1
0851-DFJKB,0.20681585,0,Low Risk,15,Month-to-month,DSL,Yes,Electronic check,Continue regular engagement,58.95
5382-SOYZL,0.7096783,1,High Risk,22,Month-to-month,Fiber optic,No,Electronic check,Offer annual contract discount + proactive support,95.1
9448-REEVD,0.4614986,1,Medium Risk,1,Month-to-month,DSL,No,Credit card (automatic),Offer contract upgrade incentive,44.7
3261-CQXOL,0.00626318,0,Low Risk,71,Two year,No,No internet service,Bank transfer (automatic),Continue regular engagement,25.45
8388-FYNPZ,0.22988921,0,Low Risk,4,Month-to-month,DSL,No,Electronic check,Continue regular engagement,56.75
4002-BQWPQ,0.085877426,0,Low Risk,25,Month-to-month,DSL,Yes,Bank transfer (automatic),Continue regular engagement,81.75
5651-YLPRD,0.44221267,1,Medium Risk,32,Month-to-month,Fiber optic,No,Electronic check,Offer contract upgrade incentive,86.1
2826-DXLQO,0.28251293,0,Low Risk,7,Month-to-month,DSL,No,Bank transfer (automatic),Continue regular engagement,29.8
4378-BZYFP,0.034040622,0,Low Risk,17,One year,No,No internet service,Mailed check,Continue regular engagement,20.5
9489-UTFKA,0.1737193,0,Low Risk,8,Month-to-month,DSL,No,Bank transfer (automatic),Continue regular engagement,60.9
4849-PYRLQ,0.022152003,0,Low Risk,56,Two year,DSL,Yes,Bank transfer (automatic),Continue regular engagement,73.25
9117-SHLZX,0.6143426,1,Medium Risk,1,Month-to-month,DSL,No,Mailed check,Offer contract upgrade incentive,45.7
9889-TMAHG,0.70112413,1,High Risk,8,Month-to-month,Fiber optic,Yes,Credit card (automatic),Offer annual contract discount + proactive support,100.3
4541-RMRLG,0.057946026,0,Low Risk,7,Month-to-month,No,No internet service,Electronic check,Continue regular engagement,19.25
7764-BDPEE,0.124992326,0,Low Risk,3,Month-to-month,No,No internet service,Mailed check,Continue regular engagement,20.85
3429-IFLEM,0.011414792,0,Low Risk,71,Two year,DSL,Yes,Credit card (automatic),Continue regular engagement,77.35
3158-MOERK,0.84879357,1,High Risk,2,Month-to-month,Fiber optic,No,Electronic check,Offer annual contract discount + proactive support,96.0
7294-TMAOP,0.8432658,1,High Risk,1,Month-to-month,Fiber optic,No,Electronic check,Offer annual contract discount + proactive support,90.55
5002-GCQFH,0.24296033,0,Low Risk,49,Month-to-month,Fiber optic,No,Bank transfer (automatic),Continue regular engagement,93.85
0556-FJEGU,0.014053243,0,Low Risk,58,Two year,DSL,Yes,Bank transfer (automatic),Continue regular engagement,70.1
8919-FYFQZ,0.36768174,1,Medium Risk,44,Month-to-month,DSL,No,Electronic check,Offer contract upgrade incentive,30.35
0604-THJFP,0.012843292,0,Low Risk,59,Two year,DSL,Yes,Credit card (automatic),Continue regular engagement,75.95
2834-JRTUA,0.45987675,1,Medium Risk,71,Two year,Fiber optic,Yes,Electronic check,Monitor customer + targeted engagement,108.05
5875-YPQFJ,0.82578915,1,High Risk,1,Month-to-month,Fiber optic,No,Electronic check,Offer annual contract discount + proactive support,69.9
5879-SESNB,0.530343,1,Medium Risk,11,Month-to-month,Fiber optic,No,Electronic check,Offer contract upgrade incentive,75.25
6646-QVXLR,0.3176645,0,Low Risk,62,One year,Fiber optic,No,Electronic check,Continue regular engagement,103.75
6461-PPAXN,0.03114373,0,Low Risk,35,One year,DSL,Yes,Bank transfer (automatic),Continue regular engagement,54.95
3318-ISQFQ,0.07545236,0,Low Risk,20,Month-to-month,No,No internet service,Bank transfer (automatic),Continue regular engagement,19.5
1106-HRLKZ,0.009716085,0,Low Risk,40,Two year,No,No internet service,Mailed check,Continue regular engagement,19.6
2483-XSSMZ,0.07203693,0,Low Risk,39,One year,DSL,No,Electronic check,Continue regular engagement,47.85
8603-IJWDN,0.8886172,1,High Risk,1,Month-to-month,Fiber optic,No,Electronic check,Offer annual contract discount + proactive support,86.6
8165-ZJRNM,0.0046303137,0,Low Risk,72,Two year,No,No internet service,Bank transfer (automatic),Continue regular engagement,23.75
9369-XFEHK,0.4208915,1,Medium Risk,33,Month-to-month,Fiber optic,No,Bank transfer (automatic),Offer contract upgrade incentive,80.6
2604-XVDAM,0.20662479,0,Low Risk,12,Month-to-month,DSL,No,Bank transfer (automatic),Continue regular engagement,43.8
3717-OFRTN,0.37200066,1,Medium Risk,1,Month-to-month,No,No internet service,Bank transfer (automatic),Offer contract upgrade incentive,19.75
9046-JBFWA,0.022453573,0,Low Risk,27,Month-to-month,No,No internet service,Mailed check,Continue regular engagement,19.15
3280-NMUVX,0.015134075,0,Low Risk,34,One year,No,No internet service,Credit card (automatic),Continue regular engagement,19.6
1206-EHBDD,0.027740931,0,Low Risk,56,Two year,Fiber optic,No,Bank transfer (automatic),Continue regular engagement,80.3
8361-LBRDI,0.009769727,0,Low Risk,58,Two year,No,No internet service,Credit card (automatic),Continue regular engagement,24.35
4883-KCPZJ,0.014223923,0,Low Risk,22,Two year,No,No internet service,Credit card (automatic),Continue regular engagement,25.25
9108-EQPNQ,0.018186849,0,Low Risk,10,Two year,No,No internet service,Credit card (automatic),Continue regular engagement,26.1
7277-KAMWT,0.015447112,0,Low Risk,13,Two year,No,No internet service,Credit card (automatic),Continue regular engagement,20.0
3842-IYKUE,0.27565852,0,Low Risk,35,Month-to-month,Fiber optic,Yes,Credit card (automatic),Continue regular engagement,85.3
6641-XRPSU,0.33511895,0,Low Risk,34,Month-to-month,Fiber optic,No,Credit card (automatic),Continue regular engagement,70.0
1374-DMZUI,0.87161,1,High Risk,4,Month-to-month,Fiber optic,No,Electronic check,Offer annual contract discount + proactive support,94.3
2545-LXYVJ,0.004388039,0,Low Risk,72,Two year,No,No internet service,Bank transfer (automatic),Continue regular engagement,20.7
3234-VKACU,0.35985255,1,Medium Risk,2,Month-to-month,DSL,Yes,Electronic check,Offer contract upgrade incentive,70.3
8357-EQXFO,0.79056984,1,High Risk,7,Month-to-month,Fiber optic,No,Electronic check,Offer annual contract discount + proactive support,95.35
1989-PRJHP,0.40613464,1,Medium Risk,27,Month-to-month,Fiber optic,No,Electronic check,Offer contract upgrade incentive,75.5
8120-JDCAM,0.56122744,1,Medium Risk,4,Month-to-month,Fiber optic,No,Mailed check,Offer contract upgrade incentive,69.55
8917-FAEMR,0.015743116,0,Low Risk,37,Two year,No,No internet service,Mailed check,Continue regular engagement,19.85
7047-YXDMZ,0.06586085,0,Low Risk,21,Month-to-month,No,No internet service,Mailed check,Continue regular engagement,20.0
2858-EIMXH,0.29338402,0,Low Risk,53,One year,Fiber optic,No,Credit card (automatic),Continue regular engagement,95.85
9524-EGPJC,0.5367826,1,Medium Risk,18,Month-to-month,Fiber optic,Yes,Electronic check,Offer contract upgrade incentive,90.1
6993-OHLXR,0.5750871,1,Medium Risk,2,Month-to-month,Fiber optic,No,Electronic check,Offer contract upgrade incentive,68.95
8818-XYFCQ,0.49344626,1,Medium Risk,32,Month-to-month,Fiber optic,No,Credit card (automatic),Offer contract upgrade incentive,99.55
6419-ZTTLE,0.049749117,0,Low Risk,23,One year,No,No internet service,Electronic check,Continue regular engagement,20.75
0929-HYQEW,0.2955508,0,Low Risk,3,Month-to-month,DSL,No,Mailed check,Continue regular engagement,50.15
6614-YOLAC,0.004176578,0,Low Risk,71,Two year,DSL,Yes,Mailed check,Continue regular engagement,58.65
7426-RHZGU,0.668895,1,Medium Risk,9,Month-to-month,Fiber optic,Yes,Bank transfer (automatic),Offer contract upgrade incentive,95.9
4065-JJAVA,0.448709,1,Medium Risk,1,Month-to-month,DSL,No,Electronic check,Offer contract upgrade incentive,49.5
4695-VADHF,0.22282071,0,Low Risk,18,Month-to-month,DSL,No,Electronic check,Continue regular engagement,57.45
3863-IUBJR,0.14055656,0,Low Risk,12,One year,DSL,No,Credit card (automatic),Continue regular engagement,53.65
7649-SIJJF,0.008772489,0,Low Risk,71,Two year,DSL,Yes,Mailed check,Continue regular engagement,80.1
9361-YNQWJ,0.018269362,0,Low Risk,64,One year,No,No internet service,Bank transfer (automatic),Continue regular engagement,24.4
3748-FVMZZ,0.4964113,1,Medium Risk,4,Month-to-month,DSL,Yes,Electronic check,Offer contract upgrade incentive,40.05
9391-TTOYH,0.062433448,0,Low Risk,23,Month-to-month,No,No internet service,Mailed check,Continue regular engagement,19.5
1452-XRSJV,0.08210217,0,Low Risk,39,Month-to-month,DSL,No,Credit card (automatic),Continue regular engagement,51.05
3422-WJOYD,0.033168886,0,Low Risk,28,One year,DSL,Yes,Mailed check,Continue regular engagement,54.35
8242-SOQUO,0.64344144,1,Medium Risk,5,Month-to-month,Fiber optic,No,Electronic check,Offer contract upgrade incentive,84.7
7460-ITWWP,0.36606768,1,Medium Risk,45,Month-to-month,Fiber optic,No,Electronic check,Offer contract upgrade incentive,86.1
7147-AYBAA,0.29628628,0,Low Risk,37,Month-to-month,Fiber optic,No,Mailed check,Continue regular engagement,70.35
7868-TMWMZ,0.05731306,0,Low Risk,60,Two year,Fiber optic,Yes,Bank transfer (automatic),Continue regular engagement,110.0
4822-RVYBB,0.8910576,1,High Risk,8,Month-to-month,Fiber optic,No,Electronic check,Offer annual contract discount + proactive support,100.6
6732-FZUGP,0.08305129,0,Low Risk,47,One year,Fiber optic,No,Credit card (automatic),Continue regular engagement,94.9
8436-BJUMM,0.5668256,1,Medium Risk,26,Month-to-month,Fiber optic,No,Electronic check,Offer contract upgrade incentive,83.75
4184-TJFAN,0.6745848,1,Medium Risk,3,Month-to-month,Fiber optic,Yes,Mailed check,Offer contract upgrade incentive,88.3
8329-GWVPJ,0.18975697,0,Low Risk,50,Month-to-month,Fiber optic,No,Bank transfer (automatic),Continue regular engagement,69.75
1352-VHKAJ,0.07490043,0,Low Risk,27,Month-to-month,DSL,Yes,Bank transfer (automatic),Continue regular engagement,71.6
4145-UQXUQ,0.74160457,1,High Risk,8,Month-to-month,Fiber optic,No,Electronic check,Offer annual contract discount + proactive support,92.1
2632-TACXW,0.009445967,0,Low Risk,62,Two year,No,No internet service,Bank transfer (automatic),Continue regular engagement,23.65
8146-QQKZH,0.00721016,0,Low Risk,71,Two year,DSL,Yes,Bank transfer (automatic),Continue regular engagement,81.85
1767-CJKBA,0.0069484166,0,Low Risk,66,Two year,No,No internet service,Mailed check,Continue regular engagement,25.1
6445-TNRXS,0.0897033,0,Low Risk,68,Two year,Fiber optic,Yes,Bank transfer (automatic),Continue regular engagement,114.7
4581-LNWUM,0.35278264,1,Medium Risk,13,Month-to-month,DSL,No,Electronic check,Offer contract upgrade incentive,49.15
4869-EPIUS,0.14553764,0,Low Risk,56,One year,Fiber optic,No,Electronic check,Continue regular engagement,80.9
9948-YPTDG,0.3681659,1,Medium Risk,38,Month-to-month,Fiber optic,No,Electronic check,Offer contract upgrade incentive,79.45
1236-WFCDV,0.46577606,1,Medium Risk,14,Month-to-month,Fiber optic,No,Credit card (automatic),Offer contract upgrade incentive,90.45
1915-OAKWD,0.033090577,0,Low Risk,16,One year,No,No internet service,Bank transfer (automatic),Continue regular engagement,19.3
7296-PIXQY,0.37801725,1,Medium Risk,14,Month-to-month,Fiber optic,No,Electronic check,Offer contract upgrade incentive,70.2
4883-QICIH,0.3525322,1,Medium Risk,32,Month-to-month,Fiber optic,No,Bank transfer (automatic),Offer contract upgrade incentive,69.75
3354-OADJP,0.06628029,0,Low Risk,8,One year,DSL,Yes,Bank transfer (automatic),Continue regular engagement,54.25
3524-WQDSG,0.5041132,1,Medium Risk,43,Month-to-month,Fiber optic,No,Bank transfer (automatic),Offer contract upgrade incentive,99.3
0810-DHDBD,0.043210395,0,Low Risk,52,One year,DSL,Yes,Credit card (automatic),Continue regular engagement,74.0
4026-SKKHW,0.3338834,0,Low Risk,3,Month-to-month,DSL,Yes,Mailed check,Continue regular engagement,50.25
2829-HYVZP,0.03214415,0,Low Risk,29,One year,No,No internet service,Mailed check,Continue regular engagement,19.8
8329-IBCTI,0.38342124,1,Medium Risk,1,Month-to-month,No,No internet service,Mailed check,Offer contract upgrade incentive,19.65
1271-SJBGZ,0.4512544,1,Medium Risk,12,Month-to-month,DSL,Yes,Electronic check,Offer contract upgrade incentive,43.65
3845-JHAMY,0.27485415,0,Low Risk,16,Month-to-month,DSL,No,Credit card (automatic),Continue regular engagement,35.5
7013-PSXHK,0.15685564,0,Low Risk,40,One year,DSL,Yes,Mailed check,Continue regular engagement,80.75
5669-SRAIP,0.5178306,1,Medium Risk,5,Month-to-month,DSL,No,Electronic check,Offer contract upgrade incentive,39.5
5981-ITEMU,0.44997835,1,Medium Risk,40,Month-to-month,Fiber optic,No,Bank transfer (automatic),Offer contract upgrade incentive,97.1
3486-NPGST,0.013612741,0,Low Risk,36,One year,No,No internet service,Mailed check,Continue regular engagement,19.55
6941-PMGEP,0.73257583,1,High Risk,5,Month-to-month,Fiber optic,No,Electronic check,Offer annual contract discount + proactive support,80.0
1624-WOIWJ,0.48170596,1,Medium Risk,10,Month-to-month,Fiber optic,No,Mailed check,Offer contract upgrade incentive,84.7
2074-GKOWZ,0.78519464,1,High Risk,2,Month-to-month,Fiber optic,No,Bank transfer (automatic),Offer annual contract discount + proactive support,89.55
0376-YMCJC,0.47908053,1,Medium Risk,23,Month-to-month,Fiber optic,Yes,Electronic check,Offer contract upgrade incentive,90.6
6100-FJZDG,0.028036177,0,Low Risk,26,One year,No,No internet service,Bank transfer (automatic),Continue regular engagement,20.05
4829-ZLJTK,0.012680874,0,Low Risk,72,Two year,Fiber optic,No,Electronic check,Continue regular engagement,112.4
1730-VFMWO,0.06912834,0,Low Risk,34,Month-to-month,DSL,Yes,Bank transfer (automatic),Continue regular engagement,50.2
7143-BQIBA,0.13328142,0,Low Risk,10,Month-to-month,DSL,Yes,Bank transfer (automatic),Continue regular engagement,62.25
3800-LYTRK,0.054970004,0,Low Risk,14,One year,DSL,Yes,Mailed check,Continue regular engagement,55.7
0634-SZPQA,0.3696137,1,Medium Risk,23,Month-to-month,Fiber optic,No,Bank transfer (automatic),Offer contract upgrade incentive,90.05
9646-NMHXE,0.012872839,0,Low Risk,47,Two year,No,No internet service,Mailed check,Continue regular engagement,19.65
7030-NJVDP,0.27812564,0,Low Risk,24,Month-to-month,Fiber optic,Yes,Electronic check,Continue regular engagement,89.25
5536-RTPWK,0.46142557,1,Medium Risk,49,Month-to-month,Fiber optic,No,Bank transfer (automatic),Offer contract upgrade incentive,99.05
8883-GRDWQ,0.102344394,0,Low Risk,20,One year,DSL,Yes,Mailed check,Continue regular engagement,54.0
6166-ILMNY,0.55901605,1,Medium Risk,2,Month-to-month,Fiber optic,No,Bank transfer (automatic),Offer contract upgrade incentive,69.75
3097-NNSPB,0.5591106,1,Medium Risk,2,Month-to-month,DSL,No,Credit card (automatic),Offer contract upgrade incentive,49.05
7771-ZONAT,0.02020949,0,Low Risk,22,Two year,DSL,Yes,Bank transfer (automatic),Continue regular engagement,56.75
0655-RBDUG,0.9066976,1,High Risk,7,Month-to-month,Fiber optic,No,Bank transfer (automatic),Offer annual contract discount + proactive support,98.05
2111-DWYHN,0.32601702,0,Low Risk,1,Month-to-month,No,No internet service,Mailed check,Continue regular engagement,21.1
4194-WHFCB,0.18549938,0,Low Risk,59,Month-to-month,Fiber optic,Yes,Bank transfer (automatic),Continue regular engagement,96.65
4121-AGSIN,0.022177687,0,Low Risk,58,One year,No,No internet service,Credit card (automatic),Continue regular engagement,24.5
4361-BKAXE,0.34710032,0,Low Risk,41,Month-to-month,Fiber optic,Yes,Bank transfer (automatic),Continue regular engagement,114.5
9845-PEEKO,0.06272208,0,Low Risk,59,Two year,Fiber optic,No,Credit card (automatic),Continue regular engagement,79.2
0455-XFASS,0.62908095,1,Medium Risk,3,Month-to-month,Fiber optic,No,Electronic check,Offer contract upgrade incentive,69.55
0301-KOBTQ,0.011744008,0,Low Risk,32,Two year,No,No internet service,Bank transfer (automatic),Continue regular engagement,20.05
1751-NCDLI,0.6345684,1,Medium Risk,46,Month-to-month,Fiber optic,No,Electronic check,Offer contract upgrade incentive,98.85
4367-NUYAO,0.03725421,0,Low Risk,0,Two year,No,No internet service,Mailed check,Continue regular engagement,25.75
9878-TNQGW,0.7309472,1,High Risk,2,Month-to-month,Fiber optic,No,Electronic check,Offer annual contract discount + proactive support,80.95
9170-ARBTB,0.036048584,0,Low Risk,52,One year,No,No internet service,Credit card (automatic),Continue regular engagement,19.6
4441-NIHPT,0.57899386,1,Medium Risk,13,Month-to-month,Fiber optic,No,Electronic check,Offer contract upgrade incentive,74.3
8999-BOHSE,0.7514505,1,High Risk,11,Month-to-month,Fiber optic,No,Bank transfer (automatic),Offer annual contract discount + proactive support,89.7
7241-AJHFS,0.16584119,0,Low Risk,32,Month-to-month,Fiber optic,Yes,Bank transfer (automatic),Continue regular engagement,87.65
7029-RPUAV,0.5838921,1,Medium Risk,17,Month-to-month,Fiber optic,No,Credit card (automatic),Offer contract upgrade incentive,100.45
4546-FOKWR,0.46824667,1,Medium Risk,16,Month-to-month,Fiber optic,No,Credit card (automatic),Offer contract upgrade incentive,74.75
9036-CSKBW,0.12890458,0,Low Risk,51,One year,Fiber optic,No,Bank transfer (automatic),Continue regular engagement,107.45
5832-TRLPB,0.096879855,0,Low Risk,29,One year,DSL,Yes,Bank transfer (automatic),Continue regular engagement,75.35
8590-YFFQO,0.017915431,0,Low Risk,70,Two year,DSL,Yes,Credit card (automatic),Continue regular engagement,64.95
8659-IOOPU,0.022459744,0,Low Risk,71,Two year,Fiber optic,Yes,Electronic check,Continue regular engagement,100.45
1338-CECEE,0.05473551,0,Low Risk,41,One year,DSL,No,Bank transfer (automatic),Continue regular engagement,68.5
7439-DKZTW,0.83917296,1,High Risk,1,Month-to-month,Fiber optic,No,Electronic check,Offer annual contract discount + proactive support,80.55
4646-QZXTF,0.17350182,0,Low Risk,7,Month-to-month,DSL,Yes,Bank transfer (automatic),Continue regular engagement,81.25
4607-CHPCA,0.30112222,0,Low Risk,25,One year,Fiber optic,No,Electronic check,Continue regular engagement,90.4
9742-XOKTS,0.072487265,0,Low Risk,67,One year,Fiber optic,Yes,Electronic check,Continue regular engagement,89.55
6921-OZMFH,0.33998716,0,Low Risk,5,Month-to-month,DSL,Yes,Mailed check,Continue regular engagement,55.7
9578-FOMUK,0.15785217,0,Low Risk,15,Month-to-month,No,No internet service,Electronic check,Continue regular engagement,24.8
4712-UYOOI,0.07987263,0,Low Risk,20,Month-to-month,No,No internet service,Electronic check,Continue regular engagement,20.0
8824-RWFXJ,0.40015638,1,Medium Risk,3,Month-to-month,DSL,No,Mailed check,Offer contract upgrade incentive,56.15
7722-CVFXN,0.25577947,0,Low Risk,54,One year,Fiber optic,Yes,Electronic check,Continue regular engagement,105.2
8717-VCTXJ,0.023897389,0,Low Risk,42,One year,No,No internet service,Mailed check,Continue regular engagement,19.55
7363-QTBIW,0.6376134,1,Medium Risk,9,Month-to-month,Fiber optic,No,Electronic check,Offer contract upgrade incentive,79.75
4159-NAAIX,0.031091603,0,Low Risk,63,Two year,Fiber optic,No,Bank transfer (automatic),Continue regular engagement,97.45
0971-QIFJK,0.008686093,0,Low Risk,69,Two year,No,No internet service,Bank transfer (automatic),Continue regular engagement,24.25
9397-TZSHA,0.007065725,0,Low Risk,69,Two year,No,No internet service,Credit card (automatic),Continue regular engagement,24.6
3391-JSQEW,0.1251746,0,Low Risk,40,Month-to-month,DSL,No,Mailed check,Continue regular engagement,50.15
0343-QLUZP,0.030620093,0,Low Risk,60,Two year,DSL,No,Bank transfer (automatic),Continue regular engagement,39.6
9763-PDTKK,0.69669795,1,Medium Risk,4,Month-to-month,Fiber optic,Yes,Bank transfer (automatic),Offer contract upgrade incentive,94.4
2176-LVPNX,0.008171647,0,Low Risk,71,Two year,DSL,Yes,Mailed check,Continue regular engagement,89.85
7627-JKIAZ,0.38326672,1,Medium Risk,37,Month-to-month,Fiber optic,No,Credit card (automatic),Offer contract upgrade incentive,78.95
3312-UUMZW,0.49569225,1,Medium Risk,32,Month-to-month,Fiber optic,No,Credit card (automatic),Offer contract upgrade incentive,98.85
1271-UODNO,0.024719678,0,Low Risk,39,Two year,DSL,Yes,Credit card (automatic),Continue regular engagement,53.85
8461-EFQYM,0.067806505,0,Low Risk,38,One year,No,No internet service,Electronic check,Continue regular engagement,24.25
6900-RBKER,0.05722105,0,Low Risk,52,Two year,Fiber optic,No,Credit card (automatic),Continue regular engagement,89.45
6891-JPYFF,0.32134515,0,Low Risk,48,Month-to-month,Fiber optic,No,Credit card (automatic),Continue regular engagement,105.25
1459-QNFQT,0.011569333,0,Low Risk,70,Two year,DSL,Yes,Bank transfer (automatic),Continue regular engagement,59.5
1047-NNCBF,0.23340832,0,Low Risk,20,Month-to-month,Fiber optic,No,Credit card (automatic),Continue regular engagement,70.55
3696-XRIEN,0.10087869,0,Low Risk,50,One year,DSL,Yes,Credit card (automatic),Continue regular engagement,82.5
4081-DYXAV,0.29671842,0,Low Risk,19,One year,DSL,No,Credit card (automatic),Continue regular engagement,44.85
0074-HDKDG,0.05254663,0,Low Risk,25,One year,DSL,No,Bank transfer (automatic),Continue regular engagement,61.6
8791-GFXLZ,0.20522079,0,Low Risk,12,Month-to-month,DSL,No,Bank transfer (automatic),Continue regular engagement,49.05
8111-SLLHI,0.66329914,1,Medium Risk,39,Month-to-month,Fiber optic,No,Electronic check,Offer contract upgrade incentive,105.65
0927-LCSMG,0.43357572,1,Medium Risk,7,Month-to-month,Fiber optic,No,Mailed check,Offer contract upgrade incentive,74.65
9330-DHBFL,0.039155133,0,Low Risk,23,One year,DSL,Yes,Mailed check,Continue regular engagement,66.25
0098-BOWSO,0.08934196,0,Low Risk,27,Month-to-month,No,No internet service,Electronic check,Continue regular engagement,19.4
3452-ABWRL,0.32567745,0,Low Risk,47,Month-to-month,Fiber optic,No,Credit card (automatic),Continue regular engagement,86.05
5859-HZYLF,0.0057151043,0,Low Risk,26,Two year,No,No internet service,Credit card (automatic),Continue regular engagement,19.15
8257-RZAHR,0.20455621,0,Low Risk,14,Month-to-month,DSL,No,Bank transfer (automatic),Continue regular engagement,64.7
5293-WXJAK,0.8457074,1,High Risk,11,Month-to-month,Fiber optic,Yes,Bank transfer (automatic),Offer annual contract discount + proactive support,104.05
3156-QLHBO,0.069870986,0,Low Risk,2,Month-to-month,No,No internet service,Mailed check,Continue regular engagement,19.25
2208-NQBCT,0.21551116,0,Low Risk,26,Month-to-month,Fiber optic,No,Electronic check,Continue regular engagement,81.95
1779-PWPMG,0.012349336,0,Low Risk,72,Two year,Fiber optic,Yes,Bank transfer (automatic),Continue regular engagement,114.65
6621-NRZAK,0.016653541,0,Low Risk,63,Two year,No,No internet service,Credit card (automatic),Continue regular engagement,20.0
0831-JNISG,0.012287017,0,Low Risk,71,Two year,No,No internet service,Mailed check,Continue regular engagement,19.8
0774-IFUVM,0.19225356,0,Low Risk,11,Month-to-month,DSL,No,Bank transfer (automatic),Continue regular engagement,65.15
3082-WQRVY,0.034904428,0,Low Risk,14,One year,No,No internet service,Mailed check,Continue regular engagement,19.65
9553-DLCLU,0.02989374,0,Low Risk,13,Two year,DSL,Yes,Credit card (automatic),Continue regular engagement,88.95
1641-BYBTK,0.06594147,0,Low Risk,6,Month-to-month,No,No internet service,Mailed check,Continue regular engagement,20.2
2460-NGXBJ,0.4805411,1,Medium Risk,11,Month-to-month,Fiber optic,No,Credit card (automatic),Offer contract upgrade incentive,75.2
2446-ZKVAF,0.19800398,0,Low Risk,18,Month-to-month,DSL,No,Credit card (automatic),Continue regular engagement,56.8
0841-NULXI,0.8027966,1,High Risk,1,Month-to-month,DSL,No,Electronic check,Offer annual contract discount + proactive support,35.55
3522-CDKHF,0.24130185,0,Low Risk,32,Month-to-month,Fiber optic,No,Bank transfer (automatic),Continue regular engagement,75.5
1430-SFQSA,0.058643453,0,Low Risk,29,One year,DSL,Yes,Mailed check,Continue regular engagement,35.6
0411-EZJZE,0.5653212,1,Medium Risk,3,Month-to-month,DSL,No,Electronic check,Offer contract upgrade incentive,60.25
7851-WZEKY,0.86589426,1,High Risk,2,Month-to-month,Fiber optic,No,Electronic check,Offer annual contract discount + proactive support,95.15
8844-TONUD,0.66672176,1,Medium Risk,13,Month-to-month,Fiber optic,No,Mailed check,Offer contract upgrade incentive,96.65
8807-ARQET,0.28871042,0,Low Risk,41,Month-to-month,DSL,No,Electronic check,Continue regular engagement,40.35
8992-CEUEN,0.21864642,0,Low Risk,1,Month-to-month,No,No internet service,Electronic check,Continue regular engagement,18.85
4320-QMLLA,0.26114157,0,Low Risk,7,Month-to-month,DSL,No,Mailed check,Continue regular engagement,54.85
8777-PVYGU,0.04334677,0,Low Risk,52,One year,DSL,No,Mailed check,Continue regular engagement,64.3
8292-ITGYJ,0.016585765,0,Low Risk,45,Two year,No,No internet service,Bank transfer (automatic),Continue regular engagement,24.65
6870-ZWMNX,0.048467252,0,Low Risk,70,Two year,DSL,Yes,Credit card (automatic),Continue regular engagement,76.1
0621-CXBKL,0.011767302,0,Low Risk,53,Two year,No,No internet service,Mailed check,Continue regular engagement,18.7
5268-DSMNQ,0.11762367,0,Low Risk,62,One year,Fiber optic,No,Credit card (automatic),Continue regular engagement,97.95
5334-JLAXU,0.16242293,0,Low Risk,60,Month-to-month,Fiber optic,No,Credit card (automatic),Continue regular engagement,94.1
4086-YQSNZ,0.722958,1,High Risk,3,Month-to-month,Fiber optic,No,Electronic check,Offer annual contract discount + proactive support,80.4
6242-MBHPK,0.5888821,1,Medium Risk,23,Month-to-month,Fiber optic,No,Electronic check,Offer contract upgrade incentive,95.1
5868-CZJDR,0.629932,1,Medium Risk,1,Month-to-month,DSL,No,Mailed check,Offer contract upgrade incentive,31.35
9359-UGBTK,0.069511324,0,Low Risk,67,One year,DSL,Yes,Bank transfer (automatic),Continue regular engagement,72.35
0135-NMXAP,0.66531277,1,Medium Risk,12,Month-to-month,Fiber optic,No,Bank transfer (automatic),Offer contract upgrade incentive,89.75
4782-OSFXZ,0.009440172,0,Low Risk,71,Two year,DSL,Yes,Bank transfer (automatic),Continue regular engagement,82.7
6479-OAUSD,0.01963452,0,Low Risk,25,One year,No,No internet service,Credit card (automatic),Continue regular engagement,19.9
7129-ACFOG,0.3832987,1,Medium Risk,5,Month-to-month,DSL,No,Electronic check,Offer contract upgrade incentive,53.8
4189-NAKJS,0.061566066,0,Low Risk,26,One year,DSL,No,Credit card (automatic),Continue regular engagement,51.55
5562-BETPV,0.1469918,0,Low Risk,1,One year,No,No internet service,Mailed check,Continue regular engagement,19.65
1282-IHQAC,0.084404014,0,Low Risk,70,One year,DSL,No,Credit card (automatic),Continue regular engagement,44.05
9127-FHJBZ,0.0165155,0,Low Risk,72,Two year,Fiber optic,Yes,Electronic check,Continue regular engagement,114.0
6270-OMFIW,0.1601519,0,Low Risk,60,One year,Fiber optic,No,Electronic check,Continue regular engagement,94.4
1641-RQDAY,0.49632412,1,Medium Risk,32,Month-to-month,Fiber optic,No,Electronic check,Offer contract upgrade incentive,100.4
0107-WESLM,0.56548417,1,Medium Risk,1,Month-to-month,No,No internet service,Electronic check,Offer contract upgrade incentive,19.85
6994-ORCWG,0.12318846,0,Low Risk,14,One year,DSL,No,Mailed check,Continue regular engagement,54.25
1346-UFHAX,0.43779996,1,Medium Risk,13,Month-to-month,Fiber optic,No,Credit card (automatic),Offer contract upgrade incentive,80.0
3992-YWPKO,0.7869638,1,High Risk,6,Month-to-month,Fiber optic,Yes,Credit card (automatic),Offer annual contract discount + proactive support,109.9
2933-XEUJM,0.01886542,0,Low Risk,46,Two year,DSL,No,Mailed check,Continue regular engagement,79.2
0125-LZQXK,0.55206835,1,Medium Risk,15,Month-to-month,Fiber optic,Yes,Electronic check,Offer contract upgrade incentive,101.35
5461-QKNTN,0.38030946,1,Medium Risk,43,Month-to-month,Fiber optic,Yes,Electronic check,Offer contract upgrade incentive,94.3
4835-YSJMR,0.019241245,0,Low Risk,39,Two year,DSL,Yes,Bank transfer (automatic),Continue regular engagement,49.8
8399-YNDCH,0.25042206,0,Low Risk,21,Month-to-month,DSL,No,Bank transfer (automatic),Continue regular engagement,60.05
3164-YAXFY,0.26451832,0,Low Risk,57,Month-to-month,DSL,No,Electronic check,Continue regular engagement,53.75
0887-WBJVH,0.14357172,0,Low Risk,53,One year,Fiber optic,Yes,Electronic check,Continue regular engagement,93.45
4660-IRIBM,0.30083755,0,Low Risk,18,Month-to-month,Fiber optic,No,Mailed check,Continue regular engagement,87.9
5673-FSSMF,0.7404518,1,High Risk,1,Month-to-month,DSL,No,Electronic check,Offer annual contract discount + proactive support,60.15
7670-ZBPOQ,0.032365553,0,Low Risk,58,One year,DSL,Yes,Bank transfer (automatic),Continue regular engagement,61.05
8089-UZWLX,0.08948164,0,Low Risk,71,Two year,Fiber optic,No,Bank transfer (automatic),Continue regular engagement,104.05
0080-OROZO,0.2612317,0,Low Risk,35,One year,Fiber optic,Yes,Electronic check,Continue regular engagement,99.25
3916-NRPAP,0.649541,1,Medium Risk,3,Month-to-month,Fiber optic,No,Credit card (automatic),Offer contract upgrade incentive,85.7
6807-SIWJI,0.28171986,0,Low Risk,38,One year,Fiber optic,No,Electronic check,Continue regular engagement,104.85
8221-HVAYI,0.017232882,0,Low Risk,35,Two year,DSL,Yes,Credit card (automatic),Continue regular engagement,69.15
1579-KLYDT,0.8215488,1,High Risk,7,Month-to-month,Fiber optic,No,Electronic check,Offer annual contract discount + proactive support,90.45
5232-NXPAY,0.018210355,0,Low Risk,47,Two year,DSL,Yes,Mailed check,Continue regular engagement,74.45
8967-SZQAS,0.21431267,0,Low Risk,14,Month-to-month,DSL,No,Electronic check,Continue regular engagement,50.45
4468-KAZHE,0.30371237,0,Low Risk,20,Month-to-month,DSL,No,Electronic check,Continue regular engagement,60.0
0455-ENTCR,0.035713907,0,Low Risk,66,Two year,DSL,Yes,Electronic check,Continue regular engagement,85.25
8944-AILEF,0.0986798,0,Low Risk,15,Month-to-month,No,No internet service,Credit card (automatic),Continue regular engagement,19.45
5542-NKVRU,0.012205028,0,Low Risk,42,Two year,No,No internet service,Bank transfer (automatic),Continue regular engagement,20.75
7126-RBHSD,0.33731714,0,Low Risk,17,Month-to-month,Fiber optic,No,Electronic check,Continue regular engagement,78.9
5370-IIVVL,0.23430029,0,Low Risk,37,One year,Fiber optic,Yes,Credit card (automatic),Continue regular engagement,104.5
6789-HJBWG,0.30236107,0,Low Risk,12,Month-to-month,DSL,No,Electronic check,Continue regular engagement,49.4
3927-NLNRY,0.174897,0,Low Risk,53,One year,Fiber optic,No,Bank transfer (automatic),Continue regular engagement,94.25
9087-EYCPR,0.009897746,0,Low Risk,60,Two year,No,No internet service,Mailed check,Continue regular engagement,25.0
6791-YBNAK,0.14453991,0,Low Risk,18,Month-to-month,DSL,No,Credit card (automatic),Continue regular engagement,25.55
6358-LYNGM,0.8530667,1,High Risk,1,Month-to-month,Fiber optic,No,Electronic check,Offer annual contract discount + proactive support,74.9
6077-BDPXA,0.63014805,1,Medium Risk,3,Month-to-month,Fiber optic,No,Electronic check,Offer contract upgrade incentive,70.15
0013-MHZWF,0.21648405,0,Low Risk,9,Month-to-month,DSL,Yes,Credit card (automatic),Continue regular engagement,69.4
5494-HECPR,0.8632257,1,High Risk,1,Month-to-month,Fiber optic,No,Electronic check,Offer annual contract discount + proactive support,80.25
8268-YDIXR,0.10409307,0,Low Risk,56,One year,Fiber optic,No,Electronic check,Continue regular engagement,93.15
9824-BEMCV,0.54753655,1,Medium Risk,17,Month-to-month,Fiber optic,No,Electronic check,Offer contract upgrade incentive,69.0
1373-ORVIZ,0.3284523,0,Low Risk,11,Month-to-month,DSL,Yes,Electronic check,Continue regular engagement,66.35
4291-SHSBH,0.59412175,1,Medium Risk,7,Month-to-month,Fiber optic,No,Electronic check,Offer contract upgrade incentive,69.55
6980-IMXXE,0.007100219,0,Low Risk,69,Two year,No,No internet service,Bank transfer (automatic),Continue regular engagement,20.2
9866-QEVEE,0.44440663,1,Medium Risk,19,Month-to-month,Fiber optic,No,Bank transfer (automatic),Offer contract upgrade incentive,86.0
9897-KXHCM,0.72395843,1,High Risk,3,Month-to-month,Fiber optic,No,Electronic check,Offer annual contract discount + proactive support,80.3
0040-HALCW,0.012957195,0,Low Risk,54,Two year,No,No internet service,Credit card (automatic),Continue regular engagement,20.4
0784-GTUUK,0.023476575,0,Low Risk,62,One year,No,No internet service,Credit card (automatic),Continue regular engagement,23.75
7979-CORPM,0.4589386,1,Medium Risk,24,Month-to-month,Fiber optic,No,Credit card (automatic),Offer contract upgrade incentive,90.55
2294-DMMUS,0.13018876,0,Low Risk,62,Month-to-month,DSL,No,Credit card (automatic),Continue regular engagement,70.45
0872-JCPIB,0.16703555,0,Low Risk,17,Month-to-month,DSL,No,Bank transfer (automatic),Continue regular engagement,65.75
3055-MJDSB,0.2912025,0,Low Risk,9,Month-to-month,DSL,No,Mailed check,Continue regular engagement,24.6
9091-WTUUY,0.008922155,0,Low Risk,64,Two year,DSL,Yes,Mailed check,Continue regular engagement,69.25
1618-CFHME,0.76664436,1,High Risk,2,Month-to-month,Fiber optic,No,Electronic check,Offer annual contract discount + proactive support,75.9
3165-HDOEW,0.6107998,1,Medium Risk,1,Month-to-month,DSL,No,Mailed check,Offer contract upgrade incentive,45.85
6581-NQCBA,0.43956628,1,Medium Risk,16,Month-to-month,DSL,Yes,Electronic check,Offer contract upgrade incentive,49.95
7115-IRDHS,0.005669844,0,Low Risk,72,Two year,No,No internet service,Bank transfer (automatic),Continue regular engagement,24.65
8496-DMZUK,0.069152206,0,Low Risk,30,One year,Fiber optic,No,Bank transfer (automatic),Continue regular engagement,90.4
2040-VZIKE,0.30926135,0,Low Risk,49,Month-to-month,Fiber optic,No,Mailed check,Continue regular engagement,100.85
9068-VPWQQ,0.019035289,0,Low Risk,61,Two year,DSL,Yes,Credit card (automatic),Continue regular engagement,75.35
0178-SZBHO,0.32648164,0,Low Risk,47,Month-to-month,Fiber optic,No,Electronic check,Continue regular engagement,87.2
0384-RVBPI,0.12608407,0,Low Risk,20,Month-to-month,DSL,No,Credit card (automatic),Continue regular engagement,64.4
1689-MRZQR,0.3985996,1,Medium Risk,34,Month-to-month,Fiber optic,No,Electronic check,Offer contract upgrade incentive,78.3
1299-AURJA,0.008572832,0,Low Risk,70,Two year,No,No internet service,Bank transfer (automatic),Continue regular engagement,24.7
4525-VZCZG,0.16393203,0,Low Risk,54,One year,Fiber optic,Yes,Electronic check,Continue regular engagement,105.85
1543-LLLFT,0.07001405,0,Low Risk,61,One year,Fiber optic,Yes,Mailed check,Continue regular engagement,98.3
5835-BEQEU,0.74806273,1,High Risk,3,Month-to-month,Fiber optic,No,Electronic check,Offer annual contract discount + proactive support,76.95
2788-CJQAQ,0.025646806,0,Low Risk,13,One year,No,No internet service,Mailed check,Continue regular engagement,19.45
5565-FILXA,0.78710747,1,High Risk,16,Month-to-month,Fiber optic,No,Electronic check,Offer annual contract discount + proactive support,96.15
0319-QZTCO,0.40760148,1,Medium Risk,3,Month-to-month,DSL,No,Credit card (automatic),Offer contract upgrade incentive,58.7
2120-SMPEX,0.07621695,0,Low Risk,25,Month-to-month,No,No internet service,Mailed check,Continue regular engagement,20.15
0096-FCPUF,0.087697424,0,Low Risk,30,Month-to-month,DSL,No,Mailed check,Continue regular engagement,64.5
0668-OGMHD,0.2601983,0,Low Risk,21,Month-to-month,DSL,No,Electronic check,Continue regular engagement,28.5
5552-ZNFSJ,0.63187593,1,Medium Risk,1,Month-to-month,DSL,No,Electronic check,Offer contract upgrade incentive,45.3
2223-KAGMX,0.16643421,0,Low Risk,15,Month-to-month,No,No internet service,Bank transfer (automatic),Continue regular engagement,19.4
6507-ZJSUR,0.55803645,1,Medium Risk,23,Month-to-month,Fiber optic,No,Electronic check,Offer contract upgrade incentive,90.45
9408-HRXRK,0.33185133,0,Low Risk,45,Month-to-month,Fiber optic,No,Electronic check,Continue regular engagement,105.15
5593-SUAOO,0.091059305,0,Low Risk,24,One year,Fiber optic,No,Bank transfer (automatic),Continue regular engagement,83.15
7321-PKUYW,0.56952983,1,Medium Risk,11,Month-to-month,Fiber optic,Yes,Electronic check,Offer contract upgrade incentive,90.15
2833-SLKDQ,0.52989423,1,Medium Risk,1,Month-to-month,DSL,No,Mailed check,Offer contract upgrade incentive,45.05
6766-HFKLA,0.05409844,0,Low Risk,56,Two year,Fiber optic,Yes,Bank transfer (automatic),Continue regular engagement,103.2
7595-EUIVN,0.7524098,1,High Risk,1,Month-to-month,Fiber optic,No,Electronic check,Offer annual contract discount + proactive support,75.8
7617-EYGLW,0.4135857,1,Medium Risk,1,Month-to-month,No,No internet service,Electronic check,Offer contract upgrade incentive,19.45
2026-TGDHM,0.65441716,1,Medium Risk,7,Month-to-month,Fiber optic,No,Electronic check,Offer contract upgrade incentive,79.3
9220-ZNKJI,0.046355665,0,Low Risk,55,Two year,Fiber optic,Yes,Credit card (automatic),Continue regular engagement,88.8
4030-VPZBD,0.5823801,1,Medium Risk,2,Month-to-month,DSL,Yes,Electronic check,Offer contract upgrade incentive,30.9
2226-ICFDO,0.0051523345,0,Low Risk,72,Two year,DSL,Yes,Credit card (automatic),Continue regular engagement,85.9
0723-VSOBE,0.20053077,0,Low Risk,45,One year,DSL,No,Electronic check,Continue regular engagement,34.2
5529-GIBVH,0.01592102,0,Low Risk,47,Two year,No,No internet service,Mailed check,Continue regular engagement,20.15
4187-CINZD,0.17880256,0,Low Risk,46,One year,Fiber optic,No,Credit card (automatic),Continue regular engagement,95.25
9992-UJOEL,0.5249865,1,Medium Risk,2,Month-to-month,DSL,No,Mailed check,Offer contract upgrade incentive,50.3
4741-WWJQZ,0.6014666,1,Medium Risk,2,Month-to-month,Fiber optic,Yes,Electronic check,Offer contract upgrade incentive,80.15
6625-UTXEW,0.32496333,0,Low Risk,12,Month-to-month,DSL,No,Electronic check,Continue regular engagement,51.25
6818-WOBHJ,0.27918294,0,Low Risk,68,Month-to-month,Fiber optic,No,Bank transfer (automatic),Continue regular engagement,89.6
6244-BESBM,0.029087417,0,Low Risk,69,Two year,Fiber optic,Yes,Credit card (automatic),Continue regular engagement,95.2
1004-NOZNR,0.13913304,0,Low Risk,56,One year,Fiber optic,No,Credit card (automatic),Continue regular engagement,94.8
1251-STYSZ,0.599388,1,Medium Risk,4,Month-to-month,Fiber optic,No,Electronic check,Offer contract upgrade incentive,80.25
2612-PHGOX,0.023285868,0,Low Risk,64,Two year,DSL,Yes,Bank transfer (automatic),Continue regular engagement,76.1
2408-TZMJL,0.26534322,0,Low Risk,59,One year,Fiber optic,No,Electronic check,Continue regular engagement,110.15
8480-PPONV,0.050895736,0,Low Risk,62,Two year,Fiber optic,Yes,Bank transfer (automatic),Continue regular engagement,115.55
8780-IHCRN,0.008231955,0,Low Risk,63,Two year,No,No internet service,Credit card (automatic),Continue regular engagement,24.65
4598-ZADCK,0.094927534,0,Low Risk,53,One year,DSL,Yes,Electronic check,Continue regular engagement,53.6
1257-SXUXQ,0.0678613,0,Low Risk,5,Month-to-month,No,No internet service,Mailed check,Continue regular engagement,19.45
9681-KYGYB,0.2957052,0,Low Risk,49,Month-to-month,Fiber optic,No,Electronic check,Continue regular engagement,88.2
7182-OVLBJ,0.1350598,0,Low Risk,62,Two year,Fiber optic,No,Bank transfer (automatic),Continue regular engagement,101.15
5095-ETBRJ,0.012130479,0,Low Risk,55,Two year,DSL,Yes,Mailed check,Continue regular engagement,56.8
7005-CYUIL,0.016321179,0,Low Risk,71,Two year,Fiber optic,Yes,Electronic check,Continue regular engagement,99.4
4821-WQOYN,0.005511532,0,Low Risk,72,Two year,No,No internet service,Credit card (automatic),Continue regular engagement,20.1
4730-AWNAU,0.06383708,0,Low Risk,36,One year,DSL,Yes,Credit card (automatic),Continue regular engagement,60.7
3452-FLHYD,0.028209645,0,Low Risk,25,One year,No,No internet service,Bank transfer (automatic),Continue regular engagement,20.95
2388-LAESQ,0.012349336,0,Low Risk,72,Two year,Fiber optic,Yes,Bank transfer (automatic),Continue regular engagement,114.85
9531-NSBMR,0.02086041,0,Low Risk,36,One year,No,No internet service,Bank transfer (automatic),Continue regular engagement,19.25
6260-ONULR,0.58165675,1,Medium Risk,1,Month-to-month,DSL,No,Mailed check,Offer contract upgrade incentive,62.8
4389-UEFCZ,0.03558873,0,Low Risk,72,Two year,Fiber optic,No,Electronic check,Continue regular engagement,105.5
8711-LOBKY,0.022679228,0,Low Risk,59,Two year,No,No internet service,Mailed check,Continue regular engagement,19.85
9134-CEQMF,0.80594736,1,High Risk,7,Month-to-month,Fiber optic,No,Electronic check,Offer annual contract discount + proactive support,89.5
8985-OOPOS,0.22934334,0,Low Risk,1,One year,DSL,Yes,Credit card (automatic),Continue regular engagement,74.1
8800-ZKRFW,0.34320605,0,Low Risk,30,Month-to-month,Fiber optic,Yes,Electronic check,Continue regular engagement,107.5
2616-FLVQC,0.014619317,0,Low Risk,64,Two year,No,No internet service,Mailed check,Continue regular engagement,19.55
9968-FFVVH,0.024267554,0,Low Risk,63,One year,DSL,Yes,Bank transfer (automatic),Continue regular engagement,68.8
3108-PCCGG,0.008413836,0,Low Risk,72,Two year,DSL,No,Credit card (automatic),Continue regular engagement,84.45
7993-PYKOF,0.38999546,1,Medium Risk,8,Month-to-month,Fiber optic,No,Electronic check,Offer contract upgrade incentive,75.0
8390-FESFV,0.016354566,0,Low Risk,62,Two year,DSL,Yes,Bank transfer (automatic),Continue regular engagement,84.5
3022-BEXHZ,0.16660687,0,Low Risk,67,Two year,Fiber optic,Yes,Bank transfer (automatic),Continue regular engagement,111.2
5027-XWQHA,0.350424,1,Medium Risk,6,Month-to-month,DSL,No,Electronic check,Offer contract upgrade incentive,44.75
6248-TKCQV,0.028792026,0,Low Risk,70,Two year,DSL,Yes,Bank transfer (automatic),Continue regular engagement,80.6
6729-GDNGC,0.30095068,0,Low Risk,20,Month-to-month,Fiber optic,No,Bank transfer (automatic),Continue regular engagement,80.7
6198-ZFIOJ,0.63306916,1,Medium Risk,5,Month-to-month,Fiber optic,No,Electronic check,Offer contract upgrade incentive,75.6
5989-OMNJE,0.12124447,0,Low Risk,24,One year,DSL,No,Electronic check,Continue regular engagement,57.6
4566-QVRRW,0.33399555,0,Low Risk,11,Month-to-month,DSL,No,Electronic check,Continue regular engagement,44.05
1291-CUOCY,0.026243338,0,Low Risk,72,Two year,Fiber optic,Yes,Credit card (automatic),Continue regular engagement,110.6
9795-SHUHB,0.008332437,0,Low Risk,66,Two year,DSL,Yes,Credit card (automatic),Continue regular engagement,58.2
3230-IUALN,0.011055782,0,Low Risk,45,Two year,DSL,Yes,Mailed check,Continue regular engagement,81.0
0042-RLHYP,0.0082067,0,Low Risk,69,Two year,No,No internet service,Bank transfer (automatic),Continue regular engagement,19.7
8519-IMDHU,0.54917073,1,Medium Risk,15,Month-to-month,Fiber optic,No,Bank transfer (automatic),Offer contract upgrade incentive,85.6
4945-RVMTE,0.13646527,0,Low Risk,28,Month-to-month,DSL,No,Bank transfer (automatic),Continue regular engagement,59.55
0201-OAMXR,0.29377294,0,Low Risk,70,One year,Fiber optic,Yes,Credit card (automatic),Continue regular engagement,115.55
1866-NXPSP,0.08773776,0,Low Risk,36,One year,DSL,Yes,Mailed check,Continue regular engagement,75.55
3372-KWFBM,0.64148164,1,Medium Risk,16,Month-to-month,Fiber optic,No,Electronic check,Offer contract upgrade incentive,86.6
7831-QGOXH,0.6305696,1,Medium Risk,18,Month-to-month,Fiber optic,No,Electronic check,Offer contract upgrade incentive,85.2
6393-WRYZE,0.72849494,1,High Risk,34,Month-to-month,Fiber optic,No,Electronic check,Offer annual contract discount + proactive support,97.65
3941-XTSKM,0.10948343,0,Low Risk,42,One year,DSL,No,Credit card (automatic),Continue regular engagement,45.1
1661-CZBAU,0.06577404,0,Low Risk,48,One year,DSL,Yes,Bank transfer (automatic),Continue regular engagement,70.95
6599-RCLCJ,0.49268925,1,Medium Risk,47,Month-to-month,Fiber optic,Yes,Electronic check,Offer contract upgrade incentive,109.55
9831-BPFRI,0.1790551,0,Low Risk,39,One year,Fiber optic,Yes,Electronic check,Continue regular engagement,89.55
5158-RIVOP,0.01525933,0,Low Risk,11,Two year,No,No internet service,Credit card (automatic),Continue regular engagement,20.9
9788-YTFGE,0.108307555,0,Low Risk,7,Month-to-month,No,No internet service,Mailed check,Continue regular engagement,19.95
9277-JOOMO,0.15880004,0,Low Risk,3,Month-to-month,No,No internet service,Mailed check,Continue regular engagement,24.6
1907-YLNYW,0.27581698,0,Low Risk,8,Month-to-month,DSL,No,Electronic check,Continue regular engagement,66.7
1725-MIMXW,0.42015904,1,Medium Risk,1,Month-to-month,No,No internet service,Mailed check,Offer contract upgrade incentive,19.45
8947-YRTDV,0.059156504,0,Low Risk,32,One year,Fiber optic,No,Mailed check,Continue regular engagement,94.8
3161-ONRWK,0.017018972,0,Low Risk,60,One year,DSL,Yes,Bank transfer (automatic),Continue regular engagement,65.85
0114-RSRRW,0.11268668,0,Low Risk,10,Month-to-month,No,No internet service,Bank transfer (automatic),Continue regular engagement,19.95
4565-NLZBV,0.011434099,0,Low Risk,71,Two year,No,No internet service,Bank transfer (automatic),Continue regular engagement,24.65
0031-PVLZI,0.16782565,0,Low Risk,4,Month-to-month,No,No internet service,Mailed check,Continue regular engagement,20.35
7206-GZCDC,0.87429345,1,High Risk,1,Month-to-month,Fiber optic,No,Electronic check,Offer annual contract discount + proactive support,69.25
6682-VCIXC,0.043625023,0,Low Risk,43,One year,DSL,Yes,Bank transfer (automatic),Continue regular engagement,51.25
4791-QRGMF,0.37945935,1,Medium Risk,59,One year,Fiber optic,No,Bank transfer (automatic),Monitor customer + targeted engagement,99.5
6475-VHUIZ,0.12861931,0,Low Risk,23,Month-to-month,DSL,Yes,Electronic check,Continue regular engagement,54.25
3910-MRQOY,0.007523259,0,Low Risk,72,Two year,No,No internet service,Bank transfer (automatic),Continue regular engagement,19.4
0661-WCQNQ,0.06016632,0,Low Risk,22,One year,DSL,Yes,Credit card (automatic),Continue regular engagement,56.25
7537-RBWEA,0.6015836,1,Medium Risk,1,Month-to-month,DSL,No,Mailed check,Offer contract upgrade incentive,25.15
4656-CAURT,0.0064987964,0,Low Risk,69,Two year,No,No internet service,Bank transfer (automatic),Continue regular engagement,23.95
0121-SNYRK,0.03095959,0,Low Risk,50,One year,DSL,Yes,Mailed check,Continue regular engagement,35.4
1768-ZAIFU,0.8319433,1,High Risk,1,Month-to-month,DSL,No,Electronic check,Offer annual contract discount + proactive support,25.2
4671-LXRDQ,0.53712034,1,Medium Risk,2,Month-to-month,DSL,No,Mailed check,Offer contract upgrade incentive,45.0
3733-LSYCE,0.2836126,0,Low Risk,15,Month-to-month,Fiber optic,No,Bank transfer (automatic),Continue regular engagement,75.35
6265-FRMTQ,0.009180859,0,Low Risk,31,Two year,No,No internet service,Bank transfer (automatic),Continue regular engagement,20.4
1934-SJVJK,0.43942145,1,Medium Risk,1,Month-to-month,No,No internet service,Mailed check,Offer contract upgrade incentive,20.15
3838-OZURD,0.60790944,1,Medium Risk,66,Month-to-month,Fiber optic,No,Credit card (automatic),Offer contract upgrade incentive,105.0
1371-DWPAZ,0.036453404,0,Low Risk,0,Two year,DSL,Yes,Credit card (automatic),Continue regular engagement,56.05
9269-CQOOL,0.45791996,1,Medium Risk,3,Month-to-month,DSL,No,Credit card (automatic),Offer contract upgrade incentive,54.7
2017-CCBLH,0.0154677555,0,Low Risk,8,Two year,No,No internet service,Mailed check,Continue regular engagement,20.0
7690-KPNCU,0.07118905,0,Low Risk,64,One year,DSL,No,Credit card (automatic),Continue regular engagement,73.05
0536-BGFMZ,0.04695382,0,Low Risk,28,Month-to-month,No,No internet service,Mailed check,Continue regular engagement,20.5
2293-IJWPS,0.35218248,1,Medium Risk,57,One year,Fiber optic,No,Credit card (automatic),Monitor customer + targeted engagement,100.75
2845-HSJCY,0.60009646,1,Medium Risk,14,Month-to-month,Fiber optic,No,Electronic check,Offer contract upgrade incentive,87.25
5469-NUJUR,0.019475063,0,Low Risk,19,Two year,No,No internet service,Mailed check,Continue regular engagement,19.95
1184-PJVDB,0.68356425,1,Medium Risk,10,Month-to-month,Fiber optic,No,Electronic check,Offer contract upgrade incentive,79.95
2625-TRCZQ,0.3726547,1,Medium Risk,51,Month-to-month,DSL,No,Electronic check,Offer contract upgrade incentive,49.65
4102-HLENU,0.011190217,0,Low Risk,67,Two year,DSL,No,Mailed check,Continue regular engagement,65.65
7266-GSSJX,0.09682178,0,Low Risk,11,Month-to-month,No,No internet service,Electronic check,Continue regular engagement,20.45
7722-VJRQD,0.0048507885,0,Low Risk,72,Two year,DSL,Yes,Bank transfer (automatic),Continue regular engagement,60.95
7073-QETQY,0.026678292,0,Low Risk,66,One year,No,No internet service,Electronic check,Continue regular engagement,20.35
9415-DPEWS,0.5659236,1,Medium Risk,18,Month-to-month,Fiber optic,Yes,Electronic check,Offer contract upgrade incentive,88.35
5624-RYAMH,0.19205447,0,Low Risk,9,Month-to-month,No,No internet service,Electronic check,Continue regular engagement,19.5
0196-JTUQI,0.5540746,1,Medium Risk,9,Month-to-month,Fiber optic,No,Credit card (automatic),Offer contract upgrade incentive,75.2
7130-YXBRO,0.34237197,0,Low Risk,48,Month-to-month,Fiber optic,No,Bank transfer (automatic),Continue regular engagement,111.45
9272-LSVYH,0.34890375,0,Low Risk,10,Month-to-month,Fiber optic,No,Mailed check,Continue regular engagement,70.15
7943-RQCHR,0.8434518,1,High Risk,9,Month-to-month,Fiber optic,No,Electronic check,Offer annual contract discount + proactive support,94.75
3793-MMFUH,0.7719636,1,High Risk,13,Month-to-month,Fiber optic,No,Electronic check,Offer annual contract discount + proactive support,95.05
3249-ZPQRG,0.65740967,1,Medium Risk,4,Month-to-month,Fiber optic,No,Electronic check,Offer contract upgrade incentive,78.45
2568-BRGYX,0.5817671,1,Medium Risk,4,Month-to-month,Fiber optic,No,Electronic check,Offer contract upgrade incentive,70.2
3084-DOWLE,0.00326085,0,Low Risk,72,Two year,DSL,Yes,Bank transfer (automatic),Continue regular engagement,92.0
1084-MNSMJ,0.014391328,0,Low Risk,51,Two year,DSL,Yes,Credit card (automatic),Continue regular engagement,85.5
7721-JXEAW,0.34036648,0,Low Risk,59,Month-to-month,DSL,No,Bank transfer (automatic),Continue regular engagement,41.05
7249-WBIYX,0.7247795,1,High Risk,10,Month-to-month,Fiber optic,No,Electronic check,Offer annual contract discount + proactive support,85.6
4238-HFHSN,0.2721562,0,Low Risk,61,Month-to-month,Fiber optic,No,Electronic check,Continue regular engagement,82.15
6250-CGGUN,0.08486539,0,Low Risk,54,One year,Fiber optic,Yes,Electronic check,Continue regular engagement,84.4
5478-JJVZK,0.09226199,0,Low Risk,33,Month-to-month,DSL,No,Mailed check,Continue regular engagement,60.9
7596-IIWYC,0.012446458,0,Low Risk,27,Two year,No,No internet service,Bank transfer (automatic),Continue regular engagement,20.25
6567-HOOPW,0.90876245,1,High Risk,1,Month-to-month,Fiber optic,No,Electronic check,Offer annual contract discount + proactive support,79.2
9793-WECQC,0.3488844,0,Low Risk,23,Month-to-month,Fiber optic,No,Mailed check,Continue regular engagement,95.3
4291-HPAXL,0.3724666,1,Medium Risk,1,Month-to-month,No,No internet service,Mailed check,Offer contract upgrade incentive,19.85
8999-YPYBV,0.014419193,0,Low Risk,45,Two year,DSL,Yes,Mailed check,Continue regular engagement,84.35
1839-FBNFR,0.013226649,0,Low Risk,39,Two year,No,No internet service,Bank transfer (automatic),Continue regular engagement,19.85
3164-AALRN,0.2732969,0,Low Risk,5,One year,DSL,No,Mailed check,Continue regular engagement,70.0
3071-MVJCD,0.0042289402,0,Low Risk,72,Two year,DSL,Yes,Bank transfer (automatic),Continue regular engagement,82.3
1697-BCSHV,0.10119105,0,Low Risk,58,Month-to-month,DSL,No,Bank transfer (automatic),Continue regular engagement,66.8
0562-KBDVM,0.012970027,0,Low Risk,70,Two year,DSL,Yes,Bank transfer (automatic),Continue regular engagement,44.6
1131-SUEKT,0.093062535,0,Low Risk,61,One year,Fiber optic,Yes,Bank transfer (automatic),Continue regular engagement,98.45
3717-OEAUQ,0.5669089,1,Medium Risk,2,Month-to-month,Fiber optic,No,Mailed check,Offer contract upgrade incentive,70.7
4538-WNTMJ,0.030322716,0,Low Risk,46,One year,No,No internet service,Mailed check,Continue regular engagement,24.95
3334-CTHOL,0.514474,1,Medium Risk,1,Month-to-month,DSL,No,Bank transfer (automatic),Offer contract upgrade incentive,49.95
4704-ERYFC,0.462999,1,Medium Risk,22,Month-to-month,Fiber optic,No,Electronic check,Offer contract upgrade incentive,69.25
9432-RUVSL,0.056798223,0,Low Risk,48,Two year,Fiber optic,Yes,Credit card (automatic),Continue regular engagement,102.5
8060-HIWJJ,0.014920689,0,Low Risk,64,Two year,DSL,Yes,Credit card (automatic),Continue regular engagement,86.55
7684-XSZIY,0.00442825,0,Low Risk,72,Two year,No,No internet service,Bank transfer (automatic),Continue regular engagement,24.3
9089-UOWJG,0.27109987,0,Low Risk,12,Month-to-month,DSL,No,Credit card (automatic),Continue regular engagement,58.35
8621-MNIHH,0.5379043,1,Medium Risk,34,Month-to-month,Fiber optic,No,Electronic check,Offer contract upgrade incentive,94.25
8039-ACLPL,0.007023349,0,Low Risk,72,Two year,DSL,No,Credit card (automatic),Continue regular engagement,68.75
9885-AIBVB,0.4946468,1,Medium Risk,29,Month-to-month,Fiber optic,No,Electronic check,Offer contract upgrade incentive,85.8
1934-MKPXS,0.013141348,0,Low Risk,33,One year,No,No internet service,Credit card (automatic),Continue regular engagement,20.1
2592-YKDIF,0.26028332,0,Low Risk,1,Month-to-month,No,No internet service,Mailed check,Continue regular engagement,20.35
2272-JKMSI,0.10480151,0,Low Risk,62,One year,Fiber optic,Yes,Electronic check,Continue regular engagement,110.8
0471-LVHGK,0.15798704,0,Low Risk,41,One year,DSL,No,Electronic check,Continue regular engagement,73.0
9518-RWHZL,0.21433541,0,Low Risk,64,One year,Fiber optic,No,Credit card (automatic),Continue regular engagement,100.05
8714-CTZJW,0.63729995,1,Medium Risk,4,Month-to-month,Fiber optic,No,Credit card (automatic),Offer contract upgrade incentive,82.85
3569-EDBPQ,0.3554781,1,Medium Risk,24,Month-to-month,Fiber optic,Yes,Electronic check,Offer contract upgrade incentive,84.35
3131-NWVFJ,0.026470032,0,Low Risk,14,One year,No,No internet service,Mailed check,Continue regular engagement,19.55
7521-YXVZY,0.15352601,0,Low Risk,3,Month-to-month,No,No internet service,Mailed check,Continue regular engagement,19.95
5419-CONWX,0.8342626,1,High Risk,4,Month-to-month,Fiber optic,No,Credit card (automatic),Offer annual contract discount + proactive support,99.8
6240-EURKS,0.41865098,1,Medium Risk,18,Month-to-month,DSL,No,Electronic check,Offer contract upgrade incentive,35.0
2373-NTKOD,0.36787882,1,Medium Risk,8,Month-to-month,DSL,No,Electronic check,Offer contract upgrade incentive,66.25
1970-KKFWL,0.014914811,0,Low Risk,35,Two year,No,No internet service,Bank transfer (automatic),Continue regular engagement,23.3
6960-HVYXR,0.82432514,1,High Risk,1,Month-to-month,Fiber optic,No,Electronic check,Offer annual contract discount + proactive support,76.0
9337-SRRNI,0.008077183,0,Low Risk,66,Two year,No,No internet service,Credit card (automatic),Continue regular engagement,25.3
0895-UADGO,0.032854002,0,Low Risk,8,Two year,DSL,Yes,Mailed check,Continue regular engagement,44.55
5678-VFNEQ,0.10424974,0,Low Risk,71,One year,Fiber optic,No,Credit card (automatic),Continue regular engagement,104.1
5977-CKHON,0.32769004,0,Low Risk,43,Month-to-month,Fiber optic,No,Bank transfer (automatic),Continue regular engagement,92.55
7024-OHCCK,0.86501265,1,High Risk,2,Month-to-month,Fiber optic,No,Electronic check,Offer annual contract discount + proactive support,93.85
2692-BUCFV,0.4269715,1,Medium Risk,29,Month-to-month,Fiber optic,No,Bank transfer (automatic),Offer contract upgrade incentive,101.45
7861-UVUFT,0.52469134,1,Medium Risk,15,Month-to-month,Fiber optic,No,Electronic check,Offer contract upgrade incentive,84.3
1830-GGFNM,0.028935002,0,Low Risk,65,Two year,Fiber optic,Yes,Credit card (automatic),Continue regular engagement,94.55
5302-BDJNT,0.27756765,0,Low Risk,35,Month-to-month,Fiber optic,Yes,Electronic check,Continue regular engagement,95.5
5223-UZAVK,0.16279928,0,Low Risk,64,One year,Fiber optic,No,Credit card (automatic),Continue regular engagement,100.3
4859-ZSRDZ,0.020519612,0,Low Risk,58,Two year,DSL,Yes,Credit card (automatic),Continue regular engagement,55.5
5651-WYIPH,0.27881056,0,Low Risk,18,Month-to-month,DSL,No,Credit card (automatic),Continue regular engagement,49.85
9350-VLHMB,0.26258555,0,Low Risk,67,Month-to-month,Fiber optic,No,Bank transfer (automatic),Continue regular engagement,89.55
3498-LZGQZ,0.016023537,0,Low Risk,63,Two year,No,No internet service,Mailed check,Continue regular engagement,19.15
8785-CJSHH,0.3970432,1,Medium Risk,60,Month-to-month,Fiber optic,No,Electronic check,Offer contract upgrade incentive,99.8
5357-TZHPP,0.7163599,1,High Risk,9,Month-to-month,Fiber optic,No,Credit card (automatic),Offer annual contract discount + proactive support,84.4
3870-SPZSI,0.05628178,0,Low Risk,70,Two year,Fiber optic,Yes,Credit card (automatic),Continue regular engagement,113.05
0680-DFNNY,0.75449276,1,High Risk,15,Month-to-month,Fiber optic,No,Electronic check,Offer annual contract discount + proactive support,101.1
7560-QRBXH,0.022736508,0,Low Risk,48,One year,No,No internet service,Mailed check,Continue regular engagement,19.95
7077-XJMET,0.2878739,0,Low Risk,12,Month-to-month,DSL,Yes,Electronic check,Continue regular engagement,74.15
8752-GHJFU,0.040402025,0,Low Risk,71,One year,Fiber optic,Yes,Electronic check,Continue regular engagement,92.0
6896-SRVYQ,0.36658454,1,Medium Risk,44,Month-to-month,Fiber optic,No,Electronic check,Offer contract upgrade incentive,73.85
7767-UXAGJ,0.70092964,1,High Risk,1,Month-to-month,DSL,No,Electronic check,Offer annual contract discount + proactive support,50.45
4652-ODEVH,0.020347988,0,Low Risk,45,Two year,No,No internet service,Mailed check,Continue regular engagement,24.45
6510-UPNKS,0.05188046,0,Low Risk,23,One year,No,No internet service,Credit card (automatic),Continue regular engagement,24.8
6718-BDGHG,0.07280888,0,Low Risk,43,One year,DSL,Yes,Bank transfer (automatic),Continue regular engagement,64.85
9046-DQMTP,0.0444674,0,Low Risk,35,Month-to-month,No,No internet service,Bank transfer (automatic),Continue regular engagement,20.75
6439-LAJXL,0.15728118,0,Low Risk,9,Month-to-month,DSL,Yes,Mailed check,Continue regular engagement,68.95
1571-SAVHK,0.84163743,1,High Risk,12,Month-to-month,Fiber optic,Yes,Mailed check,Offer annual contract discount + proactive support,99.95
9052-VKDUW,0.17008923,0,Low Risk,65,Month-to-month,Fiber optic,No,Credit card (automatic),Continue regular engagement,109.4
9546-CQJSU,0.871978,1,High Risk,2,Month-to-month,Fiber optic,No,Electronic check,Offer annual contract discount + proactive support,91.4
1666-JZPZT,0.099858806,0,Low Risk,27,Month-to-month,DSL,No,Mailed check,Continue regular engagement,49.0
5777-KJIRB,0.04886188,0,Low Risk,40,One year,DSL,No,Mailed check,Continue regular engagement,50.25
0506-LVNGN,0.6132277,1,Medium Risk,5,Month-to-month,Fiber optic,No,Credit card (automatic),Offer contract upgrade incentive,75.55
7677-SJJJK,0.049789663,0,Low Risk,8,One year,No,No internet service,Credit card (automatic),Continue regular engagement,19.9
2480-EJWYP,0.24168773,0,Low Risk,58,One year,Fiber optic,No,Bank transfer (automatic),Continue regular engagement,97.8
3253-HKOKL,0.11232018,0,Low Risk,52,One year,Fiber optic,No,Electronic check,Continue regular engagement,100.3
7055-HNEOJ,0.36399436,1,Medium Risk,3,Month-to-month,DSL,Yes,Mailed check,Offer contract upgrade incentive,55.8
5514-YQENT,0.1705242,0,Low Risk,41,Two year,Fiber optic,Yes,Electronic check,Continue regular engagement,111.15
3211-AAPKX,0.61826175,1,Medium Risk,20,Month-to-month,Fiber optic,Yes,Mailed check,Offer contract upgrade incentive,98.55
8445-DNBAE,0.5849521,1,Medium Risk,1,Month-to-month,DSL,No,Electronic check,Offer contract upgrade incentive,50.05
2951-QOQTK,0.68144447,1,Medium Risk,4,Month-to-month,Fiber optic,Yes,Credit card (automatic),Offer contract upgrade incentive,80.8
2958-NHPPS,0.054893076,0,Low Risk,23,Month-to-month,No,No internet service,Electronic check,Continue regular engagement,20.85
6806-YDEUL,0.09271934,0,Low Risk,6,Month-to-month,No,No internet service,Bank transfer (automatic),Continue regular engagement,19.5
1735-XMJVH,0.15655577,0,Low Risk,8,Month-to-month,No,No internet service,Mailed check,Continue regular engagement,19.35
6890-PFRQX,0.14326473,0,Low Risk,18,Month-to-month,DSL,No,Mailed check,Continue regular engagement,69.5
0222-CNVPT,0.21503495,0,Low Risk,52,Month-to-month,DSL,No,Credit card (automatic),Continue regular engagement,48.8
5899-OUVKV,0.38225365,1,Medium Risk,31,Month-to-month,Fiber optic,No,Electronic check,Offer contract upgrade incentive,94.5
8681-ICONS,0.048238568,0,Low Risk,29,Month-to-month,No,No internet service,Mailed check,Continue regular engagement,20.65
1621-YNCJH,0.12730874,0,Low Risk,36,Two year,Fiber optic,Yes,Credit card (automatic),Continue regular engagement,106.05
3473-XIIIT,0.78631383,1,High Risk,16,Month-to-month,Fiber optic,No,Electronic check,Offer annual contract discount + proactive support,100.0
6362-QHAFM,0.45895073,1,Medium Risk,42,One year,Fiber optic,Yes,Electronic check,Monitor customer + targeted engagement,108.3
7893-IXHRQ,0.33778614,0,Low Risk,1,Month-to-month,No,No internet service,Electronic check,Continue regular engagement,20.55
3070-BDOQC,0.04930527,0,Low Risk,60,Two year,Fiber optic,No,Electronic check,Continue regular engagement,99.65
2952-QAYZF,0.80682033,1,High Risk,5,Month-to-month,Fiber optic,No,Electronic check,Offer annual contract discount + proactive support,85.3
6234-PFPXL,0.3969945,1,Medium Risk,22,Month-to-month,Fiber optic,Yes,Credit card (automatic),Offer contract upgrade incentive,95.9
9824-QCJPK,0.01343463,0,Low Risk,36,One year,No,No internet service,Mailed check,Continue regular engagement,20.0
4763-PGDPO,0.50533867,1,Medium Risk,4,Month-to-month,Fiber optic,No,Electronic check,Offer contract upgrade incentive,70.4
4283-IVYCI,0.12712747,0,Low Risk,9,Month-to-month,DSL,Yes,Mailed check,Continue regular engagement,64.95
1866-OBPNR,0.66098404,1,Medium Risk,1,Month-to-month,Fiber optic,No,Credit card (automatic),Offer contract upgrade incentive,74.6
8205-MQUGY,0.31890145,0,Low Risk,12,Month-to-month,DSL,No,Electronic check,Continue regular engagement,49.2
8970-ANWXO,0.09465226,0,Low Risk,23,One year,DSL,Yes,Mailed check,Continue regular engagement,73.75
9480-BQJEI,0.07538089,0,Low Risk,62,One year,Fiber optic,No,Bank transfer (automatic),Continue regular engagement,92.3
5394-SVGJV,0.36179444,1,Medium Risk,37,Month-to-month,Fiber optic,Yes,Bank transfer (automatic),Offer contract upgrade incentive,98.8
6979-TNDEU,0.058321875,0,Low Risk,8,Month-to-month,No,No internet service,Mailed check,Continue regular engagement,19.2
9777-WJJPR,0.31133753,0,Low Risk,31,Month-to-month,Fiber optic,No,Credit card (automatic),Continue regular engagement,88.65
9283-LZQOH,0.42621037,1,Medium Risk,13,Month-to-month,Fiber optic,No,Credit card (automatic),Offer contract upgrade incentive,74.4
7079-QRCBC,0.7850706,1,High Risk,24,Month-to-month,Fiber optic,No,Electronic check,Offer annual contract discount + proactive support,98.75
9495-SKLKD,0.31325784,0,Low Risk,45,Month-to-month,Fiber optic,No,Bank transfer (automatic),Continue regular engagement,95.95
6048-UWKAL,0.056821354,0,Low Risk,69,Two year,Fiber optic,Yes,Credit card (automatic),Continue regular engagement,105.4
5067-DGXLL,0.12351423,0,Low Risk,2,Month-to-month,No,No internet service,Mailed check,Continue regular engagement,20.25
5469-CTCWN,0.17422809,0,Low Risk,61,One year,Fiber optic,No,Electronic check,Continue regular engagement,106.0
9851-QXEEQ,0.6621693,1,Medium Risk,41,Month-to-month,Fiber optic,No,Electronic check,Offer contract upgrade incentive,104.7
6281-FKEWS,0.25096926,0,Low Risk,44,One year,DSL,No,Electronic check,Continue regular engagement,49.05
8898-KASCD,0.05107747,0,Low Risk,39,One year,DSL,Yes,Mailed check,Continue regular engagement,35.55
9242-TKFSV,0.005859661,0,Low Risk,72,Two year,DSL,Yes,Credit card (automatic),Continue regular engagement,65.1
9290-SHCMB,0.74698293,1,High Risk,13,Month-to-month,Fiber optic,No,Electronic check,Offer annual contract discount + proactive support,96.85
0743-HNPFG,0.049022052,0,Low Risk,51,One year,DSL,Yes,Credit card (automatic),Continue regular engagement,69.75
2277-BKJKN,0.056236904,0,Low Risk,71,Two year,Fiber optic,No,Electronic check,Continue regular engagement,99.2
9809-IMGCQ,0.8013871,1,High Risk,22,Month-to-month,Fiber optic,No,Electronic check,Offer annual contract discount + proactive support,96.7
5208-HFSBT,0.50795215,1,Medium Risk,2,Month-to-month,DSL,Yes,Credit card (automatic),Offer contract upgrade incentive,55.05
5035-PGZXH,0.35194725,1,Medium Risk,56,One year,Fiber optic,No,Electronic check,Monitor customer + targeted engagement,106.8
8695-WDYEA,0.38486782,1,Medium Risk,1,Month-to-month,DSL,No,Mailed check,Offer contract upgrade incentive,51.25
6543-JXSOO,0.040096357,0,Low Risk,23,One year,DSL,Yes,Mailed check,Continue regular engagement,57.75
8016-ZMGMO,0.08245093,0,Low Risk,66,One year,DSL,No,Bank transfer (automatic),Continue regular engagement,70.85
8605-ITULD,0.35269466,1,Medium Risk,1,Month-to-month,No,No internet service,Mailed check,Offer contract upgrade incentive,19.55
3254-YRILK,0.67655563,1,Medium Risk,19,Month-to-month,Fiber optic,No,Electronic check,Offer contract upgrade incentive,88.2
6416-YJTTB,0.37810633,1,Medium Risk,11,Month-to-month,Fiber optic,No,Bank transfer (automatic),Offer contract upgrade incentive,79.5
2667-WYLWJ,0.04893639,0,Low Risk,8,One year,No,No internet service,Mailed check,Continue regular engagement,19.75
4472-VESGY,0.16379786,0,Low Risk,52,Month-to-month,Fiber optic,No,Bank transfer (automatic),Continue regular engagement,98.15
3195-TQDZX,0.18948655,0,Low Risk,3,Month-to-month,No,No internet service,Electronic check,Continue regular engagement,20.25
3128-YOVTD,0.16070248,0,Low Risk,51,Month-to-month,Fiber optic,No,Bank transfer (automatic),Continue regular engagement,79.15
0529-ONKER,0.5780841,1,Medium Risk,15,Month-to-month,Fiber optic,No,Electronic check,Offer contract upgrade incentive,75.65
1728-CXQBE,0.30836406,0,Low Risk,64,Month-to-month,Fiber optic,No,Electronic check,Continue regular engagement,94.25
7041-TXQJH,0.20749336,0,Low Risk,37,Month-to-month,DSL,No,Credit card (automatic),Continue regular engagement,40.2
5014-GSOUQ,0.017489986,0,Low Risk,13,Two year,No,No internet service,Mailed check,Continue regular engagement,19.95
5724-BIDBU,0.09755624,0,Low Risk,49,One year,DSL,No,Electronic check,Continue regular engagement,55.35
0481-SUMCB,0.32897326,0,Low Risk,45,One year,Fiber optic,No,Bank transfer (automatic),Continue regular engagement,102.15
1769-GRUIK,0.45057833,1,Medium Risk,18,Month-to-month,Fiber optic,No,Electronic check,Offer contract upgrade incentive,71.1
5240-IJOQT,0.86748576,1,High Risk,1,Month-to-month,Fiber optic,No,Electronic check,Offer annual contract discount + proactive support,74.7
8819-WFGGJ,0.02347893,0,Low Risk,68,Two year,DSL,No,Bank transfer (automatic),Continue regular engagement,54.1
7427-AUFPY,0.016062122,0,Low Risk,54,Two year,No,No internet service,Credit card (automatic),Continue regular engagement,19.65
2811-POVEX,0.3759808,1,Medium Risk,23,Month-to-month,Fiber optic,No,Bank transfer (automatic),Offer contract upgrade incentive,88.45
1092-GANHU,0.42216706,1,Medium Risk,17,Month-to-month,Fiber optic,No,Electronic check,Offer contract upgrade incentive,76.65
7898-PDWQE,0.0074501247,0,Low Risk,71,Two year,DSL,Yes,Credit card (automatic),Continue regular engagement,80.4
9972-EWRJS,0.0076691327,0,Low Risk,67,Two year,No,No internet service,Bank transfer (automatic),Continue regular engagement,19.25
9314-IJWSQ,0.6789188,1,Medium Risk,14,Month-to-month,Fiber optic,No,Electronic check,Offer contract upgrade incentive,84.8
0661-XEYAN,0.7571527,1,High Risk,1,Month-to-month,DSL,No,Mailed check,Offer annual contract discount + proactive support,25.8
5799-JRCZO,0.02027182,0,Low Risk,63,Two year,No,No internet service,Credit card (automatic),Continue regular engagement,19.5
1921-KYSAY,0.13451748,0,Low Risk,41,One year,DSL,Yes,Electronic check,Continue regular engagement,68.6
6198-RTPMF,0.4801235,1,Medium Risk,17,Month-to-month,Fiber optic,No,Electronic check,Offer contract upgrade incentive,92.6
2924-KHUVI,0.27657318,0,Low Risk,56,One year,Fiber optic,No,Electronic check,Continue regular engagement,100.55
1925-GMVBW,0.14237715,0,Low Risk,5,Month-to-month,No,No internet service,Credit card (automatic),Continue regular engagement,20.55
7881-EVUAD,0.631247,1,Medium Risk,2,Month-to-month,DSL,No,Electronic check,Offer contract upgrade incentive,42.6
6184-DYUOB,0.1333529,0,Low Risk,3,Month-to-month,No,No internet service,Mailed check,Continue regular engagement,19.6
9207-ZPANB,0.074545756,0,Low Risk,37,One year,DSL,Yes,Electronic check,Continue regular engagement,67.45
5766-XQXMQ,0.099806376,0,Low Risk,29,Month-to-month,DSL,No,Bank transfer (automatic),Continue regular engagement,68.85
9327-QSDED,0.2393262,0,Low Risk,8,Month-to-month,DSL,No,Mailed check,Continue regular engagement,43.55
1656-DRSMG,0.20455746,0,Low Risk,63,Month-to-month,Fiber optic,Yes,Credit card (automatic),Continue regular engagement,109.85
3012-VFFMN,0.07634006,0,Low Risk,7,Month-to-month,No,No internet service,Mailed check,Continue regular engagement,20.65
2984-AFWNC,0.58062947,1,Medium Risk,3,Month-to-month,Fiber optic,No,Electronic check,Offer contract upgrade incentive,95.4
0640-YJTPY,0.0045498507,0,Low Risk,72,Two year,No,No internet service,Bank transfer (automatic),Continue regular engagement,21.0
8096-LOIST,0.346678,0,Low Risk,19,Month-to-month,DSL,No,Electronic check,Continue regular engagement,56.2
9764-REAFF,0.009947918,0,Low Risk,59,Two year,No,No internet service,Bank transfer (automatic),Continue regular engagement,18.4
3703-VAVCL,0.6620452,1,Medium Risk,2,Month-to-month,Fiber optic,Yes,Credit card (automatic),Offer contract upgrade incentive,90.0
7107-UBYKY,0.08137952,0,Low Risk,35,Month-to-month,No,No internet service,Electronic check,Continue regular engagement,25.75
4881-GQJTW,0.06520362,0,Low Risk,14,Month-to-month,No,No internet service,Credit card (automatic),Continue regular engagement,19.6
8519-QJGJD,0.39107364,1,Medium Risk,14,Month-to-month,Fiber optic,No,Electronic check,Offer contract upgrade incentive,75.35
7876-DNYAP,0.0078699095,0,Low Risk,69,Two year,No,No internet service,Credit card (automatic),Continue regular engagement,19.8
7905-NJMXS,0.19390677,0,Low Risk,7,Month-to-month,DSL,Yes,Electronic check,Continue regular engagement,64.2
2882-WDTBA,0.028111432,0,Low Risk,69,Two year,DSL,Yes,Bank transfer (automatic),Continue regular engagement,75.75
2091-GPPIQ,0.018125938,0,Low Risk,72,Two year,DSL,Yes,Electronic check,Continue regular engagement,78.95
6326-MTTXK,0.7156601,1,High Risk,8,Month-to-month,Fiber optic,No,Electronic check,Offer annual contract discount + proactive support,100.85
5071-FBJFS,0.26154968,0,Low Risk,4,Month-to-month,DSL,No,Electronic check,Continue regular engagement,50.3
2796-UUZZO,0.13718846,0,Low Risk,63,Month-to-month,Fiber optic,No,Credit card (automatic),Continue regular engagement,80.3
2429-AYKKO,0.0074329306,0,Low Risk,72,Two year,No,No internet service,Bank transfer (automatic),Continue regular engagement,19.85
9798-OPFEM,0.017659271,0,Low Risk,46,Two year,No,No internet service,Electronic check,Continue regular engagement,21.1
0330-IVZHA,0.50204045,1,Medium Risk,5,Month-to-month,Fiber optic,No,Electronic check,Offer contract upgrade incentive,69.95
3794-NFNCH,0.11503754,0,Low Risk,30,Month-to-month,DSL,No,Mailed check,Continue regular engagement,50.0
5193-QLVZB,0.083271995,0,Low Risk,63,Two year,Fiber optic,No,Bank transfer (automatic),Continue regular engagement,104.75
7114-AEOZE,0.017944576,0,Low Risk,60,Two year,No,No internet service,Bank transfer (automatic),Continue regular engagement,19.85
2886-KEFUM,0.23384058,0,Low Risk,63,One year,Fiber optic,No,Electronic check,Continue regular engagement,107.5
5522-NYKPB,0.3274067,0,Low Risk,25,Month-to-month,Fiber optic,Yes,Electronic check,Continue regular engagement,85.9
4237-RLAQD,0.6143426,1,Medium Risk,1,Month-to-month,DSL,No,Mailed check,Offer contract upgrade incentive,45.85
9957-YODKZ,0.75693935,1,High Risk,6,Month-to-month,Fiber optic,No,Electronic check,Offer annual contract discount + proactive support,80.8
6518-KZXCB,0.0147656035,0,Low Risk,22,Two year,No,No internet service,Mailed check,Continue regular engagement,25.25
2245-ADZFJ,0.020863608,0,Low Risk,31,Two year,DSL,Yes,Bank transfer (automatic),Continue regular engagement,80.55
7776-QGYJC,0.23648988,0,Low Risk,39,Month-to-month,Fiber optic,Yes,Bank transfer (automatic),Continue regular engagement,81.5
9313-QOLTZ,0.045173977,0,Low Risk,26,Month-to-month,No,No internet service,Mailed check,Continue regular engagement,20.9
9651-GTSAQ,0.2843196,0,Low Risk,53,One year,Fiber optic,No,Bank transfer (automatic),Continue regular engagement,106.1
3186-BAXNB,0.6515692,1,Medium Risk,1,Month-to-month,Fiber optic,Yes,Electronic check,Offer contract upgrade incentive,91.7
4672-FOTSD,0.24698319,0,Low Risk,12,Month-to-month,DSL,Yes,Electronic check,Continue regular engagement,67.25
0637-YLETY,0.49824333,1,Medium Risk,16,Month-to-month,Fiber optic,No,Credit card (automatic),Offer contract upgrade incentive,95.6
9818-XQCUV,0.110907115,0,Low Risk,2,Month-to-month,No,No internet service,Mailed check,Continue regular engagement,20.35
7338-ERIVA,0.046154007,0,Low Risk,39,One year,DSL,Yes,Bank transfer (automatic),Continue regular engagement,45.05
1157-BQCUW,0.8530667,1,High Risk,1,Month-to-month,Fiber optic,No,Electronic check,Offer annual contract discount + proactive support,74.95
8259-NFJTV,0.13832141,0,Low Risk,7,Month-to-month,DSL,Yes,Mailed check,Continue regular engagement,34.65
3223-DWFIO,0.5204967,1,Medium Risk,4,Month-to-month,Fiber optic,No,Electronic check,Offer contract upgrade incentive,69.35
2660-EMUBI,0.8265905,1,High Risk,10,Month-to-month,Fiber optic,No,Electronic check,Offer annual contract discount + proactive support,95.35
6968-GMKPR,0.2615519,0,Low Risk,55,Month-to-month,Fiber optic,No,Electronic check,Continue regular engagement,81.55
4751-ERMAN,0.01869415,0,Low Risk,72,Two year,DSL,No,Bank transfer (automatic),Continue regular engagement,75.4
1436-ZMJAN,0.27810887,0,Low Risk,10,Month-to-month,DSL,No,Credit card (automatic),Continue regular engagement,67.8
3292-PBZEJ,0.722698,1,High Risk,11,Month-to-month,Fiber optic,Yes,Electronic check,Offer annual contract discount + proactive support,111.4
0799-DDIHE,0.23407507,0,Low Risk,15,Month-to-month,DSL,No,Electronic check,Continue regular engagement,46.3
3070-FNFZQ,0.008538766,0,Low Risk,23,Two year,No,No internet service,Bank transfer (automatic),Continue regular engagement,20.4
2812-SFXMJ,0.37296057,1,Medium Risk,1,Month-to-month,No,No internet service,Mailed check,Offer contract upgrade incentive,20.05
7675-OZCZG,0.4756884,1,Medium Risk,3,Month-to-month,DSL,No,Electronic check,Offer contract upgrade incentive,45.0
5014-WUQMG,0.14068066,0,Low Risk,47,One year,Fiber optic,No,Electronic check,Continue regular engagement,96.1
5312-TSZVC,0.024007037,0,Low Risk,15,One year,No,No internet service,Mailed check,Continue regular engagement,19.65
2003-CKLOR,0.37962294,1,Medium Risk,66,Month-to-month,Fiber optic,No,Electronic check,Offer contract upgrade incentive,99.5
0993-OSGPT,0.028615313,0,Low Risk,68,One year,DSL,Yes,Bank transfer (automatic),Continue regular engagement,60.65
9254-RBFON,0.17950699,0,Low Risk,17,One year,Fiber optic,Yes,Bank transfer (automatic),Continue regular engagement,98.6
1205-WNWPJ,0.24965157,0,Low Risk,7,Month-to-month,DSL,Yes,Mailed check,Continue regular engagement,59.5
9391-EOYLI,0.62476796,1,Medium Risk,12,Month-to-month,Fiber optic,No,Electronic check,Offer contract upgrade incentive,80.45
7108-DGVUU,0.14100403,0,Low Risk,21,One year,DSL,No,Bank transfer (automatic),Continue regular engagement,71.7
2782-JEEBU,0.19242102,0,Low Risk,21,Month-to-month,DSL,Yes,Mailed check,Continue regular engagement,36.0
5127-BZENZ,0.030692216,0,Low Risk,56,One year,DSL,No,Bank transfer (automatic),Continue regular engagement,65.2
2720-FVBQP,0.3693573,1,Medium Risk,6,Month-to-month,DSL,No,Credit card (automatic),Offer contract upgrade incentive,48.95
9906-NHHVC,0.04176887,0,Low Risk,65,Two year,DSL,No,Bank transfer (automatic),Continue regular engagement,53.5
4522-XRWWI,0.11995079,0,Low Risk,42,One year,DSL,Yes,Credit card (automatic),Continue regular engagement,80.45
3766-EJLFL,0.17760177,0,Low Risk,68,Two year,Fiber optic,Yes,Bank transfer (automatic),Continue regular engagement,109.05
5939-SXWHM,0.009740082,0,Low Risk,48,Two year,No,No internet service,Bank transfer (automatic),Continue regular engagement,26.3
8152-UOBNY,0.2979038,0,Low Risk,50,One year,Fiber optic,Yes,Electronic check,Continue regular engagement,106.8
7351-KYHQH,0.36333805,1,Medium Risk,7,Month-to-month,DSL,No,Electronic check,Offer contract upgrade incentive,64.95
7643-RCHXS,0.03161127,0,Low Risk,63,Two year,No,No internet service,Electronic check,Continue regular engagement,19.35
8246-SHFGA,0.059786156,0,Low Risk,17,Month-to-month,No,No internet service,Credit card (automatic),Continue regular engagement,21.1
8387-MOJJT,0.4144514,1,Medium Risk,42,Month-to-month,Fiber optic,No,Credit card (automatic),Offer contract upgrade incentive,77.95
0620-XEFWH,0.03800024,0,Low Risk,4,Month-to-month,No,No internet service,Mailed check,Continue regular engagement,18.85
6485-QXWWE,0.010228085,0,Low Risk,62,Two year,No,No internet service,Bank transfer (automatic),Continue regular engagement,26.0
2761-OCIAX,0.7033325,1,High Risk,2,Month-to-month,Fiber optic,No,Electronic check,Offer annual contract discount + proactive support,74.7
7321-VGNKU,0.66089296,1,Medium Risk,2,Month-to-month,Fiber optic,No,Electronic check,Offer contract upgrade incentive,70.35
5327-CNLUQ,0.049238976,0,Low Risk,48,Two year,Fiber optic,No,Bank transfer (automatic),Continue regular engagement,96.9
7552-KEYGT,0.014805454,0,Low Risk,27,Two year,No,No internet service,Bank transfer (automatic),Continue regular engagement,19.55
5816-JMLGY,0.016501,0,Low Risk,70,Two year,DSL,Yes,Bank transfer (automatic),Continue regular engagement,80.4
3068-OMWZA,0.91120344,1,High Risk,1,Month-to-month,Fiber optic,No,Electronic check,Offer annual contract discount + proactive support,88.8
2927-QRRQV,0.24580307,0,Low Risk,46,One year,Fiber optic,No,Electronic check,Continue regular engagement,94.65
6032-KRXXO,0.495586,1,Medium Risk,30,Month-to-month,Fiber optic,No,Electronic check,Offer contract upgrade incentive,90.25
7459-RRWQZ,0.19222857,0,Low Risk,15,Month-to-month,DSL,No,Bank transfer (automatic),Continue regular engagement,64.65
6265-SXWBU,0.07458434,0,Low Risk,69,One year,Fiber optic,No,Credit card (automatic),Continue regular engagement,95.75
7941-RCJOW,0.010442602,0,Low Risk,65,Two year,No,No internet service,Credit card (automatic),Continue regular engagement,19.55
6374-NTQLP,0.033439208,0,Low Risk,72,Two year,Fiber optic,Yes,Credit card (automatic),Continue regular engagement,104.1
4154-AQUGT,0.5480457,1,Medium Risk,13,Month-to-month,Fiber optic,Yes,Bank transfer (automatic),Offer contract upgrade incentive,89.05
2387-KDZQY,0.027523115,0,Low Risk,17,One year,No,No internet service,Mailed check,Continue regular engagement,20.1
3584-WKTTW,0.23309453,0,Low Risk,51,One year,Fiber optic,Yes,Electronic check,Continue regular engagement,111.55
3399-BMLVW,0.01596068,0,Low Risk,51,Two year,DSL,Yes,Credit card (automatic),Continue regular engagement,60.5
1971-DTCZB,0.003582455,0,Low Risk,72,Two year,DSL,Yes,Bank transfer (automatic),Continue regular engagement,90.95
3092-IGHWF,0.16773428,0,Low Risk,67,One year,Fiber optic,No,Electronic check,Continue regular engagement,87.4
3374-PZLXD,0.06128196,0,Low Risk,34,Month-to-month,No,No internet service,Mailed check,Continue regular engagement,19.7
3813-DHBBB,0.01636689,0,Low Risk,67,Two year,DSL,Yes,Bank transfer (automatic),Continue regular engagement,50.95
2812-REYAT,0.027564503,0,Low Risk,49,One year,No,No internet service,Bank transfer (automatic),Continue regular engagement,20.05
6518-PPLMZ,0.019843837,0,Low Risk,53,Two year,No,No internet service,Mailed check,Continue regular engagement,19.4
4939-KYYPY,0.09391389,0,Low Risk,27,Month-to-month,DSL,Yes,Electronic check,Continue regular engagement,59.45
8017-LXHFA,0.563687,1,Medium Risk,23,Month-to-month,Fiber optic,No,Electronic check,Offer contract upgrade incentive,94.75
5930-GBIWP,0.022983713,0,Low Risk,69,Two year,DSL,Yes,Credit card (automatic),Continue regular engagement,81.5
6022-KOUQO,0.2984573,0,Low Risk,2,Month-to-month,DSL,Yes,Bank transfer (automatic),Continue regular engagement,29.05
6352-TWCAU,0.5269526,1,Medium Risk,35,Month-to-month,Fiber optic,No,Electronic check,Offer contract upgrade incentive,86.45
2361-UPSND,0.069200784,0,Low Risk,46,One year,DSL,Yes,Mailed check,Continue regular engagement,70.6
6035-RIIOM,0.0975359,0,Low Risk,54,Two year,Fiber optic,No,Bank transfer (automatic),Continue regular engagement,97.2
2929-QNSRW,0.29543775,0,Low Risk,56,One year,Fiber optic,No,Electronic check,Continue regular engagement,98.25
1262-OPMFY,0.49258485,1,Medium Risk,9,Month-to-month,Fiber optic,No,Bank transfer (automatic),Offer contract upgrade incentive,75.75
9504-DSHWM,0.1526643,0,Low Risk,20,Month-to-month,DSL,Yes,Bank transfer (automatic),Continue regular engagement,59.2
5035-BVCXS,0.40399387,1,Medium Risk,11,Month-to-month,Fiber optic,No,Mailed check,Offer contract upgrade incentive,75.9
6267-DCFFZ,0.57350665,1,Medium Risk,30,Month-to-month,Fiber optic,No,Electronic check,Offer contract upgrade incentive,90.05
3533-UVMOM,0.02226338,0,Low Risk,68,Two year,DSL,No,Bank transfer (automatic),Continue regular engagement,70.95
2439-LYPMQ,0.6191522,1,Medium Risk,38,Month-to-month,Fiber optic,No,Electronic check,Offer contract upgrade incentive,102.6
4248-QPAVC,0.3930936,1,Medium Risk,17,Month-to-month,Fiber optic,No,Bank transfer (automatic),Offer contract upgrade incentive,85.35
1899-VXWXM,0.41209194,1,Medium Risk,48,One year,Fiber optic,No,Credit card (automatic),Monitor customer + targeted engagement,106.1
1478-VPOAD,0.50763535,1,Medium Risk,1,Month-to-month,DSL,No,Electronic check,Offer contract upgrade incentive,43.8
9995-HOTOH,0.060621884,0,Low Risk,63,Two year,DSL,No,Electronic check,Continue regular engagement,59.0
2988-PLAHS,0.32166383,0,Low Risk,3,One year,DSL,No,Electronic check,Continue regular engagement,69.95
1371-OJCEK,0.035708576,0,Low Risk,48,One year,No,No internet service,Bank transfer (automatic),Continue regular engagement,24.35
4999-IEZLT,0.022541348,0,Low Risk,66,One year,DSL,Yes,Credit card (automatic),Continue regular engagement,29.45
8883-ANODQ,0.03875143,0,Low Risk,68,Two year,Fiber optic,No,Credit card (automatic),Continue regular engagement,84.4
4690-LLKUA,0.42197904,1,Medium Risk,17,Month-to-month,DSL,No,Electronic check,Offer contract upgrade incentive,45.05
2351-RRBUE,0.0564928,0,Low Risk,7,One year,No,No internet service,Mailed check,Continue regular engagement,20.65
5980-BDHPY,0.0040598423,0,Low Risk,72,Two year,DSL,Yes,Bank transfer (automatic),Continue regular engagement,87.1
1498-DQNRX,0.06236852,0,Low Risk,29,Month-to-month,No,No internet service,Mailed check,Continue regular engagement,19.85
9469-WEJBT,0.25224918,0,Low Risk,37,Month-to-month,Fiber optic,Yes,Electronic check,Continue regular engagement,90.35
3331-HQDTW,0.2939868,0,Low Risk,34,Month-to-month,Fiber optic,No,Mailed check,Continue regular engagement,109.8
9490-DFPMD,0.53354627,1,Medium Risk,42,Month-to-month,Fiber optic,No,Electronic check,Offer contract upgrade incentive,84.65
2581-VKIRT,0.017493831,0,Low Risk,59,One year,DSL,Yes,Mailed check,Continue regular engagement,65.5
5442-XSDCW,0.538604,1,Medium Risk,11,Month-to-month,Fiber optic,No,Bank transfer (automatic),Offer contract upgrade incentive,79.5
7426-WEIJX,0.17087807,0,Low Risk,60,Month-to-month,Fiber optic,No,Electronic check,Continue regular engagement,80.95
2851-MMUTZ,0.09250514,0,Low Risk,27,Month-to-month,DSL,Yes,Mailed check,Continue regular engagement,56.15
3049-NDXFL,0.8320598,1,High Risk,1,Month-to-month,Fiber optic,No,Mailed check,Offer annual contract discount + proactive support,85.8
8580-AECUZ,0.9012994,1,High Risk,1,Month-to-month,Fiber optic,No,Electronic check,Offer annual contract discount + proactive support,79.1
3307-TLCUD,0.21329209,0,Low Risk,17,Month-to-month,DSL,No,Mailed check,Continue regular engagement,34.4
6625-FLENO,0.013150522,0,Low Risk,58,Two year,No,No internet service,Mailed check,Continue regular engagement,20.75
2967-MXRAV,0.05422396,0,Low Risk,1,One year,No,No internet service,Mailed check,Continue regular engagement,18.8
7963-GQRMY,0.31477046,0,Low Risk,3,Month-to-month,DSL,No,Mailed check,Continue regular engagement,44.3
8189-HBVRW,0.15631695,0,Low Risk,53,Month-to-month,Fiber optic,No,Electronic check,Continue regular engagement,90.8
4163-KIUHY,0.092046924,0,Low Risk,35,Month-to-month,No,No internet service,Electronic check,Continue regular engagement,25.6
1228-FZFRV,0.47146145,1,Medium Risk,50,Month-to-month,Fiber optic,No,Credit card (automatic),Offer contract upgrade incentive,105.95
3500-NSDOA,0.03398477,0,Low Risk,68,Two year,DSL,Yes,Credit card (automatic),Continue regular engagement,70.8
1171-TYKUR,0.121361695,0,Low Risk,47,Month-to-month,No,No internet service,Electronic check,Continue regular engagement,25.4
3761-FLYZI,0.2960714,0,Low Risk,65,Month-to-month,Fiber optic,No,Bank transfer (automatic),Continue regular engagement,108.8
2058-DCJBE,0.60736144,1,Medium Risk,5,Month-to-month,Fiber optic,No,Electronic check,Offer contract upgrade incentive,69.75
5364-XYIRR,0.5971232,1,Medium Risk,51,Month-to-month,Fiber optic,No,Electronic check,Offer contract upgrade incentive,94.65
4829-AUOAX,0.3561674,1,Medium Risk,46,Month-to-month,Fiber optic,No,Bank transfer (automatic),Offer contract upgrade incentive,96.05
1219-NNDDO,0.65593463,1,Medium Risk,9,Month-to-month,Fiber optic,No,Electronic check,Offer contract upgrade incentive,76.85
8388-DMKAE,0.020394778,0,Low Risk,8,Two year,No,No internet service,Mailed check,Continue regular engagement,20.25
4403-BWPAY,0.05341554,0,Low Risk,14,One year,No,No internet service,Credit card (automatic),Continue regular engagement,24.8
9659-QEQSY,0.2964314,0,Low Risk,45,Month-to-month,Fiber optic,Yes,Electronic check,Continue regular engagement,115.65
5405-ZMYXQ,0.57846993,1,Medium Risk,8,Month-to-month,Fiber optic,No,Credit card (automatic),Offer contract upgrade incentive,74.6
5047-LHVLY,0.5679403,1,Medium Risk,1,Month-to-month,DSL,No,Mailed check,Offer contract upgrade incentive,50.15
1442-OKRJE,0.18011437,0,Low Risk,66,One year,Fiber optic,No,Bank transfer (automatic),Continue regular engagement,103.15
4737-AQCPU,0.0073983837,0,Low Risk,72,Two year,DSL,Yes,Credit card (automatic),Continue regular engagement,72.1
9158-VCTQB,0.3416788,0,Low Risk,41,Month-to-month,Fiber optic,Yes,Bank transfer (automatic),Continue regular engagement,113.6
2808-CHTDM,0.021059472,0,Low Risk,23,Two year,No,No internet service,Mailed check,Continue regular engagement,25.1
6311-UEUME,0.52764887,1,Medium Risk,29,Month-to-month,Fiber optic,No,Electronic check,Offer contract upgrade incentive,78.9
0793-TWELN,0.5639662,1,Medium Risk,4,Month-to-month,Fiber optic,No,Electronic check,Offer contract upgrade incentive,80.15
3283-WCWXT,0.015433388,0,Low Risk,6,Two year,No,No internet service,Mailed check,Continue regular engagement,25.4
1060-ENTOF,0.12489783,0,Low Risk,67,One year,Fiber optic,Yes,Credit card (automatic),Continue regular engagement,105.4
0999-QXNSA,0.31403592,0,Low Risk,7,Month-to-month,DSL,No,Mailed check,Continue regular engagement,45.75
5451-MHQOF,0.020210449,0,Low Risk,56,One year,No,No internet service,Mailed check,Continue regular engagement,24.45
4836-WNFNO,0.005551254,0,Low Risk,72,Two year,No,No internet service,Credit card (automatic),Continue regular engagement,25.0
9225-BZLNZ,0.014581052,0,Low Risk,72,Two year,DSL,No,Electronic check,Continue regular engagement,85.25
0354-VXMJC,0.008145193,0,Low Risk,23,Two year,No,No internet service,Credit card (automatic),Continue regular engagement,19.6
4422-QVIJA,0.09324674,0,Low Risk,35,Month-to-month,DSL,No,Mailed check,Continue regular engagement,50.15
9365-SRSZE,0.37189475,1,Medium Risk,27,Month-to-month,Fiber optic,No,Electronic check,Offer contract upgrade incentive,70.55
6839-ITVZJ,0.19235826,0,Low Risk,26,Month-to-month,DSL,Yes,Electronic check,Continue regular engagement,60.05
8332-OSJDW,0.038023736,0,Low Risk,12,One year,No,No internet service,Mailed check,Continue regular engagement,26.4
4735-BJKOU,0.013068756,0,Low Risk,40,Two year,No,No internet service,Mailed check,Continue regular engagement,20.15
0274-JKUJR,0.17686675,0,Low Risk,7,Month-to-month,DSL,No,Mailed check,Continue regular engagement,58.85
5740-YHGTW,0.21103166,0,Low Risk,70,Month-to-month,Fiber optic,No,Credit card (automatic),Continue regular engagement,97.55
8917-SZTTJ,0.025181815,0,Low Risk,60,Two year,No,No internet service,Credit card (automatic),Continue regular engagement,19.65
1696-MZVAU,0.06309514,0,Low Risk,39,One year,DSL,No,Credit card (automatic),Continue regular engagement,25.25
7359-WWYJV,0.01900133,0,Low Risk,72,Two year,Fiber optic,Yes,Credit card (automatic),Continue regular engagement,114.45
0375-HVGXO,0.78447545,1,High Risk,1,Month-to-month,DSL,No,Electronic check,Offer annual contract discount + proactive support,34.7
4906-ZHGPK,0.06389786,0,Low Risk,54,One year,DSL,Yes,Electronic check,Continue regular engagement,70.7
8593-WHYHV,0.8202123,1,High Risk,3,Month-to-month,Fiber optic,No,Electronic check,Offer annual contract discount + proactive support,85.3
3795-GWTRD,0.011292806,0,Low Risk,63,Two year,DSL,Yes,Credit card (automatic),Continue regular engagement,75.55
1298-PHBTI,0.034385152,0,Low Risk,71,Two year,Fiber optic,Yes,Electronic check,Continue regular engagement,84.8
6223-DHJGV,0.024727197,0,Low Risk,42,One year,No,No internet service,Mailed check,Continue regular engagement,20.65
6961-MJKBO,0.009827155,0,Low Risk,47,Two year,No,No internet service,Bank transfer (automatic),Continue regular engagement,20.45
6097-EQISJ,0.20432952,0,Low Risk,66,One year,Fiber optic,No,Credit card (automatic),Continue regular engagement,102.45
4423-YLHDV,0.7034311,1,High Risk,21,Month-to-month,Fiber optic,No,Bank transfer (automatic),Offer annual contract discount + proactive support,104.4
8158-WPEZG,0.3401273,0,Low Risk,11,Month-to-month,DSL,Yes,Electronic check,Continue regular engagement,35.65
0107-YHINA,0.9126946,1,High Risk,1,Month-to-month,Fiber optic,No,Electronic check,Offer annual contract discount + proactive support,99.75
4918-FYJNT,0.19616908,0,Low Risk,55,Month-to-month,Fiber optic,Yes,Electronic check,Continue regular engagement,90.45
0727-BNRLG,0.035318602,0,Low Risk,69,Two year,Fiber optic,Yes,Credit card (automatic),Continue regular engagement,97.65
4854-CIDCF,0.5975773,1,Medium Risk,3,Month-to-month,Fiber optic,No,Electronic check,Offer contract upgrade incentive,73.85
8640-SDGKB,0.38277245,1,Medium Risk,4,Month-to-month,DSL,Yes,Electronic check,Offer contract upgrade incentive,74.4
3280-MRDOF,0.025733497,0,Low Risk,30,Two year,DSL,Yes,Credit card (automatic),Continue regular engagement,69.1
6435-SRWBJ,0.7756581,1,High Risk,5,Month-to-month,Fiber optic,Yes,Electronic check,Offer annual contract discount + proactive support,82.75
9964-WBQDJ,0.00762222,0,Low Risk,71,Two year,No,No internet service,Credit card (automatic),Continue regular engagement,24.4
6303-KFWSL,0.10293752,0,Low Risk,29,One year,DSL,No,Electronic check,Continue regular engagement,55.25
1702-CCFNJ,0.09055969,0,Low Risk,52,Month-to-month,DSL,Yes,Bank transfer (automatic),Continue regular engagement,61.35
8932-CZHRQ,0.13499983,0,Low Risk,68,One year,DSL,No,Credit card (automatic),Continue regular engagement,76.75
0386-CWRGM,0.012525986,0,Low Risk,46,Two year,No,No internet service,Mailed check,Continue regular engagement,19.4
5515-RUGKN,0.29152068,0,Low Risk,8,Month-to-month,DSL,No,Credit card (automatic),Continue regular engagement,54.75
0404-AHASP,0.006599959,0,Low Risk,72,Two year,No,No internet service,Credit card (automatic),Continue regular engagement,19.7
7279-NMVJC,0.032185316,0,Low Risk,17,One year,No,No internet service,Bank transfer (automatic),Continue regular engagement,19.9
2081-VEYEH,0.57469726,1,Medium Risk,3,Month-to-month,Fiber optic,Yes,Electronic check,Offer contract upgrade incentive,107.95
6407-UTSLV,0.69528836,1,Medium Risk,2,Month-to-month,Fiber optic,No,Bank transfer (automatic),Offer contract upgrade incentive,83.8
4116-TZAQJ,0.40872586,1,Medium Risk,9,Month-to-month,Fiber optic,No,Credit card (automatic),Offer contract upgrade incentive,74.25
9060-HJJRW,0.1701849,0,Low Risk,51,One year,DSL,No,Credit card (automatic),Continue regular engagement,56.4
2587-YNLES,0.015691478,0,Low Risk,6,Two year,No,No internet service,Mailed check,Continue regular engagement,20.1
7398-SKNQZ,0.74428236,1,High Risk,3,Month-to-month,Fiber optic,No,Electronic check,Offer annual contract discount + proactive support,94.9
5935-FCCNB,0.7064418,1,High Risk,17,Month-to-month,Fiber optic,No,Electronic check,Offer annual contract discount + proactive support,94.2
1958-RNRKS,0.14231195,0,Low Risk,30,Month-to-month,DSL,No,Electronic check,Continue regular engagement,49.9
5136-RGMZO,0.15477596,0,Low Risk,31,Month-to-month,DSL,Yes,Electronic check,Continue regular engagement,71.05
8345-MVDYC,0.014896054,0,Low Risk,45,Two year,DSL,Yes,Bank transfer (automatic),Continue regular engagement,81.65
8226-BXGES,0.043741334,0,Low Risk,64,One year,Fiber optic,No,Bank transfer (automatic),Continue regular engagement,89.45
3877-JRJIP,0.72731316,1,High Risk,1,Month-to-month,DSL,No,Electronic check,Offer annual contract discount + proactive support,59.85
8375-DKEBR,0.87429345,1,High Risk,1,Month-to-month,Fiber optic,No,Electronic check,Offer annual contract discount + proactive support,69.6
9705-IOVQQ,0.14606579,0,Low Risk,61,One year,Fiber optic,No,Electronic check,Continue regular engagement,99.0
1015-OWJKI,0.17092523,0,Low Risk,1,Month-to-month,No,No internet service,Mailed check,Continue regular engagement,19.05
7511-YMXVQ,0.6264367,1,Medium Risk,9,Month-to-month,DSL,No,Electronic check,Offer contract upgrade incentive,45.4
2040-XBAVJ,0.012744234,0,Low Risk,72,Two year,Fiber optic,Yes,Bank transfer (automatic),Continue regular engagement,114.45
7551-JOHTI,0.39159217,1,Medium Risk,1,Month-to-month,No,No internet service,Mailed check,Offer contract upgrade incentive,19.5
8887-IPQNC,0.28825054,0,Low Risk,7,Month-to-month,DSL,No,Mailed check,Continue regular engagement,44.25
8646-JCOMS,0.061002124,0,Low Risk,66,One year,Fiber optic,Yes,Bank transfer (automatic),Continue regular engagement,90.55
9804-ICWBG,0.82578915,1,High Risk,1,Month-to-month,Fiber optic,No,Electronic check,Offer annual contract discount + proactive support,69.9
1222-KJNZD,0.043151487,0,Low Risk,40,Month-to-month,No,No internet service,Bank transfer (automatic),Continue regular engagement,20.4
0106-GHRQR,0.24957354,0,Low Risk,16,Month-to-month,DSL,No,Bank transfer (automatic),Continue regular engagement,71.4
5318-IXUZF,0.7842341,1,High Risk,2,Month-to-month,Fiber optic,No,Bank transfer (automatic),Offer annual contract discount + proactive support,87.15
3768-VHXQO,0.0077783754,0,Low Risk,67,Two year,No,No internet service,Credit card (automatic),Continue regular engagement,24.85
8952-WCVCD,0.24487093,0,Low Risk,41,One year,Fiber optic,No,Bank transfer (automatic),Continue regular engagement,104.45
2418-TPEUN,0.017521128,0,Low Risk,56,Two year,No,No internet service,Credit card (automatic),Continue regular engagement,19.8
3963-RYFNS,0.009943693,0,Low Risk,72,Two year,Fiber optic,Yes,Bank transfer (automatic),Continue regular engagement,116.45
3198-VELRD,0.7903471,1,High Risk,3,Month-to-month,Fiber optic,No,Bank transfer (automatic),Offer annual contract discount + proactive support,84.75
8540-ZQGEA,0.016108874,0,Low Risk,54,Two year,No,No internet service,Credit card (automatic),Continue regular engagement,20.05
1320-REHCS,0.4020601,1,Medium Risk,52,Month-to-month,Fiber optic,Yes,Electronic check,Offer contract upgrade incentive,110.75
4137-JOPHL,0.022585679,0,Low Risk,50,Two year,Fiber optic,Yes,Bank transfer (automatic),Continue regular engagement,89.7
9436-ZBZCT,0.7122175,1,High Risk,14,Month-to-month,Fiber optic,Yes,Electronic check,Offer annual contract discount + proactive support,89.95
7801-CEDNV,0.033566907,0,Low Risk,27,One year,DSL,No,Credit card (automatic),Continue regular engagement,48.7
2057-BOYKM,0.008787225,0,Low Risk,72,Two year,Fiber optic,Yes,Bank transfer (automatic),Continue regular engagement,96.6
3658-QQJYD,0.08213175,0,Low Risk,62,One year,DSL,No,Credit card (automatic),Continue regular engagement,74.3
1803-BGNBD,0.3006844,0,Low Risk,12,Month-to-month,DSL,Yes,Electronic check,Continue regular engagement,54.3
0134-XWXCE,0.114093415,0,Low Risk,44,One year,DSL,Yes,Bank transfer (automatic),Continue regular engagement,74.85
6950-TWMYB,0.023579799,0,Low Risk,54,Two year,Fiber optic,Yes,Bank transfer (automatic),Continue regular engagement,79.95
5848-FHRFC,0.007208566,0,Low Risk,68,Two year,No,No internet service,Bank transfer (automatic),Continue regular engagement,20.05
2243-FNMMI,0.061103564,0,Low Risk,20,Month-to-month,No,No internet service,Mailed check,Continue regular engagement,19.4
2511-MORQY,0.06146803,0,Low Risk,50,One year,DSL,No,Bank transfer (automatic),Continue regular engagement,54.9
5356-KZCKT,0.013269716,0,Low Risk,58,Two year,No,No internet service,Credit card (automatic),Continue regular engagement,24.45
9470-XCCEM,0.3049763,0,Low Risk,35,Month-to-month,Fiber optic,No,Bank transfer (automatic),Continue regular engagement,89.65
6519-CFDBX,0.60137606,1,Medium Risk,2,Month-to-month,DSL,No,Electronic check,Offer contract upgrade incentive,45.4
3902-MIVLE,0.011048778,0,Low Risk,63,Two year,DSL,Yes,Mailed check,Continue regular engagement,75.7
0409-WTMPL,0.23042998,0,Low Risk,58,One year,Fiber optic,No,Credit card (automatic),Continue regular engagement,110.65
8763-KIAFH,0.024474712,0,Low Risk,27,One year,No,No internet service,Mailed check,Continue regular engagement,20.55
3669-WHAFY,0.02273234,0,Low Risk,71,Two year,Fiber optic,Yes,Credit card (automatic),Continue regular engagement,115.15
3055-VTCGS,0.054837126,0,Low Risk,63,One year,DSL,No,Credit card (automatic),Continue regular engagement,58.55
3144-KMTWZ,0.14056866,0,Low Risk,71,Month-to-month,Fiber optic,No,Bank transfer (automatic),Continue regular engagement,93.25
7279-BUYWN,0.42157283,1,Medium Risk,41,Month-to-month,Fiber optic,No,Electronic check,Offer contract upgrade incentive,113.2
7156-MHUGY,0.7363316,1,High Risk,13,Month-to-month,Fiber optic,No,Electronic check,Offer annual contract discount + proactive support,90.5
7198-GLXTC,0.65341866,1,Medium Risk,2,Month-to-month,Fiber optic,No,Electronic check,Offer contract upgrade incentive,79.0
2007-QVGAW,0.016206635,0,Low Risk,68,Two year,No,No internet service,Bank transfer (automatic),Continue regular engagement,19.35
5207-PLSTK,0.5094447,1,Medium Risk,1,Month-to-month,DSL,No,Mailed check,Offer contract upgrade incentive,48.75
2307-FYNNL,0.2789921,0,Low Risk,65,Two year,Fiber optic,Yes,Electronic check,Continue regular engagement,109.05
5605-XNWEN,0.009629791,0,Low Risk,72,Two year,No,No internet service,Bank transfer (automatic),Continue regular engagement,25.0
2155-AMQRX,0.104448415,0,Low Risk,28,Month-to-month,DSL,Yes,Credit card (automatic),Continue regular engagement,54.9
6181-AXXYF,0.0049479436,0,Low Risk,72,Two year,No,No internet service,Credit card (automatic),Continue regular engagement,24.75
5091-HFAZW,0.545353,1,Medium Risk,2,Month-to-month,Fiber optic,No,Electronic check,Offer contract upgrade incentive,91.15
0516-VRYBW,0.033451963,0,Low Risk,18,One year,No,No internet service,Bank transfer (automatic),Continue regular engagement,20.15
2519-LBNQL,0.35834876,1,Medium Risk,60,One year,Fiber optic,No,Electronic check,Monitor customer + targeted engagement,104.35
8623-ULFNQ,0.2059353,0,Low Risk,26,Month-to-month,DSL,Yes,Electronic check,Continue regular engagement,66.05
8380-PEFPE,0.79891855,1,High Risk,1,Month-to-month,Fiber optic,No,Electronic check,Offer annual contract discount + proactive support,71.65
5687-DKDTV,0.167358,0,Low Risk,4,Month-to-month,No,No internet service,Mailed check,Continue regular engagement,20.35
1568-LJSZU,0.017456872,0,Low Risk,68,Two year,DSL,Yes,Credit card (automatic),Continue regular engagement,92.2
7530-HDYDS,0.34408483,0,Low Risk,38,Month-to-month,Fiber optic,Yes,Credit card (automatic),Continue regular engagement,84.25
7789-HKSBS,0.24621598,0,Low Risk,42,One year,Fiber optic,No,Bank transfer (automatic),Continue regular engagement,105.2
7416-CKTEP,0.026559493,0,Low Risk,57,Two year,No,No internet service,Bank transfer (automatic),Continue regular engagement,19.6
2586-CWXVV,0.27502605,0,Low Risk,54,Month-to-month,DSL,No,Electronic check,Continue regular engagement,30.4
3096-IZETN,0.40997675,1,Medium Risk,12,Month-to-month,Fiber optic,No,Bank transfer (automatic),Offer contract upgrade incentive,78.1
2348-KCJLT,0.056982037,0,Low Risk,44,One year,DSL,No,Mailed check,Continue regular engagement,61.5
8401-EMUWF,0.12219022,0,Low Risk,42,Month-to-month,DSL,No,Bank transfer (automatic),Continue regular engagement,69.4
4193-IBKSW,0.005053715,0,Low Risk,72,Two year,No,No internet service,Bank transfer (automatic),Continue regular engagement,24.75
5377-NDTOU,0.0053326706,0,Low Risk,71,Two year,DSL,Yes,Mailed check,Continue regular engagement,91.05
5922-ABDVO,0.3714386,1,Medium Risk,19,Month-to-month,Fiber optic,No,Mailed check,Offer contract upgrade incentive,89.65
2474-LCNUE,0.113661945,0,Low Risk,23,Month-to-month,DSL,Yes,Credit card (automatic),Continue regular engagement,73.65
0839-QNXME,0.015773378,0,Low Risk,30,Two year,No,No internet service,Credit card (automatic),Continue regular engagement,19.4
3506-OVLKD,0.04968579,0,Low Risk,35,One year,No,No internet service,Bank transfer (automatic),Continue regular engagement,26.2
9172-ANCRX,0.8556409,1,High Risk,10,Month-to-month,Fiber optic,No,Electronic check,Offer annual contract discount + proactive support,98.7
6650-VJONK,0.51798695,1,Medium Risk,1,Month-to-month,DSL,No,Bank transfer (automatic),Offer contract upgrade incentive,43.85
2178-PMGCJ,0.3295284,0,Low Risk,22,Month-to-month,Fiber optic,No,Mailed check,Continue regular engagement,69.7
7492-TAFJD,0.038764756,0,Low Risk,7,Two year,DSL,No,Mailed check,Continue regular engagement,38.55
2773-MADBQ,0.01528102,0,Low Risk,36,Two year,DSL,Yes,Mailed check,Continue regular engagement,53.1
6016-LVTJQ,0.040792722,0,Low Risk,34,Month-to-month,No,No internet service,Mailed check,Continue regular engagement,20.65
7860-KSUGX,0.0064886105,0,Low Risk,72,Two year,DSL,No,Credit card (automatic),Continue regular engagement,64.45
8966-KZXXA,0.01088531,0,Low Risk,36,Two year,No,No internet service,Credit card (automatic),Continue regular engagement,25.1
6910-HADCM,0.8052226,1,High Risk,1,Month-to-month,Fiber optic,No,Electronic check,Offer annual contract discount + proactive support,76.35
4816-LXZYW,0.46855173,1,Medium Risk,23,Month-to-month,Fiber optic,No,Electronic check,Offer contract upgrade incentive,79.15
9606-PBKBQ,0.5996198,1,Medium Risk,32,Month-to-month,Fiber optic,No,Electronic check,Offer contract upgrade incentive,85.0
5149-QYTTU,0.020833798,0,Low Risk,71,One year,Fiber optic,Yes,Credit card (automatic),Continue regular engagement,95.15
2070-XYMFH,0.31675735,0,Low Risk,23,Month-to-month,Fiber optic,No,Mailed check,Continue regular engagement,79.35
2085-BOJKI,0.27002668,0,Low Risk,17,One year,Fiber optic,No,Bank transfer (automatic),Continue regular engagement,96.65
0817-HSUSE,0.50067854,1,Medium Risk,1,Month-to-month,DSL,Yes,Electronic check,Offer contract upgrade incentive,75.5
5442-PPTJY,0.017302033,0,Low Risk,12,Two year,No,No internet service,Mailed check,Continue regular engagement,19.7
1927-QEWMY,0.004386373,0,Low Risk,72,Two year,No,No internet service,Credit card (automatic),Continue regular engagement,20.5
1663-MHLHE,0.17092523,0,Low Risk,1,Month-to-month,No,No internet service,Mailed check,Continue regular engagement,19.2
5663-QBGIS,0.024269564,0,Low Risk,72,Two year,Fiber optic,No,Bank transfer (automatic),Continue regular engagement,98.35
4450-MDZFX,0.1673949,0,Low Risk,60,Month-to-month,Fiber optic,No,Bank transfer (automatic),Continue regular engagement,74.35
6701-DHKWQ,0.01487539,0,Low Risk,61,Two year,DSL,Yes,Credit card (automatic),Continue regular engagement,51.35
7554-AKDQF,0.22865538,0,Low Risk,6,Month-to-month,DSL,No,Mailed check,Continue regular engagement,45.65
3536-IQCTX,0.54306746,1,Medium Risk,32,Month-to-month,Fiber optic,No,Electronic check,Offer contract upgrade incentive,85.3
4911-BANWH,0.40468577,1,Medium Risk,31,Month-to-month,Fiber optic,No,Credit card (automatic),Offer contract upgrade incentive,86.55
8496-EJAUI,0.3661431,1,Medium Risk,19,Month-to-month,Fiber optic,No,Credit card (automatic),Offer contract upgrade incentive,73.85
0794-YVSGE,0.0075800316,0,Low Risk,72,Two year,No,No internet service,Bank transfer (automatic),Continue regular engagement,20.3
5423-BHIXO,0.17952949,0,Low Risk,32,Month-to-month,DSL,No,Electronic check,Continue regular engagement,54.2
6908-VVYHM,0.32888412,0,Low Risk,65,Month-to-month,Fiber optic,No,Electronic check,Continue regular engagement,90.65
2959-EEXWB,0.1577679,0,Low Risk,45,Month-to-month,DSL,No,Bank transfer (automatic),Continue regular engagement,50.9
1839-UMACK,0.042185448,0,Low Risk,42,One year,No,No internet service,Electronic check,Continue regular engagement,25.05
3030-YDNRM,0.68326396,1,Medium Risk,8,Month-to-month,Fiber optic,No,Electronic check,Offer contract upgrade incentive,74.85
7321-KKSDU,0.008958917,0,Low Risk,32,Two year,No,No internet service,Mailed check,Continue regular engagement,20.5
3402-XRIUO,0.13241674,0,Low Risk,22,Month-to-month,DSL,Yes,Mailed check,Continue regular engagement,63.55
3132-TVFDZ,0.54870623,1,Medium Risk,57,Month-to-month,DSL,No,Electronic check,Offer contract upgrade incentive,44.85
8286-AFUYI,0.51032126,1,Medium Risk,1,Month-to-month,DSL,No,Electronic check,Offer contract upgrade incentive,47.95
8080-DDEMJ,0.6663485,1,Medium Risk,1,Month-to-month,DSL,No,Electronic check,Offer contract upgrade incentive,45.1
8356-WUAOJ,0.6130061,1,Medium Risk,1,Month-to-month,DSL,No,Electronic check,Offer contract upgrade incentive,45.0
6365-MTGZX,0.4881696,1,Medium Risk,24,Month-to-month,Fiber optic,Yes,Electronic check,Offer contract upgrade incentive,96.0
1349-WXNGG,0.39771983,1,Medium Risk,1,Month-to-month,No,No internet service,Bank transfer (automatic),Offer contract upgrade incentive,20.05
8058-DMYRU,0.42308927,1,Medium Risk,54,Month-to-month,Fiber optic,No,Electronic check,Offer contract upgrade incentive,90.05
9350-ZXYJC,0.0395423,0,Low Risk,4,Two year,No,No internet service,Credit card (automatic),Continue regular engagement,25.3
6990-YNRIO,0.41786304,1,Medium Risk,65,Two year,Fiber optic,Yes,Bank transfer (automatic),Monitor customer + targeted engagement,108.65
8958-JPTRR,0.037080005,0,Low Risk,56,One year,No,No internet service,Electronic check,Continue regular engagement,24.3
6959-GQEGV,0.17264928,0,Low Risk,45,Month-to-month,DSL,No,Electronic check,Continue regular engagement,75.95
3173-WSSUE,0.008840734,0,Low Risk,71,Two year,No,No internet service,Credit card (automatic),Continue regular engagement,19.7
1265-HVPZB,0.036726113,0,Low Risk,59,One year,DSL,No,Credit card (automatic),Continue regular engagement,66.4
4115-UMJFQ,0.09426505,0,Low Risk,69,One year,DSL,No,Bank transfer (automatic),Continue regular engagement,35.75
7369-TRPFD,0.01044313,0,Low Risk,19,One year,No,No internet service,Mailed check,Continue regular engagement,18.8
1098-KFQEC,0.021413038,0,Low Risk,55,Two year,No,No internet service,Credit card (automatic),Continue regular engagement,19.4
7190-XHTWJ,0.017286927,0,Low Risk,38,One year,No,No internet service,Mailed check,Continue regular engagement,19.3
0621-TWIEM,0.38915586,1,Medium Risk,10,Month-to-month,DSL,No,Electronic check,Offer contract upgrade incentive,45.55
3537-RYBHH,0.16257076,0,Low Risk,47,Month-to-month,DSL,No,Credit card (automatic),Continue regular engagement,67.45
2485-ITVKB,0.74585557,1,High Risk,2,Month-to-month,DSL,No,Electronic check,Offer annual contract discount + proactive support,35.1
3669-OYSJI,0.55181515,1,Medium Risk,1,Month-to-month,DSL,No,Credit card (automatic),Offer contract upgrade incentive,46.2
1612-EOHDH,0.5982568,1,Medium Risk,1,Month-to-month,DSL,No,Electronic check,Offer contract upgrade incentive,45.15
6702-OHFWR,0.82312804,1,High Risk,1,Month-to-month,DSL,No,Electronic check,Offer annual contract discount + proactive support,43.3
5296-BFCYD,0.00922676,0,Low Risk,46,Two year,No,No internet service,Mailed check,Continue regular engagement,20.1
4510-PYUSH,0.191412,0,Low Risk,38,Month-to-month,DSL,No,Credit card (automatic),Continue regular engagement,57.15
9359-JANWS,0.011835903,0,Low Risk,65,Two year,DSL,Yes,Credit card (automatic),Continue regular engagement,58.9
7517-SAWMO,0.4129942,1,Medium Risk,19,Month-to-month,Fiber optic,No,Electronic check,Offer contract upgrade incentive,73.2
4143-HHPMK,0.396941,1,Medium Risk,52,Month-to-month,Fiber optic,No,Electronic check,Offer contract upgrade incentive,85.35
3279-DYZQM,0.014206235,0,Low Risk,71,Two year,No,No internet service,Mailed check,Continue regular engagement,19.45
7054-LGEQW,0.5317605,1,Medium Risk,1,Month-to-month,DSL,No,Mailed check,Offer contract upgrade incentive,45.95
0523-VNGTF,0.23161717,0,Low Risk,52,Month-to-month,DSL,Yes,Electronic check,Continue regular engagement,50.5
9575-IWCAZ,0.06442265,0,Low Risk,6,One year,No,No internet service,Mailed check,Continue regular engagement,25.1
7105-MXJLL,0.088965766,0,Low Risk,26,One year,DSL,No,Mailed check,Continue regular engagement,60.7
7064-FRRSW,0.3504856,1,Medium Risk,48,One year,Fiber optic,No,Electronic check,Monitor customer + targeted engagement,99.0
7940-UQQUG,0.12258955,0,Low Risk,64,One year,Fiber optic,Yes,Bank transfer (automatic),Continue regular engagement,104.4
0923-PNFUB,0.52056485,1,Medium Risk,3,Month-to-month,Fiber optic,No,Electronic check,Offer contract upgrade incentive,83.75
3961-SXAXY,0.51798695,1,Medium Risk,1,Month-to-month,DSL,No,Bank transfer (automatic),Offer contract upgrade incentive,44.05
7010-BRBUU,0.0054317145,0,Low Risk,72,Two year,No,No internet service,Credit card (automatic),Continue regular engagement,24.1
3566-HJGPK,0.6143426,1,Medium Risk,1,Month-to-month,DSL,No,Mailed check,Offer contract upgrade incentive,45.55
3062-ICYZQ,0.22706093,0,Low Risk,51,Month-to-month,Fiber optic,No,Electronic check,Continue regular engagement,93.8
9938-PRCVK,0.013554885,0,Low Risk,41,Two year,No,No internet service,Bank transfer (automatic),Continue regular engagement,19.7
0973-KYVNF,0.009173016,0,Low Risk,72,Two year,DSL,No,Credit card (automatic),Continue regular engagement,70.65
5129-HHMZC,0.01821588,0,Low Risk,43,Two year,DSL,Yes,Credit card (automatic),Continue regular engagement,86.45
9637-CDTKZ,0.01827937,0,Low Risk,72,Two year,Fiber optic,Yes,Credit card (automatic),Continue regular engagement,114.1
3946-JEWRQ,0.24441335,0,Low Risk,47,One year,Fiber optic,No,Credit card (automatic),Continue regular engagement,95.2
7873-CVMAW,0.0043543805,0,Low Risk,72,Two year,DSL,Yes,Credit card (automatic),Continue regular engagement,88.55
0463-WZZKO,0.15404207,0,Low Risk,3,Month-to-month,No,No internet service,Credit card (automatic),Continue regular engagement,20.75
3494-JCHRQ,0.8165649,1,High Risk,1,Month-to-month,Fiber optic,No,Electronic check,Offer annual contract discount + proactive support,70.05
6474-FVJLC,0.802708,1,High Risk,2,Month-to-month,Fiber optic,No,Electronic check,Offer annual contract discount + proactive support,86.0
4524-QCSSM,0.26468182,0,Low Risk,26,Month-to-month,DSL,No,Bank transfer (automatic),Continue regular engagement,44.65
5832-EXGTT,0.09527633,0,Low Risk,29,Month-to-month,DSL,No,Mailed check,Continue regular engagement,60.2
8840-DQLGN,0.22844006,0,Low Risk,35,Month-to-month,Fiber optic,Yes,Bank transfer (automatic),Continue regular engagement,100.5
2039-JONDJ,0.036511477,0,Low Risk,27,One year,DSL,No,Bank transfer (automatic),Continue regular engagement,55.45
7217-JYHOQ,0.07682491,0,Low Risk,24,Month-to-month,DSL,Yes,Credit card (automatic),Continue regular engagement,70.3
6695-FRVEC,0.007865822,0,Low Risk,67,Two year,DSL,Yes,Bank transfer (automatic),Continue regular engagement,60.4
4547-LYTDD,0.42064682,1,Medium Risk,16,Month-to-month,Fiber optic,No,Electronic check,Offer contract upgrade incentive,72.65
9894-QMIMJ,0.04573791,0,Low Risk,23,One year,DSL,No,Bank transfer (automatic),Continue regular engagement,55.8
8069-YQQAJ,0.29796946,0,Low Risk,14,Month-to-month,DSL,No,Mailed check,Continue regular engagement,31.1
6770-XUAGN,0.45866808,1,Medium Risk,1,Month-to-month,No,No internet service,Electronic check,Offer contract upgrade incentive,21.0
4193-ORFCL,0.6197373,1,Medium Risk,1,Month-to-month,DSL,No,Mailed check,Offer contract upgrade incentive,45.1
1636-NTNCO,0.509796,1,Medium Risk,4,Month-to-month,DSL,No,Credit card (automatic),Offer contract upgrade incentive,50.95
3466-WAESX,0.30030075,0,Low Risk,16,Month-to-month,DSL,No,Electronic check,Continue regular engagement,69.1
9281-PKKZE,0.3232559,0,Low Risk,46,Month-to-month,DSL,No,Electronic check,Continue regular engagement,43.95
3638-VBZTA,0.018344779,0,Low Risk,68,Two year,DSL,Yes,Bank transfer (automatic),Continue regular engagement,86.5
7459-IMVYU,0.11635326,0,Low Risk,38,Month-to-month,DSL,Yes,Electronic check,Continue regular engagement,69.95
7776-QWNFX,0.15760155,0,Low Risk,30,Month-to-month,DSL,No,Bank transfer (automatic),Continue regular engagement,50.4
6689-TCZHQ,0.62813157,1,Medium Risk,5,Month-to-month,Fiber optic,No,Electronic check,Offer contract upgrade incentive,78.95
8563-OYMQY,0.3778421,1,Medium Risk,17,Month-to-month,Fiber optic,No,Credit card (automatic),Offer contract upgrade incentive,90.95
0754-EEBDC,0.02930209,0,Low Risk,4,Two year,No,No internet service,Mailed check,Continue regular engagement,19.9
5777-ZPQNC,0.06763981,0,Low Risk,12,One year,No,No internet service,Electronic check,Continue regular engagement,20.15
1951-IEYXM,0.004663903,0,Low Risk,72,Two year,DSL,Yes,Credit card (automatic),Continue regular engagement,90.6
3318-NMQXL,0.7334191,1,High Risk,3,Month-to-month,Fiber optic,No,Electronic check,Offer annual contract discount + proactive support,92.0
3143-ILDAL,0.22783269,0,Low Risk,56,Month-to-month,Fiber optic,Yes,Electronic check,Continue regular engagement,94.45
1022-RKXDR,0.033565477,0,Low Risk,41,One year,No,No internet service,Mailed check,Continue regular engagement,24.85
2361-FJWNO,0.060831673,0,Low Risk,40,One year,DSL,Yes,Credit card (automatic),Continue regular engagement,36.0
2272-UOINI,0.2412085,0,Low Risk,7,Month-to-month,DSL,Yes,Electronic check,Continue regular engagement,78.5
8232-UTFOZ,0.006706175,0,Low Risk,69,Two year,No,No internet service,Credit card (automatic),Continue regular engagement,19.95
3750-YHRYO,0.03190755,0,Low Risk,7,One year,No,No internet service,Mailed check,Continue regular engagement,20.65
6637-KYRCV,0.47765556,1,Medium Risk,5,Month-to-month,DSL,No,Electronic check,Offer contract upgrade incentive,30.5
5668-MEISB,0.03101153,0,Low Risk,72,Two year,Fiber optic,Yes,Credit card (automatic),Continue regular engagement,106.1
0129-QMPDR,0.019548208,0,Low Risk,44,One year,No,No internet service,Bank transfer (automatic),Continue regular engagement,20.5
7188-CBBBA,0.19260007,0,Low Risk,65,One year,Fiber optic,No,Electronic check,Continue regular engagement,95.5
5356-CSVSQ,0.3754019,1,Medium Risk,3,Month-to-month,DSL,Yes,Electronic check,Offer contract upgrade incentive,64.6
3221-CJMSG,0.09124016,0,Low Risk,24,Month-to-month,DSL,Yes,Credit card (automatic),Continue regular engagement,51.1
4720-VSTSI,0.30720884,0,Low Risk,44,Month-to-month,Fiber optic,No,Bank transfer (automatic),Continue regular engagement,84.8
3219-JQRSL,0.005931159,0,Low Risk,72,Two year,DSL,Yes,Credit card (automatic),Continue regular engagement,89.1
2801-NISEI,0.09654815,0,Low Risk,24,Month-to-month,DSL,Yes,Electronic check,Continue regular engagement,54.95
3946-MHCZW,0.5519291,1,Medium Risk,1,Month-to-month,DSL,No,Mailed check,Offer contract upgrade incentive,50.9
4623-ZKHLY,0.06123011,0,Low Risk,22,Month-to-month,No,No internet service,Bank transfer (automatic),Continue regular engagement,20.45
6732-VAILE,0.021655899,0,Low Risk,70,Two year,DSL,Yes,Credit card (automatic),Continue regular engagement,85.95
8201-AAXCB,0.19412826,0,Low Risk,25,Month-to-month,DSL,No,Electronic check,Continue regular engagement,60.35
7696-CFTAT,0.012692921,0,Low Risk,37,Two year,No,No internet service,Bank transfer (automatic),Continue regular engagement,19.8
1845-CSBRZ,0.40416926,1,Medium Risk,22,Month-to-month,Fiber optic,No,Bank transfer (automatic),Offer contract upgrade incentive,85.35
2123-VSCOT,0.012004002,0,Low Risk,59,Two year,DSL,Yes,Bank transfer (automatic),Continue regular engagement,72.1
6651-AZVTJ,0.58489186,1,Medium Risk,49,Month-to-month,Fiber optic,No,Electronic check,Offer contract upgrade incentive,99.8
4566-GOLUK,0.428659,1,Medium Risk,47,Month-to-month,Fiber optic,Yes,Bank transfer (automatic),Offer contract upgrade incentive,107.35
2484-DGXPZ,0.069137655,0,Low Risk,31,Month-to-month,No,No internet service,Mailed check,Continue regular engagement,19.55
2018-QKYGT,0.7960087,1,High Risk,1,Month-to-month,Fiber optic,No,Electronic check,Offer annual contract discount + proactive support,81.05
2792-VPPET,0.19675715,0,Low Risk,3,Month-to-month,No,No internet service,Electronic check,Continue regular engagement,20.5
7409-JURKQ,0.20787261,0,Low Risk,53,One year,Fiber optic,Yes,Bank transfer (automatic),Continue regular engagement,111.8
3247-MHJKM,0.33095282,0,Low Risk,1,Month-to-month,No,No internet service,Mailed check,Continue regular engagement,20.2
1964-SVLEA,0.034803845,0,Low Risk,20,One year,No,No internet service,Mailed check,Continue regular engagement,19.7
4587-NUKOX,0.50786215,1,Medium Risk,3,Month-to-month,Fiber optic,No,Electronic check,Offer contract upgrade incentive,79.1
7297-DVYGA,0.03460497,0,Low Risk,51,One year,No,No internet service,Bank transfer (automatic),Continue regular engagement,19.85
2239-CGBUZ,0.041934796,0,Low Risk,51,One year,DSL,Yes,Bank transfer (automatic),Continue regular engagement,60.5
0854-UYHZD,0.011684147,0,Low Risk,13,Two year,No,No internet service,Mailed check,Continue regular engagement,19.55
7243-LCGGZ,0.36994964,1,Medium Risk,1,Month-to-month,No,No internet service,Mailed check,Offer contract upgrade incentive,20.9
8267-KFGYD,0.37516075,1,Medium Risk,1,Month-to-month,No,No internet service,Mailed check,Offer contract upgrade incentive,21.05
4890-VMUAV,0.0383197,0,Low Risk,63,One year,DSL,Yes,Electronic check,Continue regular engagement,71.5
9261-WDCAF,0.37038213,1,Medium Risk,3,Month-to-month,DSL,No,Mailed check,Offer contract upgrade incentive,54.65
3764-MNMOI,0.0062215137,0,Low Risk,46,Two year,No,No internet service,Credit card (automatic),Continue regular engagement,19.2
7442-YGZFK,0.5180085,1,Medium Risk,1,Month-to-month,DSL,No,Credit card (automatic),Offer contract upgrade incentive,49.8
0420-BWTPW,0.2557488,0,Low Risk,8,Month-to-month,DSL,No,Mailed check,Continue regular engagement,25.5
8229-BUJHX,0.0064313347,0,Low Risk,71,Two year,No,No internet service,Bank transfer (automatic),Continue regular engagement,20.5
7449-HVPIV,0.25747302,0,Low Risk,55,Month-to-month,Fiber optic,No,Credit card (automatic),Continue regular engagement,90.4
5504-WSIUR,0.057221547,0,Low Risk,70,One year,Fiber optic,Yes,Bank transfer (automatic),Continue regular engagement,90.25
8183-ONMXC,0.6209765,1,Medium Risk,2,Month-to-month,Fiber optic,No,Electronic check,Offer contract upgrade incentive,80.75
8466-PZBLH,0.09229574,0,Low Risk,67,Two year,Fiber optic,Yes,Bank transfer (automatic),Continue regular engagement,104.6
9614-RMGHA,0.26542214,0,Low Risk,65,Month-to-month,Fiber optic,No,Bank transfer (automatic),Continue regular engagement,91.85
8735-IJJEG,0.19006713,0,Low Risk,14,Month-to-month,DSL,No,Credit card (automatic),Continue regular engagement,50.2
0564-MUUQK,0.3747107,1,Medium Risk,20,Month-to-month,Fiber optic,Yes,Bank transfer (automatic),Offer contract upgrade incentive,95.5
5054-IEXZT,0.8022104,1,High Risk,1,Month-to-month,Fiber optic,No,Electronic check,Offer annual contract discount + proactive support,75.35
5834-ASPWA,0.85270965,1,High Risk,1,Month-to-month,Fiber optic,No,Electronic check,Offer annual contract discount + proactive support,75.45
0701-RFGFI,0.39069957,1,Medium Risk,49,Month-to-month,Fiber optic,No,Bank transfer (automatic),Offer contract upgrade incentive,95.4
0019-EFAEP,0.013210912,0,Low Risk,72,Two year,Fiber optic,No,Bank transfer (automatic),Continue regular engagement,101.3
5619-PTMIK,0.13363884,0,Low Risk,46,Month-to-month,DSL,No,Electronic check,Continue regular engagement,53.1
3737-XBQDD,0.3757343,1,Medium Risk,24,Month-to-month,Fiber optic,No,Bank transfer (automatic),Offer contract upgrade incentive,84.85
5882-CMAZQ,0.29222333,0,Low Risk,5,Month-to-month,DSL,Yes,Electronic check,Continue regular engagement,34.25
5846-QFDFI,0.1940708,0,Low Risk,33,Month-to-month,Fiber optic,Yes,Credit card (automatic),Continue regular engagement,88.6
4445-KWOKW,0.06280345,0,Low Risk,42,One year,DSL,No,Bank transfer (automatic),Continue regular engagement,60.15
3511-APPBJ,0.3139351,0,Low Risk,23,One year,Fiber optic,No,Credit card (automatic),Continue regular engagement,99.95
7967-HYCDE,0.42454755,1,Medium Risk,8,Month-to-month,Fiber optic,No,Bank transfer (automatic),Offer contract upgrade incentive,70.7
2430-RRYUW,0.028248593,0,Low Risk,66,One year,DSL,No,Mailed check,Continue regular engagement,54.8
3948-XHGNA,0.15020947,0,Low Risk,24,Month-to-month,DSL,No,Bank transfer (automatic),Continue regular engagement,49.55
3723-BFBGR,0.16052818,0,Low Risk,24,Month-to-month,DSL,No,Credit card (automatic),Continue regular engagement,54.8
0565-IYCGT,0.18564647,0,Low Risk,69,One year,DSL,Yes,Credit card (automatic),Continue regular engagement,78.6
5447-WZAFP,0.14372864,0,Low Risk,53,One year,Fiber optic,No,Mailed check,Continue regular engagement,100.3
5110-CHOPY,0.091083735,0,Low Risk,60,Two year,DSL,No,Electronic check,Continue regular engagement,53.6
5445-UTODQ,0.6716911,1,Medium Risk,7,Month-to-month,Fiber optic,No,Electronic check,Offer contract upgrade incentive,81.1
4425-OWHWB,0.035339527,0,Low Risk,20,One year,No,No internet service,Credit card (automatic),Continue regular engagement,19.35
7892-QVYKW,0.3343709,0,Low Risk,23,Month-to-month,Fiber optic,No,Electronic check,Continue regular engagement,85.6
9675-ICXCT,0.009289119,0,Low Risk,72,Two year,DSL,Yes,Electronic check,Continue regular engagement,80.8
1024-VRZHF,0.62506795,1,Medium Risk,11,Month-to-month,Fiber optic,No,Electronic check,Offer contract upgrade incentive,74.95
4703-MQYKT,0.011450064,0,Low Risk,21,Two year,No,No internet service,Mailed check,Continue regular engagement,19.6
9497-QCMMS,0.92929935,1,High Risk,1,Month-to-month,Fiber optic,No,Electronic check,Offer annual contract discount + proactive support,93.55
5692-ICXLW,0.52941227,1,Medium Risk,31,Month-to-month,Fiber optic,No,Electronic check,Offer contract upgrade incentive,90.7
0602-DDUML,0.011175649,0,Low Risk,57,Two year,DSL,Yes,Mailed check,Continue regular engagement,69.75
2208-MPXIO,0.010835209,0,Low Risk,45,Two year,No,No internet service,Bank transfer (automatic),Continue regular engagement,20.0
1960-UYCNN,0.70997417,1,High Risk,10,Month-to-month,Fiber optic,No,Electronic check,Offer annual contract discount + proactive support,95.25
0348-SDKOL,0.38452,1,Medium Risk,58,Month-to-month,Fiber optic,Yes,Credit card (automatic),Offer contract upgrade incentive,102.1
3190-FZATL,0.07335926,0,Low Risk,14,Month-to-month,No,No internet service,Mailed check,Continue regular engagement,19.95
7336-RLLRH,0.0785298,0,Low Risk,27,One year,DSL,Yes,Mailed check,Continue regular engagement,80.85
4373-MAVJG,0.5104721,1,Medium Risk,14,Month-to-month,Fiber optic,No,Bank transfer (automatic),Offer contract upgrade incentive,90.9
8901-HJXTF,0.16805564,0,Low Risk,12,Month-to-month,DSL,No,Mailed check,Continue regular engagement,29.2
7710-JSYOA,0.025347475,0,Low Risk,69,Two year,Fiber optic,Yes,Bank transfer (automatic),Continue regular engagement,93.3
5419-KLXBN,0.36706716,1,Medium Risk,25,Month-to-month,Fiber optic,No,Bank transfer (automatic),Offer contract upgrade incentive,89.15
3424-NMNBO,0.33576733,0,Low Risk,58,One year,Fiber optic,No,Electronic check,Continue regular engagement,108.85
9885-MFVSU,0.01470009,0,Low Risk,35,Two year,DSL,Yes,Credit card (automatic),Continue regular engagement,46.35
4514-GFCFI,0.6563565,1,Medium Risk,16,Month-to-month,Fiber optic,No,Electronic check,Offer contract upgrade incentive,84.75
0607-MVMGC,0.12624651,0,Low Risk,45,One year,DSL,No,Credit card (automatic),Continue regular engagement,78.75
3365-SAIGS,0.46510047,1,Medium Risk,17,Month-to-month,Fiber optic,No,Electronic check,Offer contract upgrade incentive,83.55
9828-AOQLM,0.7010117,1,High Risk,1,Month-to-month,DSL,No,Electronic check,Offer annual contract discount + proactive support,45.7
8022-BECSI,0.029336948,0,Low Risk,22,One year,No,No internet service,Mailed check,Continue regular engagement,19.6
8000-REIQB,0.85550183,1,High Risk,1,Month-to-month,Fiber optic,No,Electronic check,Offer annual contract discount + proactive support,69.95
9993-LHIEB,0.015347266,0,Low Risk,67,Two year,DSL,Yes,Mailed check,Continue regular engagement,67.85
0266-CLZKZ,0.08106268,0,Low Risk,67,Two year,Fiber optic,Yes,Bank transfer (automatic),Continue regular engagement,105.65
7615-ESMYF,0.71060926,1,High Risk,2,Month-to-month,DSL,No,Electronic check,Offer annual contract discount + proactive support,44.6
3858-VOBET,0.4637317,1,Medium Risk,23,Month-to-month,Fiber optic,No,Electronic check,Offer contract upgrade incentive,74.95
7020-OZKXZ,0.4232357,1,Medium Risk,9,Month-to-month,Fiber optic,No,Credit card (automatic),Offer contract upgrade incentive,75.5
3977-QCRSL,0.11219956,0,Low Risk,5,Month-to-month,No,No internet service,Mailed check,Continue regular engagement,20.15
0017-DINOC,0.022433335,0,Low Risk,54,Two year,DSL,Yes,Credit card (automatic),Continue regular engagement,45.2
1447-PJGGA,0.15452635,0,Low Risk,57,Two year,Fiber optic,No,Electronic check,Continue regular engagement,95.25
8565-CLBZW,0.41474602,1,Medium Risk,24,Month-to-month,Fiber optic,No,Mailed check,Offer contract upgrade incentive,89.85
9139-WQQDY,0.14239757,0,Low Risk,49,One year,Fiber optic,No,Mailed check,Continue regular engagement,100.45
0224-HJAPT,0.47021556,1,Medium Risk,5,Month-to-month,DSL,No,Electronic check,Offer contract upgrade incentive,47.15
8086-OVPWV,0.78272676,1,High Risk,2,Month-to-month,Fiber optic,No,Electronic check,Offer annual contract discount + proactive support,80.2
9430-FRQOC,0.76615906,1,High Risk,4,Month-to-month,Fiber optic,Yes,Mailed check,Offer annual contract discount + proactive support,87.1
7639-OPLNG,0.020711219,0,Low Risk,70,Two year,DSL,Yes,Bank transfer (automatic),Continue regular engagement,79.25
3074-GQWYX,0.6587233,1,Medium Risk,5,Month-to-month,Fiber optic,No,Bank transfer (automatic),Offer contract upgrade incentive,75.9
1492-QGCLU,0.11405286,0,Low Risk,53,Month-to-month,DSL,Yes,Electronic check,Continue regular engagement,85.7
6845-RGTYS,0.38681823,1,Medium Risk,47,Month-to-month,Fiber optic,No,Electronic check,Offer contract upgrade incentive,98.75
7328-OWMOM,0.0141018545,0,Low Risk,31,One year,No,No internet service,Credit card (automatic),Continue regular engagement,20.1
4418-LZMSV,0.10805221,0,Low Risk,13,Month-to-month,DSL,Yes,Bank transfer (automatic),Continue regular engagement,61.8
5155-AZQPB,0.09260102,0,Low Risk,28,Month-to-month,DSL,No,Mailed check,Continue regular engagement,49.9
8861-HGGKB,0.61566335,1,Medium Risk,10,Month-to-month,Fiber optic,No,Electronic check,Offer contract upgrade incentive,86.45
1087-GRUYI,0.009794803,0,Low Risk,38,Two year,No,No internet service,Bank transfer (automatic),Continue regular engagement,20.4
7065-YUNRY,0.60909814,1,Medium Risk,1,Month-to-month,DSL,No,Mailed check,Offer contract upgrade incentive,45.3
7694-VLBWQ,0.4031631,1,Medium Risk,67,One year,Fiber optic,No,Electronic check,Monitor customer + targeted engagement,104.1
2546-KZAAT,0.08177176,0,Low Risk,52,One year,DSL,No,Mailed check,Continue regular engagement,75.4
0181-RITDD,0.08365461,0,Low Risk,62,Two year,Fiber optic,Yes,Mailed check,Continue regular engagement,108.15
5989-PGKJB,0.49737257,1,Medium Risk,16,Month-to-month,Fiber optic,No,Electronic check,Offer contract upgrade incentive,86.25
4795-KTRTH,0.7413568,1,High Risk,5,Month-to-month,Fiber optic,No,Electronic check,Offer annual contract discount + proactive support,81.0
8272-ONJLV,0.34943065,0,Low Risk,12,One year,Fiber optic,No,Electronic check,Continue regular engagement,95.7
1488-PBLJN,0.011194165,0,Low Risk,72,Two year,Fiber optic,Yes,Bank transfer (automatic),Continue regular engagement,116.85
0308-GIQJT,0.11059442,0,Low Risk,71,One year,Fiber optic,Yes,Bank transfer (automatic),Continue regular engagement,105.75
3778-FOAQW,0.036034413,0,Low Risk,24,One year,No,No internet service,Mailed check,Continue regular engagement,20.15
4452-ROHMO,0.01995023,0,Low Risk,15,Two year,No,No internet service,Mailed check,Continue regular engagement,19.6
6481-OGDOO,0.111635745,0,Low Risk,67,One year,Fiber optic,No,Credit card (automatic),Continue regular engagement,90.6
3090-LETTY,0.20298834,0,Low Risk,2,Month-to-month,DSL,No,Bank transfer (automatic),Continue regular engagement,60.95
5349-AZPEW,0.26582944,0,Low Risk,5,Month-to-month,DSL,No,Mailed check,Continue regular engagement,25.05
3753-TSEMP,0.45138857,1,Medium Risk,15,Month-to-month,Fiber optic,No,Electronic check,Offer contract upgrade incentive,88.15
8305-VHZBZ,0.40515727,1,Medium Risk,1,Month-to-month,No,No internet service,Mailed check,Offer contract upgrade incentive,20.2
9720-JJJOR,0.07059319,0,Low Risk,41,One year,DSL,No,Bank transfer (automatic),Continue regular engagement,60.3
8100-HZZLJ,0.13616619,0,Low Risk,43,Month-to-month,DSL,No,Electronic check,Continue regular engagement,63.95
8775-ERLNB,0.79574925,1,High Risk,1,Month-to-month,Fiber optic,No,Electronic check,Offer annual contract discount + proactive support,74.3
8309-IEYJD,0.7893697,1,High Risk,1,Month-to-month,Fiber optic,No,Mailed check,Offer annual contract discount + proactive support,70.6
9172-JITSM,0.52973145,1,Medium Risk,26,Month-to-month,Fiber optic,No,Electronic check,Offer contract upgrade incentive,90.8
6298-QDFNH,0.5637054,1,Medium Risk,22,Month-to-month,Fiber optic,No,Electronic check,Offer contract upgrade incentive,79.35
7398-HPYZQ,0.005629718,0,Low Risk,71,Two year,DSL,Yes,Bank transfer (automatic),Continue regular engagement,90.55
3546-GHEAE,0.020500112,0,Low Risk,7,Two year,No,No internet service,Mailed check,Continue regular engagement,19.45
7361-YPXFS,0.09202248,0,Low Risk,28,Month-to-month,DSL,Yes,Bank transfer (automatic),Continue regular engagement,64.45
6557-BZXLQ,0.49453235,1,Medium Risk,16,Month-to-month,Fiber optic,No,Electronic check,Offer contract upgrade incentive,69.65
2550-QHZGP,0.027508212,0,Low Risk,7,One year,No,No internet service,Mailed check,Continue regular engagement,19.5
7519-JTWQH,0.13600567,0,Low Risk,69,Two year,Fiber optic,Yes,Bank transfer (automatic),Continue regular engagement,110.5
2538-OIMXF,0.44519335,1,Medium Risk,1,Month-to-month,DSL,No,Mailed check,Offer contract upgrade incentive,24.7
8543-MSDMF,0.35724416,1,Medium Risk,3,Month-to-month,DSL,No,Electronic check,Offer contract upgrade incentive,77.4
9961-JBNMK,0.54252154,1,Medium Risk,21,Month-to-month,Fiber optic,No,Bank transfer (automatic),Offer contract upgrade incentive,96.8
1170-SASML,0.27730927,0,Low Risk,69,Month-to-month,Fiber optic,No,Bank transfer (automatic),Continue regular engagement,85.4
4872-JCVCA,0.013568256,0,Low Risk,71,Two year,DSL,Yes,Bank transfer (automatic),Continue regular engagement,47.6
5346-BZCHP,0.020978387,0,Low Risk,69,Two year,No,No internet service,Mailed check,Continue regular engagement,19.4
2038-LLMLM,0.46741837,1,Medium Risk,48,Month-to-month,Fiber optic,Yes,Electronic check,Offer contract upgrade incentive,103.85
6173-ITPWD,0.37147704,1,Medium Risk,47,Month-to-month,Fiber optic,No,Bank transfer (automatic),Offer contract upgrade incentive,83.35
9734-UYXQI,0.6113392,1,Medium Risk,2,Month-to-month,DSL,No,Electronic check,Offer contract upgrade incentive,49.4
1216-BGTSP,0.27762038,0,Low Risk,45,Month-to-month,Fiber optic,Yes,Credit card (automatic),Continue regular engagement,108.45
4138-NAXED,0.22698,0,Low Risk,51,Month-to-month,Fiber optic,No,Bank transfer (automatic),Continue regular engagement,81.0
2189-UXTKY,0.32146606,0,Low Risk,22,Month-to-month,DSL,Yes,Electronic check,Continue regular engagement,79.2
0744-BIKKF,0.004105981,0,Low Risk,72,Two year,DSL,Yes,Bank transfer (automatic),Continue regular engagement,86.65
7483-IQWIB,0.3585086,1,Medium Risk,37,Month-to-month,Fiber optic,No,Electronic check,Offer contract upgrade incentive,92.95
5248-KWLAR,0.010113351,0,Low Risk,71,Two year,DSL,Yes,Electronic check,Continue regular engagement,90.35
4958-GZWIY,0.35112742,1,Medium Risk,7,Month-to-month,DSL,No,Electronic check,Offer contract upgrade incentive,48.7
7996-MHXLW,0.008823203,0,Low Risk,66,Two year,No,No internet service,Credit card (automatic),Continue regular engagement,25.15
7833-PKIHD,0.0617627,0,Low Risk,51,One year,DSL,Yes,Bank transfer (automatic),Continue regular engagement,76.4
7061-OVMIM,0.020302711,0,Low Risk,30,One year,No,No internet service,Bank transfer (automatic),Continue regular engagement,19.55
5153-RTHKF,0.4364354,1,Medium Risk,34,Month-to-month,Fiber optic,No,Electronic check,Offer contract upgrade incentive,85.35
1852-QSWCD,0.011893354,0,Low Risk,64,Two year,No,No internet service,Mailed check,Continue regular engagement,24.8
4832-VRBMR,0.26460126,0,Low Risk,65,One year,Fiber optic,No,Bank transfer (automatic),Continue regular engagement,103.15
9079-LWTFD,0.15426354,0,Low Risk,47,Month-to-month,Fiber optic,Yes,Mailed check,Continue regular engagement,100.75
6356-ELRKD,0.8534979,1,High Risk,1,Month-to-month,Fiber optic,No,Electronic check,Offer annual contract discount + proactive support,95.6
8624-GIOUT,0.13231583,0,Low Risk,49,Month-to-month,DSL,No,Credit card (automatic),Continue regular engagement,59.75
3392-EHMNK,0.039874304,0,Low Risk,67,Two year,Fiber optic,Yes,Credit card (automatic),Continue regular engagement,94.1
5986-WWXDV,0.019516716,0,Low Risk,39,One year,No,No internet service,Bank transfer (automatic),Continue regular engagement,19.35
3061-BCKYI,0.063923374,0,Low Risk,14,Month-to-month,No,No internet service,Mailed check,Continue regular engagement,19.9
6179-GJPSO,0.4182215,1,Medium Risk,43,Month-to-month,Fiber optic,Yes,Credit card (automatic),Offer contract upgrade incentive,108.15
7901-TBKJX,0.5478457,1,Medium Risk,56,Month-to-month,Fiber optic,No,Electronic check,Offer contract upgrade incentive,101.05
7228-PAQPD,0.101066746,0,Low Risk,14,One year,DSL,Yes,Credit card (automatic),Continue regular engagement,59.1
3177-LASXD,0.7435102,1,High Risk,1,Month-to-month,Fiber optic,No,Electronic check,Offer annual contract discount + proactive support,71.35
7746-QYVCO,0.078466214,0,Low Risk,16,One year,DSL,No,Mailed check,Continue regular engagement,55.85
5804-HYIEZ,0.38410574,1,Medium Risk,70,Month-to-month,Fiber optic,No,Electronic check,Offer contract upgrade incentive,106.05
9919-FZDED,0.01014492,0,Low Risk,72,Two year,DSL,No,Credit card (automatic),Continue regular engagement,84.1
5934-TSSAU,0.2494216,0,Low Risk,23,Month-to-month,Fiber optic,No,Credit card (automatic),Continue regular engagement,75.3
3486-KHMLI,0.05767438,0,Low Risk,21,Month-to-month,No,No internet service,Mailed check,Continue regular engagement,24.7
4897-QSUYC,0.53429013,1,Medium Risk,1,Month-to-month,No,No internet service,Mailed check,Offer contract upgrade incentive,20.15
1084-UQCHV,0.74661875,1,High Risk,1,Month-to-month,Fiber optic,No,Bank transfer (automatic),Offer annual contract discount + proactive support,69.75
8290-YWKHZ,0.56559193,1,Medium Risk,32,Month-to-month,Fiber optic,No,Electronic check,Offer contract upgrade incentive,93.2
2955-BJZHG,0.36834958,1,Medium Risk,17,Month-to-month,Fiber optic,No,Electronic check,Offer contract upgrade incentive,80.85
3806-DXQOM,0.47785407,1,Medium Risk,4,Month-to-month,DSL,No,Electronic check,Offer contract upgrade incentive,33.65
6784-XYJAE,0.07311638,0,Low Risk,36,One year,DSL,No,Electronic check,Continue regular engagement,55.8
3933-DQPWX,0.014344802,0,Low Risk,50,Two year,DSL,Yes,Credit card (automatic),Continue regular engagement,39.7
6661-EIPZC,0.11297639,0,Low Risk,48,Month-to-month,DSL,Yes,Credit card (automatic),Continue regular engagement,29.5
8957-THMOA,0.013220489,0,Low Risk,50,Two year,No,No internet service,Credit card (automatic),Continue regular engagement,20.15
2251-PYLPB,0.005383005,0,Low Risk,72,Two year,DSL,Yes,Credit card (automatic),Continue regular engagement,79.55
5555-RNPGT,0.07818044,0,Low Risk,10,Month-to-month,No,No internet service,Credit card (automatic),Continue regular engagement,24.8
1057-FOGLZ,0.08798728,0,Low Risk,18,Month-to-month,No,No internet service,Mailed check,Continue regular engagement,19.65
9300-RENDD,0.87309,1,High Risk,1,Month-to-month,Fiber optic,No,Electronic check,Offer annual contract discount + proactive support,79.95
0761-AETCS,0.3638019,1,Medium Risk,1,Month-to-month,No,No internet service,Electronic check,Offer contract upgrade incentive,19.3
8087-LGYHQ,0.6680895,1,Medium Risk,9,Month-to-month,Fiber optic,No,Electronic check,Offer contract upgrade incentive,94.05
4137-BTIKL,0.50349283,1,Medium Risk,2,Month-to-month,Fiber optic,No,Mailed check,Offer contract upgrade incentive,90.75
2190-BCXEC,0.33648512,0,Low Risk,40,Month-to-month,Fiber optic,Yes,Credit card (automatic),Continue regular engagement,78.85
6227-FBDXH,0.15928514,0,Low Risk,69,One year,Fiber optic,No,Bank transfer (automatic),Continue regular engagement,99.5
2153-MREFK,0.30891985,0,Low Risk,37,One year,Fiber optic,Yes,Electronic check,Continue regular engagement,99.2
2911-WDXMV,0.36814868,1,Medium Risk,18,Month-to-month,Fiber optic,No,Credit card (automatic),Offer contract upgrade incentive,80.55
7206-PQBBZ,0.54855466,1,Medium Risk,11,Month-to-month,Fiber optic,No,Electronic check,Offer contract upgrade incentive,70.2
3106-ULWFW,0.71796995,1,High Risk,8,Month-to-month,Fiber optic,No,Credit card (automatic),Offer annual contract discount + proactive support,85.2
0925-VYDLG,0.6540892,1,Medium Risk,3,Month-to-month,Fiber optic,No,Electronic check,Offer contract upgrade incentive,75.25
4547-FZJWE,0.07094775,0,Low Risk,55,One year,DSL,No,Credit card (automatic),Continue regular engagement,59.45
7422-WNBTY,0.44038567,1,Medium Risk,33,Month-to-month,Fiber optic,No,Electronic check,Offer contract upgrade incentive,93.35
0842-IWYCP,0.12283922,0,Low Risk,46,Month-to-month,DSL,No,Bank transfer (automatic),Continue regular engagement,44.95
3521-HTQTV,0.024450827,0,Low Risk,34,Two year,No,No internet service,Bank transfer (automatic),Continue regular engagement,26.1
3744-ZBHON,0.1701269,0,Low Risk,3,Month-to-month,No,No internet service,Electronic check,Continue regular engagement,20.2
3373-DIUUN,0.010751207,0,Low Risk,30,Two year,No,No internet service,Mailed check,Continue regular engagement,21.25
8383-SGHJU,0.049717702,0,Low Risk,33,One year,DSL,Yes,Electronic check,Continue regular engagement,59.4
7607-QKKTJ,0.1371179,0,Low Risk,45,One year,Fiber optic,No,Credit card (automatic),Continue regular engagement,95.0
7707-PYBBH,0.09422146,0,Low Risk,40,Month-to-month,DSL,Yes,Mailed check,Continue regular engagement,61.9
8984-HPEMB,0.030032886,0,Low Risk,71,Two year,Fiber optic,Yes,Electronic check,Continue regular engagement,118.65
4349-GFQHK,0.6231464,1,Medium Risk,1,Month-to-month,DSL,No,Electronic check,Offer contract upgrade incentive,54.35
4139-DETXS,0.003994376,0,Low Risk,72,Two year,DSL,Yes,Bank transfer (automatic),Continue regular engagement,64.45
9779-DPNEJ,0.51967186,1,Medium Risk,22,Month-to-month,Fiber optic,No,Electronic check,Offer contract upgrade incentive,80.15
9805-FILKB,0.015692238,0,Low Risk,46,One year,No,No internet service,Bank transfer (automatic),Continue regular engagement,20.2
5793-YOLJN,0.010707605,0,Low Risk,55,Two year,No,No internet service,Mailed check,Continue regular engagement,21.0
0673-IGUQO,0.23757936,0,Low Risk,1,Month-to-month,No,No internet service,Mailed check,Continue regular engagement,20.45
4123-FCVCB,0.18708725,0,Low Risk,12,One year,DSL,Yes,Mailed check,Continue regular engagement,75.85
8819-IMISP,0.5159946,1,Medium Risk,31,Month-to-month,Fiber optic,No,Electronic check,Offer contract upgrade incentive,80.45
7802-EFKNY,0.62488323,1,Medium Risk,5,Month-to-month,DSL,No,Electronic check,Offer contract upgrade incentive,24.95
8311-UEUAB,0.11354514,0,Low Risk,67,Two year,DSL,No,Electronic check,Continue regular engagement,75.5
5858-EAFCZ,0.45816496,1,Medium Risk,1,Month-to-month,DSL,No,Mailed check,Offer contract upgrade incentive,44.45
8035-BUYVG,0.1658655,0,Low Risk,40,One year,DSL,No,Electronic check,Continue regular engagement,42.35
1163-ONYEY,0.17918761,0,Low Risk,41,Month-to-month,DSL,No,Credit card (automatic),Continue regular engagement,74.55
9787-XVQIU,0.85532105,1,High Risk,1,Month-to-month,Fiber optic,No,Electronic check,Offer annual contract discount + proactive support,75.3
8945-MUQUF,0.19167615,0,Low Risk,51,One year,Fiber optic,No,Electronic check,Continue regular engagement,94.8
5656-MJEFC,0.019829601,0,Low Risk,42,Two year,DSL,Yes,Credit card (automatic),Continue regular engagement,48.15
6082-OQFBA,0.022888182,0,Low Risk,23,One year,No,No internet service,Mailed check,Continue regular engagement,19.65
8051-HJRLT,0.8475604,1,High Risk,1,Month-to-month,Fiber optic,No,Electronic check,Offer annual contract discount + proactive support,70.55
8974-OVACP,0.45450598,1,Medium Risk,1,Month-to-month,No,No internet service,Mailed check,Offer contract upgrade incentive,20.15
4010-YLMVT,0.32824478,0,Low Risk,56,Month-to-month,Fiber optic,No,Credit card (automatic),Continue regular engagement,106.6
1379-FRVEB,0.68619543,1,Medium Risk,15,Month-to-month,Fiber optic,No,Electronic check,Offer contract upgrade incentive,91.0
8612-GXIDD,0.0187455,0,Low Risk,12,Two year,No,No internet service,Bank transfer (automatic),Continue regular engagement,25.4
6288-CHQJB,0.010129604,0,Low Risk,54,Two year,DSL,Yes,Bank transfer (automatic),Continue regular engagement,69.95
8160-HOWOX,0.38310555,1,Medium Risk,7,Month-to-month,DSL,No,Electronic check,Offer contract upgrade incentive,66.85
3023-GFLBR,0.34352505,0,Low Risk,33,Month-to-month,Fiber optic,No,Credit card (automatic),Continue regular engagement,86.15
6648-INWPS,0.106871985,0,Low Risk,16,Month-to-month,No,No internet service,Electronic check,Continue regular engagement,20.15
4223-BKEOR,0.079158306,0,Low Risk,21,One year,DSL,No,Mailed check,Continue regular engagement,64.85
4079-VTGLK,0.060496505,0,Low Risk,30,Two year,DSL,No,Electronic check,Continue regular engagement,74.85
1763-WQFUK,0.37413093,1,Medium Risk,3,Month-to-month,DSL,Yes,Mailed check,Offer contract upgrade incentive,50.5
1391-UBDAR,0.38908392,1,Medium Risk,11,Month-to-month,Fiber optic,No,Electronic check,Offer contract upgrade incentive,72.9
8894-JVDCV,0.119878136,0,Low Risk,62,One year,Fiber optic,Yes,Credit card (automatic),Continue regular engagement,115.05
2023-VQFDL,0.066759475,0,Low Risk,18,Month-to-month,No,No internet service,Electronic check,Continue regular engagement,19.0
1345-GKDZZ,0.086067125,0,Low Risk,6,Month-to-month,No,No internet service,Mailed check,Continue regular engagement,19.55
2014-MKGMH,0.38229844,1,Medium Risk,46,One year,Fiber optic,No,Electronic check,Monitor customer + targeted engagement,101.1
5628-FCGYG,0.603582,1,Medium Risk,21,Month-to-month,Fiber optic,No,Electronic check,Offer contract upgrade incentive,84.1
2560-WBWXF,0.008457179,0,Low Risk,68,Two year,No,No internet service,Bank transfer (automatic),Continue regular engagement,24.15
0248-IPDFW,0.6094688,1,Medium Risk,1,Month-to-month,DSL,No,Electronic check,Offer contract upgrade incentive,50.1
7978-DKUQH,0.3722098,1,Medium Risk,25,Month-to-month,Fiber optic,No,Electronic check,Offer contract upgrade incentive,74.6
4335-UPJSI,0.0136874495,0,Low Risk,24,Two year,No,No internet service,Mailed check,Continue regular engagement,19.75
0524-IAVZO,0.5584617,1,Medium Risk,30,Month-to-month,Fiber optic,No,Electronic check,Offer contract upgrade incentive,85.0
2737-YNGYW,0.6925353,1,Medium Risk,2,Month-to-month,Fiber optic,No,Electronic check,Offer contract upgrade incentive,80.55
1784-EZDKJ,0.34142312,0,Low Risk,51,One year,Fiber optic,No,Bank transfer (automatic),Continue regular engagement,106.8
9297-FVVDH,0.039191324,0,Low Risk,57,Two year,DSL,Yes,Electronic check,Continue regular engagement,84.5
8007-YYPWD,0.020159682,0,Low Risk,15,Two year,No,No internet service,Bank transfer (automatic),Continue regular engagement,25.05
7101-HRBLJ,0.0040970217,0,Low Risk,72,Two year,DSL,Yes,Bank transfer (automatic),Continue regular engagement,83.7
5159-YFPKQ,0.7242345,1,High Risk,2,Month-to-month,Fiber optic,No,Electronic check,Offer annual contract discount + proactive support,75.8
6635-CPNUN,0.31367853,0,Low Risk,28,Month-to-month,Fiber optic,No,Credit card (automatic),Continue regular engagement,96.6
4021-RQSNY,0.6974545,1,Medium Risk,29,Month-to-month,Fiber optic,No,Electronic check,Offer contract upgrade incentive,98.5
5453-YBTWV,0.023131194,0,Low Risk,70,Two year,Fiber optic,Yes,Credit card (automatic),Continue regular engagement,101.1
5039-LZRQT,0.03101194,0,Low Risk,13,One year,No,No internet service,Mailed check,Continue regular engagement,20.2
2931-VUVJN,0.09582346,0,Low Risk,59,One year,Fiber optic,Yes,Electronic check,Continue regular engagement,94.05
9061-TIHDA,0.8033322,1,High Risk,13,Month-to-month,Fiber optic,No,Electronic check,Offer annual contract discount + proactive support,95.25
8699-ASUFO,0.63910407,1,Medium Risk,7,Month-to-month,Fiber optic,No,Mailed check,Offer contract upgrade incentive,74.4
6418-PIQSP,0.012701804,0,Low Risk,62,Two year,DSL,Yes,Mailed check,Continue regular engagement,81.0
8220-OCUFY,0.12107639,0,Low Risk,21,One year,DSL,Yes,Electronic check,Continue regular engagement,60.25
3995-WFCSM,0.45207706,1,Medium Risk,2,Month-to-month,DSL,No,Electronic check,Offer contract upgrade incentive,60.85
1895-QTKDO,0.4365999,1,Medium Risk,1,Month-to-month,DSL,No,Credit card (automatic),Offer contract upgrade incentive,43.95
2038-OEQZH,0.5539633,1,Medium Risk,4,Month-to-month,Fiber optic,No,Electronic check,Offer contract upgrade incentive,86.05
1178-PZGAB,0.029797008,0,Low Risk,19,One year,No,No internet service,Credit card (automatic),Continue regular engagement,20.25
7927-AUXBZ,0.34568852,0,Low Risk,30,Month-to-month,Fiber optic,Yes,Electronic check,Continue regular engagement,85.15
2626-VEEWG,0.013422134,0,Low Risk,67,Two year,No,No internet service,Credit card (automatic),Continue regular engagement,19.4
2878-RMWXY,0.022594107,0,Low Risk,72,Two year,Fiber optic,No,Credit card (automatic),Continue regular engagement,102.65
1657-DYMBM,0.018032823,0,Low Risk,53,Two year,No,No internet service,Credit card (automatic),Continue regular engagement,19.9
7311-MQJCH,0.089256465,0,Low Risk,5,One year,No,No internet service,Electronic check,Continue regular engagement,19.55
7375-WMVMT,0.021474173,0,Low Risk,71,Two year,Fiber optic,Yes,Credit card (automatic),Continue regular engagement,95.5
1136-XGEQU,0.09725513,0,Low Risk,50,One year,DSL,Yes,Credit card (automatic),Continue regular engagement,84.15
2530-FMFXO,0.1161088,0,Low Risk,56,Two year,Fiber optic,Yes,Electronic check,Continue regular engagement,103.2
6844-DZKRF,0.3688674,1,Medium Risk,2,Month-to-month,DSL,Yes,Credit card (automatic),Offer contract upgrade incentive,50.2
4695-WJZUE,0.86873627,1,High Risk,2,Month-to-month,Fiber optic,No,Electronic check,Offer annual contract discount + proactive support,88.55
7619-ODSGN,0.14483327,0,Low Risk,24,Month-to-month,DSL,No,Electronic check,Continue regular engagement,54.75
5970-GHJAW,0.007612592,0,Low Risk,46,Two year,No,No internet service,Credit card (automatic),Continue regular engagement,19.95
8879-XUAHX,0.036930643,0,Low Risk,71,Two year,Fiber optic,Yes,Electronic check,Continue regular engagement,116.25
3689-MOZGR,0.19676442,0,Low Risk,29,Month-to-month,DSL,Yes,Electronic check,Continue regular engagement,31.2
4195-PNGZS,0.0062275575,0,Low Risk,69,Two year,No,No internet service,Bank transfer (automatic),Continue regular engagement,24.45
5003-XZWWO,0.010654863,0,Low Risk,71,Two year,DSL,Yes,Credit card (automatic),Continue regular engagement,84.2
3988-RQIXO,0.90687555,1,High Risk,1,Month-to-month,Fiber optic,No,Electronic check,Offer annual contract discount + proactive support,91.3
7622-FWGEW,0.029026428,0,Low Risk,56,Two year,DSL,Yes,Bank transfer (automatic),Continue regular engagement,85.65
6922-NCEDI,0.020673702,0,Low Risk,56,One year,No,No internet service,Mailed check,Continue regular engagement,21.2
2514-GINMM,0.88397413,1,High Risk,1,Month-to-month,Fiber optic,No,Electronic check,Offer annual contract discount + proactive support,79.5
9891-NQDBD,0.039379105,0,Low Risk,28,One year,No,No internet service,Mailed check,Continue regular engagement,25.55
6131-IUNXN,0.07287348,0,Low Risk,19,Month-to-month,No,No internet service,Mailed check,Continue regular engagement,20.2
8548-AWOFC,0.102318525,0,Low Risk,66,Month-to-month,DSL,Yes,Electronic check,Continue regular engagement,63.85
9798-DRYDS,0.09984978,0,Low Risk,17,One year,DSL,Yes,Mailed check,Continue regular engagement,61.95
8532-UEFWH,0.008004679,0,Low Risk,52,Two year,No,No internet service,Mailed check,Continue regular engagement,25.75
6296-DDOOR,0.15391222,0,Low Risk,19,One year,DSL,No,Electronic check,Continue regular engagement,58.2
7951-VRDVK,0.06919029,0,Low Risk,36,One year,DSL,Yes,Bank transfer (automatic),Continue regular engagement,85.85
5931-FLJJF,0.56322914,1,Medium Risk,7,Month-to-month,Fiber optic,No,Mailed check,Offer contract upgrade incentive,70.1
4815-YOSUK,0.035403002,0,Low Risk,72,One year,Fiber optic,Yes,Credit card (automatic),Continue regular engagement,104.9
2659-VXMWZ,0.17078821,0,Low Risk,67,One year,Fiber optic,No,Electronic check,Continue regular engagement,111.3
0380-NEAVX,0.26663882,0,Low Risk,34,One year,Fiber optic,No,Electronic check,Continue regular engagement,99.85
3207-OYBWH,0.35686266,1,Medium Risk,57,Month-to-month,Fiber optic,No,Bank transfer (automatic),Offer contract upgrade incentive,95.25
4285-GYRQC,0.7296664,1,High Risk,7,Month-to-month,Fiber optic,No,Electronic check,Offer annual contract discount + proactive support,86.25
7216-EWTRS,0.94132715,1,High Risk,1,Month-to-month,Fiber optic,No,Electronic check,Offer annual contract discount + proactive support,100.8
4365-MSDYN,0.13979724,0,Low Risk,8,Month-to-month,No,No internet service,Bank transfer (automatic),Continue regular engagement,19.55
7036-TYDEC,0.15533483,0,Low Risk,69,Two year,Fiber optic,Yes,Electronic check,Continue regular engagement,104.0
5802-ADBRC,0.25566003,0,Low Risk,50,One year,Fiber optic,No,Mailed check,Continue regular engagement,104.4
8076-FEZKJ,0.034530357,0,Low Risk,10,One year,No,No internet service,Mailed check,Continue regular engagement,19.5
5197-YPYBZ,0.019257858,0,Low Risk,12,Two year,No,No internet service,Credit card (automatic),Continue regular engagement,25.25
8337-MSSXB,0.57035494,1,Medium Risk,14,Month-to-month,Fiber optic,No,Electronic check,Offer contract upgrade incentive,86.3
4312-GVYNH,0.017494388,0,Low Risk,70,Two year,DSL,Yes,Bank transfer (automatic),Continue regular engagement,49.85
8495-LJDFO,0.12994681,0,Low Risk,64,Month-to-month,Fiber optic,Yes,Bank transfer (automatic),Continue regular engagement,108.95
0839-JTCUD,0.017111354,0,Low Risk,66,Two year,DSL,Yes,Credit card (automatic),Continue regular engagement,89.9
5494-WOZRZ,0.008343508,0,Low Risk,71,Two year,DSL,Yes,Credit card (automatic),Continue regular engagement,82.0
1302-UHBDD,0.412678,1,Medium Risk,20,Month-to-month,Fiber optic,No,Electronic check,Offer contract upgrade incentive,89.95
2234-EOFPT,0.0040037734,0,Low Risk,72,Two year,DSL,Yes,Bank transfer (automatic),Continue regular engagement,79.35
8619-IJNDK,0.0066699893,0,Low Risk,71,Two year,DSL,Yes,Credit card (automatic),Continue regular engagement,64.05
8378-LKJAF,0.5308613,1,Medium Risk,38,Month-to-month,Fiber optic,No,Credit card (automatic),Offer contract upgrade incentive,101.15
8182-BJDSI,0.52305037,1,Medium Risk,28,Month-to-month,Fiber optic,No,Electronic check,Offer contract upgrade incentive,89.95
2528-HFYZX,0.49173567,1,Medium Risk,17,Month-to-month,Fiber optic,No,Electronic check,Offer contract upgrade incentive,76.45
1153-GNOLC,0.18330438,0,Low Risk,33,One year,DSL,No,Electronic check,Continue regular engagement,39.1
3298-QEICA,0.014723944,0,Low Risk,23,Two year,DSL,Yes,Mailed check,Continue regular engagement,34.6
0788-DXBFY,0.093662694,0,Low Risk,58,One year,No,No internet service,Electronic check,Continue regular engagement,19.55
3597-YASZG,0.075057626,0,Low Risk,70,Two year,Fiber optic,Yes,Bank transfer (automatic),Continue regular engagement,104.45
3496-LFSZU,0.505633,1,Medium Risk,4,Month-to-month,Fiber optic,No,Electronic check,Offer contract upgrade incentive,70.5
5242-UOWHD,0.0073039015,0,Low Risk,45,Two year,No,No internet service,Mailed check,Continue regular engagement,20.35
2482-CZGBB,0.5506275,1,Medium Risk,10,Month-to-month,Fiber optic,No,Electronic check,Offer contract upgrade incentive,70.0
6479-SZPLM,0.008558481,0,Low Risk,36,Two year,No,No internet service,Credit card (automatic),Continue regular engagement,19.45
8097-VBQTZ,0.058481943,0,Low Risk,54,Month-to-month,DSL,Yes,Mailed check,Continue regular engagement,69.9
4500-HKANN,0.016094595,0,Low Risk,23,Two year,DSL,Yes,Mailed check,Continue regular engagement,59.7
9917-KWRBE,0.100287616,0,Low Risk,41,One year,DSL,No,Credit card (automatic),Continue regular engagement,78.35
3420-ZDBMA,0.5648751,1,Medium Risk,5,Month-to-month,Fiber optic,No,Mailed check,Offer contract upgrade incentive,71.45
2212-LYASK,0.14184427,0,Low Risk,27,One year,DSL,No,Credit card (automatic),Continue regular engagement,45.85
1393-IMKZG,0.7613994,1,High Risk,1,Month-to-month,Fiber optic,Yes,Electronic check,Offer annual contract discount + proactive support,95.85
8069-RHUXK,0.010068244,0,Low Risk,67,Two year,DSL,Yes,Credit card (automatic),Continue regular engagement,35.7
3398-GCPMU,0.007647698,0,Low Risk,72,Two year,DSL,Yes,Credit card (automatic),Continue regular engagement,89.55
2908-WGAXL,0.013021887,0,Low Risk,56,Two year,No,No internet service,Credit card (automatic),Continue regular engagement,24.95
3378-AJRAO,0.035860915,0,Low Risk,44,One year,No,No internet service,Electronic check,Continue regular engagement,24.85
1013-QCWAM,0.4745839,1,Medium Risk,66,Month-to-month,Fiber optic,No,Electronic check,Offer contract upgrade incentive,100.8
0866-QLSIR,0.03365941,0,Low Risk,34,One year,DSL,Yes,Mailed check,Continue regular engagement,64.4
6050-FFXES,0.09075518,0,Low Risk,69,Two year,Fiber optic,Yes,Bank transfer (automatic),Continue regular engagement,105.35
7181-BQYBV,0.84867555,1,High Risk,1,Month-to-month,Fiber optic,No,Electronic check,Offer annual contract discount + proactive support,102.45
0362-RAOQO,0.012710537,0,Low Risk,40,Two year,No,No internet service,Credit card (automatic),Continue regular engagement,19.65
9554-DFKIC,0.08754264,0,Low Risk,30,Month-to-month,DSL,No,Bank transfer (automatic),Continue regular engagement,54.45
5527-ACHSO,0.16890618,0,Low Risk,11,Month-to-month,DSL,Yes,Mailed check,Continue regular engagement,70.5
0829-DDVLK,0.040060632,0,Low Risk,15,One year,No,No internet service,Credit card (automatic),Continue regular engagement,20.1
1399-UBQIU,0.3444464,0,Low Risk,11,Month-to-month,DSL,No,Electronic check,Continue regular engagement,69.35
1813-JLKWR,0.022438768,0,Low Risk,64,One year,No,No internet service,Bank transfer (automatic),Continue regular engagement,19.8
0336-PIKEI,0.012578723,0,Low Risk,72,Two year,DSL,Yes,Bank transfer (automatic),Continue regular engagement,74.4
7322-OCWHC,0.006173048,0,Low Risk,72,Two year,Fiber optic,Yes,Bank transfer (automatic),Continue regular engagement,93.05
9537-VHDTA,0.3824898,1,Medium Risk,1,Month-to-month,DSL,No,Mailed check,Offer contract upgrade incentive,51.2
4957-TIALW,0.051463973,0,Low Risk,15,One year,DSL,Yes,Credit card (automatic),Continue regular engagement,65.6
2054-PJOCK,0.068673246,0,Low Risk,60,One year,DSL,Yes,Credit card (automatic),Continue regular engagement,80.55
9150-HEPMB,0.036756415,0,Low Risk,56,One year,DSL,No,Mailed check,Continue regular engagement,52.7
9030-QGZNL,0.019287985,0,Low Risk,8,Two year,No,No internet service,Mailed check,Continue regular engagement,20.85
6204-IEUXJ,0.57603276,1,Medium Risk,3,Month-to-month,Fiber optic,Yes,Credit card (automatic),Offer contract upgrade incentive,80.1
3126-WQMGH,0.17315066,0,Low Risk,49,Month-to-month,DSL,No,Credit card (automatic),Continue regular engagement,52.15
4529-CKBCL,0.7159621,1,High Risk,2,Month-to-month,Fiber optic,No,Electronic check,Offer annual contract discount + proactive support,80.2
2506-CLAKW,0.7427876,1,High Risk,6,Month-to-month,Fiber optic,Yes,Bank transfer (automatic),Offer annual contract discount + proactive support,98.15
7176-WRTNX,0.1673237,0,Low Risk,70,Two year,Fiber optic,Yes,Bank transfer (automatic),Continue regular engagement,114.95
1583-IHQZE,0.61437917,1,Medium Risk,12,Month-to-month,Fiber optic,Yes,Mailed check,Offer contract upgrade incentive,112.95
5732-IKGQH,0.32445624,0,Low Risk,52,One year,Fiber optic,Yes,Bank transfer (automatic),Continue regular engagement,104.45
9239-GZHZE,0.012775157,0,Low Risk,72,Two year,Fiber optic,Yes,Credit card (automatic),Continue regular engagement,113.65
7205-BAIAD,0.012171959,0,Low Risk,40,Two year,No,No internet service,Bank transfer (automatic),Continue regular engagement,20.6
0151-ONTOV,0.6952767,1,Medium Risk,1,Month-to-month,Fiber optic,No,Mailed check,Offer contract upgrade incentive,70.9
4140-MUHUG,0.7368981,1,High Risk,3,Month-to-month,Fiber optic,No,Electronic check,Offer annual contract discount + proactive support,86.85
0093-EXYQL,0.39297417,1,Medium Risk,40,Month-to-month,Fiber optic,No,Electronic check,Offer contract upgrade incentive,91.55
8064-RAVOH,0.58087766,1,Medium Risk,1,Month-to-month,DSL,No,Electronic check,Offer contract upgrade incentive,49.85
0219-QAERP,0.026541935,0,Low Risk,30,One year,No,No internet service,Credit card (automatic),Continue regular engagement,19.8
0320-JDNQG,0.57165307,1,Medium Risk,23,Month-to-month,Fiber optic,Yes,Electronic check,Offer contract upgrade incentive,99.85
7180-PISOG,0.84264475,1,High Risk,1,Month-to-month,Fiber optic,No,Electronic check,Offer annual contract discount + proactive support,74.5
9168-INPSZ,0.5092785,1,Medium Risk,44,Month-to-month,Fiber optic,Yes,Electronic check,Offer contract upgrade incentive,104.15
3571-RFHAR,0.4517061,1,Medium Risk,65,Month-to-month,Fiber optic,Yes,Electronic check,Offer contract upgrade incentive,109.15
0015-UOCOJ,0.4306287,1,Medium Risk,7,Month-to-month,DSL,No,Electronic check,Offer contract upgrade incentive,48.2
5334-AFQJB,0.010188721,0,Low Risk,72,Two year,No,No internet service,Credit card (automatic),Continue regular engagement,25.1
2754-SDJRD,0.8615308,1,High Risk,8,Month-to-month,Fiber optic,Yes,Credit card (automatic),Offer annual contract discount + proactive support,100.15
9578-VRMNM,0.29514048,0,Low Risk,16,Month-to-month,DSL,No,Credit card (automatic),Continue regular engagement,65.2
1587-FKLZB,0.53952426,1,Medium Risk,66,Month-to-month,Fiber optic,No,Credit card (automatic),Offer contract upgrade incentive,99.5
6140-QNRQQ,0.7506547,1,High Risk,1,Month-to-month,Fiber optic,No,Mailed check,Offer annual contract discount + proactive support,71.55
8963-JLGJT,0.23250179,0,Low Risk,3,Month-to-month,DSL,No,Mailed check,Continue regular engagement,55.9
4307-KTUMW,0.28417256,0,Low Risk,53,Month-to-month,Fiber optic,No,Electronic check,Continue regular engagement,93.9
1465-LNTLJ,0.23380783,0,Low Risk,8,Month-to-month,DSL,Yes,Credit card (automatic),Continue regular engagement,64.4
5440-FLBQG,0.36696348,1,Medium Risk,69,Two year,Fiber optic,Yes,Bank transfer (automatic),Monitor customer + targeted engagement,108.4
2135-DQWAQ,0.7254892,1,High Risk,5,Month-to-month,Fiber optic,No,Mailed check,Offer annual contract discount + proactive support,85.3
4056-QHXHZ,0.011927171,0,Low Risk,72,Two year,Fiber optic,Yes,Mailed check,Continue regular engagement,107.45
7470-MCQTK,0.40273166,1,Medium Risk,13,Month-to-month,DSL,No,Bank transfer (automatic),Offer contract upgrade incentive,48.75
7488-MXJIV,0.7912475,1,High Risk,4,Month-to-month,Fiber optic,No,Electronic check,Offer annual contract discount + proactive support,85.65
7401-JIXNM,0.014313069,0,Low Risk,54,Two year,DSL,Yes,Credit card (automatic),Continue regular engagement,91.3
9339-FIIJL,0.006127121,0,Low Risk,72,Two year,DSL,Yes,Bank transfer (automatic),Continue regular engagement,85.95
2027-FECZV,0.66354656,1,Medium Risk,12,Month-to-month,Fiber optic,No,Electronic check,Offer contract upgrade incentive,106.7
2672-DZUOY,0.74520546,1,High Risk,1,Month-to-month,DSL,No,Electronic check,Offer annual contract discount + proactive support,25.15
4706-DGAHW,0.6663485,1,Medium Risk,1,Month-to-month,DSL,No,Electronic check,Offer contract upgrade incentive,45.2
3870-MQAMG,0.25935376,0,Low Risk,54,One year,Fiber optic,Yes,Electronic check,Continue regular engagement,110.35
6670-MFRPK,0.067272075,0,Low Risk,69,Two year,Fiber optic,No,Credit card (automatic),Continue regular engagement,79.2
6177-PEVRA,0.021212766,0,Low Risk,48,Two year,DSL,No,Credit card (automatic),Continue regular engagement,55.5
4800-CZMPC,0.21884361,0,Low Risk,48,One year,Fiber optic,No,Credit card (automatic),Continue regular engagement,103.25
4813-HQMGZ,0.74037874,1,High Risk,8,Month-to-month,Fiber optic,Yes,Electronic check,Offer annual contract discount + proactive support,90.25
7579-KKLOE,0.0060654883,0,Low Risk,71,Two year,DSL,Yes,Mailed check,Continue regular engagement,91.25
7377-DMMRI,0.6311533,1,Medium Risk,2,Month-to-month,DSL,No,Electronic check,Offer contract upgrade incentive,47.8
8402-EIVQS,0.18404354,0,Low Risk,67,One year,Fiber optic,No,Credit card (automatic),Continue regular engagement,100.9
4947-DSMXK,0.4553456,1,Medium Risk,34,Month-to-month,Fiber optic,No,Bank transfer (automatic),Offer contract upgrade incentive,97.7
7245-NIIWQ,0.63595587,1,Medium Risk,3,Month-to-month,Fiber optic,No,Electronic check,Offer contract upgrade incentive,69.85
0002-ORFBO,0.09816285,0,Low Risk,9,One year,DSL,Yes,Mailed check,Continue regular engagement,65.6
3324-OIRTO,0.05509589,0,Low Risk,71,One year,Fiber optic,No,Bank transfer (automatic),Continue regular engagement,104.65
5414-OFQCB,0.039204355,0,Low Risk,57,Two year,Fiber optic,Yes,Credit card (automatic),Continue regular engagement,90.45
4967-WPNCF,0.0057682917,0,Low Risk,72,Two year,DSL,Yes,Bank transfer (automatic),Continue regular engagement,63.7
8552-OBVRU,0.32428166,0,Low Risk,48,Month-to-month,Fiber optic,Yes,Electronic check,Continue regular engagement,104.5
8499-BRXTD,0.02745558,0,Low Risk,18,One year,No,No internet service,Mailed check,Continue regular engagement,20.1
9154-QDGTH,0.35795972,1,Medium Risk,43,One year,Fiber optic,Yes,Credit card (automatic),Monitor customer + targeted engagement,104.3
8197-BFWVU,0.0042581256,0,Low Risk,72,Two year,DSL,Yes,Bank transfer (automatic),Continue regular engagement,93.25
2577-GVSIL,0.10217269,0,Low Risk,35,One year,DSL,Yes,Bank transfer (automatic),Continue regular engagement,73.45
9367-OIUXP,0.08278079,0,Low Risk,4,Month-to-month,No,No internet service,Mailed check,Continue regular engagement,20.7
6770-UAYGJ,0.0112734595,0,Low Risk,49,Two year,No,No internet service,Mailed check,Continue regular engagement,25.25
6463-HHXJR,0.010796875,0,Low Risk,71,Two year,Fiber optic,No,Bank transfer (automatic),Continue regular engagement,100.5
7928-VJYAB,0.5128381,1,Medium Risk,11,Month-to-month,Fiber optic,No,Electronic check,Offer contract upgrade incentive,90.6
1187-WILMM,0.011325184,0,Low Risk,63,Two year,DSL,Yes,Credit card (automatic),Continue regular engagement,89.4
9776-OJUZI,0.27367538,0,Low Risk,65,Month-to-month,Fiber optic,No,Bank transfer (automatic),Continue regular engagement,95.45
1306-RPWXZ,0.008460542,0,Low Risk,49,Two year,No,No internet service,Credit card (automatic),Continue regular engagement,20.45
8949-JTMAY,0.65078384,1,Medium Risk,29,Month-to-month,Fiber optic,No,Credit card (automatic),Offer contract upgrade incentive,98.6
2774-LVQUS,0.59180355,1,Medium Risk,15,Month-to-month,Fiber optic,Yes,Electronic check,Offer contract upgrade incentive,83.05
3097-PYWXL,0.15325817,0,Low Risk,4,Month-to-month,No,No internet service,Electronic check,Continue regular engagement,19.95
2266-SJNAT,0.070246026,0,Low Risk,72,One year,Fiber optic,Yes,Credit card (automatic),Continue regular engagement,109.15
0869-PAPRP,0.3110364,0,Low Risk,26,Month-to-month,Fiber optic,No,Credit card (automatic),Continue regular engagement,85.7
4238-JSSWH,0.375271,1,Medium Risk,35,Month-to-month,Fiber optic,No,Bank transfer (automatic),Offer contract upgrade incentive,102.05
2972-YDYUW,0.10771383,0,Low Risk,57,One year,Fiber optic,Yes,Electronic check,Continue regular engagement,94.7
1104-FEJAM,0.11393838,0,Low Risk,28,Month-to-month,DSL,No,Electronic check,Continue regular engagement,64.4
2809-ILCYT,0.08040821,0,Low Risk,25,One year,No,No internet service,Mailed check,Continue regular engagement,26.8
5499-ECUTN,0.065208726,0,Low Risk,47,One year,DSL,No,Credit card (automatic),Continue regular engagement,66.05
4981-FLTMF,0.038339216,0,Low Risk,57,Month-to-month,DSL,Yes,Bank transfer (automatic),Continue regular engagement,65.2
9121-PHQSR,0.50004435,1,Medium Risk,16,Month-to-month,Fiber optic,No,Credit card (automatic),Offer contract upgrade incentive,85.05
3113-IWHLC,0.2553977,0,Low Risk,5,Month-to-month,DSL,No,Mailed check,Continue regular engagement,55.8
3211-ILJTT,0.34693897,0,Low Risk,17,Month-to-month,Fiber optic,No,Bank transfer (automatic),Continue regular engagement,70.4
4612-THJBS,0.26779115,0,Low Risk,56,One year,Fiber optic,No,Bank transfer (automatic),Continue regular engagement,104.75
4277-BWBML,0.00525941,0,Low Risk,72,Two year,No,No internet service,Bank transfer (automatic),Continue regular engagement,19.95
4094-NSEDU,0.73541754,1,High Risk,21,Month-to-month,Fiber optic,No,Electronic check,Offer annual contract discount + proactive support,94.25
0234-TEVTT,0.08858884,0,Low Risk,48,One year,DSL,No,Credit card (automatic),Continue regular engagement,45.0
4304-TSPVK,0.07456994,0,Low Risk,68,Two year,Fiber optic,Yes,Bank transfer (automatic),Continue regular engagement,114.9
1552-AAGRX,0.3581007,1,Medium Risk,30,Month-to-month,Fiber optic,Yes,Bank transfer (automatic),Offer contract upgrade incentive,106.4
2637-FKFSY,0.4035301,1,Medium Risk,3,Month-to-month,DSL,No,Mailed check,Offer contract upgrade incentive,46.1
9796-MVYXX,0.040890586,0,Low Risk,14,Two year,DSL,Yes,Mailed check,Continue regular engagement,39.7
7874-ECPQJ,0.11908962,0,Low Risk,4,Month-to-month,No,No internet service,Bank transfer (automatic),Continue regular engagement,20.05
0020-INWCK,0.03032857,0,Low Risk,71,Two year,Fiber optic,No,Credit card (automatic),Continue regular engagement,95.75
7089-RKVSZ,0.03654185,0,Low Risk,8,One year,No,No internet service,Mailed check,Continue regular engagement,24.4
2683-JXWQQ,0.12296524,0,Low Risk,61,Month-to-month,DSL,No,Bank transfer (automatic),Continue regular engagement,33.6
9548-ZMVTX,0.008058008,0,Low Risk,72,Two year,Fiber optic,Yes,Bank transfer (automatic),Continue regular engagement,90.45
8739-XNIKG,0.8190048,1,High Risk,5,Month-to-month,Fiber optic,No,Electronic check,Offer annual contract discount + proactive support,84.0
9755-JHNMN,0.016091403,0,Low Risk,49,Two year,DSL,Yes,Bank transfer (automatic),Continue regular engagement,67.4
3981-QSVQI,0.12122215,0,Low Risk,8,Month-to-month,No,No internet service,Bank transfer (automatic),Continue regular engagement,19.7
2789-HQBOU,0.70439595,1,High Risk,3,Month-to-month,Fiber optic,No,Electronic check,Offer annual contract discount + proactive support,80.35
9424-CMPOG,0.016363598,0,Low Risk,9,Two year,No,No internet service,Mailed check,Continue regular engagement,19.6
5067-WJEUN,0.0109276865,0,Low Risk,67,Two year,DSL,No,Bank transfer (automatic),Continue regular engagement,54.2
3450-WXOAT,0.111748695,0,Low Risk,46,Month-to-month,DSL,No,Credit card (automatic),Continue regular engagement,45.2
9251-WNSOD,0.08045486,0,Low Risk,67,One year,DSL,No,Mailed check,Continue regular engagement,75.1
6974-DAFLI,0.056196854,0,Low Risk,55,One year,No,No internet service,Electronic check,Continue regular engagement,19.7
2616-UUTFK,0.13566592,0,Low Risk,33,Month-to-month,DSL,No,Bank transfer (automatic),Continue regular engagement,72.75
7064-JHXCE,0.008611879,0,Low Risk,62,Two year,No,No internet service,Credit card (automatic),Continue regular engagement,20.05
5103-MHMHY,0.52507997,1,Medium Risk,1,Month-to-month,DSL,No,Mailed check,Offer contract upgrade incentive,45.95
7989-AWGEH,0.17985776,0,Low Risk,49,Month-to-month,DSL,No,Electronic check,Continue regular engagement,39.2
4373-VVHQL,0.6173892,1,Medium Risk,1,Month-to-month,DSL,No,Electronic check,Offer contract upgrade incentive,44.75
4559-UWIHT,0.6727019,1,Medium Risk,14,Month-to-month,Fiber optic,No,Electronic check,Offer contract upgrade incentive,82.65
7268-IGMFD,0.37396318,1,Medium Risk,18,Month-to-month,Fiber optic,Yes,Bank transfer (automatic),Offer contract upgrade incentive,93.9
1846-XWOQN,0.8475604,1,High Risk,1,Month-to-month,Fiber optic,No,Electronic check,Offer annual contract discount + proactive support,70.15
0235-KGSLC,0.8431696,1,High Risk,1,Month-to-month,Fiber optic,No,Credit card (automatic),Offer annual contract discount + proactive support,85.55
6650-BWFRT,0.015172024,0,Low Risk,72,Two year,Fiber optic,Yes,Credit card (automatic),Continue regular engagement,117.15
9570-KYEUA,0.052910507,0,Low Risk,64,Two year,Fiber optic,Yes,Credit card (automatic),Continue regular engagement,99.25
6993-YGFJV,0.13371582,0,Low Risk,69,Two year,Fiber optic,Yes,Bank transfer (automatic),Continue regular engagement,112.55
2712-SYWAY,0.31737772,0,Low Risk,1,Month-to-month,No,No internet service,Electronic check,Continue regular engagement,25.7
0730-BGQGF,0.0069963178,0,Low Risk,71,Two year,DSL,Yes,Credit card (automatic),Continue regular engagement,90.3
5498-IBWPI,0.04374008,0,Low Risk,66,One year,DSL,Yes,Credit card (automatic),Continue regular engagement,49.4
9101-NTIXF,0.11723145,0,Low Risk,2,Month-to-month,No,No internet service,Mailed check,Continue regular engagement,19.4
0013-SMEOE,0.02150607,0,Low Risk,71,Two year,Fiber optic,Yes,Bank transfer (automatic),Continue regular engagement,109.7
9314-QDMDW,0.17640463,0,Low Risk,11,One year,DSL,No,Electronic check,Continue regular engagement,61.25
9308-ANMVE,0.13580221,0,Low Risk,47,Month-to-month,DSL,No,Electronic check,Continue regular engagement,55.3
2884-GBPFB,0.43584475,1,Medium Risk,35,Month-to-month,Fiber optic,No,Electronic check,Offer contract upgrade incentive,70.3
3757-NJYBX,0.46404663,1,Medium Risk,32,Month-to-month,Fiber optic,No,Bank transfer (automatic),Offer contract upgrade incentive,106.35
3413-DHLPB,0.20692672,0,Low Risk,60,Month-to-month,Fiber optic,Yes,Bank transfer (automatic),Continue regular engagement,103.75
7649-PHJVR,0.02852741,0,Low Risk,11,One year,No,No internet service,Mailed check,Continue regular engagement,19.5
6114-TCFID,0.061685093,0,Low Risk,29,One year,DSL,Yes,Credit card (automatic),Continue regular engagement,39.5
3787-TRIAL,0.3659262,1,Medium Risk,21,Month-to-month,DSL,No,Electronic check,Offer contract upgrade incentive,26.05
2573-GYRUU,0.37063083,1,Medium Risk,48,Month-to-month,Fiber optic,No,Credit card (automatic),Offer contract upgrade incentive,91.05
5156-UMKOW,0.30470687,0,Low Risk,3,Month-to-month,DSL,No,Mailed check,Continue regular engagement,29.65
1247-QBVSH,0.10449568,0,Low Risk,43,Month-to-month,DSL,No,Mailed check,Continue regular engagement,50.2
6734-GMPVK,0.5475796,1,Medium Risk,5,Month-to-month,Fiber optic,No,Electronic check,Offer contract upgrade incentive,105.3
9822-OAOVB,0.6975523,1,Medium Risk,1,Month-to-month,DSL,No,Electronic check,Offer contract upgrade incentive,55.45
6161-ERDGD,0.051072706,0,Low Risk,71,One year,DSL,Yes,Electronic check,Continue regular engagement,85.45
1226-JZNKR,0.107122324,0,Low Risk,8,One year,No,No internet service,Electronic check,Continue regular engagement,19.8
7318-EIVKO,0.44916457,1,Medium Risk,8,Month-to-month,DSL,No,Electronic check,Offer contract upgrade incentive,59.25
3771-PZOBW,0.43861902,1,Medium Risk,20,Month-to-month,Fiber optic,No,Credit card (automatic),Offer contract upgrade incentive,90.7
5136-KCKGI,0.29080877,0,Low Risk,33,One year,Fiber optic,No,Mailed check,Continue regular engagement,103.7
8231-BSWXX,0.06526542,0,Low Risk,71,One year,Fiber optic,No,Credit card (automatic),Continue regular engagement,79.05
6486-LHTMA,0.3012446,0,Low Risk,31,One year,Fiber optic,No,Electronic check,Continue regular engagement,90.7
4083-BFNYK,0.15913345,0,Low Risk,38,One year,Fiber optic,No,Credit card (automatic),Continue regular engagement,95.0
3722-WPXTK,0.8543124,1,High Risk,1,Month-to-month,Fiber optic,No,Electronic check,Offer annual contract discount + proactive support,88.35
7389-KBFIT,0.49556124,1,Medium Risk,2,Month-to-month,DSL,No,Mailed check,Offer contract upgrade incentive,30.25
7176-WIONM,0.39609027,1,Medium Risk,12,Month-to-month,DSL,No,Bank transfer (automatic),Offer contract upgrade incentive,49.85
5141-ZUVBH,0.45797515,1,Medium Risk,9,Month-to-month,Fiber optic,Yes,Bank transfer (automatic),Offer contract upgrade incentive,93.0
1089-HDMKP,0.24474947,0,Low Risk,11,Month-to-month,DSL,Yes,Electronic check,Continue regular engagement,54.55
7623-HKYRK,0.059517495,0,Low Risk,6,Month-to-month,No,No internet service,Mailed check,Continue regular engagement,19.7
0310-SUCIN,0.029108869,0,Low Risk,71,One year,DSL,Yes,Bank transfer (automatic),Continue regular engagement,84.8
5197-PYEPU,0.07082743,0,Low Risk,42,One year,Fiber optic,No,Credit card (automatic),Continue regular engagement,94.45
2929-ERCFZ,0.6771433,1,Medium Risk,8,Month-to-month,Fiber optic,No,Electronic check,Offer contract upgrade incentive,94.2
7548-SEPYI,0.77678883,1,High Risk,5,Month-to-month,Fiber optic,No,Electronic check,Offer annual contract discount + proactive support,96.25
8835-VSDSE,0.6683174,1,Medium Risk,2,Month-to-month,Fiber optic,No,Electronic check,Offer contract upgrade incentive,70.7
6619-RPLQZ,0.008149247,0,Low Risk,45,Two year,No,No internet service,Mailed check,Continue regular engagement,20.85
3275-RHRNE,0.08992288,0,Low Risk,28,One year,DSL,Yes,Credit card (automatic),Continue regular engagement,60.0
3503-TYDAY,0.32837895,0,Low Risk,43,Month-to-month,Fiber optic,No,Electronic check,Continue regular engagement,80.45
6901-GOGZG,0.040292345,0,Low Risk,60,Two year,DSL,Yes,Electronic check,Continue regular engagement,84.95
1623-NLDOT,0.07579045,0,Low Risk,42,One year,DSL,Yes,Mailed check,Continue regular engagement,33.55
7021-XSNYE,0.03330133,0,Low Risk,7,Two year,DSL,Yes,Credit card (automatic),Continue regular engagement,49.65
9621-OUPYD,0.027509859,0,Low Risk,25,One year,No,No internet service,Bank transfer (automatic),Continue regular engagement,20.2
9898-KZQDZ,0.38841313,1,Medium Risk,40,Month-to-month,Fiber optic,No,Credit card (automatic),Offer contract upgrade incentive,94.55
8982-NHAVY,0.2902277,0,Low Risk,27,One year,Fiber optic,No,Bank transfer (automatic),Continue regular engagement,100.5
4307-KWMXE,0.24905244,0,Low Risk,10,Month-to-month,DSL,Yes,Electronic check,Continue regular engagement,35.75
0141-YEAYS,0.37888315,1,Medium Risk,27,Month-to-month,Fiber optic,No,Bank transfer (automatic),Offer contract upgrade incentive,86.45
2450-ZKEED,0.07645866,0,Low Risk,11,One year,DSL,Yes,Bank transfer (automatic),Continue regular engagement,53.8
3694-DELSO,0.30450538,0,Low Risk,4,Month-to-month,DSL,No,Credit card (automatic),Continue regular engagement,38.55
3893-JRNFS,0.18341233,0,Low Risk,68,Month-to-month,DSL,No,Bank transfer (automatic),Continue regular engagement,39.9
9603-OAIHC,0.83896434,1,High Risk,1,Month-to-month,Fiber optic,No,Electronic check,Offer annual contract discount + proactive support,70.05
1133-KXCGE,0.028293943,0,Low Risk,18,One year,No,No internet service,Mailed check,Continue regular engagement,20.1
5236-PERKL,0.1244786,0,Low Risk,57,Two year,Fiber optic,No,Bank transfer (automatic),Continue regular engagement,112.95
0142-GVYSN,0.06646369,0,Low Risk,26,Month-to-month,No,No internet service,Electronic check,Continue regular engagement,20.3
1049-FYSYG,0.30359417,0,Low Risk,17,Month-to-month,DSL,No,Credit card (automatic),Continue regular engagement,35.65
7854-FOKSF,0.68306476,1,Medium Risk,1,Month-to-month,DSL,No,Electronic check,Offer contract upgrade incentive,35.9
2519-FAKOD,0.5286681,1,Medium Risk,38,Month-to-month,Fiber optic,No,Bank transfer (automatic),Offer contract upgrade incentive,99.25
8406-LNMHF,0.048889842,0,Low Risk,59,One year,Fiber optic,No,Credit card (automatic),Continue regular engagement,82.95
1821-BUCWY,0.014938123,0,Low Risk,30,Two year,DSL,No,Mailed check,Continue regular engagement,55.65
8263-JQAIK,0.68272215,1,Medium Risk,2,Month-to-month,DSL,No,Mailed check,Offer contract upgrade incentive,24.45
0023-UYUPN,0.045124568,0,Low Risk,50,One year,No,No internet service,Electronic check,Continue regular engagement,25.2
8314-DPQHL,0.12499493,0,Low Risk,9,One year,DSL,Yes,Mailed check,Continue regular engagement,50.8
1465-WCZVT,0.14058475,0,Low Risk,3,Month-to-month,No,No internet service,Mailed check,Continue regular engagement,19.65
9481-SFCQY,0.21587329,0,Low Risk,14,Month-to-month,DSL,No,Credit card (automatic),Continue regular engagement,59.8
6360-SVNWV,0.20424451,0,Low Risk,31,Month-to-month,Fiber optic,No,Credit card (automatic),Continue regular engagement,73.55
0567-GGCAC,0.15382142,0,Low Risk,7,Month-to-month,DSL,No,Electronic check,Continue regular engagement,61.4
7089-IVVAZ,0.84833276,1,High Risk,8,Month-to-month,Fiber optic,Yes,Bank transfer (automatic),Offer annual contract discount + proactive support,103.35
8884-MRNSU,0.04620932,0,Low Risk,17,One year,No,No internet service,Bank transfer (automatic),Continue regular engagement,19.9
2171-UDMFD,0.048480757,0,Low Risk,32,Month-to-month,No,No internet service,Credit card (automatic),Continue regular engagement,19.45
9050-IKDZA,0.66566056,1,Medium Risk,2,Month-to-month,Fiber optic,No,Mailed check,Offer contract upgrade incentive,81.5
2205-YMZZJ,0.78656477,1,High Risk,7,Month-to-month,Fiber optic,No,Electronic check,Offer annual contract discount + proactive support,84.8
9802-CAQUT,0.009824872,0,Low Risk,72,Two year,Fiber optic,No,Credit card (automatic),Continue regular engagement,109.55
1254-IZEYF,0.6781984,1,Medium Risk,31,Month-to-month,Fiber optic,No,Electronic check,Offer contract upgrade incentive,99.95
0187-WZNAB,0.16367173,0,Low Risk,27,Month-to-month,Fiber optic,No,Mailed check,Continue regular engagement,74.4
9492-TOKRI,0.47548974,1,Medium Risk,18,Month-to-month,Fiber optic,No,Credit card (automatic),Offer contract upgrade incentive,90.0
1475-VWVDO,0.60131484,1,Medium Risk,7,Month-to-month,Fiber optic,No,Electronic check,Offer contract upgrade incentive,74.9
9221-OTIVJ,0.68048906,1,Medium Risk,14,Month-to-month,Fiber optic,No,Electronic check,Offer contract upgrade incentive,104.85
1357-MVDOZ,0.24902591,0,Low Risk,11,Month-to-month,DSL,No,Bank transfer (automatic),Continue regular engagement,59.65
7602-MVRMB,0.010333379,0,Low Risk,72,Two year,Fiber optic,Yes,Bank transfer (automatic),Continue regular engagement,110.45
3325-FUYCG,0.21691743,0,Low Risk,28,One year,Fiber optic,No,Electronic check,Continue regular engagement,106.1
5908-QMGOE,0.55443144,1,Medium Risk,15,Month-to-month,Fiber optic,No,Credit card (automatic),Offer contract upgrade incentive,74.2
1197-BVMVG,0.7312908,1,High Risk,4,Month-to-month,Fiber optic,No,Electronic check,Offer annual contract discount + proactive support,74.45
5406-KGRMX,0.023224844,0,Low Risk,71,Two year,No,No internet service,Electronic check,Continue regular engagement,24.55
8481-YYXWG,0.72446805,1,High Risk,5,Month-to-month,Fiber optic,Yes,Electronic check,Offer annual contract discount + proactive support,89.35
5968-HYJRZ,0.015022656,0,Low Risk,47,Two year,No,No internet service,Mailed check,Continue regular engagement,24.55
5198-EFNBM,0.1406815,0,Low Risk,57,One year,Fiber optic,No,Electronic check,Continue regular engagement,90.65
7516-GMHUV,0.21928291,0,Low Risk,50,Two year,Fiber optic,No,Credit card (automatic),Continue regular engagement,105.05
7140-ADSMJ,0.07944639,0,Low Risk,8,Month-to-month,No,No internet service,Credit card (automatic),Continue regular engagement,20.45
2230-XTUWL,0.0076012174,0,Low Risk,48,Two year,No,No internet service,Mailed check,Continue regular engagement,19.55
7706-YLMQA,0.02058429,0,Low Risk,70,One year,No,No internet service,Bank transfer (automatic),Continue regular engagement,19.7
2585-KTFRE,0.2512549,0,Low Risk,1,Month-to-month,DSL,Yes,Bank transfer (automatic),Continue regular engagement,70.45
7994-UYIVZ,0.6804066,1,Medium Risk,8,Month-to-month,Fiber optic,No,Bank transfer (automatic),Offer contract upgrade incentive,85.65
2609-IAICY,0.891064,1,High Risk,1,Month-to-month,Fiber optic,No,Electronic check,Offer annual contract discount + proactive support,77.15
1740-CSDJP,0.70892227,1,High Risk,1,Month-to-month,DSL,No,Bank transfer (automatic),Offer annual contract discount + proactive support,35.25
7717-BICXI,0.013625706,0,Low Risk,60,Two year,No,No internet service,Mailed check,Continue regular engagement,20.55
6559-RAKOZ,0.28992763,0,Low Risk,49,One year,Fiber optic,Yes,Electronic check,Continue regular engagement,97.95
2636-OHFMN,0.6563005,1,Medium Risk,4,Month-to-month,DSL,No,Electronic check,Offer contract upgrade incentive,48.55
4716-MRVEN,0.023469739,0,Low Risk,29,One year,No,No internet service,Mailed check,Continue regular engagement,20.0
2143-LJULT,0.0079472745,0,Low Risk,67,Two year,No,No internet service,Credit card (automatic),Continue regular engagement,25.25
1323-OOEPC,0.41149518,1,Medium Risk,53,Month-to-month,Fiber optic,No,Credit card (automatic),Offer contract upgrade incentive,98.4
3200-MNQTF,0.027953388,0,Low Risk,67,Two year,DSL,Yes,Credit card (automatic),Continue regular engagement,70.9
6164-HXUGH,0.12123575,0,Low Risk,6,Month-to-month,No,No internet service,Mailed check,Continue regular engagement,19.85
5630-IXDXV,0.5099915,1,Medium Risk,47,Month-to-month,Fiber optic,No,Electronic check,Offer contract upgrade incentive,106.35
0320-DWVTU,0.029509466,0,Low Risk,53,Two year,Fiber optic,Yes,Mailed check,Continue regular engagement,99.5
9135-MGVPY,0.0143397655,0,Low Risk,69,Two year,DSL,Yes,Mailed check,Continue regular engagement,84.7
1212-GLHMD,0.38419646,1,Medium Risk,3,Month-to-month,Fiber optic,No,Mailed check,Offer contract upgrade incentive,86.05
7878-JGDKK,0.29115397,0,Low Risk,4,Month-to-month,DSL,No,Mailed check,Continue regular engagement,44.55
1088-AUUZZ,0.013605859,0,Low Risk,56,Two year,DSL,Yes,Credit card (automatic),Continue regular engagement,75.85
0397-GZBBC,0.449681,1,Medium Risk,59,Month-to-month,Fiber optic,No,Bank transfer (automatic),Offer contract upgrade incentive,93.85
6614-YWYSC,0.016192378,0,Low Risk,61,Two year,No,No internet service,Bank transfer (automatic),Continue regular engagement,25.0
9588-OZDMQ,0.55108905,1,Medium Risk,2,Month-to-month,DSL,No,Electronic check,Offer contract upgrade incentive,45.0
7641-EUYET,0.39412606,1,Medium Risk,46,Month-to-month,Fiber optic,No,Electronic check,Offer contract upgrade incentive,100.7
6476-EPYZR,0.05661909,0,Low Risk,12,Month-to-month,No,No internet service,Mailed check,Continue regular engagement,20.5
9921-ZVRHG,0.64093995,1,Medium Risk,14,Month-to-month,Fiber optic,No,Electronic check,Offer contract upgrade incentive,80.45
1174-FGIFN,0.24525274,0,Low Risk,28,One year,Fiber optic,Yes,Electronic check,Continue regular engagement,90.45
6620-HVDUJ,0.08262141,0,Low Risk,24,Month-to-month,DSL,Yes,Bank transfer (automatic),Continue regular engagement,60.45
4701-MLJPN,0.11317459,0,Low Risk,31,Month-to-month,DSL,Yes,Electronic check,Continue regular engagement,55.25
1032-MAELW,0.14152919,0,Low Risk,68,One year,DSL,Yes,Electronic check,Continue regular engagement,78.45
7641-TQFHN,0.03988161,0,Low Risk,39,Two year,Fiber optic,Yes,Mailed check,Continue regular engagement,100.55
1552-TKMXS,0.04675111,0,Low Risk,42,Month-to-month,No,No internet service,Credit card (automatic),Continue regular engagement,20.35
9206-GVPEQ,0.41541377,1,Medium Risk,13,Month-to-month,DSL,Yes,Electronic check,Offer contract upgrade incentive,54.45
8622-ZLFKO,0.8161638,1,High Risk,6,Month-to-month,Fiber optic,No,Electronic check,Offer annual contract discount + proactive support,90.75
1596-BBVTG,0.28074104,0,Low Risk,35,Month-to-month,Fiber optic,No,Credit card (automatic),Continue regular engagement,75.35
6188-UXBBR,0.026650317,0,Low Risk,38,One year,No,No internet service,Credit card (automatic),Continue regular engagement,20.25
2333-KWEWW,0.015879111,0,Low Risk,18,Two year,No,No internet service,Credit card (automatic),Continue regular engagement,20.05
5702-SKUOB,0.11100382,0,Low Risk,4,Month-to-month,No,No internet service,Mailed check,Continue regular engagement,19.6
1134-YWTYF,0.12510557,0,Low Risk,27,Month-to-month,DSL,Yes,Electronic check,Continue regular engagement,53.8
6061-GWWAV,0.04209009,0,Low Risk,41,One year,DSL,No,Mailed check,Continue regular engagement,70.2
0679-TDGAK,0.08038105,0,Low Risk,50,One year,DSL,Yes,Electronic check,Continue regular engagement,75.5
6585-WCEWR,0.0146207325,0,Low Risk,72,Two year,No,No internet service,Electronic check,Continue regular engagement,20.35
9067-YGSCA,0.013543255,0,Low Risk,70,One year,No,No internet service,Credit card (automatic),Continue regular engagement,26.05
9067-SQTNS,0.015989838,0,Low Risk,44,One year,No,No internet service,Bank transfer (automatic),Continue regular engagement,20.6
8433-WXGNA,0.65257365,1,Medium Risk,2,Month-to-month,Fiber optic,No,Electronic check,Offer contract upgrade incentive,75.7
1776-SPBWV,0.026818838,0,Low Risk,34,One year,No,No internet service,Bank transfer (automatic),Continue regular engagement,20.1
8735-SDUFN,0.007328524,0,Low Risk,72,Two year,No,No internet service,Bank transfer (automatic),Continue regular engagement,24.3
9668-PUGNU,0.021590972,0,Low Risk,71,Two year,No,No internet service,Electronic check,Continue regular engagement,24.5
9405-GPBBG,0.056058433,0,Low Risk,64,Two year,Fiber optic,Yes,Credit card (automatic),Continue regular engagement,110.5
1926-QUZNN,0.0067353584,0,Low Risk,72,Two year,No,No internet service,Bank transfer (automatic),Continue regular engagement,25.25
3707-GNWHM,0.76296794,1,High Risk,1,Month-to-month,Fiber optic,No,Mailed check,Offer annual contract discount + proactive support,74.25
7016-NVRIC,0.13731296,0,Low Risk,29,One year,Fiber optic,No,Bank transfer (automatic),Continue regular engagement,90.1
5829-NVSQN,0.061263025,0,Low Risk,23,One year,DSL,Yes,Bank transfer (automatic),Continue regular engagement,68.75
9565-AXSMR,0.0071065957,0,Low Risk,52,Two year,No,No internet service,Mailed check,Continue regular engagement,19.2
8922-LIEGH,0.6247245,1,Medium Risk,25,Month-to-month,Fiber optic,No,Electronic check,Offer contract upgrade incentive,89.7
8869-LIHMK,0.047880515,0,Low Risk,64,Two year,Fiber optic,Yes,Bank transfer (automatic),Continue regular engagement,115.1
8245-UMPYT,0.75834394,1,High Risk,16,Month-to-month,Fiber optic,No,Electronic check,Offer annual contract discount + proactive support,96.4
5186-SAMNZ,0.8200886,1,High Risk,1,Month-to-month,Fiber optic,No,Bank transfer (automatic),Offer annual contract discount + proactive support,69.5
0447-RXSGD,0.63361543,1,Medium Risk,24,Month-to-month,Fiber optic,No,Bank transfer (automatic),Offer contract upgrade incentive,99.65
4927-WWOOZ,0.8295403,1,High Risk,2,Month-to-month,Fiber optic,No,Electronic check,Offer annual contract discount + proactive support,91.45
5788-YPOEG,0.015901512,0,Low Risk,34,Two year,DSL,Yes,Mailed check,Continue regular engagement,84.75
5373-SFODM,0.48550197,1,Medium Risk,36,Month-to-month,Fiber optic,No,Credit card (automatic),Offer contract upgrade incentive,85.25
0661-KBKPA,0.08729308,0,Low Risk,53,One year,DSL,Yes,Mailed check,Continue regular engagement,78.75
9081-WWXKP,0.007603595,0,Low Risk,47,Two year,No,No internet service,Credit card (automatic),Continue regular engagement,20.25
0784-ZQJZX,0.005186772,0,Low Risk,72,Two year,No,No internet service,Credit card (automatic),Continue regular engagement,19.9
3133-PZNSR,0.0067392383,0,Low Risk,72,Two year,Fiber optic,Yes,Credit card (automatic),Continue regular engagement,97.75
5766-ZJYBB,0.3366181,0,Low Risk,1,Month-to-month,No,No internet service,Mailed check,Continue regular engagement,19.4
8931-GJJIQ,0.7462799,1,High Risk,9,Month-to-month,Fiber optic,No,Electronic check,Offer annual contract discount + proactive support,83.3
4277-PVRAN,0.68603414,1,Medium Risk,8,Month-to-month,Fiber optic,No,Bank transfer (automatic),Offer contract upgrade incentive,80.1
0022-TCJCI,0.11419095,0,Low Risk,45,One year,DSL,No,Credit card (automatic),Continue regular engagement,62.7
0722-SVSFK,0.70441127,1,High Risk,7,Month-to-month,Fiber optic,Yes,Electronic check,Offer annual contract discount + proactive support,100.4
3612-YVGSJ,0.011820487,0,Low Risk,71,Two year,No,No internet service,Credit card (automatic),Continue regular engagement,24.45
9825-YCXWZ,0.16172181,0,Low Risk,41,One year,Fiber optic,Yes,Bank transfer (automatic),Continue regular engagement,101.1
5397-NSKQG,0.028947853,0,Low Risk,67,Two year,DSL,No,Credit card (automatic),Continue regular engagement,50.9
8565-HBFNN,0.20578249,0,Low Risk,69,One year,Fiber optic,Yes,Credit card (automatic),Continue regular engagement,107.2
2000-DHJUY,0.02328663,0,Low Risk,70,Two year,DSL,Yes,Bank transfer (automatic),Continue regular engagement,92.2
0203-HHYIJ,0.065215625,0,Low Risk,25,One year,No,No internet service,Bank transfer (automatic),Continue regular engagement,25.3
8670-ERCJH,0.019776441,0,Low Risk,72,Two year,Fiber optic,Yes,Bank transfer (automatic),Continue regular engagement,113.4
7758-UJWYS,0.049863987,0,Low Risk,34,Two year,DSL,Yes,Electronic check,Continue regular engagement,40.55
2050-ONYDQ,0.0064105876,0,Low Risk,65,Two year,No,No internet service,Credit card (automatic),Continue regular engagement,26.0
7055-JCGNI,0.085926384,0,Low Risk,70,Two year,Fiber optic,Yes,Credit card (automatic),Continue regular engagement,111.95
0739-UUAJR,0.0060140737,0,Low Risk,72,Two year,DSL,No,Credit card (automatic),Continue regular engagement,53.8
4826-DXMUP,0.120207086,0,Low Risk,35,One year,DSL,Yes,Mailed check,Continue regular engagement,72.1
0952-KMEEH,0.62592137,1,Medium Risk,13,Month-to-month,Fiber optic,No,Mailed check,Offer contract upgrade incentive,98.15
7285-KLOTR,0.16603872,0,Low Risk,12,One year,DSL,No,Electronic check,Continue regular engagement,78.85
0654-PQKDW,0.020139014,0,Low Risk,62,One year,DSL,Yes,Bank transfer (automatic),Continue regular engagement,70.75
7175-NTIXE,0.10173485,0,Low Risk,25,Month-to-month,DSL,Yes,Credit card (automatic),Continue regular engagement,76.15
7963-SHNDT,0.0125999665,0,Low Risk,52,Two year,DSL,Yes,Mailed check,Continue regular engagement,39.1
9796-BPKIW,0.53465515,1,Medium Risk,8,Month-to-month,Fiber optic,No,Credit card (automatic),Offer contract upgrade incentive,69.95
0188-GWFLE,0.12946072,0,Low Risk,2,Month-to-month,No,No internet service,Mailed check,Continue regular engagement,20.05
8129-GMVGI,0.026272727,0,Low Risk,56,Two year,No,No internet service,Mailed check,Continue regular engagement,20.05
2882-DDZPG,0.086227134,0,Low Risk,12,Month-to-month,No,No internet service,Bank transfer (automatic),Continue regular engagement,19.45
3547-LQRIK,0.058528017,0,Low Risk,47,One year,No,No internet service,Electronic check,Continue regular engagement,26.9
9137-NOQKA,0.11034152,0,Low Risk,2,Month-to-month,No,No internet service,Electronic check,Continue regular engagement,19.2
5843-TTHGI,0.20445442,0,Low Risk,18,Month-to-month,DSL,No,Mailed check,Continue regular engagement,50.0
1849-RJYIG,0.3161258,0,Low Risk,8,Month-to-month,DSL,No,Electronic check,Continue regular engagement,60.0
8868-GAGIO,0.20890656,0,Low Risk,45,Month-to-month,Fiber optic,No,Mailed check,Continue regular engagement,84.55
4061-UKJWL,0.41392553,1,Medium Risk,3,Month-to-month,DSL,No,Mailed check,Offer contract upgrade incentive,45.45
5380-XPJNZ,0.011931173,0,Low Risk,38,One year,No,No internet service,Mailed check,Continue regular engagement,20.05
8263-QMNTJ,0.023247631,0,Low Risk,72,Two year,Fiber optic,Yes,Electronic check,Continue regular engagement,115.55
8178-EYZUO,0.32195288,0,Low Risk,46,Month-to-month,Fiber optic,No,Electronic check,Continue regular engagement,93.7
3230-JCNZS,0.016255211,0,Low Risk,71,Two year,Fiber optic,No,Credit card (automatic),Continue regular engagement,99.0
0277-ORXQS,0.01847346,0,Low Risk,66,Two year,DSL,Yes,Bank transfer (automatic),Continue regular engagement,50.55
5130-IEKQT,0.67831177,1,Medium Risk,25,Month-to-month,Fiber optic,No,Mailed check,Offer contract upgrade incentive,105.95
3230-WYKIR,0.18929678,0,Low Risk,18,One year,DSL,Yes,Credit card (automatic),Continue regular engagement,82.0
7996-BPXHY,0.01938443,0,Low Risk,13,Two year,No,No internet service,Bank transfer (automatic),Continue regular engagement,25.0
3227-WLKLI,0.014362808,0,Low Risk,65,Two year,DSL,Yes,Bank transfer (automatic),Continue regular engagement,91.55
0407-BDJKB,0.40632448,1,Medium Risk,60,Month-to-month,Fiber optic,No,Electronic check,Offer contract upgrade incentive,95.75
2266-FUBDZ,0.01743737,0,Low Risk,15,Two year,No,No internet service,Mailed check,Continue regular engagement,19.35
8237-ULIXL,0.005551254,0,Low Risk,72,Two year,No,No internet service,Credit card (automatic),Continue regular engagement,24.85
9600-UDOPK,0.520513,1,Medium Risk,30,Month-to-month,Fiber optic,No,Credit card (automatic),Offer contract upgrade incentive,94.05
8216-AZUUZ,0.06914119,0,Low Risk,42,Two year,Fiber optic,Yes,Electronic check,Continue regular engagement,100.4
9153-BTBVV,0.007278455,0,Low Risk,71,Two year,No,No internet service,Bank transfer (automatic),Continue regular engagement,25.0
4074-SJFFA,0.6151112,1,Medium Risk,1,Month-to-month,DSL,No,Mailed check,Offer contract upgrade incentive,54.75
3269-ATYWD,0.4878958,1,Medium Risk,39,Month-to-month,Fiber optic,No,Bank transfer (automatic),Offer contract upgrade incentive,95.65
5186-PEIZU,0.020771818,0,Low Risk,35,Month-to-month,No,No internet service,Bank transfer (automatic),Continue regular engagement,19.25
1074-AMIOH,0.19381818,0,Low Risk,53,Month-to-month,Fiber optic,Yes,Bank transfer (automatic),Continue regular engagement,108.25
4910-GMJOT,0.91909444,1,High Risk,1,Month-to-month,Fiber optic,No,Electronic check,Offer annual contract discount + proactive support,94.6
0354-WYROK,0.5284136,1,Medium Risk,31,Month-to-month,Fiber optic,Yes,Electronic check,Offer contract upgrade incentive,98.9
4361-FEBGN,0.012814939,0,Low Risk,48,Two year,No,No internet service,Credit card (automatic),Continue regular engagement,20.15
7748-UMTRK,0.46612287,1,Medium Risk,30,Month-to-month,Fiber optic,Yes,Electronic check,Offer contract upgrade incentive,101.3
0380-ZCSBI,0.08341226,0,Low Risk,10,Month-to-month,No,No internet service,Credit card (automatic),Continue regular engagement,20.0
7145-FEJWU,0.6702183,1,Medium Risk,12,Month-to-month,Fiber optic,No,Electronic check,Offer contract upgrade incentive,105.3
6463-MVYRY,0.018618321,0,Low Risk,57,Two year,DSL,Yes,Bank transfer (automatic),Continue regular engagement,69.85
3969-JQABI,0.091451526,0,Low Risk,58,Month-to-month,DSL,No,Credit card (automatic),Continue regular engagement,65.25
9624-EGDEQ,0.01568393,0,Low Risk,37,Two year,No,No internet service,Mailed check,Continue regular engagement,19.8
1051-EQPZR,0.027045678,0,Low Risk,44,Month-to-month,No,No internet service,Mailed check,Continue regular engagement,19.6
5849-ASHZJ,0.018226538,0,Low Risk,27,One year,No,No internet service,Credit card (automatic),Continue regular engagement,20.05
5780-INQIK,0.2752098,0,Low Risk,8,Month-to-month,DSL,Yes,Electronic check,Continue regular engagement,49.4
7576-OYWBN,0.7699001,1,High Risk,3,Month-to-month,Fiber optic,No,Electronic check,Offer annual contract discount + proactive support,76.05
4526-ZJJTM,0.33515716,0,Low Risk,25,Month-to-month,Fiber optic,No,Bank transfer (automatic),Continue regular engagement,88.4
8384-FZBJK,0.3899324,1,Medium Risk,57,Month-to-month,Fiber optic,No,Electronic check,Offer contract upgrade incentive,100.6
3750-RNQKR,0.0708163,0,Low Risk,12,Month-to-month,No,No internet service,Mailed check,Continue regular engagement,19.45
0962-CQPWQ,0.008183918,0,Low Risk,62,Two year,No,No internet service,Bank transfer (automatic),Continue regular engagement,20.3
3096-YXENJ,0.13296308,0,Low Risk,65,Two year,Fiber optic,Yes,Bank transfer (automatic),Continue regular engagement,107.65
1265-BCFEO,0.015722109,0,Low Risk,71,Two year,DSL,Yes,Bank transfer (automatic),Continue regular engagement,80.45
5837-LXSDN,0.13914992,0,Low Risk,21,One year,DSL,No,Credit card (automatic),Continue regular engagement,58.85
5945-AZYHT,0.16327767,0,Low Risk,71,One year,Fiber optic,No,Electronic check,Continue regular engagement,109.6
8325-QRPZR,0.6018045,1,Medium Risk,7,Month-to-month,Fiber optic,No,Electronic check,Offer contract upgrade incentive,75.15
6384-VMJHP,0.009362004,0,Low Risk,72,Two year,DSL,Yes,Credit card (automatic),Continue regular engagement,73.0
2262-SLNVK,0.7435102,1,High Risk,1,Month-to-month,Fiber optic,No,Electronic check,Offer annual contract discount + proactive support,70.1
7730-CLDSV,0.011725958,0,Low Risk,72,Two year,Fiber optic,Yes,Bank transfer (automatic),Continue regular engagement,98.65
1135-HIORI,0.09858249,0,Low Risk,64,One year,Fiber optic,Yes,Electronic check,Continue regular engagement,111.45
0164-APGRB,0.017665569,0,Low Risk,72,Two year,Fiber optic,Yes,Electronic check,Continue regular engagement,114.9
6481-ESCNL,0.34511918,0,Low Risk,29,Month-to-month,Fiber optic,No,Bank transfer (automatic),Continue regular engagement,100.55
1790-NESIO,0.01965996,0,Low Risk,13,Two year,No,No internet service,Mailed check,Continue regular engagement,20.4
1550-EENBN,0.2790772,0,Low Risk,31,Month-to-month,Fiber optic,No,Electronic check,Continue regular engagement,104.35
5539-TMZLF,0.8669683,1,High Risk,1,Month-to-month,Fiber optic,No,Electronic check,Offer annual contract discount + proactive support,69.75
4323-SADQS,0.32790127,0,Low Risk,7,Month-to-month,DSL,Yes,Electronic check,Continue regular engagement,34.5
4446-BZKHU,0.49459177,1,Medium Risk,61,Month-to-month,Fiber optic,No,Electronic check,Offer contract upgrade incentive,105.55
5202-IVJNU,0.23072495,0,Low Risk,39,Month-to-month,DSL,No,Credit card (automatic),Continue regular engagement,30.1
5976-JCJRH,0.5460562,1,Medium Risk,10,Month-to-month,Fiber optic,No,Electronic check,Offer contract upgrade incentive,70.3
8198-RKSZG,0.22737432,0,Low Risk,14,Month-to-month,DSL,Yes,Credit card (automatic),Continue regular engagement,80.45
0137-OCGAB,0.8529215,1,High Risk,1,Month-to-month,Fiber optic,No,Mailed check,Offer annual contract discount + proactive support,80.2
3351-NQLDI,0.13076732,0,Low Risk,67,One year,Fiber optic,Yes,Credit card (automatic),Continue regular engagement,94.35
9297-EONCV,0.003866169,0,Low Risk,72,Two year,DSL,Yes,Bank transfer (automatic),Continue regular engagement,91.35
7593-JNWRU,0.2757844,0,Low Risk,6,Month-to-month,DSL,No,Bank transfer (automatic),Continue regular engagement,44.6
4588-YBNIB,0.47921705,1,Medium Risk,1,Month-to-month,No,No internet service,Mailed check,Offer contract upgrade incentive,19.6
1069-QJOEE,0.031824753,0,Low Risk,25,One year,No,No internet service,Electronic check,Continue regular engagement,19.9
3336-JORSO,0.42860618,1,Medium Risk,33,Month-to-month,Fiber optic,Yes,Electronic check,Offer contract upgrade incentive,110.45
7799-DSEWS,0.19832389,0,Low Risk,18,Month-to-month,DSL,Yes,Electronic check,Continue regular engagement,68.35
8766-PAFNE,0.01763796,0,Low Risk,71,Two year,DSL,Yes,Credit card (automatic),Continue regular engagement,79.1
5315-CKEQK,0.09659393,0,Low Risk,28,One year,DSL,No,Electronic check,Continue regular engagement,51.0
3130-ICDUP,0.5807411,1,Medium Risk,2,Month-to-month,Fiber optic,No,Credit card (automatic),Offer contract upgrade incentive,80.55
0820-FNRNX,0.17392434,0,Low Risk,17,Month-to-month,DSL,Yes,Mailed check,Continue regular engagement,66.7
0880-FVFWF,0.19723618,0,Low Risk,56,Month-to-month,Fiber optic,No,Electronic check,Continue regular engagement,86.4
4611-ANLQC,0.12420834,0,Low Risk,60,One year,DSL,No,Electronic check,Continue regular engagement,50.05
4213-HKBJO,0.016390052,0,Low Risk,33,Two year,No,No internet service,Credit card (automatic),Continue regular engagement,25.7
2792-LSHWX,0.5352635,1,Medium Risk,1,Month-to-month,Fiber optic,Yes,Mailed check,Offer contract upgrade incentive,83.4
5028-GZLDO,0.54424614,1,Medium Risk,2,Month-to-month,Fiber optic,No,Credit card (automatic),Offer contract upgrade incentive,70.7
0014-BMAQU,0.026328648,0,Low Risk,63,Two year,Fiber optic,Yes,Credit card (automatic),Continue regular engagement,84.65
6861-XWTWQ,0.9174579,1,High Risk,7,Month-to-month,Fiber optic,No,Electronic check,Offer annual contract discount + proactive support,99.25
9018-PCIOK,0.01875236,0,Low Risk,55,Two year,DSL,No,Mailed check,Continue regular engagement,64.75
4837-QUSFT,0.086495765,0,Low Risk,65,One year,Fiber optic,Yes,Bank transfer (automatic),Continue regular engagement,100.15
6877-TJMBR,0.7345545,1,High Risk,1,Month-to-month,Fiber optic,Yes,Electronic check,Offer annual contract discount + proactive support,84.8
9953-ZMKSM,0.008913713,0,Low Risk,63,Two year,No,No internet service,Mailed check,Continue regular engagement,25.25
0907-HQNTS,0.052580103,0,Low Risk,70,Two year,Fiber optic,Yes,Credit card (automatic),Continue regular engagement,113.0
7665-NKLAV,0.012207247,0,Low Risk,36,Two year,DSL,Yes,Credit card (automatic),Continue regular engagement,40.65
6769-DCQLI,0.27061874,0,Low Risk,52,One year,Fiber optic,Yes,Bank transfer (automatic),Continue regular engagement,105.0
2433-KMEAS,0.44282183,1,Medium Risk,22,Month-to-month,DSL,No,Electronic check,Offer contract upgrade incentive,54.45
4391-LNRXK,0.24224027,0,Low Risk,22,Month-to-month,Fiber optic,Yes,Bank transfer (automatic),Continue regular engagement,94.95
8250-ZNGGW,0.22586241,0,Low Risk,5,Month-to-month,DSL,Yes,Credit card (automatic),Continue regular engagement,59.9
2195-ZRVAX,0.41875964,1,Medium Risk,47,Month-to-month,Fiber optic,No,Electronic check,Offer contract upgrade incentive,85.3
3550-SAHFP,0.5606521,1,Medium Risk,33,Month-to-month,Fiber optic,No,Electronic check,Offer contract upgrade incentive,83.35
2011-TRQYE,0.29320833,0,Low Risk,18,Month-to-month,DSL,No,Credit card (automatic),Continue regular engagement,33.5
8562-GHPPI,0.29745427,0,Low Risk,1,Month-to-month,No,No internet service,Credit card (automatic),Continue regular engagement,19.8
5893-PYOLZ,0.018232914,0,Low Risk,56,Two year,DSL,Yes,Credit card (automatic),Continue regular engagement,81.8
4986-MXSFP,0.13920408,0,Low Risk,2,Month-to-month,No,No internet service,Mailed check,Continue regular engagement,20.0
6131-FOYAS,0.1487803,0,Low Risk,35,Month-to-month,DSL,No,Electronic check,Continue regular engagement,59.6
3027-YNWZU,0.009053151,0,Low Risk,64,Two year,No,No internet service,Credit card (automatic),Continue regular engagement,25.0
5609-IMCGG,0.34028938,0,Low Risk,15,Month-to-month,Fiber optic,No,Credit card (automatic),Continue regular engagement,84.35
4873-ILOLJ,0.54012525,1,Medium Risk,24,Month-to-month,Fiber optic,No,Electronic check,Offer contract upgrade incentive,90.35
4727-MCYZG,0.5491471,1,Medium Risk,1,Month-to-month,DSL,No,Mailed check,Offer contract upgrade incentive,55.55
9481-WHGWY,0.026620567,0,Low Risk,70,Two year,DSL,Yes,Credit card (automatic),Continue regular engagement,75.35
2725-KXXWT,0.88060194,1,High Risk,1,Month-to-month,Fiber optic,No,Electronic check,Offer annual contract discount + proactive support,90.75
9565-DJPIB,0.74747837,1,High Risk,4,Month-to-month,Fiber optic,No,Mailed check,Offer annual contract discount + proactive support,89.6
4328-VUFWD,0.08689078,0,Low Risk,39,One year,DSL,Yes,Electronic check,Continue regular engagement,59.3
3301-LSLWQ,0.130625,0,Low Risk,29,Month-to-month,DSL,No,Electronic check,Continue regular engagement,66.1
7473-ZBDSN,0.0070532006,0,Low Risk,14,Two year,No,No internet service,Mailed check,Continue regular engagement,18.8
3166-PNEOF,0.01791128,0,Low Risk,61,Two year,DSL,Yes,Credit card (automatic),Continue regular engagement,86.45
5639-NTUPK,0.17835797,0,Low Risk,13,Month-to-month,DSL,No,Credit card (automatic),Continue regular engagement,52.1
8780-YRMTT,0.013540578,0,Low Risk,66,Two year,DSL,Yes,Mailed check,Continue regular engagement,47.4
8348-HFYIV,0.8089164,1,High Risk,2,Month-to-month,DSL,No,Electronic check,Offer annual contract discount + proactive support,49.25
5140-FOMCQ,0.16783544,0,Low Risk,59,One year,Fiber optic,No,Credit card (automatic),Continue regular engagement,109.15
6242-SGYTS,0.060373157,0,Low Risk,62,One year,Fiber optic,No,Credit card (automatic),Continue regular engagement,94.95
8166-ORCHU,0.15399452,0,Low Risk,33,One year,Fiber optic,Yes,Electronic check,Continue regular engagement,93.55
8414-OOEEL,0.049621034,0,Low Risk,66,Two year,DSL,Yes,Credit card (automatic),Continue regular engagement,79.5
8454-AATJP,0.015290006,0,Low Risk,72,Two year,Fiber optic,Yes,Credit card (automatic),Continue regular engagement,115.05
6849-WLEYG,0.37263942,1,Medium Risk,1,Month-to-month,No,No internet service,Mailed check,Offer contract upgrade incentive,19.75
4659-NZRUF,0.62068325,1,Medium Risk,19,Month-to-month,Fiber optic,No,Electronic check,Offer contract upgrade incentive,95.15
4531-AUZNK,0.056731377,0,Low Risk,51,One year,Fiber optic,Yes,Mailed check,Continue regular engagement,95.15
4191-XOVOM,0.2781039,0,Low Risk,63,Month-to-month,Fiber optic,Yes,Electronic check,Continue regular engagement,105.4
2150-OEGBV,0.020942437,0,Low Risk,27,One year,No,No internet service,Bank transfer (automatic),Continue regular engagement,20.1
8429-XIBUM,0.67070174,1,Medium Risk,22,Month-to-month,Fiber optic,No,Bank transfer (automatic),Offer contract upgrade incentive,101.35
1855-CFULU,0.18023044,0,Low Risk,4,Month-to-month,No,No internet service,Mailed check,Continue regular engagement,20.05
4878-BUNFV,0.00790151,0,Low Risk,42,Two year,No,No internet service,Mailed check,Continue regular engagement,20.7
1872-EBWSC,0.020905493,0,Low Risk,29,One year,No,No internet service,Mailed check,Continue regular engagement,20.35
2608-BHKFN,0.5736869,1,Medium Risk,4,Month-to-month,Fiber optic,No,Credit card (automatic),Offer contract upgrade incentive,70.05
7026-YMSBE,0.023906734,0,Low Risk,30,One year,No,No internet service,Mailed check,Continue regular engagement,19.7
7341-LXCAF,0.70780355,1,High Risk,4,Month-to-month,Fiber optic,No,Electronic check,Offer annual contract discount + proactive support,74.65
6997-UVGOX,0.0070327227,0,Low Risk,71,Two year,DSL,Yes,Bank transfer (automatic),Continue regular engagement,85.45
9674-EHPPG,0.01968404,0,Low Risk,46,Two year,DSL,Yes,Credit card (automatic),Continue regular engagement,40.4
9462-MJUAW,0.38779137,1,Medium Risk,4,Month-to-month,DSL,No,Mailed check,Offer contract upgrade incentive,50.4
8128-YVJRG,0.59221184,1,Medium Risk,7,Month-to-month,Fiber optic,No,Mailed check,Offer contract upgrade incentive,79.65
5440-VHLUL,0.35955265,1,Medium Risk,69,One year,Fiber optic,Yes,Bank transfer (automatic),Monitor customer + targeted engagement,105.2
5781-BKHOP,0.010213087,0,Low Risk,72,Two year,Fiber optic,No,Bank transfer (automatic),Continue regular engagement,100.65
4283-FUTGF,0.63186204,1,Medium Risk,19,Month-to-month,Fiber optic,No,Electronic check,Offer contract upgrade incentive,79.85
5213-TWWJU,0.28331426,0,Low Risk,28,Month-to-month,Fiber optic,Yes,Electronic check,Continue regular engagement,91.0
1569-TTNYJ,0.76393926,1,High Risk,5,Month-to-month,Fiber optic,No,Electronic check,Offer annual contract discount + proactive support,78.75
8628-MFKAX,0.015037544,0,Low Risk,72,Two year,Fiber optic,Yes,Credit card (automatic),Continue regular engagement,116.75
2397-BRLOM,0.58335793,1,Medium Risk,8,Month-to-month,Fiber optic,No,Credit card (automatic),Offer contract upgrade incentive,80.45
7629-WIXZF,0.20187372,0,Low Risk,7,One year,DSL,No,Electronic check,Continue regular engagement,59.1
5445-GLVOT,0.36312133,1,Medium Risk,22,Month-to-month,DSL,No,Electronic check,Offer contract upgrade incentive,49.8
3976-HXHCE,0.0070533077,0,Low Risk,72,Two year,No,No internet service,Bank transfer (automatic),Continue regular engagement,19.3
2466-NEJOJ,0.078022525,0,Low Risk,8,Month-to-month,No,No internet service,Credit card (automatic),Continue regular engagement,19.65
0254-KCJGT,0.08664065,0,Low Risk,52,One year,DSL,Yes,Credit card (automatic),Continue regular engagement,81.4
5472-CVMDX,0.008972983,0,Low Risk,68,Two year,DSL,Yes,Mailed check,Continue regular engagement,38.9
6461-SZMCV,0.0052761137,0,Low Risk,71,Two year,DSL,Yes,Bank transfer (automatic),Continue regular engagement,87.95
8150-QUDFX,0.13275653,0,Low Risk,2,Month-to-month,No,No internet service,Mailed check,Continue regular engagement,19.85
9508-ILZDG,0.4639456,1,Medium Risk,34,Month-to-month,Fiber optic,Yes,Electronic check,Offer contract upgrade incentive,96.35
2346-DJQTB,0.18702509,0,Low Risk,35,Month-to-month,DSL,No,Electronic check,Continue regular engagement,24.15
1697-LYYYX,0.019144325,0,Low Risk,61,One year,No,No internet service,Credit card (automatic),Continue regular engagement,19.1
1942-OQFRW,0.52150834,1,Medium Risk,1,Month-to-month,DSL,No,Electronic check,Offer contract upgrade incentive,44.0
4749-VFKVB,0.5124615,1,Medium Risk,1,Month-to-month,DSL,No,Mailed check,Offer contract upgrade incentive,50.1
9640-ZSLDC,0.07358317,0,Low Risk,53,One year,DSL,No,Credit card (automatic),Continue regular engagement,60.6
4231-LZUYM,0.005630965,0,Low Risk,72,Two year,No,No internet service,Bank transfer (automatic),Continue regular engagement,25.65
7598-UAASY,0.6256292,1,Medium Risk,2,Month-to-month,Fiber optic,No,Electronic check,Offer contract upgrade incentive,76.4
7938-OUHIO,0.80886704,1,High Risk,3,Month-to-month,Fiber optic,Yes,Electronic check,Offer annual contract discount + proactive support,98.7
8510-AWCXC,0.80934256,1,High Risk,13,Month-to-month,Fiber optic,No,Electronic check,Offer annual contract discount + proactive support,100.8
6128-AQBMT,0.49035135,1,Medium Risk,41,Month-to-month,DSL,No,Electronic check,Offer contract upgrade incentive,53.95
3594-BDSOA,0.02389414,0,Low Risk,24,One year,No,No internet service,Credit card (automatic),Continue regular engagement,20.4
0431-APWVY,0.21776122,0,Low Risk,28,One year,Fiber optic,No,Bank transfer (automatic),Continue regular engagement,90.1
5133-VRSAB,0.18654265,0,Low Risk,8,Month-to-month,DSL,No,Mailed check,Continue regular engagement,29.35
5996-DAOQL,0.30024323,0,Low Risk,1,Month-to-month,No,No internet service,Mailed check,Continue regular engagement,20.45
6838-YAUVY,0.070013866,0,Low Risk,54,Two year,Fiber optic,Yes,Bank transfer (automatic),Continue regular engagement,95.1
0484-JPBRU,0.07257515,0,Low Risk,41,Month-to-month,No,No internet service,Bank transfer (automatic),Continue regular engagement,25.25
7883-ROJOC,0.1628121,0,Low Risk,19,Month-to-month,DSL,No,Mailed check,Continue regular engagement,44.9
0244-LGNFY,0.004027576,0,Low Risk,72,Two year,DSL,Yes,Bank transfer (automatic),Continue regular engagement,92.65
7274-CGTOD,0.014924068,0,Low Risk,62,Two year,DSL,Yes,Bank transfer (automatic),Continue regular engagement,43.7
4295-YURET,0.019244503,0,Low Risk,56,Two year,DSL,Yes,Credit card (automatic),Continue regular engagement,72.6
3426-NIYYL,0.3201887,0,Low Risk,15,Month-to-month,DSL,No,Electronic check,Continue regular engagement,51.55
8225-BTJAU,0.6519795,1,Medium Risk,10,Month-to-month,Fiber optic,No,Electronic check,Offer contract upgrade incentive,79.25
4635-EJYPD,0.0068542804,0,Low Risk,32,Two year,No,No internet service,Mailed check,Continue regular engagement,18.95
1866-ZSLJM,0.05272583,0,Low Risk,21,Month-to-month,No,No internet service,Credit card (automatic),Continue regular engagement,20.5
4636-TVXVG,0.025125293,0,Low Risk,62,One year,No,No internet service,Bank transfer (automatic),Continue regular engagement,19.95
4236-UJPWO,0.4855665,1,Medium Risk,2,Month-to-month,DSL,No,Electronic check,Offer contract upgrade incentive,24.5
9392-XBGTD,0.008902199,0,Low Risk,27,Two year,No,No internet service,Mailed check,Continue regular engagement,20.6
3387-VATUS,0.8459604,1,High Risk,5,Month-to-month,Fiber optic,No,Bank transfer (automatic),Offer annual contract discount + proactive support,94.85
6402-SSEJG,0.1102133,0,Low Risk,25,One year,DSL,No,Electronic check,Continue regular engagement,61.05
1143-NMNQJ,0.82400787,1,High Risk,2,Month-to-month,Fiber optic,No,Electronic check,Offer annual contract discount + proactive support,85.7
1169-SAOCL,0.28318322,0,Low Risk,49,One year,Fiber optic,Yes,Bank transfer (automatic),Continue regular engagement,106.65
1110-KYLGQ,0.23362713,0,Low Risk,63,Month-to-month,Fiber optic,No,Credit card (automatic),Continue regular engagement,108.25
9929-PLVPA,0.08335249,0,Low Risk,4,Month-to-month,No,No internet service,Credit card (automatic),Continue regular engagement,20.4
3518-PZXZQ,0.6558095,1,Medium Risk,1,Month-to-month,DSL,No,Mailed check,Offer contract upgrade incentive,55.3
2371-JUNGC,0.07029377,0,Low Risk,11,Month-to-month,No,No internet service,Mailed check,Continue regular engagement,20.25
7693-QPEFS,0.2439867,0,Low Risk,52,Month-to-month,Fiber optic,No,Bank transfer (automatic),Continue regular engagement,72.95
0924-BJCRC,0.20266353,0,Low Risk,60,Month-to-month,Fiber optic,No,Electronic check,Continue regular engagement,89.45
5074-FBGHB,0.35588554,1,Medium Risk,64,One year,Fiber optic,Yes,Credit card (automatic),Monitor customer + targeted engagement,104.65
2351-BKRZW,0.021633886,0,Low Risk,43,Two year,DSL,No,Bank transfer (automatic),Continue regular engagement,75.2
4455-BFSPD,0.12962021,0,Low Risk,61,One year,Fiber optic,Yes,Bank transfer (automatic),Continue regular engagement,101.15
0415-MOSGF,0.4526888,1,Medium Risk,1,Month-to-month,DSL,No,Mailed check,Offer contract upgrade incentive,44.4
1724-BQUHA,0.8162233,1,High Risk,5,Month-to-month,Fiber optic,No,Electronic check,Offer annual contract discount + proactive support,89.5
3948-KXDUF,0.013369117,0,Low Risk,66,Two year,DSL,Yes,Bank transfer (automatic),Continue regular engagement,68.75
2323-ARSVR,0.08798625,0,Low Risk,67,Two year,Fiber optic,Yes,Electronic check,Continue regular engagement,111.05
0815-MFZGM,0.047465816,0,Low Risk,42,Two year,Fiber optic,Yes,Credit card (automatic),Continue regular engagement,99.0
4826-XTSOH,0.9068407,1,High Risk,1,Month-to-month,Fiber optic,No,Electronic check,Offer annual contract discount + proactive support,86.05
5480-XTFFL,0.010256755,0,Low Risk,31,Two year,No,No internet service,Mailed check,Continue regular engagement,21.0
8295-FHIVV,0.1241534,0,Low Risk,7,Month-to-month,No,No internet service,Mailed check,Continue regular engagement,19.4
2495-INZWQ,0.66603106,1,Medium Risk,4,Month-to-month,DSL,No,Electronic check,Offer contract upgrade incentive,44.55
9086-YJYXS,0.13932887,0,Low Risk,34,One year,DSL,No,Bank transfer (automatic),Continue regular engagement,77.2
1179-INLAT,0.052904215,0,Low Risk,3,One year,No,No internet service,Mailed check,Continue regular engagement,19.45
7909-FIOIY,0.17039476,0,Low Risk,19,Month-to-month,DSL,No,Mailed check,Continue regular engagement,24.85
4139-SUGLD,0.11822723,0,Low Risk,31,Month-to-month,DSL,Yes,Bank transfer (automatic),Continue regular engagement,35.4
6857-VWJDT,0.8574246,1,High Risk,1,Month-to-month,Fiber optic,No,Mailed check,Offer annual contract discount + proactive support,95.65
6351-SCJKT,0.26475057,0,Low Risk,3,Month-to-month,DSL,Yes,Mailed check,Continue regular engagement,41.35
5468-BPMMO,0.038121697,0,Low Risk,46,Month-to-month,No,No internet service,Electronic check,Continue regular engagement,19.6
5624-BQSSA,0.36994964,1,Medium Risk,1,Month-to-month,No,No internet service,Mailed check,Offer contract upgrade incentive,20.95
0197-PNKNK,0.066086985,0,Low Risk,69,One year,Fiber optic,No,Bank transfer (automatic),Continue regular engagement,84.45
2439-QKJUL,0.10122738,0,Low Risk,5,Month-to-month,No,No internet service,Mailed check,Continue regular engagement,20.25
1194-SPVSP,0.3529995,1,Medium Risk,1,Month-to-month,No,No internet service,Bank transfer (automatic),Offer contract upgrade incentive,19.65
9534-NSXEM,0.023934588,0,Low Risk,26,One year,No,No internet service,Credit card (automatic),Continue regular engagement,20.65
2408-WITXK,0.57514036,1,Medium Risk,10,Month-to-month,DSL,No,Electronic check,Offer contract upgrade incentive,34.7
8929-KSWIH,0.062483292,0,Low Risk,25,Two year,Fiber optic,Yes,Bank transfer (automatic),Continue regular engagement,99.3
2250-IVBWA,0.099494435,0,Low Risk,64,Month-to-month,Fiber optic,No,Electronic check,Continue regular engagement,81.05
1810-MVMAI,0.06579611,0,Low Risk,30,Month-to-month,DSL,Yes,Electronic check,Continue regular engagement,67.6
9506-UXUSK,0.5284707,1,Medium Risk,13,Month-to-month,Fiber optic,No,Electronic check,Offer contract upgrade incentive,70.15
1229-RCALF,0.111531034,0,Low Risk,64,One year,Fiber optic,Yes,Electronic check,Continue regular engagement,115.0
3572-UOLYZ,0.23591556,0,Low Risk,46,Month-to-month,Fiber optic,Yes,Bank transfer (automatic),Continue regular engagement,84.8
1429-UYJSV,0.043333825,0,Low Risk,12,One year,No,No internet service,Mailed check,Continue regular engagement,19.7
5577-OTWWW,0.14783989,0,Low Risk,15,Month-to-month,No,No internet service,Bank transfer (automatic),Continue regular engagement,19.75
6100-QQHEB,0.6438178,1,Medium Risk,17,Month-to-month,Fiber optic,No,Electronic check,Offer contract upgrade incentive,92.55
6366-XIVKZ,0.15787022,0,Low Risk,13,Month-to-month,DSL,No,Mailed check,Continue regular engagement,63.15
3470-OBUET,0.033988345,0,Low Risk,67,Two year,DSL,Yes,Credit card (automatic),Continue regular engagement,74.0
2770-NSVDG,0.2509688,0,Low Risk,24,Month-to-month,DSL,No,Electronic check,Continue regular engagement,29.1
9375-MHRRS,0.25385252,0,Low Risk,6,Month-to-month,DSL,Yes,Mailed check,Continue regular engagement,50.05
2634-HCZGT,0.117549196,0,Low Risk,53,One year,DSL,Yes,Electronic check,Continue regular engagement,60.05
7503-QQRVF,0.45986953,1,Medium Risk,16,Month-to-month,Fiber optic,No,Credit card (automatic),Offer contract upgrade incentive,74.3
4860-YZGZM,0.0749888,0,Low Risk,10,Month-to-month,No,No internet service,Electronic check,Continue regular engagement,20.0
6599-GZWCM,0.14630231,0,Low Risk,13,One year,Fiber optic,No,Mailed check,Continue regular engagement,74.65
2691-NZETQ,0.75316644,1,High Risk,9,Month-to-month,Fiber optic,No,Electronic check,Offer annual contract discount + proactive support,85.35
4404-HIBDJ,0.04524298,0,Low Risk,25,One year,DSL,Yes,Mailed check,Continue regular engagement,74.3
5533-NHFRF,0.3859939,1,Medium Risk,7,Month-to-month,DSL,Yes,Electronic check,Offer contract upgrade incentive,44.4
7037-MTYVW,0.024820056,0,Low Risk,38,Two year,DSL,Yes,Bank transfer (automatic),Continue regular engagement,85.4
4760-THGOT,0.35111907,1,Medium Risk,43,Month-to-month,Fiber optic,No,Electronic check,Offer contract upgrade incentive,94.1
7295-JOMMD,0.79477674,1,High Risk,4,Month-to-month,Fiber optic,Yes,Bank transfer (automatic),Offer annual contract discount + proactive support,98.1
4016-BJKTZ,0.35095838,1,Medium Risk,25,Two year,Fiber optic,Yes,Electronic check,Monitor customer + targeted engagement,108.9
6584-VQMYT,0.03806457,0,Low Risk,27,One year,DSL,No,Mailed check,Continue regular engagement,56.2
9838-BFCQT,0.0047597648,0,Low Risk,72,Two year,No,No internet service,Mailed check,Continue regular engagement,26.1
2790-XUYMV,0.03986636,0,Low Risk,71,One year,Fiber optic,No,Credit card (automatic),Continue regular engagement,85.45
0581-MDMPW,0.36814952,1,Medium Risk,24,Month-to-month,Fiber optic,No,Credit card (automatic),Offer contract upgrade incentive,88.95
5013-SBUIH,0.2527093,0,Low Risk,50,Two year,Fiber optic,Yes,Electronic check,Continue regular engagement,109.65
1023-BQXZE,0.019876705,0,Low Risk,57,Two year,DSL,No,Bank transfer (automatic),Continue regular engagement,74.35
9163-GHAYE,0.21599473,0,Low Risk,15,Month-to-month,DSL,No,Electronic check,Continue regular engagement,48.85
3904-UKFRE,0.59590733,1,Medium Risk,4,Month-to-month,Fiber optic,No,Electronic check,Offer contract upgrade incentive,80.1
5353-WILCI,0.0873902,0,Low Risk,28,Month-to-month,DSL,No,Electronic check,Continue regular engagement,56.05
0709-TVGUR,0.6743568,1,Medium Risk,9,Month-to-month,Fiber optic,No,Electronic check,Offer contract upgrade incentive,74.55
0058-EVZWM,0.17185593,0,Low Risk,55,Month-to-month,Fiber optic,No,Bank transfer (automatic),Continue regular engagement,89.8
6023-YEBUP,0.75931746,1,High Risk,3,Month-to-month,Fiber optic,No,Electronic check,Offer annual contract discount + proactive support,100.95
7209-JCUDS,0.72597647,1,High Risk,10,Month-to-month,Fiber optic,No,Electronic check,Offer annual contract discount + proactive support,94.9
7009-PCARS,0.009207087,0,Low Risk,55,One year,No,No internet service,Bank transfer (automatic),Continue regular engagement,19.1
0519-DRGTI,0.043840237,0,Low Risk,20,Month-to-month,No,No internet service,Mailed check,Continue regular engagement,20.35
1017-FBQMM,0.11576067,0,Low Risk,62,One year,Fiber optic,Yes,Credit card (automatic),Continue regular engagement,106.05
3001-CBHLQ,0.54565865,1,Medium Risk,32,Month-to-month,Fiber optic,Yes,Electronic check,Offer contract upgrade incentive,104.9
1985-MBRYP,0.010754691,0,Low Risk,43,Two year,No,No internet service,Bank transfer (automatic),Continue regular engagement,19.65
6158-DWPZT,0.13102902,0,Low Risk,9,One year,DSL,No,Bank transfer (automatic),Continue regular engagement,24.1
9372-TXXPS,0.009769778,0,Low Risk,60,Two year,DSL,Yes,Bank transfer (automatic),Continue regular engagement,59.85
3259-QMXUN,0.049096428,0,Low Risk,58,Two year,DSL,No,Electronic check,Continue regular engagement,86.1
1015-JPFYW,0.04429944,0,Low Risk,7,One year,No,No internet service,Mailed check,Continue regular engagement,19.45
6645-MXQJT,0.5437068,1,Medium Risk,2,Month-to-month,Fiber optic,No,Electronic check,Offer contract upgrade incentive,97.1
4360-QRAVE,0.2981722,0,Low Risk,37,Month-to-month,DSL,No,Electronic check,Continue regular engagement,36.65
8433-WPJTV,0.1587471,0,Low Risk,65,One year,Fiber optic,Yes,Bank transfer (automatic),Continue regular engagement,103.9
5804-JMYIO,0.018751899,0,Low Risk,39,Two year,No,No internet service,Mailed check,Continue regular engagement,19.75
3763-GCZHZ,0.3980745,1,Medium Risk,66,One year,Fiber optic,Yes,Electronic check,Monitor customer + targeted engagement,104.05
6484-LATFU,0.006657768,0,Low Risk,68,Two year,No,No internet service,Mailed check,Continue regular engagement,24.55
7599-NTMDP,0.013799082,0,Low Risk,62,Two year,DSL,Yes,Bank transfer (automatic),Continue regular engagement,48.7
0772-GYEQQ,0.689757,1,Medium Risk,3,Month-to-month,Fiber optic,Yes,Mailed check,Offer contract upgrade incentive,88.35
0536-ACXIP,0.023262134,0,Low Risk,72,Two year,Fiber optic,No,Electronic check,Continue regular engagement,109.55
0936-NQLJU,0.0108993,0,Low Risk,41,Two year,No,No internet service,Credit card (automatic),Continue regular engagement,20.65
4831-EOBFE,0.3600882,1,Medium Risk,29,Month-to-month,Fiber optic,No,Credit card (automatic),Offer contract upgrade incentive,94.65
1575-KRZZE,0.22545028,0,Low Risk,4,Month-to-month,DSL,No,Electronic check,Continue regular engagement,55.2
3251-YMVWZ,0.021308126,0,Low Risk,53,One year,No,No internet service,Bank transfer (automatic),Continue regular engagement,24.05
4102-OQUPX,0.86748576,1,High Risk,1,Month-to-month,Fiber optic,No,Electronic check,Offer annual contract discount + proactive support,74.4
9170-GYZJC,0.17323376,0,Low Risk,41,Month-to-month,DSL,Yes,Credit card (automatic),Continue regular engagement,79.9
4884-LEVMQ,0.010192151,0,Low Risk,39,Two year,No,No internet service,Bank transfer (automatic),Continue regular engagement,20.45
8857-CUPFQ,0.011012449,0,Low Risk,63,Two year,No,No internet service,Mailed check,Continue regular engagement,19.25
7610-TVOPG,0.17360513,0,Low Risk,15,Month-to-month,No,No internet service,Electronic check,Continue regular engagement,26.35
3638-DIMPH,0.15548585,0,Low Risk,13,One year,DSL,No,Electronic check,Continue regular engagement,43.8
1845-ZLLIG,0.499139,1,Medium Risk,1,Month-to-month,DSL,No,Mailed check,Offer contract upgrade incentive,50.15
8559-WNQZS,0.035302427,0,Low Risk,1,Two year,No,No internet service,Mailed check,Continue regular engagement,20.45
3999-QGRJH,0.6210127,1,Medium Risk,8,Month-to-month,Fiber optic,No,Electronic check,Offer contract upgrade incentive,69.7
1699-UOTXU,0.016202765,0,Low Risk,60,Two year,DSL,No,Electronic check,Continue regular engagement,61.4
2454-RPBRZ,0.86008406,1,High Risk,12,Month-to-month,Fiber optic,No,Electronic check,Offer annual contract discount + proactive support,98.1
0635-WKOLD,0.06943853,0,Low Risk,40,One year,DSL,Yes,Credit card (automatic),Continue regular engagement,70.75
5993-JSUWV,0.011548429,0,Low Risk,66,Two year,DSL,No,Bank transfer (automatic),Continue regular engagement,61.15
4518-FZBSX,0.01563801,0,Low Risk,42,One year,No,No internet service,Mailed check,Continue regular engagement,20.25
5387-ASZNZ,0.0437623,0,Low Risk,66,One year,DSL,Yes,Credit card (automatic),Continue regular engagement,63.85
6988-CJEYV,0.41996405,1,Medium Risk,49,Month-to-month,Fiber optic,No,Electronic check,Offer contract upgrade incentive,98.7
2002-MZHWP,0.3552659,1,Medium Risk,1,Month-to-month,No,No internet service,Mailed check,Offer contract upgrade incentive,20.5
3097-FQTVJ,0.012409214,0,Low Risk,41,Two year,No,No internet service,Mailed check,Continue regular engagement,20.0
5465-BUBFA,0.008452802,0,Low Risk,41,Two year,No,No internet service,Bank transfer (automatic),Continue regular engagement,19.3
7299-GNVPL,0.16228686,0,Low Risk,23,Month-to-month,Fiber optic,Yes,Mailed check,Continue regular engagement,84.4
9743-DQKQW,0.5502573,1,Medium Risk,3,Month-to-month,DSL,No,Electronic check,Offer contract upgrade incentive,25.1
1215-VFYVK,0.22315617,0,Low Risk,4,Month-to-month,DSL,Yes,Mailed check,Continue regular engagement,48.25
9371-BITHB,0.014117867,0,Low Risk,52,Two year,No,No internet service,Mailed check,Continue regular engagement,19.85
2265-CYWIV,0.81423426,1,High Risk,4,Month-to-month,Fiber optic,No,Electronic check,Offer annual contract discount + proactive support,99.6
9093-FPDLG,0.51394504,1,Medium Risk,11,Month-to-month,Fiber optic,Yes,Electronic check,Offer contract upgrade incentive,94.2
0541-FITGH,0.31918007,0,Low Risk,2,Month-to-month,DSL,No,Mailed check,Continue regular engagement,62.15
6985-HAYWX,0.28387746,0,Low Risk,26,Month-to-month,Fiber optic,No,Bank transfer (automatic),Continue regular engagement,79.3
7508-KBIMB,0.06400506,0,Low Risk,24,One year,DSL,No,Credit card (automatic),Continue regular engagement,56.25
6838-HVLXG,0.06428283,0,Low Risk,12,Month-to-month,No,No internet service,Mailed check,Continue regular engagement,20.3
2277-DJJDL,0.38294843,1,Medium Risk,60,Month-to-month,Fiber optic,Yes,Electronic check,Offer contract upgrade incentive,99.0
1897-OKVMW,0.008738008,0,Low Risk,64,Two year,DSL,Yes,Mailed check,Continue regular engagement,90.6
5485-ITNPC,0.014528102,0,Low Risk,66,Two year,DSL,Yes,Bank transfer (automatic),Continue regular engagement,85.9
0233-FTHAV,0.06804786,0,Low Risk,60,One year,Fiber optic,No,Bank transfer (automatic),Continue regular engagement,79.2
4644-PIZRT,0.099011056,0,Low Risk,17,One year,DSL,No,Bank transfer (automatic),Continue regular engagement,70.35
8922-NPKBJ,0.011422716,0,Low Risk,42,Two year,No,No internet service,Mailed check,Continue regular engagement,19.35
2740-TVLFN,0.6081907,1,Medium Risk,1,Month-to-month,DSL,No,Electronic check,Offer contract upgrade incentive,50.15
7771-CFQRQ,0.01812036,0,Low Risk,47,Two year,DSL,Yes,Bank transfer (automatic),Continue regular engagement,63.8
9512-PHSMG,0.08137269,0,Low Risk,10,Month-to-month,No,No internet service,Mailed check,Continue regular engagement,20.55
6963-EZQEE,0.030157117,0,Low Risk,70,Two year,DSL,Yes,Credit card (automatic),Continue regular engagement,88.55
2452-KDRRH,0.5368885,1,Medium Risk,67,Month-to-month,Fiber optic,No,Credit card (automatic),Offer contract upgrade incentive,101.4
2004-OCQXK,0.8353542,1,High Risk,1,Month-to-month,Fiber optic,No,Electronic check,Offer annual contract discount + proactive support,81.95
5027-QPKTE,0.6012604,1,Medium Risk,7,Month-to-month,Fiber optic,No,Electronic check,Offer contract upgrade incentive,69.35
4146-SVFUD,0.45816496,1,Medium Risk,1,Month-to-month,DSL,No,Mailed check,Offer contract upgrade incentive,44.6
1564-HJUVY,0.25286204,0,Low Risk,4,Month-to-month,DSL,Yes,Bank transfer (automatic),Continue regular engagement,63.75
3617-XLSGQ,0.08829309,0,Low Risk,66,Two year,Fiber optic,No,Bank transfer (automatic),Continue regular engagement,109.25
7517-LDMPS,0.5708425,1,Medium Risk,12,Month-to-month,Fiber optic,No,Electronic check,Offer contract upgrade incentive,84.6
7244-KXYZN,0.019338999,0,Low Risk,24,One year,No,No internet service,Credit card (automatic),Continue regular engagement,20.45
5226-NOZFC,0.46427286,1,Medium Risk,26,Month-to-month,Fiber optic,No,Electronic check,Offer contract upgrade incentive,85.75
2672-HUYVI,0.69554317,1,Medium Risk,6,Month-to-month,Fiber optic,No,Electronic check,Offer contract upgrade incentive,91.1
1400-WIVLL,0.17993163,0,Low Risk,57,Two year,Fiber optic,Yes,Electronic check,Continue regular engagement,107.95
7508-MYBOG,0.6626573,1,Medium Risk,14,Month-to-month,Fiber optic,No,Electronic check,Offer contract upgrade incentive,86.1
8148-NLEGT,0.022385085,0,Low Risk,42,Two year,No,No internet service,Electronic check,Continue regular engagement,22.95
0148-DCDOS,0.63473105,1,Medium Risk,25,Month-to-month,Fiber optic,No,Bank transfer (automatic),Offer contract upgrade incentive,94.7
8347-GDTMP,0.015578117,0,Low Risk,64,Two year,No,No internet service,Credit card (automatic),Continue regular engagement,19.45
9992-RRAMN,0.62898356,1,Medium Risk,22,Month-to-month,Fiber optic,No,Electronic check,Offer contract upgrade incentive,85.1
6746-WAUWT,0.034126326,0,Low Risk,19,One year,No,No internet service,Credit card (automatic),Continue regular engagement,19.7
0310-MVLET,0.3679653,1,Medium Risk,61,Month-to-month,Fiber optic,No,Electronic check,Offer contract upgrade incentive,99.15
0428-IKYCP,0.3914793,1,Medium Risk,22,Month-to-month,Fiber optic,No,Bank transfer (automatic),Offer contract upgrade incentive,87.0
4550-VBOFE,0.58057433,1,Medium Risk,70,Month-to-month,Fiber optic,No,Electronic check,Offer contract upgrade incentive,102.95
2187-PKZAY,0.61570716,1,Medium Risk,12,Month-to-month,Fiber optic,No,Bank transfer (automatic),Offer contract upgrade incentive,79.95
4003-OCTMP,0.061710633,0,Low Risk,31,One year,DSL,Yes,Electronic check,Continue regular engagement,64.0
6652-YFFJO,0.34022892,0,Low Risk,11,Month-to-month,DSL,No,Electronic check,Continue regular engagement,64.9
7225-IILWY,0.0056297663,0,Low Risk,68,Two year,No,No internet service,Mailed check,Continue regular engagement,25.75
5248-RPYWW,0.006500813,0,Low Risk,72,Two year,DSL,Yes,Bank transfer (automatic),Continue regular engagement,90.15
7923-IYJWY,0.16603309,0,Low Risk,67,Two year,Fiber optic,Yes,Credit card (automatic),Continue regular engagement,116.1
3170-GWYKC,0.2123227,0,Low Risk,60,Month-to-month,Fiber optic,Yes,Bank transfer (automatic),Continue regular engagement,104.95
5696-QURRL,0.6073125,1,Medium Risk,1,Month-to-month,DSL,No,Mailed check,Offer contract upgrade incentive,45.05
7409-KIUTL,0.8204491,1,High Risk,1,Month-to-month,Fiber optic,No,Electronic check,Offer annual contract discount + proactive support,71.0
9830-ECLEN,0.06393441,0,Low Risk,58,One year,DSL,No,Mailed check,Continue regular engagement,50.0
1732-VHUBQ,0.2884146,0,Low Risk,47,Month-to-month,Fiber optic,No,Bank transfer (automatic),Continue regular engagement,70.55
0495-RVCBF,0.8760115,1,High Risk,1,Month-to-month,Fiber optic,No,Electronic check,Offer annual contract discount + proactive support,79.7
2668-TZSPS,0.23757936,0,Low Risk,1,Month-to-month,No,No internet service,Mailed check,Continue regular engagement,20.45
7854-EDSSA,0.18375687,0,Low Risk,22,Month-to-month,DSL,No,Electronic check,Continue regular engagement,59.0
8869-TORSS,0.05906037,0,Low Risk,48,One year,DSL,Yes,Credit card (automatic),Continue regular engagement,60.35
7446-SFAOA,0.03674281,0,Low Risk,37,One year,No,No internet service,Bank transfer (automatic),Continue regular engagement,19.85
9522-ZSINC,0.0887429,0,Low Risk,13,One year,No,No internet service,Electronic check,Continue regular engagement,19.95
8234-GSZYK,0.018264145,0,Low Risk,43,Two year,No,No internet service,Bank transfer (automatic),Continue regular engagement,26.45
6505-OZNPG,0.029279564,0,Low Risk,6,Two year,DSL,Yes,Mailed check,Continue regular engagement,63.4
6164-HAQTX,0.0076327412,0,Low Risk,71,Two year,DSL,Yes,Bank transfer (automatic),Continue regular engagement,53.95
0679-IDSTG,0.8511013,1,High Risk,1,Month-to-month,Fiber optic,No,Electronic check,Offer annual contract discount + proactive support,69.25
7765-LWVVH,0.02101255,0,Low Risk,72,Two year,Fiber optic,No,Electronic check,Continue regular engagement,95.1
1658-TJVOA,0.5040226,1,Medium Risk,6,Month-to-month,Fiber optic,No,Electronic check,Offer contract upgrade incentive,74.1
0953-LGOVU,0.15224385,0,Low Risk,12,Month-to-month,DSL,Yes,Mailed check,Continue regular engagement,35.5
2115-BFTIW,0.18770444,0,Low Risk,25,Month-to-month,Fiber optic,No,Mailed check,Continue regular engagement,70.95
4692-NNQRU,0.16624281,0,Low Risk,21,One year,Fiber optic,Yes,Electronic check,Continue regular engagement,79.2
7742-MYPGI,0.23090847,0,Low Risk,6,Month-to-month,DSL,Yes,Mailed check,Continue regular engagement,48.8
0611-DFXKO,0.45149136,1,Medium Risk,20,Month-to-month,Fiber optic,No,Mailed check,Offer contract upgrade incentive,89.0
7780-OTDSO,0.74943936,1,High Risk,18,Month-to-month,Fiber optic,No,Electronic check,Offer annual contract discount + proactive support,99.4
9619-GSATL,0.10025645,0,Low Risk,43,One year,DSL,Yes,Electronic check,Continue regular engagement,55.45
5622-UEJFI,0.024810877,0,Low Risk,35,Two year,No,No internet service,Credit card (automatic),Continue regular engagement,25.4
9747-DDZOS,0.68706733,1,Medium Risk,1,Month-to-month,Fiber optic,No,Bank transfer (automatic),Offer contract upgrade incentive,73.5
0674-DGMAQ,0.46877748,1,Medium Risk,32,Month-to-month,Fiber optic,No,Electronic check,Offer contract upgrade incentive,93.5
6203-HBZPA,0.016841408,0,Low Risk,52,Two year,DSL,Yes,Credit card (automatic),Continue regular engagement,63.9
0484-FFVBJ,0.092159584,0,Low Risk,32,One year,DSL,No,Bank transfer (automatic),Continue regular engagement,64.85
0301-FIDRB,0.004375117,0,Low Risk,72,Two year,DSL,Yes,Bank transfer (automatic),Continue regular engagement,63.8
4139-JPIAM,0.08281679,0,Low Risk,51,Month-to-month,DSL,Yes,Credit card (automatic),Continue regular engagement,44.45
2181-TIDSV,0.012018635,0,Low Risk,68,Two year,No,No internet service,Bank transfer (automatic),Continue regular engagement,19.95
2761-XECQW,0.47827017,1,Medium Risk,8,Month-to-month,DSL,No,Mailed check,Offer contract upgrade incentive,43.35
1936-CZAKF,0.057621233,0,Low Risk,49,Two year,DSL,No,Credit card (automatic),Continue regular engagement,49.65
9453-PATOS,0.0032807742,0,Low Risk,72,Two year,DSL,Yes,Mailed check,Continue regular engagement,85.1
0564-JJHGS,0.8072954,1,High Risk,9,Month-to-month,Fiber optic,No,Electronic check,Offer annual contract discount + proactive support,95.5
3348-CFRNX,0.37978992,1,Medium Risk,28,Month-to-month,Fiber optic,No,Mailed check,Offer contract upgrade incentive,92.35
4402-FTBXC,0.14479984,0,Low Risk,54,Month-to-month,Fiber optic,No,Mailed check,Continue regular engagement,89.8
1428-GTBJJ,0.5084247,1,Medium Risk,11,Month-to-month,Fiber optic,No,Electronic check,Offer contract upgrade incentive,74.55
2931-XIQBR,0.093172446,0,Low Risk,50,One year,Fiber optic,Yes,Mailed check,Continue regular engagement,103.05
0106-UGRDO,0.065084144,0,Low Risk,69,Two year,Fiber optic,Yes,Electronic check,Continue regular engagement,116.0
5542-TBBWB,0.82578915,1,High Risk,1,Month-to-month,Fiber optic,No,Electronic check,Offer annual contract discount + proactive support,69.9
1930-QPBVZ,0.01281436,0,Low Risk,68,Two year,Fiber optic,Yes,Bank transfer (automatic),Continue regular engagement,95.1
2606-PKWJB,0.043391623,0,Low Risk,40,One year,DSL,Yes,Mailed check,Continue regular engagement,40.25
5322-ZSMZY,0.011019608,0,Low Risk,31,Two year,No,No internet service,Mailed check,Continue regular engagement,25.75
8059-UDZFY,0.4098526,1,Medium Risk,33,Month-to-month,Fiber optic,No,Bank transfer (automatic),Offer contract upgrade incentive,105.35
7740-BTPUX,0.16007318,0,Low Risk,55,Two year,Fiber optic,Yes,Electronic check,Continue regular engagement,113.6
5220-AGAAX,0.006264471,0,Low Risk,68,Two year,No,No internet service,Bank transfer (automatic),Continue regular engagement,24.0
0208-BPQEJ,0.075557604,0,Low Risk,12,Month-to-month,No,No internet service,Bank transfer (automatic),Continue regular engagement,19.4
9435-JMLSX,0.006307191,0,Low Risk,71,Two year,DSL,Yes,Bank transfer (automatic),Continue regular engagement,86.1
3352-ALMCK,0.5055838,1,Medium Risk,40,Month-to-month,Fiber optic,No,Mailed check,Offer contract upgrade incentive,102.65
5312-IRCFR,0.12928659,0,Low Risk,64,One year,Fiber optic,No,Electronic check,Continue regular engagement,92.85
5294-IMHHT,0.1304325,0,Low Risk,53,One year,Fiber optic,Yes,Bank transfer (automatic),Continue regular engagement,97.75
8802-UNOJF,0.5927864,1,Medium Risk,12,Month-to-month,Fiber optic,Yes,Mailed check,Offer contract upgrade incentive,83.8
6313-GIDIT,0.47780508,1,Medium Risk,53,Month-to-month,DSL,No,Electronic check,Offer contract upgrade incentive,54.45
6176-YJWAS,0.010114382,0,Low Risk,72,Two year,Fiber optic,No,Credit card (automatic),Continue regular engagement,97.95
5310-NOOVA,0.018782677,0,Low Risk,46,Two year,No,No internet service,Electronic check,Continue regular engagement,19.95
4526-EXKKN,0.016634101,0,Low Risk,40,Two year,No,No internet service,Mailed check,Continue regular engagement,24.6
5311-IHLEI,0.20305842,0,Low Risk,12,Month-to-month,DSL,Yes,Bank transfer (automatic),Continue regular engagement,50.95
3987-KQDDU,0.33002904,0,Low Risk,9,Month-to-month,Fiber optic,No,Electronic check,Continue regular engagement,75.6
3404-JNXAX,0.3024449,0,Low Risk,51,Month-to-month,Fiber optic,Yes,Electronic check,Continue regular engagement,80.75
5131-PONJI,0.21880625,0,Low Risk,49,Month-to-month,Fiber optic,No,Credit card (automatic),Continue regular engagement,90.4
2845-AFFTX,0.7014101,1,High Risk,41,Month-to-month,Fiber optic,No,Electronic check,Offer annual contract discount + proactive support,99.8
3489-VSFRD,0.039016332,0,Low Risk,56,One year,DSL,Yes,Credit card (automatic),Continue regular engagement,60.25
3345-JHUEO,0.13985513,0,Low Risk,4,Month-to-month,No,No internet service,Electronic check,Continue regular engagement,20.2
5815-HGGHV,0.08748438,0,Low Risk,20,One year,DSL,Yes,Mailed check,Continue regular engagement,64.15
5260-UMPWX,0.04331298,0,Low Risk,26,Month-to-month,No,No internet service,Credit card (automatic),Continue regular engagement,20.25
2249-YPRNG,0.59136266,1,Medium Risk,20,Month-to-month,Fiber optic,No,Bank transfer (automatic),Offer contract upgrade incentive,105.85
7410-YTJIK,0.48515055,1,Medium Risk,7,Month-to-month,Fiber optic,No,Mailed check,Offer contract upgrade incentive,75.45
4626-GYCZP,0.8434056,1,High Risk,7,Month-to-month,Fiber optic,No,Electronic check,Offer annual contract discount + proactive support,93.85
5649-RXQTV,0.39582387,1,Medium Risk,51,Month-to-month,Fiber optic,No,Electronic check,Offer contract upgrade incentive,99.0
2674-MIAHT,0.73376215,1,High Risk,4,Month-to-month,Fiber optic,No,Mailed check,Offer annual contract discount + proactive support,80.3
2576-HXMPA,0.26575458,0,Low Risk,1,Month-to-month,No,No internet service,Credit card (automatic),Continue regular engagement,19.55
7587-AOVVU,0.3216384,0,Low Risk,27,Month-to-month,Fiber optic,Yes,Electronic check,Continue regular engagement,100.75
5590-BYNII,0.7362617,1,High Risk,22,Month-to-month,Fiber optic,No,Electronic check,Offer annual contract discount + proactive support,100.75
6898-MDLZW,0.19721462,0,Low Risk,12,Month-to-month,DSL,Yes,Mailed check,Continue regular engagement,53.75
3237-AJGEH,0.30503893,0,Low Risk,3,Month-to-month,DSL,Yes,Mailed check,Continue regular engagement,31.0
4707-YNOQA,0.056806725,0,Low Risk,34,One year,No,No internet service,Credit card (automatic),Continue regular engagement,25.6
9357-UJRUN,0.098047525,0,Low Risk,24,One year,DSL,Yes,Electronic check,Continue regular engagement,58.35
1591-NFNLQ,0.30204898,0,Low Risk,51,Month-to-month,Fiber optic,No,Credit card (automatic),Continue regular engagement,80.0
8648-PFRMP,0.57273424,1,Medium Risk,14,Month-to-month,DSL,No,Electronic check,Offer contract upgrade incentive,46.35
7663-CUXZB,0.10732179,0,Low Risk,59,Two year,Fiber optic,Yes,Electronic check,Continue regular engagement,113.75
0258-NOKBL,0.60548985,1,Medium Risk,3,Month-to-month,Fiber optic,No,Electronic check,Offer contract upgrade incentive,90.4
1163-VIPRI,0.13187017,0,Low Risk,65,Two year,Fiber optic,Yes,Electronic check,Continue regular engagement,109.3
2815-CPTUL,0.5915696,1,Medium Risk,5,Month-to-month,Fiber optic,No,Mailed check,Offer contract upgrade incentive,70.25
9348-ROUAI,0.013115808,0,Low Risk,59,Two year,DSL,Yes,Credit card (automatic),Continue regular engagement,90.3
9443-JUBUO,0.0048101386,0,Low Risk,72,Two year,DSL,Yes,Credit card (automatic),Continue regular engagement,65.25
0596-BQCEQ,0.39557627,1,Medium Risk,62,Month-to-month,Fiber optic,No,Electronic check,Offer contract upgrade incentive,100.15
1481-ZUWZA,0.41568375,1,Medium Risk,28,Month-to-month,Fiber optic,No,Credit card (automatic),Offer contract upgrade incentive,94.5
3043-TYBNO,0.25123113,0,Low Risk,3,Month-to-month,DSL,Yes,Mailed check,Continue regular engagement,60.65
4830-FAXFM,0.09100813,0,Low Risk,19,Month-to-month,No,No internet service,Credit card (automatic),Continue regular engagement,24.1
5906-BFOZT,0.4356762,1,Medium Risk,1,Month-to-month,No,No internet service,Mailed check,Offer contract upgrade incentive,19.5
2960-NKRSO,0.34182602,0,Low Risk,24,Month-to-month,Fiber optic,Yes,Electronic check,Continue regular engagement,85.95
8996-ZROXE,0.088794164,0,Low Risk,57,One year,DSL,Yes,Electronic check,Continue regular engagement,53.5
5598-IKHQQ,0.0057417173,0,Low Risk,72,Two year,No,No internet service,Credit card (automatic),Continue regular engagement,25.45
0397-ZXWQF,0.006617574,0,Low Risk,67,Two year,No,No internet service,Bank transfer (automatic),Continue regular engagement,20.5
5266-PFRQK,0.02482424,0,Low Risk,52,One year,No,No internet service,Credit card (automatic),Continue regular engagement,20.85
4674-HGNUA,0.006799763,0,Low Risk,71,Two year,DSL,Yes,Credit card (automatic),Continue regular engagement,89.9
6765-MBQNU,0.039446432,0,Low Risk,26,One year,No,No internet service,Mailed check,Continue regular engagement,26.0
9786-IJYDL,0.071297675,0,Low Risk,35,Two year,Fiber optic,Yes,Mailed check,Continue regular engagement,113.2
1303-SRDOK,0.021383068,0,Low Risk,55,Two year,Fiber optic,No,Credit card (automatic),Continue regular engagement,69.05
3769-MHZNV,0.0104251,0,Low Risk,33,Two year,No,No internet service,Mailed check,Continue regular engagement,20.1
6295-OSINB,0.021652821,0,Low Risk,72,Two year,Fiber optic,No,Electronic check,Continue regular engagement,109.65
3308-MHOOC,0.24105312,0,Low Risk,1,Month-to-month,No,No internet service,Mailed check,Continue regular engagement,19.2
2309-OSFEU,0.41797408,1,Medium Risk,10,Month-to-month,DSL,No,Mailed check,Offer contract upgrade incentive,33.9
2207-QPJED,0.27239847,0,Low Risk,37,Month-to-month,Fiber optic,Yes,Electronic check,Continue regular engagement,90.0
4177-JPDFU,0.16260618,0,Low Risk,12,Month-to-month,DSL,Yes,Mailed check,Continue regular engagement,34.0
2239-CFOUJ,0.08779355,0,Low Risk,1,One year,No,No internet service,Mailed check,Continue regular engagement,20.4
8046-DNVTL,0.01809551,0,Low Risk,62,Two year,DSL,Yes,Credit card (automatic),Continue regular engagement,38.6
2209-XADXF,0.47887892,1,Medium Risk,1,Month-to-month,DSL,No,Bank transfer (automatic),Offer contract upgrade incentive,25.25
6620-JDYNW,0.18955612,0,Low Risk,18,Month-to-month,DSL,No,Mailed check,Continue regular engagement,60.6
1891-FZYSA,0.41694507,1,Medium Risk,69,Month-to-month,Fiber optic,No,Electronic check,Offer contract upgrade incentive,89.95
4770-UEZOX,0.6537547,1,Medium Risk,2,Month-to-month,Fiber optic,No,Electronic check,Offer contract upgrade incentive,74.75
1038-RQOST,0.042262718,0,Low Risk,19,Month-to-month,No,No internet service,Mailed check,Continue regular engagement,20.6
7613-LLQFO,0.75578964,1,High Risk,12,Month-to-month,Fiber optic,No,Electronic check,Offer annual contract discount + proactive support,84.45
4568-TTZRT,0.08045231,0,Low Risk,9,Month-to-month,No,No internet service,Mailed check,Continue regular engagement,20.4
9513-DXHDA,0.07377016,0,Low Risk,27,One year,DSL,Yes,Electronic check,Continue regular engagement,81.7
2640-PMGFL,0.45836702,1,Medium Risk,27,Month-to-month,Fiber optic,Yes,Electronic check,Offer contract upgrade incentive,79.5
3801-HMYNL,0.7680853,1,High Risk,1,Month-to-month,Fiber optic,No,Mailed check,Offer annual contract discount + proactive support,89.15
0516-QREYC,0.084869914,0,Low Risk,24,Month-to-month,No,No internet service,Mailed check,Continue regular engagement,20.3
9685-WKZGT,0.68476355,1,Medium Risk,14,Month-to-month,Fiber optic,No,Electronic check,Offer contract upgrade incentive,74.95
6022-UGGSO,0.44482538,1,Medium Risk,32,Month-to-month,Fiber optic,No,Electronic check,Offer contract upgrade incentive,74.4
8084-OIVBS,0.05371179,0,Low Risk,11,One year,No,No internet service,Mailed check,Continue regular engagement,20.0
8896-BQTTI,0.26675034,0,Low Risk,1,Month-to-month,No,No internet service,Mailed check,Continue regular engagement,25.0
3865-QBWSJ,0.25372308,0,Low Risk,38,Month-to-month,Fiber optic,No,Mailed check,Continue regular engagement,80.45
3352-RICWQ,0.021091707,0,Low Risk,9,Two year,No,No internet service,Mailed check,Continue regular engagement,19.75
2160-GPFXD,0.013091967,0,Low Risk,54,Two year,DSL,Yes,Credit card (automatic),Continue regular engagement,65.65
2065-MMKGR,0.09579465,0,Low Risk,29,One year,DSL,No,Credit card (automatic),Continue regular engagement,71.0
5857-TYBCJ,0.47507852,1,Medium Risk,44,Month-to-month,Fiber optic,No,Electronic check,Offer contract upgrade incentive,89.2
1498-NHTLT,0.018814916,0,Low Risk,59,Two year,DSL,Yes,Electronic check,Continue regular engagement,86.75
4484-CGXFK,0.5421142,1,Medium Risk,3,Month-to-month,DSL,No,Electronic check,Offer contract upgrade incentive,55.3
1402-PTHGN,0.06886251,0,Low Risk,18,One year,DSL,Yes,Mailed check,Continue regular engagement,61.5
4176-RELJR,0.011975815,0,Low Risk,67,Two year,No,No internet service,Credit card (automatic),Continue regular engagement,25.1
6214-EDAKZ,0.25121877,0,Low Risk,22,Month-to-month,DSL,Yes,Electronic check,Continue regular engagement,55.15
5199-FPUSP,0.051604588,0,Low Risk,33,One year,DSL,Yes,Credit card (automatic),Continue regular engagement,34.05
6377-KSLXC,0.11521761,0,Low Risk,5,Month-to-month,No,No internet service,Mailed check,Continue regular engagement,19.95
1796-JANOW,0.15754782,0,Low Risk,2,Month-to-month,No,No internet service,Mailed check,Continue regular engagement,19.95
0238-WHBIQ,0.0045287455,0,Low Risk,72,Two year,DSL,Yes,Credit card (automatic),Continue regular engagement,89.7
8735-NBLWT,0.05826351,0,Low Risk,9,Month-to-month,No,No internet service,Mailed check,Continue regular engagement,20.4
6651-RLGGM,0.005875802,0,Low Risk,67,Two year,No,No internet service,Mailed check,Continue regular engagement,26.3
6127-ISGTU,0.6347445,1,Medium Risk,16,Month-to-month,Fiber optic,No,Electronic check,Offer contract upgrade incentive,84.95
1614-JBEBI,0.07392736,0,Low Risk,8,Month-to-month,No,No internet service,Mailed check,Continue regular engagement,20.7
8740-XLHDR,0.35141212,1,Medium Risk,5,Month-to-month,DSL,Yes,Mailed check,Offer contract upgrade incentive,43.25
1208-DNHLN,0.14325832,0,Low Risk,23,One year,DSL,No,Credit card (automatic),Continue regular engagement,48.35
1761-AEZZR,0.8793976,1,High Risk,1,Month-to-month,Fiber optic,No,Electronic check,Offer annual contract discount + proactive support,79.55
3923-CSIHK,0.35168773,1,Medium Risk,50,Month-to-month,Fiber optic,No,Electronic check,Offer contract upgrade incentive,71.05
5696-EXCYS,0.016122013,0,Low Risk,17,Two year,No,No internet service,Credit card (automatic),Continue regular engagement,19.45
5795-KTGUD,0.07546362,0,Low Risk,68,Two year,Fiber optic,No,Bank transfer (automatic),Continue regular engagement,110.8
7120-RFMVS,0.8472662,1,High Risk,1,Month-to-month,Fiber optic,No,Electronic check,Offer annual contract discount + proactive support,84.5
7924-GJZFI,0.41063944,1,Medium Risk,25,Month-to-month,Fiber optic,No,Electronic check,Offer contract upgrade incentive,69.3
4702-HDRKD,0.030464234,0,Low Risk,67,One year,DSL,Yes,Bank transfer (automatic),Continue regular engagement,49.35
8512-WIWYV,0.019625453,0,Low Risk,32,One year,No,No internet service,Credit card (automatic),Continue regular engagement,20.35
5897-ZYEKH,0.2094292,0,Low Risk,67,One year,Fiber optic,No,Electronic check,Continue regular engagement,105.6
5456-ITGIC,0.009910563,0,Low Risk,72,Two year,DSL,Yes,Credit card (automatic),Continue regular engagement,64.45
7317-GGVPB,0.2799312,0,Low Risk,71,Two year,Fiber optic,Yes,Credit card (automatic),Continue regular engagement,108.6
1406-PUQVY,0.5449762,1,Medium Risk,1,Month-to-month,DSL,No,Electronic check,Offer contract upgrade incentive,49.9
1322-AGOQM,0.20022857,0,Low Risk,46,Month-to-month,DSL,No,Bank transfer (automatic),Continue regular engagement,30.3
3677-IYRBF,0.7711995,1,High Risk,2,Month-to-month,DSL,No,Electronic check,Offer annual contract discount + proactive support,30.4
5692-FPTAH,0.60909814,1,Medium Risk,1,Month-to-month,DSL,No,Mailed check,Offer contract upgrade incentive,45.4
9114-AAFQH,0.13177931,0,Low Risk,48,One year,DSL,No,Electronic check,Continue regular engagement,65.65
8715-KKTFG,0.21026792,0,Low Risk,61,One year,Fiber optic,Yes,Bank transfer (automatic),Continue regular engagement,103.3
1550-LOAHA,0.30570287,0,Low Risk,32,Month-to-month,Fiber optic,No,Bank transfer (automatic),Continue regular engagement,84.15
1728-BQDMA,0.493759,1,Medium Risk,2,Month-to-month,DSL,No,Electronic check,Offer contract upgrade incentive,44.45
0268-QKIWO,0.24694358,0,Low Risk,3,Month-to-month,No,No internet service,Electronic check,Continue regular engagement,19.75
0876-WDUUZ,0.7189353,1,High Risk,5,Month-to-month,Fiber optic,Yes,Credit card (automatic),Offer annual contract discount + proactive support,85.4
5117-ZSMHQ,0.006053969,0,Low Risk,71,Two year,DSL,Yes,Bank transfer (automatic),Continue regular engagement,89.9
5151-HQRDG,0.09442328,0,Low Risk,37,Month-to-month,DSL,No,Mailed check,Continue regular engagement,55.05
0960-HUWBM,0.099863015,0,Low Risk,65,Two year,Fiber optic,Yes,Bank transfer (automatic),Continue regular engagement,104.1
6465-GSRCL,0.12235931,0,Low Risk,67,One year,Fiber optic,Yes,Bank transfer (automatic),Continue regular engagement,106.6
0617-FHSGK,0.23185848,0,Low Risk,49,Month-to-month,Fiber optic,No,Credit card (automatic),Continue regular engagement,75.2
0263-FJTQO,0.016258117,0,Low Risk,50,Two year,DSL,Yes,Credit card (automatic),Continue regular engagement,70.5
7319-ZNRTR,0.022779714,0,Low Risk,25,One year,No,No internet service,Electronic check,Continue regular engagement,19.6
2858-MOFSQ,0.11549988,0,Low Risk,17,One year,DSL,No,Mailed check,Continue regular engagement,55.85
7503-EPSZW,0.007248521,0,Low Risk,64,Two year,No,No internet service,Mailed check,Continue regular engagement,24.05
7089-XXAYG,0.15290557,0,Low Risk,25,One year,DSL,No,Credit card (automatic),Continue regular engagement,38.1
8118-LSUEL,0.73111916,1,High Risk,23,Month-to-month,Fiber optic,No,Electronic check,Offer annual contract discount + proactive support,106.4
8070-AAWZP,0.18095726,0,Low Risk,24,Month-to-month,DSL,Yes,Mailed check,Continue regular engagement,34.25
1666-JXLKU,0.6055145,1,Medium Risk,37,Month-to-month,Fiber optic,No,Electronic check,Offer contract upgrade incentive,100.05
7855-DIWPO,0.49390948,1,Medium Risk,21,Month-to-month,Fiber optic,No,Electronic check,Offer contract upgrade incentive,68.65
5133-POWUA,0.6143426,1,Medium Risk,1,Month-to-month,DSL,No,Mailed check,Offer contract upgrade incentive,45.8
5652-MSDEY,0.54939485,1,Medium Risk,10,Month-to-month,Fiber optic,No,Mailed check,Offer contract upgrade incentive,75.75
7005-CCBKV,0.7525701,1,High Risk,6,Month-to-month,Fiber optic,No,Electronic check,Offer annual contract discount + proactive support,84.4
1810-BOHSY,0.14658956,0,Low Risk,51,One year,Fiber optic,No,Credit card (automatic),Continue regular engagement,96.4
1784-BXEFA,0.0887195,0,Low Risk,10,Month-to-month,No,No internet service,Mailed check,Continue regular engagement,20.55
7351-MHQVU,0.20194761,0,Low Risk,6,Month-to-month,DSL,Yes,Credit card (automatic),Continue regular engagement,50.95
9224-VTYID,0.010522417,0,Low Risk,47,Two year,DSL,Yes,Mailed check,Continue regular engagement,90.5
9500-IWPXQ,0.06104853,0,Low Risk,61,One year,DSL,Yes,Electronic check,Continue regular engagement,79.4
5762-TJXGK,0.028147006,0,Low Risk,52,Two year,DSL,No,Bank transfer (automatic),Continue regular engagement,58.75
4504-YOULA,0.13064261,0,Low Risk,35,Month-to-month,DSL,No,Credit card (automatic),Continue regular engagement,59.45
5569-IDSEY,0.20445481,0,Low Risk,71,One year,Fiber optic,No,Bank transfer (automatic),Continue regular engagement,105.7
4250-FDVOU,0.18532494,0,Low Risk,6,Month-to-month,DSL,No,Electronic check,Continue regular engagement,56.25
7284-ZZLOH,0.022446256,0,Low Risk,45,Two year,DSL,No,Credit card (automatic),Continue regular engagement,53.3
5277-ZLOOR,0.8913696,1,High Risk,2,Month-to-month,Fiber optic,No,Electronic check,Offer annual contract discount + proactive support,85.55
2141-RRYGO,0.34851086,0,Low Risk,4,Month-to-month,DSL,No,Bank transfer (automatic),Continue regular engagement,68.65
1777-JYQPJ,0.42222306,1,Medium Risk,2,Month-to-month,DSL,No,Mailed check,Offer contract upgrade incentive,24.3
6376-GAHQE,0.5725929,1,Medium Risk,4,Month-to-month,Fiber optic,No,Electronic check,Offer contract upgrade incentive,77.85
3401-URHDA,0.04767378,0,Low Risk,51,One year,DSL,Yes,Credit card (automatic),Continue regular engagement,59.9
1599-EAHXY,0.017991593,0,Low Risk,60,One year,No,No internet service,Credit card (automatic),Continue regular engagement,23.95
8631-XVRZL,0.03510585,0,Low Risk,9,One year,No,No internet service,Mailed check,Continue regular engagement,20.15
5052-PNLOS,0.8230683,1,High Risk,3,Month-to-month,Fiber optic,No,Bank transfer (automatic),Offer annual contract discount + proactive support,105.35
3853-LYGAM,0.34938267,0,Low Risk,17,Month-to-month,Fiber optic,Yes,Bank transfer (automatic),Continue regular engagement,95.65
6979-ZNSFF,0.8234921,1,High Risk,8,Month-to-month,Fiber optic,No,Electronic check,Offer annual contract discount + proactive support,87.05
5751-USDBL,0.014523173,0,Low Risk,46,Two year,DSL,Yes,Mailed check,Continue regular engagement,81.0
5680-LQOGP,0.015668929,0,Low Risk,68,Two year,DSL,Yes,Credit card (automatic),Continue regular engagement,82.45
2386-LAHRK,0.6403458,1,Medium Risk,1,Month-to-month,DSL,No,Mailed check,Offer contract upgrade incentive,53.5
8189-DUKMV,0.069635324,0,Low Risk,4,One year,No,No internet service,Bank transfer (automatic),Continue regular engagement,20.5
6032-IGALN,0.6015836,1,Medium Risk,1,Month-to-month,DSL,No,Mailed check,Offer contract upgrade incentive,25.1
9931-DCEZH,0.047402926,0,Low Risk,28,One year,DSL,Yes,Credit card (automatic),Continue regular engagement,54.4
1898-JSNDC,0.08280779,0,Low Risk,39,One year,DSL,No,Credit card (automatic),Continue regular engagement,58.6
0315-LVCRK,0.46313456,1,Medium Risk,11,Month-to-month,Fiber optic,No,Electronic check,Offer contract upgrade incentive,84.8
3911-RSNHI,0.010675683,0,Low Risk,71,Two year,DSL,Yes,Credit card (automatic),Continue regular engagement,61.4
2410-CIYFZ,0.09723026,0,Low Risk,2,Month-to-month,No,No internet service,Mailed check,Continue regular engagement,20.4
4248-HCETZ,0.36204216,1,Medium Risk,30,Month-to-month,Fiber optic,No,Mailed check,Offer contract upgrade incentive,79.65
5505-OVWQW,0.032463174,0,Low Risk,17,One year,No,No internet service,Mailed check,Continue regular engagement,20.15
7271-AJDTL,0.28328234,0,Low Risk,55,Month-to-month,Fiber optic,No,Credit card (automatic),Continue regular engagement,94.45
1867-TJHTS,0.19902606,0,Low Risk,58,Month-to-month,Fiber optic,No,Bank transfer (automatic),Continue regular engagement,79.8
0516-WJVXC,0.284167,0,Low Risk,5,Month-to-month,DSL,Yes,Electronic check,Continue regular engagement,54.2
9174-FKWZE,0.67411536,1,Medium Risk,1,Month-to-month,No,No internet service,Electronic check,Offer contract upgrade incentive,19.45
6860-YRJZP,0.6748913,1,Medium Risk,9,Month-to-month,Fiber optic,No,Electronic check,Offer contract upgrade incentive,74.05
4429-WYGFR,0.08926127,0,Low Risk,26,Month-to-month,DSL,Yes,Bank transfer (automatic),Continue regular engagement,49.15
2817-LVCPP,0.014637586,0,Low Risk,50,Two year,No,No internet service,Credit card (automatic),Continue regular engagement,19.4
5038-ETMLM,0.011791036,0,Low Risk,72,Two year,Fiber optic,Yes,Bank transfer (automatic),Continue regular engagement,113.65
5056-FIMPT,0.1910596,0,Low Risk,43,One year,Fiber optic,Yes,Credit card (automatic),Continue regular engagement,106.0
4521-WFJAI,0.013215196,0,Low Risk,56,Two year,No,No internet service,Bank transfer (automatic),Continue regular engagement,25.95
6569-KTMDU,0.20351753,0,Low Risk,1,Month-to-month,No,No internet service,Mailed check,Continue regular engagement,19.1
8809-RIHDD,0.14141686,0,Low Risk,72,Two year,Fiber optic,No,Electronic check,Continue regular engagement,103.4
8809-XKHMD,0.014477805,0,Low Risk,72,Two year,Fiber optic,Yes,Bank transfer (automatic),Continue regular engagement,100.55
0396-YCHWO,0.53491896,1,Medium Risk,36,Month-to-month,Fiber optic,No,Electronic check,Offer contract upgrade incentive,95.4
0867-LDTTC,0.23993266,0,Low Risk,5,Month-to-month,DSL,Yes,Bank transfer (automatic),Continue regular engagement,75.15
4822-NGOCH,0.66955394,1,Medium Risk,13,Month-to-month,Fiber optic,No,Electronic check,Offer contract upgrade incentive,84.45
9391-DXGGG,0.13336559,0,Low Risk,44,One year,Fiber optic,No,Credit card (automatic),Continue regular engagement,89.15
9844-FELAJ,0.17205682,0,Low Risk,70,One year,Fiber optic,Yes,Electronic check,Continue regular engagement,107.9
2122-SZZZD,0.014335151,0,Low Risk,44,One year,No,No internet service,Credit card (automatic),Continue regular engagement,19.5
5307-DZCVC,0.41073802,1,Medium Risk,32,Month-to-month,Fiber optic,No,Credit card (automatic),Offer contract upgrade incentive,85.95
3148-AOIQT,0.007488342,0,Low Risk,69,Two year,No,No internet service,Credit card (automatic),Continue regular engagement,24.95
8679-JOEVF,0.31700394,0,Low Risk,16,Month-to-month,DSL,Yes,Electronic check,Continue regular engagement,59.4
8395-ETZKQ,0.03152256,0,Low Risk,68,One year,No,No internet service,Bank transfer (automatic),Continue regular engagement,19.5
6692-YQHXC,0.3515409,1,Medium Risk,16,Month-to-month,Fiber optic,No,Credit card (automatic),Offer contract upgrade incentive,69.95
3889-VWBID,0.0146462545,0,Low Risk,68,Two year,DSL,Yes,Bank transfer (automatic),Continue regular engagement,82.85
5222-JCXZT,0.06312317,0,Low Risk,4,Month-to-month,No,No internet service,Mailed check,Continue regular engagement,19.0
9754-CLVZW,0.0951795,0,Low Risk,26,Month-to-month,DSL,Yes,Credit card (automatic),Continue regular engagement,38.85
1432-FPAXX,0.34331456,0,Low Risk,29,Month-to-month,DSL,No,Electronic check,Continue regular engagement,30.6
2739-CCZMB,0.083955124,0,Low Risk,5,Month-to-month,No,No internet service,Credit card (automatic),Continue regular engagement,20.35
7080-TNUWP,0.112765916,0,Low Risk,70,One year,Fiber optic,No,Bank transfer (automatic),Continue regular engagement,95.0
0496-AHOOK,0.05440758,0,Low Risk,24,One year,DSL,Yes,Bank transfer (automatic),Continue regular engagement,74.4
8336-TAVKX,0.008326324,0,Low Risk,72,Two year,DSL,Yes,Bank transfer (automatic),Continue regular engagement,78.45
2468-SJFLM,0.5118153,1,Medium Risk,1,Month-to-month,Fiber optic,Yes,Mailed check,Offer contract upgrade incentive,74.3
3181-VTHOE,0.06660828,0,Low Risk,70,One year,DSL,Yes,Bank transfer (automatic),Continue regular engagement,51.05
7168-HDQHG,0.04560816,0,Low Risk,36,Month-to-month,No,No internet service,Bank transfer (automatic),Continue regular engagement,19.2
4803-AXVYP,0.58072996,1,Medium Risk,38,Month-to-month,Fiber optic,Yes,Electronic check,Offer contract upgrade incentive,99.55
3884-HCSWG,0.5231992,1,Medium Risk,17,Month-to-month,Fiber optic,No,Electronic check,Offer contract upgrade incentive,70.0
4567-AKPIA,0.20640439,0,Low Risk,41,One year,Fiber optic,Yes,Bank transfer (automatic),Continue regular engagement,109.1
5077-DXTCG,0.71828467,1,High Risk,1,Month-to-month,DSL,No,Electronic check,Offer annual contract discount + proactive support,45.3
1142-WACZW,0.39272106,1,Medium Risk,2,Month-to-month,DSL,Yes,Bank transfer (automatic),Offer contract upgrade incentive,29.85
7901-HXJVA,0.41021863,1,Medium Risk,14,Month-to-month,Fiber optic,No,Electronic check,Offer contract upgrade incentive,76.45
5649-ANRML,0.7376784,1,High Risk,2,Month-to-month,Fiber optic,Yes,Credit card (automatic),Offer annual contract discount + proactive support,95.1
4892-VLANZ,0.38229802,1,Medium Risk,1,Month-to-month,No,No internet service,Mailed check,Offer contract upgrade incentive,19.8
5924-IFQTT,0.2693606,0,Low Risk,13,Month-to-month,DSL,Yes,Electronic check,Continue regular engagement,72.8
7968-QUXNS,0.029488,0,Low Risk,6,Month-to-month,No,No internet service,Mailed check,Continue regular engagement,18.95
2919-HBCJO,0.66378087,1,Medium Risk,4,Month-to-month,Fiber optic,No,Bank transfer (automatic),Offer contract upgrade incentive,76.65
4236-XPXAV,0.8231226,1,High Risk,5,Month-to-month,Fiber optic,Yes,Mailed check,Offer annual contract discount + proactive support,99.15
8903-WMRNW,0.35036388,1,Medium Risk,15,Month-to-month,Fiber optic,No,Electronic check,Offer contract upgrade incentive,101.75
2452-SNHFZ,0.18540914,0,Low Risk,47,Month-to-month,Fiber optic,No,Credit card (automatic),Continue regular engagement,75.45
3629-WEAAM,0.17055596,0,Low Risk,8,Month-to-month,DSL,Yes,Mailed check,Continue regular engagement,64.1
6029-CSMJE,0.23946972,0,Low Risk,17,Month-to-month,DSL,No,Mailed check,Continue regular engagement,25.65
7993-NQLJE,0.24358332,0,Low Risk,15,Month-to-month,Fiber optic,No,Mailed check,Continue regular engagement,75.1
9909-DFRJA,0.19418333,0,Low Risk,26,One year,Fiber optic,Yes,Bank transfer (automatic),Continue regular engagement,95.85
9099-FTUHS,0.15070124,0,Low Risk,23,Month-to-month,DSL,No,Electronic check,Continue regular engagement,54.4
0581-BXBUB,0.49093544,1,Medium Risk,4,Month-to-month,Fiber optic,No,Electronic check,Offer contract upgrade incentive,72.75
4962-CHQPW,0.012594303,0,Low Risk,29,One year,No,No internet service,Mailed check,Continue regular engagement,19.85
9467-ROOLM,0.016960837,0,Low Risk,25,Month-to-month,No,No internet service,Mailed check,Continue regular engagement,19.05
3030-YZADT,0.23248765,0,Low Risk,9,Month-to-month,DSL,No,Mailed check,Continue regular engagement,44.95
7410-KTVFV,0.24869005,0,Low Risk,18,Month-to-month,DSL,No,Mailed check,Continue regular engagement,49.55
5150-ITWWB,0.7558439,1,High Risk,3,Month-to-month,Fiber optic,No,Electronic check,Offer annual contract discount + proactive support,94.85
2253-KPMNB,0.010802544,0,Low Risk,69,Two year,DSL,Yes,Bank transfer (automatic),Continue regular engagement,46.25
1345-ZUKID,0.03267624,0,Low Risk,14,One year,No,No internet service,Mailed check,Continue regular engagement,19.35
6429-SHBCB,0.17765744,0,Low Risk,19,Month-to-month,DSL,No,Mailed check,Continue regular engagement,69.6
9281-OFDMF,0.3775188,1,Medium Risk,39,Month-to-month,Fiber optic,No,Electronic check,Offer contract upgrade incentive,90.7
2603-HVKCG,0.4325177,1,Medium Risk,31,Month-to-month,Fiber optic,No,Electronic check,Offer contract upgrade incentive,101.4
1834-WULEG,0.0177603,0,Low Risk,24,One year,No,No internet service,Mailed check,Continue regular engagement,20.25
9097-ZUBYC,0.1755402,0,Low Risk,14,Month-to-month,DSL,Yes,Bank transfer (automatic),Continue regular engagement,48.8
5148-ORICT,0.015249374,0,Low Risk,64,Two year,DSL,Yes,Mailed check,Continue regular engagement,74.35
4893-GYUJU,0.033774253,0,Low Risk,50,One year,No,No internet service,Mailed check,Continue regular engagement,19.35
4578-PHJYZ,0.054507516,0,Low Risk,52,One year,DSL,Yes,Electronic check,Continue regular engagement,68.75
7272-QDCKA,0.316662,0,Low Risk,28,One year,Fiber optic,No,Electronic check,Continue regular engagement,100.2
8908-SLFCJ,0.01266551,0,Low Risk,21,Two year,No,No internet service,Credit card (automatic),Continue regular engagement,20.85
8393-DLHGA,0.51736027,1,Medium Risk,25,Month-to-month,Fiber optic,No,Electronic check,Offer contract upgrade incentive,95.9
9766-HGEDE,0.02873512,0,Low Risk,17,One year,No,No internet service,Mailed check,Continue regular engagement,19.35
6968-MHOMU,0.21887705,0,Low Risk,58,One year,DSL,No,Credit card (automatic),Continue regular engagement,45.0
7395-IGJOS,0.30327597,0,Low Risk,17,Month-to-month,Fiber optic,No,Bank transfer (automatic),Continue regular engagement,81.5
5044-XDPYX,0.009099903,0,Low Risk,51,Two year,No,No internet service,Mailed check,Continue regular engagement,25.5
1814-WFGVS,0.005979746,0,Low Risk,72,Two year,DSL,Yes,Mailed check,Continue regular engagement,48.9
2834-SPCJV,0.2660952,0,Low Risk,52,Month-to-month,Fiber optic,No,Electronic check,Continue regular engagement,84.1
3721-WKIIL,0.015187451,0,Low Risk,27,Two year,No,No internet service,Mailed check,Continue regular engagement,19.6
6734-CKRSM,0.1456421,0,Low Risk,3,Month-to-month,No,No internet service,Mailed check,Continue regular engagement,20.0
1265-ZFOSD,0.01236926,0,Low Risk,64,Two year,DSL,Yes,Mailed check,Continue regular engagement,81.3
6568-POCUI,0.038041104,0,Low Risk,45,Two year,Fiber optic,Yes,Credit card (automatic),Continue regular engagement,95.2
7890-VYYWG,0.69975436,1,Medium Risk,3,Month-to-month,DSL,No,Mailed check,Offer contract upgrade incentive,36.45
5197-LQXXH,0.012286525,0,Low Risk,71,Two year,DSL,Yes,Credit card (automatic),Continue regular engagement,83.3
9907-SWKKF,0.666351,1,Medium Risk,1,Month-to-month,DSL,No,Mailed check,Offer contract upgrade incentive,25.05
3457-PQBYH,0.014139725,0,Low Risk,58,Two year,No,No internet service,Credit card (automatic),Continue regular engagement,20.3
7682-AZNDK,0.32553127,0,Low Risk,34,Month-to-month,Fiber optic,No,Electronic check,Continue regular engagement,89.85
0587-DMGBH,0.382843,1,Medium Risk,8,Month-to-month,DSL,No,Electronic check,Offer contract upgrade incentive,49.85
5384-ZTTWP,0.06412126,0,Low Risk,15,Month-to-month,No,No internet service,Mailed check,Continue regular engagement,19.8
3745-HRPHI,0.0141526,0,Low Risk,66,Two year,DSL,Yes,Bank transfer (automatic),Continue regular engagement,54.65
7636-OWBPG,0.31937048,0,Low Risk,12,Month-to-month,DSL,No,Credit card (automatic),Continue regular engagement,29.35
1231-YNDEK,0.011127861,0,Low Risk,58,Two year,No,No internet service,Bank transfer (automatic),Continue regular engagement,19.15
1407-DIGZV,0.010877951,0,Low Risk,3,Two year,No,No internet service,Mailed check,Continue regular engagement,19.1
6397-JNZZG,0.44873235,1,Medium Risk,43,Month-to-month,DSL,No,Credit card (automatic),Offer contract upgrade incentive,55.55
0570-BFQHT,0.39700156,1,Medium Risk,9,Month-to-month,Fiber optic,No,Electronic check,Offer contract upgrade incentive,80.55
4393-OBCRR,0.05467615,0,Low Risk,3,One year,No,No internet service,Mailed check,Continue regular engagement,20.25
3523-QRQLL,0.15644337,0,Low Risk,22,One year,DSL,No,Bank transfer (automatic),Continue regular engagement,69.5
8564-LDKFL,0.3830328,1,Medium Risk,40,One year,Fiber optic,No,Bank transfer (automatic),Monitor customer + targeted engagement,106.0
3696-DFHHB,0.01129558,0,Low Risk,68,Two year,No,No internet service,Bank transfer (automatic),Continue regular engagement,25.5
0895-DQHEW,0.5547694,1,Medium Risk,54,Month-to-month,Fiber optic,No,Electronic check,Offer contract upgrade incentive,104.3
4717-GHADL,0.018517375,0,Low Risk,50,Two year,DSL,Yes,Mailed check,Continue regular engagement,79.6
5501-TVMGM,0.7142499,1,High Risk,1,Month-to-month,DSL,No,Electronic check,Offer annual contract discount + proactive support,55.25
5879-HMFFH,0.0033491226,0,Low Risk,72,Two year,DSL,Yes,Bank transfer (automatic),Continue regular engagement,88.05
6772-WFQRD,0.019177545,0,Low Risk,40,One year,No,No internet service,Bank transfer (automatic),Continue regular engagement,20.4
3810-DVDQQ,0.011194165,0,Low Risk,72,Two year,Fiber optic,Yes,Bank transfer (automatic),Continue regular engagement,117.6
6972-SNKKW,0.05894696,0,Low Risk,6,Month-to-month,No,No internet service,Mailed check,Continue regular engagement,20.0
3694-GLTJM,0.08958101,0,Low Risk,5,Month-to-month,No,No internet service,Credit card (automatic),Continue regular engagement,19.65
8550-XSXUQ,0.118913695,0,Low Risk,48,One year,DSL,No,Credit card (automatic),Continue regular engagement,70.55
8149-RSOUN,0.9173817,1,High Risk,1,Month-to-month,Fiber optic,No,Electronic check,Offer annual contract discount + proactive support,93.85
9055-MOJJJ,0.018993534,0,Low Risk,64,One year,DSL,Yes,Mailed check,Continue regular engagement,65.8
4359-INNWN,0.034765597,0,Low Risk,17,One year,No,No internet service,Credit card (automatic),Continue regular engagement,20.05
0585-EGDDA,0.43780604,1,Medium Risk,40,Month-to-month,Fiber optic,No,Electronic check,Offer contract upgrade incentive,80.0
4032-RMHCI,0.06489812,0,Low Risk,41,One year,DSL,No,Credit card (automatic),Continue regular engagement,35.4
0549-CYCQN,0.11562867,0,Low Risk,51,One year,Fiber optic,No,Bank transfer (automatic),Continue regular engagement,79.6
3481-JHUZH,0.45790106,1,Medium Risk,41,Month-to-month,Fiber optic,No,Electronic check,Offer contract upgrade incentive,80.25
7250-EQKIY,0.5331111,1,Medium Risk,1,Month-to-month,DSL,No,Mailed check,Offer contract upgrade incentive,50.45
3594-IVHJZ,0.12976953,0,Low Risk,2,Month-to-month,No,No internet service,Mailed check,Continue regular engagement,20.45
6869-FGJJC,0.07575412,0,Low Risk,68,One year,Fiber optic,No,Credit card (automatic),Continue regular engagement,79.6
3896-ZVNET,0.017132483,0,Low Risk,24,Two year,No,No internet service,Mailed check,Continue regular engagement,24.7
8205-VSLRB,0.042087287,0,Low Risk,70,Two year,DSL,Yes,Credit card (automatic),Continue regular engagement,77.3
5960-MVTUK,0.54017925,1,Medium Risk,3,Month-to-month,DSL,Yes,Electronic check,Offer contract upgrade incentive,29.75
6817-WTYHE,0.37565106,1,Medium Risk,2,Month-to-month,DSL,No,Bank transfer (automatic),Offer contract upgrade incentive,44.9
3082-VQXNH,0.36846575,1,Medium Risk,3,Month-to-month,DSL,No,Credit card (automatic),Offer contract upgrade incentive,29.8
4013-UBXWQ,0.42485917,1,Medium Risk,7,Month-to-month,DSL,Yes,Electronic check,Offer contract upgrade incentive,74.65
4931-TRZWN,0.29884908,0,Low Risk,13,Month-to-month,DSL,No,Electronic check,Continue regular engagement,71.95
0750-EKNGL,0.09030916,0,Low Risk,7,Month-to-month,No,No internet service,Mailed check,Continue regular engagement,20.75
7669-LCRSD,0.26029345,0,Low Risk,12,Month-to-month,DSL,No,Mailed check,Continue regular engagement,56.3
3567-PQTSO,0.3324724,0,Low Risk,53,One year,Fiber optic,No,Electronic check,Continue regular engagement,105.25
5519-NPHVG,0.7690529,1,High Risk,12,Month-to-month,Fiber optic,No,Electronic check,Offer annual contract discount + proactive support,94.2
8043-PNYSD,0.015185347,0,Low Risk,63,Two year,No,No internet service,Mailed check,Continue regular engagement,19.55
9938-EKRGF,0.14047495,0,Low Risk,15,Month-to-month,DSL,Yes,Mailed check,Continue regular engagement,84.45
2703-AMTUL,0.03319828,0,Low Risk,36,One year,DSL,No,Mailed check,Continue regular engagement,53.65
0928-JMXNP,0.61691946,1,Medium Risk,4,Month-to-month,DSL,No,Electronic check,Offer contract upgrade incentive,29.9
8173-RXAYP,0.014507356,0,Low Risk,24,Two year,No,No internet service,Mailed check,Continue regular engagement,19.7
4825-XJGDM,0.04221647,0,Low Risk,61,One year,DSL,Yes,Credit card (automatic),Continue regular engagement,43.7
5402-HTOTQ,0.28630143,0,Low Risk,16,Month-to-month,DSL,No,Electronic check,Continue regular engagement,55.3
6734-JDTTV,0.011245802,0,Low Risk,65,Two year,No,No internet service,Credit card (automatic),Continue regular engagement,19.85
7850-THJMU,0.012083548,0,Low Risk,26,Two year,No,No internet service,Credit card (automatic),Continue regular engagement,19.65
3890-RTCMS,0.17028093,0,Low Risk,16,Month-to-month,DSL,Yes,Mailed check,Continue regular engagement,49.45
8849-GYOKR,0.18854858,0,Low Risk,54,One year,Fiber optic,No,Bank transfer (automatic),Continue regular engagement,106.55
3148-BLQJT,0.43942145,1,Medium Risk,1,Month-to-month,No,No internet service,Mailed check,Offer contract upgrade incentive,20.1
3717-FDJFU,0.014568695,0,Low Risk,5,Two year,No,No internet service,Mailed check,Continue regular engagement,20.45
3665-JATSN,0.4412767,1,Medium Risk,19,Month-to-month,DSL,No,Electronic check,Offer contract upgrade incentive,39.7
7966-YOTQW,0.2159574,0,Low Risk,10,Month-to-month,DSL,No,Credit card (automatic),Continue regular engagement,54.5
0461-CVKMU,0.25469738,0,Low Risk,23,Month-to-month,Fiber optic,Yes,Electronic check,Continue regular engagement,83.8
8806-EAGWC,0.42285323,1,Medium Risk,3,Month-to-month,DSL,No,Mailed check,Offer contract upgrade incentive,55.15
8853-TZDGH,0.017203875,0,Low Risk,72,Two year,Fiber optic,Yes,Bank transfer (automatic),Continue regular engagement,111.6
7779-LGOVN,0.78087956,1,High Risk,10,Month-to-month,Fiber optic,No,Electronic check,Offer annual contract discount + proactive support,86.65
4324-BZCKL,0.22857283,0,Low Risk,10,Month-to-month,DSL,No,Mailed check,Continue regular engagement,55.55
6924-TDGMT,0.032200344,0,Low Risk,11,One year,No,No internet service,Mailed check,Continue regular engagement,20.55
9710-ZUSHQ,0.3403256,0,Low Risk,37,Month-to-month,Fiber optic,No,Bank transfer (automatic),Continue regular engagement,106.75
1536-YHDOE,0.08929351,0,Low Risk,17,One year,DSL,Yes,Mailed check,Continue regular engagement,62.1
8123-QBNAZ,0.39869142,1,Medium Risk,36,Month-to-month,Fiber optic,No,Credit card (automatic),Offer contract upgrade incentive,104.5
3629-ZNKXA,0.5715642,1,Medium Risk,17,Month-to-month,Fiber optic,No,Electronic check,Offer contract upgrade incentive,101.8
4827-LTQRJ,0.09567523,0,Low Risk,66,One year,Fiber optic,Yes,Credit card (automatic),Continue regular engagement,110.6
7711-YIJWC,0.047840804,0,Low Risk,61,One year,DSL,Yes,Bank transfer (automatic),Continue regular engagement,84.9
5482-VXSXJ,0.4264668,1,Medium Risk,22,Month-to-month,Fiber optic,No,Mailed check,Offer contract upgrade incentive,93.2
7365-BVCJH,0.7171945,1,High Risk,1,Month-to-month,DSL,No,Electronic check,Offer annual contract discount + proactive support,24.4
9620-ENEJV,0.4536392,1,Medium Risk,6,Month-to-month,Fiber optic,No,Credit card (automatic),Offer contract upgrade incentive,70.55
4183-WCSEP,0.3698656,1,Medium Risk,31,Month-to-month,Fiber optic,Yes,Electronic check,Offer contract upgrade incentive,78.45
2378-YIZKA,0.013644888,0,Low Risk,68,Two year,DSL,Yes,Credit card (automatic),Continue regular engagement,85.0
5498-TXHLF,0.40353265,1,Medium Risk,34,Month-to-month,Fiber optic,No,Electronic check,Offer contract upgrade incentive,87.45
0689-DSXGL,0.12545106,0,Low Risk,52,Month-to-month,Fiber optic,Yes,Bank transfer (automatic),Continue regular engagement,85.8
6818-DJXAA,0.5749306,1,Medium Risk,10,Month-to-month,Fiber optic,Yes,Electronic check,Offer contract upgrade incentive,91.1
9722-UJOJR,0.33003452,0,Low Risk,29,Month-to-month,Fiber optic,No,Electronic check,Continue regular engagement,70.75
0464-WJTKO,0.005295298,0,Low Risk,72,Two year,No,No internet service,Bank transfer (automatic),Continue regular engagement,20.1
8902-ZEOVF,0.016350187,0,Low Risk,47,One year,No,No internet service,Mailed check,Continue regular engagement,20.05
6778-EICRF,0.06669193,0,Low Risk,24,One year,DSL,No,Mailed check,Continue regular engagement,74.8
2662-NNTDK,0.012841001,0,Low Risk,65,One year,No,No internet service,Credit card (automatic),Continue regular engagement,24.8
4132-KALRO,0.8146418,1,High Risk,4,Month-to-month,Fiber optic,Yes,Mailed check,Offer annual contract discount + proactive support,100.85
3902-FOIGH,0.81624913,1,High Risk,12,Month-to-month,Fiber optic,No,Electronic check,Offer annual contract discount + proactive support,101.35
6772-KSATR,0.7521943,1,High Risk,1,Month-to-month,Fiber optic,No,Electronic check,Offer annual contract discount + proactive support,81.7
7112-OPOTK,0.3144796,0,Low Risk,33,Month-to-month,Fiber optic,No,Electronic check,Continue regular engagement,68.25
2874-YXVVA,0.33975843,0,Low Risk,34,Month-to-month,Fiber optic,Yes,Electronic check,Continue regular engagement,105.1
1245-HARPS,0.013073996,0,Low Risk,14,Two year,No,No internet service,Mailed check,Continue regular engagement,20.4
4210-QFJMF,0.7028548,1,High Risk,4,Month-to-month,Fiber optic,No,Electronic check,Offer annual contract discount + proactive support,79.15
4323-ELYYB,0.022294868,0,Low Risk,13,One year,No,No internet service,Mailed check,Continue regular engagement,20.0
4293-ETKAP,0.036321223,0,Low Risk,65,Two year,DSL,Yes,Bank transfer (automatic),Continue regular engagement,79.4
6064-PUPMC,0.04893594,0,Low Risk,23,One year,DSL,Yes,Credit card (automatic),Continue regular engagement,57.2
6504-VBLFL,0.026164522,0,Low Risk,55,Two year,DSL,No,Electronic check,Continue regular engagement,58.6
6322-PJJDJ,0.10464982,0,Low Risk,49,Two year,Fiber optic,No,Electronic check,Continue regular engagement,94.8
0330-BGYZE,0.21606104,0,Low Risk,60,One year,Fiber optic,No,Bank transfer (automatic),Continue regular engagement,102.5
1085-LDWAM,0.01373812,0,Low Risk,69,One year,No,No internet service,Credit card (automatic),Continue regular engagement,20.35
7586-ZATGZ,0.5008381,1,Medium Risk,40,Month-to-month,Fiber optic,No,Electronic check,Offer contract upgrade incentive,84.9
7197-VOJMM,0.0240697,0,Low Risk,67,Two year,DSL,Yes,Credit card (automatic),Continue regular engagement,69.2
3318-OSATS,0.5842893,1,Medium Risk,35,Month-to-month,Fiber optic,No,Electronic check,Offer contract upgrade incentive,95.45
5828-AVIPD,0.42816243,1,Medium Risk,19,One year,Fiber optic,Yes,Electronic check,Monitor customer + targeted engagement,100.95
1843-TLSGD,0.011378025,0,Low Risk,13,Two year,No,No internet service,Mailed check,Continue regular engagement,20.85
9626-VFRGG,0.28195563,0,Low Risk,41,Month-to-month,Fiber optic,No,Bank transfer (automatic),Continue regular engagement,88.5
7075-BNDVQ,0.2701504,0,Low Risk,4,Month-to-month,DSL,No,Mailed check,Continue regular engagement,35.0
9143-CANJF,0.09470652,0,Low Risk,24,Month-to-month,DSL,Yes,Electronic check,Continue regular engagement,55.15
7284-BUYEC,0.46495363,1,Medium Risk,5,Month-to-month,DSL,No,Credit card (automatic),Offer contract upgrade incentive,50.95
2041-JIJCI,0.46733332,1,Medium Risk,5,Month-to-month,DSL,No,Electronic check,Offer contract upgrade incentive,64.0
1086-LXKFY,0.78892684,1,High Risk,1,Month-to-month,Fiber optic,No,Mailed check,Offer annual contract discount + proactive support,69.1
4900-MSOMT,0.00481612,0,Low Risk,72,Two year,DSL,Yes,Bank transfer (automatic),Continue regular engagement,80.2
2229-VWQJH,0.14193876,0,Low Risk,24,Month-to-month,DSL,No,Credit card (automatic),Continue regular engagement,49.3
9194-GFVOI,0.025046414,0,Low Risk,42,Two year,DSL,Yes,Credit card (automatic),Continue regular engagement,84.35
1336-EZFZY,0.1086459,0,Low Risk,4,Month-to-month,No,No internet service,Mailed check,Continue regular engagement,20.05
4282-MSACW,0.38405144,1,Medium Risk,68,One year,Fiber optic,Yes,Credit card (automatic),Monitor customer + targeted engagement,117.2
1403-LKLIK,0.014438682,0,Low Risk,33,One year,No,No internet service,Mailed check,Continue regular engagement,20.1
2636-ALXXZ,0.87429345,1,High Risk,1,Month-to-month,Fiber optic,No,Electronic check,Offer annual contract discount + proactive support,69.6
7774-OJSXI,0.3492064,0,Low Risk,31,One year,Fiber optic,No,Electronic check,Continue regular engagement,103.45
7786-WBJYI,0.5645119,1,Medium Risk,4,Month-to-month,Fiber optic,No,Bank transfer (automatic),Offer contract upgrade incentive,77.95
0136-IFMYD,0.27838588,0,Low Risk,69,Two year,Fiber optic,Yes,Electronic check,Continue regular engagement,109.95
5144-TVGLP,0.50287086,1,Medium Risk,38,Month-to-month,Fiber optic,No,Electronic check,Offer contract upgrade incentive,94.75
9643-AVVWI,0.65158427,1,Medium Risk,3,Month-to-month,Fiber optic,Yes,Electronic check,Offer contract upgrade incentive,80.0
0253-ZTEOB,0.027885176,0,Low Risk,48,Two year,DSL,Yes,Electronic check,Continue regular engagement,79.65
2706-QZIHY,0.018149087,0,Low Risk,15,Two year,No,No internet service,Mailed check,Continue regular engagement,25.2
6061-PQHMK,0.023209602,0,Low Risk,25,One year,No,No internet service,Credit card (automatic),Continue regular engagement,19.9
9885-CSMWE,0.87373817,1,High Risk,1,Month-to-month,Fiber optic,No,Electronic check,Offer annual contract discount + proactive support,78.45
6137-MFAJN,0.23082548,0,Low Risk,48,Month-to-month,DSL,No,Electronic check,Continue regular engagement,44.8
9122-UMROB,0.23757936,0,Low Risk,1,Month-to-month,No,No internet service,Mailed check,Continue regular engagement,20.3
4232-JGKIY,0.21468754,0,Low Risk,1,Month-to-month,No,No internet service,Electronic check,Continue regular engagement,19.2
2402-TAIRZ,0.14547266,0,Low Risk,37,One year,Fiber optic,No,Electronic check,Continue regular engagement,80.05
9659-ZTWSM,0.29606286,0,Low Risk,66,One year,Fiber optic,Yes,Bank transfer (automatic),Continue regular engagement,107.35
9139-TWBAS,0.11052046,0,Low Risk,26,One year,DSL,No,Bank transfer (automatic),Continue regular engagement,47.85
6685-GBWJZ,0.032951508,0,Low Risk,63,One year,DSL,Yes,Credit card (automatic),Continue regular engagement,70.8
5016-ETTFF,0.24893911,0,Low Risk,10,Month-to-month,DSL,No,Mailed check,Continue regular engagement,29.5
3866-MDTUB,0.43840852,1,Medium Risk,2,Month-to-month,DSL,No,Electronic check,Offer contract upgrade incentive,70.75
2195-VVRJF,0.19136347,0,Low Risk,18,Month-to-month,DSL,No,Credit card (automatic),Continue regular engagement,59.1
3913-RDSJZ,0.012816833,0,Low Risk,64,Two year,No,No internet service,Mailed check,Continue regular engagement,25.55
8058-JMEQO,0.78374606,1,High Risk,9,Month-to-month,Fiber optic,No,Electronic check,Offer annual contract discount + proactive support,84.45
4203-QGNZA,0.043474212,0,Low Risk,28,Month-to-month,No,No internet service,Mailed check,Continue regular engagement,20.25
5043-TRZWM,0.7429906,1,High Risk,1,Month-to-month,Fiber optic,No,Electronic check,Offer annual contract discount + proactive support,75.55
0697-ZMSWS,0.8157689,1,High Risk,4,Month-to-month,Fiber optic,No,Electronic check,Offer annual contract discount + proactive support,85.65
7657-DYEPJ,0.12635925,0,Low Risk,38,One year,DSL,Yes,Credit card (automatic),Continue regular engagement,70.15
9494-BDNNC,0.161204,0,Low Risk,66,One year,Fiber optic,No,Electronic check,Continue regular engagement,95.3
1640-PLFMP,0.8173674,1,High Risk,1,Month-to-month,Fiber optic,No,Electronic check,Offer annual contract discount + proactive support,70.25
5366-OBVMR,0.190104,0,Low Risk,18,Month-to-month,DSL,Yes,Mailed check,Continue regular engagement,50.3
8276-MQBYC,0.61631626,1,Medium Risk,51,Month-to-month,Fiber optic,No,Electronic check,Offer contract upgrade incentive,97.8
7644-OMVMY,0.058620647,0,Low Risk,0,Two year,No,No internet service,Mailed check,Continue regular engagement,19.85
7593-XFKDI,0.5372543,1,Medium Risk,1,Month-to-month,DSL,No,Mailed check,Offer contract upgrade incentive,46.3
4573-JKNAE,0.018317187,0,Low Risk,12,Two year,No,No internet service,Bank transfer (automatic),Continue regular engagement,19.35
0337-CNPZE,0.59816873,1,Medium Risk,41,Month-to-month,Fiber optic,No,Electronic check,Offer contract upgrade incentive,106.3
9817-APLHW,0.12910348,0,Low Risk,12,Month-to-month,No,No internet service,Electronic check,Continue regular engagement,25.0
8380-MQINP,0.016035669,0,Low Risk,55,Two year,No,No internet service,Mailed check,Continue regular engagement,20.3
0840-DFEZH,0.7526885,1,High Risk,7,Month-to-month,Fiber optic,No,Electronic check,Offer annual contract discount + proactive support,75.35
1513-XNPPH,0.63675976,1,Medium Risk,12,Month-to-month,Fiber optic,Yes,Electronic check,Offer contract upgrade incentive,89.4
8690-ZVLCL,0.016286908,0,Low Risk,68,Two year,DSL,Yes,Credit card (automatic),Continue regular engagement,88.0
6015-VVHHE,0.82380265,1,High Risk,5,Month-to-month,Fiber optic,No,Credit card (automatic),Offer annual contract discount + proactive support,83.15
1125-SNVCK,0.1352552,0,Low Risk,49,Month-to-month,DSL,No,Mailed check,Continue regular engagement,43.8
0384-LPITE,0.13805537,0,Low Risk,40,One year,DSL,No,Credit card (automatic),Continue regular engagement,62.05
4616-EWBNJ,0.048209086,0,Low Risk,16,One year,No,No internet service,Bank transfer (automatic),Continue regular engagement,20.1
6347-DCUIK,0.5779391,1,Medium Risk,10,Month-to-month,Fiber optic,No,Mailed check,Offer contract upgrade incentive,74.15
1335-HQMKX,0.13503288,0,Low Risk,72,One year,Fiber optic,No,Electronic check,Continue regular engagement,101.35
2545-EBUPK,0.8847544,1,High Risk,2,Month-to-month,Fiber optic,No,Electronic check,Offer annual contract discount + proactive support,84.05
6923-AQONU,0.011088483,0,Low Risk,23,Two year,No,No internet service,Mailed check,Continue regular engagement,20.9
2172-EJXVF,0.1508281,0,Low Risk,71,One year,Fiber optic,No,Electronic check,Continue regular engagement,105.9
0897-FEGMU,0.9045012,1,High Risk,11,Month-to-month,Fiber optic,No,Electronic check,Offer annual contract discount + proactive support,99.5
7663-RGWBC,0.53076017,1,Medium Risk,1,Month-to-month,DSL,No,Mailed check,Offer contract upgrade incentive,44.15
1120-BMWUB,0.21148844,0,Low Risk,16,Month-to-month,DSL,Yes,Mailed check,Continue regular engagement,53.9
9124-LHCJQ,0.8711377,1,High Risk,1,Month-to-month,Fiber optic,No,Mailed check,Offer annual contract discount + proactive support,85.45
4536-PLEQY,0.52872974,1,Medium Risk,12,Month-to-month,Fiber optic,No,Credit card (automatic),Offer contract upgrade incentive,85.05
7029-IJEJK,0.05783585,0,Low Risk,54,One year,DSL,Yes,Bank transfer (automatic),Continue regular engagement,44.1
8871-JLMHM,0.021197114,0,Low Risk,68,Two year,Fiber optic,Yes,Credit card (automatic),Continue regular engagement,90.2
2235-ZGKPT,0.33272246,0,Low Risk,4,Month-to-month,DSL,No,Mailed check,Continue regular engagement,50.85
3891-PUQOD,0.6153661,1,Medium Risk,1,Month-to-month,DSL,No,Electronic check,Offer contract upgrade incentive,59.2
5447-VYTKW,0.0581563,0,Low Risk,27,Month-to-month,DSL,Yes,Mailed check,Continue regular engagement,53.45
3623-FQBOX,0.08905845,0,Low Risk,21,Month-to-month,No,No internet service,Mailed check,Continue regular engagement,19.95
0689-NKYLF,0.62989485,1,Medium Risk,13,Month-to-month,Fiber optic,No,Electronic check,Offer contract upgrade incentive,83.2
8659-HDIYE,0.10782317,0,Low Risk,64,Month-to-month,DSL,Yes,Credit card (automatic),Continue regular engagement,74.65
3658-KIBGF,0.57164794,1,Medium Risk,1,Month-to-month,DSL,No,Electronic check,Offer contract upgrade incentive,54.9
3474-BAFSJ,0.022373237,0,Low Risk,57,Two year,DSL,Yes,Bank transfer (automatic),Continue regular engagement,57.5
5519-YLDGW,0.793793,1,High Risk,21,Month-to-month,Fiber optic,No,Electronic check,Offer annual contract discount + proactive support,103.9
3865-ZFZIB,0.01698059,0,Low Risk,19,Two year,No,No internet service,Mailed check,Continue regular engagement,19.65
1855-AGAWH,0.29567558,0,Low Risk,31,One year,Fiber optic,No,Electronic check,Continue regular engagement,93.8
7109-CQYUZ,0.012428753,0,Low Risk,52,Two year,DSL,Yes,Mailed check,Continue regular engagement,89.25
1370-GGAWX,0.254582,0,Low Risk,46,One year,Fiber optic,No,Electronic check,Continue regular engagement,94.15
4680-KUTAJ,0.32712927,0,Low Risk,11,Month-to-month,DSL,No,Electronic check,Continue regular engagement,55.6
5307-UVGNB,0.1244754,0,Low Risk,53,Month-to-month,DSL,No,Bank transfer (automatic),Continue regular engagement,48.7
4946-EDSEW,0.06085731,0,Low Risk,11,Month-to-month,No,No internet service,Mailed check,Continue regular engagement,19.25
2883-ILGWO,0.37759858,1,Medium Risk,57,Month-to-month,Fiber optic,Yes,Bank transfer (automatic),Offer contract upgrade incentive,104.9
2516-VQRRV,0.7686501,1,High Risk,2,Month-to-month,Fiber optic,No,Mailed check,Offer annual contract discount + proactive support,75.45
7580-UGXNC,0.3893155,1,Medium Risk,2,Month-to-month,DSL,No,Mailed check,Offer contract upgrade incentive,54.85
3642-BYHDO,0.010626752,0,Low Risk,71,Two year,No,No internet service,Bank transfer (automatic),Continue regular engagement,19.9
9629-NHXFW,0.45113277,1,Medium Risk,1,Month-to-month,No,No internet service,Mailed check,Offer contract upgrade incentive,19.4
2696-RZVZW,0.009330389,0,Low Risk,68,Two year,No,No internet service,Credit card (automatic),Continue regular engagement,25.05
5766-FTRTS,0.0033828556,0,Low Risk,72,Two year,DSL,Yes,Mailed check,Continue regular engagement,84.45
0396-HUJBP,0.07619841,0,Low Risk,2,Month-to-month,No,No internet service,Mailed check,Continue regular engagement,19.3
5178-LMXOP,0.9256481,1,High Risk,1,Month-to-month,Fiber optic,No,Electronic check,Offer annual contract discount + proactive support,95.1
8879-ZKJOF,0.12373194,0,Low Risk,41,One year,DSL,Yes,Bank transfer (automatic),Continue regular engagement,79.85
6285-FTQBF,0.0048769494,0,Low Risk,72,Two year,No,No internet service,Credit card (automatic),Continue regular engagement,25.55
8185-UPYBR,0.70485634,1,High Risk,6,Month-to-month,Fiber optic,No,Electronic check,Offer annual contract discount + proactive support,75.5
4585-HETAI,0.670895,1,Medium Risk,4,Month-to-month,Fiber optic,No,Electronic check,Offer contract upgrade incentive,73.75
7526-BEZQB,0.8549081,1,High Risk,12,Month-to-month,Fiber optic,No,Electronic check,Offer annual contract discount + proactive support,96.05
1474-JUWSM,0.054318503,0,Low Risk,58,One year,DSL,Yes,Electronic check,Continue regular engagement,68.4
3530-CRZSB,0.08342234,0,Low Risk,7,Month-to-month,No,No internet service,Mailed check,Continue regular engagement,20.65
8498-XXGWA,0.05745416,0,Low Risk,65,Month-to-month,DSL,No,Mailed check,Continue regular engagement,55.15
9617-INGJY,0.7506547,1,High Risk,1,Month-to-month,Fiber optic,No,Mailed check,Offer annual contract discount + proactive support,70.6
0621-TSSMU,0.038277633,0,Low Risk,56,One year,No,No internet service,Credit card (automatic),Continue regular engagement,19.95
7234-KMNRQ,0.037165944,0,Low Risk,4,Month-to-month,No,No internet service,Mailed check,Continue regular engagement,19.0
7636-PEPNS,0.06159025,0,Low Risk,58,One year,DSL,No,Mailed check,Continue regular engagement,44.1
4683-WYDOU,0.27426708,0,Low Risk,62,Two year,Fiber optic,Yes,Bank transfer (automatic),Continue regular engagement,107.6
9052-DHNKM,0.07548268,0,Low Risk,26,One year,DSL,No,Electronic check,Continue regular engagement,61.55
6794-HKIAJ,0.082716696,0,Low Risk,62,Month-to-month,Fiber optic,No,Bank transfer (automatic),Continue regular engagement,90.7
5578-NKCXI,0.10627869,0,Low Risk,58,One year,Fiber optic,No,Credit card (automatic),Continue regular engagement,99.25
1642-HMARX,0.024118848,0,Low Risk,68,Two year,DSL,Yes,Electronic check,Continue regular engagement,91.7
3096-WPXBT,0.092202745,0,Low Risk,61,One year,Fiber optic,No,Credit card (automatic),Continue regular engagement,100.7
8434-PNQZX,0.028903976,0,Low Risk,42,Two year,DSL,Yes,Credit card (automatic),Continue regular engagement,78.45
5950-AAAGJ,0.34918877,0,Low Risk,18,Month-to-month,Fiber optic,No,Bank transfer (automatic),Continue regular engagement,84.3
4299-OPXEJ,0.027519843,0,Low Risk,56,Two year,No,No internet service,Bank transfer (automatic),Continue regular engagement,19.55
4951-UKAAQ,0.80169183,1,High Risk,4,Month-to-month,Fiber optic,No,Electronic check,Offer annual contract discount + proactive support,88.95
9618-LFJRU,0.09727651,0,Low Risk,4,Month-to-month,No,No internet service,Credit card (automatic),Continue regular engagement,20.45
6693-DJWTY,0.03848069,0,Low Risk,35,One year,DSL,No,Credit card (automatic),Continue regular engagement,55.6
0744-GKNGE,0.08543868,0,Low Risk,64,Month-to-month,Fiber optic,Yes,Bank transfer (automatic),Continue regular engagement,86.8
6447-EGDIV,0.024118792,0,Low Risk,31,One year,No,No internet service,Mailed check,Continue regular engagement,20.95
1167-OYZJF,0.015340833,0,Low Risk,67,Two year,No,No internet service,Bank transfer (automatic),Continue regular engagement,20.05
2108-YKQTY,0.31370527,0,Low Risk,4,Month-to-month,DSL,No,Credit card (automatic),Continue regular engagement,50.7
4806-DXQCE,0.09286945,0,Low Risk,70,Two year,Fiber optic,Yes,Electronic check,Continue regular engagement,113.65
4918-QLLIW,0.40377003,1,Medium Risk,3,Month-to-month,DSL,No,Credit card (automatic),Offer contract upgrade incentive,53.4
7056-IMHCC,0.6255219,1,Medium Risk,53,Month-to-month,Fiber optic,No,Electronic check,Offer contract upgrade incentive,101.9
4854-SSLTN,0.027433243,0,Low Risk,2,Two year,DSL,Yes,Mailed check,Continue regular engagement,59.5
5294-DMSFH,0.3728047,1,Medium Risk,29,Month-to-month,Fiber optic,No,Credit card (automatic),Offer contract upgrade incentive,87.8
4837-PZTIC,0.014489682,0,Low Risk,47,Two year,DSL,Yes,Mailed check,Continue regular engagement,41.9
1625-JAIIY,0.24244072,0,Low Risk,68,One year,Fiber optic,No,Electronic check,Continue regular engagement,83.0
0603-OLQDC,0.18720971,0,Low Risk,12,Month-to-month,DSL,No,Mailed check,Continue regular engagement,69.85
3272-VUHPV,0.18151516,0,Low Risk,8,Month-to-month,DSL,Yes,Bank transfer (automatic),Continue regular engagement,56.3
4176-FXYBO,0.32691574,0,Low Risk,54,Month-to-month,Fiber optic,No,Electronic check,Continue regular engagement,109.55
1063-DHQJF,0.014932565,0,Low Risk,69,Two year,Fiber optic,Yes,Mailed check,Continue regular engagement,92.15
8663-UPDGF,0.11742535,0,Low Risk,26,Month-to-month,DSL,No,Bank transfer (automatic),Continue regular engagement,69.5
6719-FGEDO,0.0049785855,0,Low Risk,72,Two year,Fiber optic,Yes,Bank transfer (automatic),Continue regular engagement,97.0
1837-YQUCE,0.015554845,0,Low Risk,70,Two year,DSL,Yes,Bank transfer (automatic),Continue regular engagement,58.35
2947-DOMLJ,0.36323175,1,Medium Risk,1,Month-to-month,DSL,No,Mailed check,Offer contract upgrade incentive,50.6
4112-LUEIZ,0.68459773,1,Medium Risk,10,Month-to-month,Fiber optic,No,Electronic check,Offer contract upgrade incentive,89.5
0369-ZGOVK,0.077391334,0,Low Risk,28,One year,Fiber optic,No,Bank transfer (automatic),Continue regular engagement,70.4
4510-HIMLV,0.83251166,1,High Risk,1,Month-to-month,Fiber optic,No,Electronic check,Offer annual contract discount + proactive support,69.8
9919-KNPOO,0.669141,1,Medium Risk,21,Month-to-month,Fiber optic,No,Electronic check,Offer contract upgrade incentive,94.3
8749-JMNKX,0.2800566,0,Low Risk,51,Month-to-month,Fiber optic,No,Bank transfer (automatic),Continue regular engagement,93.8
7872-BAAZR,0.029813727,0,Low Risk,53,One year,No,No internet service,Bank transfer (automatic),Continue regular engagement,19.55
9391-LMANN,0.07134386,0,Low Risk,53,One year,Fiber optic,No,Electronic check,Continue regular engagement,95.95
2430-USGXP,0.68661225,1,Medium Risk,24,Month-to-month,Fiber optic,No,Electronic check,Offer contract upgrade incentive,101.05
8174-TBVCF,0.020251464,0,Low Risk,70,Two year,DSL,Yes,Credit card (automatic),Continue regular engagement,94.8
1698-XFZCI,0.2194505,0,Low Risk,61,One year,Fiber optic,No,Electronic check,Continue regular engagement,107.75
1877-HKBQX,0.0820939,0,Low Risk,11,One year,DSL,Yes,Mailed check,Continue regular engagement,54.6
4450-DLLMH,0.5933101,1,Medium Risk,2,Month-to-month,Fiber optic,No,Credit card (automatic),Offer contract upgrade incentive,71.3
0428-AXXLJ,0.025536085,0,Low Risk,25,One year,No,No internet service,Bank transfer (automatic),Continue regular engagement,19.5
2746-DIJLO,0.11255107,0,Low Risk,41,One year,DSL,No,Credit card (automatic),Continue regular engagement,56.3
5955-ERIHD,0.6611768,1,Medium Risk,18,Month-to-month,Fiber optic,No,Electronic check,Offer contract upgrade incentive,94.7
0917-EZOLA,0.19942328,0,Low Risk,72,Two year,Fiber optic,No,Bank transfer (automatic),Continue regular engagement,104.15
3508-VLHCZ,0.007126373,0,Low Risk,71,Two year,DSL,Yes,Credit card (automatic),Continue regular engagement,90.55
4086-ATNFV,0.041651275,0,Low Risk,34,One year,DSL,No,Mailed check,Continue regular engagement,60.8
0468-YRPXN,0.34664047,0,Low Risk,29,Month-to-month,Fiber optic,Yes,Credit card (automatic),Continue regular engagement,98.8
5996-NRVXR,0.14235741,0,Low Risk,40,One year,Fiber optic,Yes,Credit card (automatic),Continue regular engagement,98.15
3739-YBWAB,0.057364933,0,Low Risk,36,One year,DSL,No,Mailed check,Continue regular engagement,35.35
7047-FWEYA,0.25277337,0,Low Risk,46,One year,Fiber optic,Yes,Electronic check,Continue regular engagement,103.15
2000-MPKCA,0.23649015,0,Low Risk,58,One year,Fiber optic,No,Electronic check,Continue regular engagement,107.75
9762-YAQAA,0.10901543,0,Low Risk,39,One year,Fiber optic,No,Credit card (automatic),Continue regular engagement,81.4
5949-EBSQK,0.2004646,0,Low Risk,4,Month-to-month,DSL,Yes,Credit card (automatic),Continue regular engagement,61.45
5473-KHBPS,0.10514911,0,Low Risk,52,One year,Fiber optic,No,Credit card (automatic),Continue regular engagement,95.7
0100-DUVFC,0.3682452,1,Medium Risk,70,One year,Fiber optic,No,Electronic check,Monitor customer + targeted engagement,104.8
5397-TUPSH,0.05709654,0,Low Risk,65,One year,Fiber optic,No,Bank transfer (automatic),Continue regular engagement,70.95
8950-MTZNV,0.53076017,1,Medium Risk,1,Month-to-month,DSL,No,Mailed check,Offer contract upgrade incentive,44.95
0326-VDYXE,0.26357624,0,Low Risk,70,One year,Fiber optic,No,Electronic check,Continue regular engagement,97.65
6773-LQTVT,0.2339971,0,Low Risk,29,Month-to-month,DSL,No,Mailed check,Continue regular engagement,35.65
7274-RTAPZ,0.88260406,1,High Risk,1,Month-to-month,Fiber optic,No,Electronic check,Offer annual contract discount + proactive support,90.55
0436-TWFFZ,0.021967946,0,Low Risk,67,Two year,DSL,Yes,Mailed check,Continue regular engagement,85.25
8566-YPRGL,0.45853746,1,Medium Risk,1,Month-to-month,No,No internet service,Mailed check,Offer contract upgrade incentive,19.5
0311-UNPFF,0.4057738,1,Medium Risk,26,Month-to-month,Fiber optic,No,Bank transfer (automatic),Offer contract upgrade incentive,88.8
6609-MXJHJ,0.016694985,0,Low Risk,30,Two year,No,No internet service,Mailed check,Continue regular engagement,25.1
2669-OIDSD,0.32707658,0,Low Risk,48,Month-to-month,Fiber optic,Yes,Credit card (automatic),Continue regular engagement,100.05
8400-WZICQ,0.090061374,0,Low Risk,55,Month-to-month,DSL,No,Electronic check,Continue regular engagement,55.7
3834-XUIFC,0.80624163,1,High Risk,7,Month-to-month,Fiber optic,No,Mailed check,Offer annual contract discount + proactive support,85.2
9576-SYUHJ,0.30342156,0,Low Risk,37,Month-to-month,Fiber optic,No,Electronic check,Continue regular engagement,91.15
0410-IPFTY,0.41358137,1,Medium Risk,31,Month-to-month,Fiber optic,No,Bank transfer (automatic),Offer contract upgrade incentive,83.85
2831-EBWRN,0.46566167,1,Medium Risk,4,Month-to-month,DSL,No,Electronic check,Offer contract upgrade incentive,45.9
9430-NKQLY,0.0060509685,0,Low Risk,72,Two year,No,No internet service,Credit card (automatic),Continue regular engagement,25.1
8414-MYSHR,0.77325916,1,High Risk,5,Month-to-month,Fiber optic,No,Electronic check,Offer annual contract discount + proactive support,91.4
0247-SLUJI,0.38324645,1,Medium Risk,1,Month-to-month,No,No internet service,Mailed check,Offer contract upgrade incentive,19.7
9402-ORRAH,0.6004723,1,Medium Risk,15,Month-to-month,Fiber optic,No,Electronic check,Offer contract upgrade incentive,91.5
6483-OATDN,0.19682863,0,Low Risk,8,Month-to-month,DSL,No,Credit card (automatic),Continue regular engagement,51.3
1293-HHSHJ,0.02352114,0,Low Risk,35,One year,No,No internet service,Mailed check,Continue regular engagement,21.1
4840-ORQXB,0.39246938,1,Medium Risk,56,Month-to-month,Fiber optic,No,Electronic check,Offer contract upgrade incentive,104.75
7599-FKVXZ,0.5950298,1,Medium Risk,42,Month-to-month,Fiber optic,Yes,Bank transfer (automatic),Offer contract upgrade incentive,106.15
3982-DQLUS,0.17679304,0,Low Risk,65,Month-to-month,Fiber optic,No,Electronic check,Continue regular engagement,85.75
8610-ZIKJJ,0.07174445,0,Low Risk,2,One year,No,No internet service,Mailed check,Continue regular engagement,20.3
3756-VNWDH,0.25692853,0,Low Risk,65,One year,Fiber optic,No,Electronic check,Continue regular engagement,100.75
7801-KICAO,0.5269011,1,Medium Risk,18,Month-to-month,Fiber optic,No,Electronic check,Offer contract upgrade incentive,74.15
7673-LPRNY,0.16504337,0,Low Risk,23,One year,DSL,No,Electronic check,Continue regular engagement,78.55
8229-TNIQA,0.41123474,1,Medium Risk,4,Month-to-month,DSL,No,Mailed check,Offer contract upgrade incentive,45.3
6060-QBMGV,0.00750164,0,Low Risk,70,Two year,No,No internet service,Credit card (automatic),Continue regular engagement,19.85
7339-POGZN,0.47871777,1,Medium Risk,4,Month-to-month,DSL,No,Electronic check,Offer contract upgrade incentive,50.7
2828-SLQPF,0.25031826,0,Low Risk,19,Month-to-month,DSL,No,Bank transfer (automatic),Continue regular engagement,45.0
4465-VDKIQ,0.2822968,0,Low Risk,18,Month-to-month,Fiber optic,No,Electronic check,Continue regular engagement,77.8
2921-XWDJH,0.37086356,1,Medium Risk,38,Month-to-month,Fiber optic,No,Electronic check,Offer contract upgrade incentive,83.45
6221-AVQYL,0.6858864,1,Medium Risk,2,Month-to-month,Fiber optic,No,Credit card (automatic),Offer contract upgrade incentive,73.25
2558-BUOZZ,0.07031786,0,Low Risk,47,One year,Fiber optic,No,Bank transfer (automatic),Continue regular engagement,94.8
9257-AZMTZ,0.013744505,0,Low Risk,52,Two year,No,No internet service,Bank transfer (automatic),Continue regular engagement,20.1
0003-MKNFE,0.2584125,0,Low Risk,9,Month-to-month,DSL,No,Mailed check,Continue regular engagement,59.9
0975-UYDTX,0.09560299,0,Low Risk,26,One year,DSL,Yes,Credit card (automatic),Continue regular engagement,90.1
7743-EXURX,0.36500615,1,Medium Risk,8,Month-to-month,DSL,No,Electronic check,Offer contract upgrade incentive,51.05
4682-BLBUC,0.10261021,0,Low Risk,44,One year,DSL,Yes,Electronic check,Continue regular engagement,70.95
0975-VOOVL,0.3282778,0,Low Risk,3,Month-to-month,DSL,No,Mailed check,Continue regular engagement,29.2
5968-VXZLG,0.49764922,1,Medium Risk,2,Month-to-month,DSL,No,Bank transfer (automatic),Offer contract upgrade incentive,46.6
5569-KGJHX,0.6861778,1,Medium Risk,9,Month-to-month,Fiber optic,No,Bank transfer (automatic),Offer contract upgrade incentive,85.35
4988-IQIGL,0.87600106,1,High Risk,1,Month-to-month,Fiber optic,No,Electronic check,Offer annual contract discount + proactive support,75.35
5201-FRKKS,0.16858159,0,Low Risk,25,Month-to-month,Fiber optic,No,Bank transfer (automatic),Continue regular engagement,74.3
9799-CAYJJ,0.6919259,1,Medium Risk,2,Month-to-month,Fiber optic,No,Electronic check,Offer contract upgrade incentive,69.3
7730-IUTDZ,0.34977925,0,Low Risk,43,Month-to-month,Fiber optic,No,Electronic check,Continue regular engagement,75.2
0426-TIRNE,0.36994964,1,Medium Risk,1,Month-to-month,No,No internet service,Mailed check,Offer contract upgrade incentive,20.9
5443-SCMKX,0.19274928,0,Low Risk,58,One year,Fiber optic,No,Electronic check,Continue regular engagement,94.3
8295-KMENE,0.01259014,0,Low Risk,59,Two year,DSL,Yes,Mailed check,Continue regular engagement,76.45
6738-ISCBM,0.20038503,0,Low Risk,44,One year,DSL,No,Electronic check,Continue regular engagement,54.0
9821-BESNZ,0.32441434,0,Low Risk,66,One year,Fiber optic,Yes,Electronic check,Continue regular engagement,104.25
3678-MNGZX,0.0068609896,0,Low Risk,68,Two year,No,No internet service,Bank transfer (automatic),Continue regular engagement,19.95
1335-NTIUC,0.44364077,1,Medium Risk,9,Month-to-month,DSL,No,Electronic check,Offer contract upgrade incentive,24.95
2916-BQZLN,0.4856329,1,Medium Risk,19,Month-to-month,Fiber optic,No,Electronic check,Offer contract upgrade incentive,84.75
4558-CGYCZ,0.17626084,0,Low Risk,4,Month-to-month,No,No internet service,Mailed check,Continue regular engagement,19.75
2368-GAKKQ,0.06306892,0,Low Risk,70,Two year,Fiber optic,Yes,Bank transfer (automatic),Continue regular engagement,113.65
8710-YGLWG,0.53076017,1,Medium Risk,1,Month-to-month,DSL,No,Mailed check,Offer contract upgrade incentive,44.9
3199-XGZCY,0.6844242,1,Medium Risk,8,Month-to-month,Fiber optic,No,Electronic check,Offer contract upgrade incentive,75.25
3785-KTYSH,0.016302852,0,Low Risk,53,Two year,No,No internet service,Mailed check,Continue regular engagement,24.6
6814-ZPWFQ,0.025942672,0,Low Risk,51,One year,No,No internet service,Bank transfer (automatic),Continue regular engagement,25.0
4063-EIKNQ,0.06500689,0,Low Risk,11,Month-to-month,No,No internet service,Bank transfer (automatic),Continue regular engagement,20.95
6993-YCOBK,0.11882807,0,Low Risk,60,Two year,Fiber optic,Yes,Electronic check,Continue regular engagement,110.6
5206-HPJKM,0.17800163,0,Low Risk,17,Month-to-month,DSL,No,Credit card (automatic),Continue regular engagement,55.5
7587-RZNME,0.51687354,1,Medium Risk,3,Month-to-month,DSL,No,Electronic check,Offer contract upgrade incentive,43.3
0748-RDGGM,0.4174382,1,Medium Risk,70,One year,Fiber optic,Yes,Bank transfer (automatic),Monitor customer + targeted engagement,109.5
8393-JMVMB,0.3453257,0,Low Risk,1,Month-to-month,No,No internet service,Mailed check,Continue regular engagement,19.45
5019-GQVCR,0.54133594,1,Medium Risk,43,Month-to-month,Fiber optic,No,Electronic check,Offer contract upgrade incentive,84.85
6036-TTFYU,0.12119908,0,Low Risk,16,Month-to-month,No,No internet service,Mailed check,Continue regular engagement,19.6
2550-AEVRU,0.054747663,0,Low Risk,57,One year,DSL,No,Electronic check,Continue regular engagement,53.45
0969-RGKCU,0.014057453,0,Low Risk,37,One year,No,No internet service,Credit card (automatic),Continue regular engagement,19.8
0378-CJKPV,0.008108746,0,Low Risk,72,Two year,Fiber optic,Yes,Credit card (automatic),Continue regular engagement,112.1
4706-AXVKM,0.6695243,1,Medium Risk,11,Month-to-month,Fiber optic,No,Credit card (automatic),Offer contract upgrade incentive,84.8
5889-JTMUL,0.43713066,1,Medium Risk,50,Month-to-month,Fiber optic,No,Electronic check,Offer contract upgrade incentive,95.05
9026-RNUJS,0.44508344,1,Medium Risk,5,Month-to-month,DSL,No,Electronic check,Offer contract upgrade incentive,50.35
3746-EUBYR,0.79020387,1,High Risk,1,Month-to-month,Fiber optic,No,Bank transfer (automatic),Offer annual contract discount + proactive support,74.6
2332-EFBJY,0.12470107,0,Low Risk,16,Month-to-month,No,No internet service,Mailed check,Continue regular engagement,19.7
2880-FPNAE,0.6793284,1,Medium Risk,2,Month-to-month,Fiber optic,No,Electronic check,Offer contract upgrade incentive,74.2
1703-MGIAB,0.20881392,0,Low Risk,17,Month-to-month,DSL,Yes,Mailed check,Continue regular engagement,69.0
4311-QTTAI,0.027053991,0,Low Risk,16,One year,No,No internet service,Credit card (automatic),Continue regular engagement,19.35
9474-PHLYD,0.33958438,0,Low Risk,15,Month-to-month,DSL,No,Electronic check,Continue regular engagement,59.45
4318-RAJVY,0.066135354,0,Low Risk,10,One year,No,No internet service,Mailed check,Continue regular engagement,19.8
2165-VOEGB,0.12684456,0,Low Risk,46,One year,Fiber optic,Yes,Bank transfer (automatic),Continue regular engagement,105.2
3612-YUNGG,0.08730045,0,Low Risk,64,Two year,Fiber optic,Yes,Credit card (automatic),Continue regular engagement,109.2
2254-DLXRI,0.8549132,1,High Risk,1,Month-to-month,Fiber optic,No,Mailed check,Offer annual contract discount + proactive support,79.15
5062-CJJKH,0.051447485,0,Low Risk,25,One year,DSL,No,Mailed check,Continue regular engagement,53.65
9028-LIHRP,0.013480046,0,Low Risk,71,Two year,Fiber optic,Yes,Credit card (automatic),Continue regular engagement,100.2
2219-MVUSO,0.26160136,0,Low Risk,8,Month-to-month,DSL,No,Mailed check,Continue regular engagement,45.15
1053-MXTTK,0.03751207,0,Low Risk,72,Two year,Fiber optic,Yes,Bank transfer (automatic),Continue regular engagement,108.65
1530-ZTDOZ,0.17380756,0,Low Risk,49,Month-to-month,DSL,No,Bank transfer (automatic),Continue regular engagement,40.65
1301-LOPVR,0.06259299,0,Low Risk,29,One year,DSL,Yes,Credit card (automatic),Continue regular engagement,55.35
0853-TWRVK,0.018013539,0,Low Risk,72,Two year,Fiber optic,Yes,Bank transfer (automatic),Continue regular engagement,105.6
8914-RBTSB,0.30035347,0,Low Risk,31,Month-to-month,Fiber optic,No,Electronic check,Continue regular engagement,93.8
6212-ATMLK,0.56453854,1,Medium Risk,50,Month-to-month,Fiber optic,No,Electronic check,Offer contract upgrade incentive,95.7
8200-LGKSR,0.017051702,0,Low Risk,71,Two year,DSL,Yes,Electronic check,Continue regular engagement,83.2
1568-BEKZM,0.02836311,0,Low Risk,70,Two year,DSL,Yes,Credit card (automatic),Continue regular engagement,90.05
0670-ANMUU,0.033077452,0,Low Risk,71,One year,Fiber optic,Yes,Credit card (automatic),Continue regular engagement,97.65
6897-RWMUB,0.0073665264,0,Low Risk,61,Two year,DSL,Yes,Bank transfer (automatic),Continue regular engagement,68.05
0963-ZBDRN,0.4188278,1,Medium Risk,32,Month-to-month,Fiber optic,Yes,Electronic check,Offer contract upgrade incentive,96.2
7594-RQHXR,0.85905915,1,High Risk,1,Month-to-month,Fiber optic,No,Electronic check,Offer annual contract discount + proactive support,79.6
6999-CHVCF,0.05779908,0,Low Risk,68,Two year,Fiber optic,No,Bank transfer (automatic),Continue regular engagement,102.1
6134-KWTBV,0.01008493,0,Low Risk,62,Two year,No,No internet service,Bank transfer (automatic),Continue regular engagement,23.4
1077-HUUJM,0.58623374,1,Medium Risk,7,Month-to-month,Fiber optic,No,Electronic check,Offer contract upgrade incentive,71.05
6331-EWIEB,0.6345577,1,Medium Risk,20,Month-to-month,Fiber optic,No,Electronic check,Offer contract upgrade incentive,85.25
0895-LNKRC,0.03219942,0,Low Risk,6,One year,No,No internet service,Mailed check,Continue regular engagement,19.45
2045-BMBTJ,0.18734206,0,Low Risk,33,Month-to-month,DSL,No,Bank transfer (automatic),Continue regular engagement,59.45
8417-GSODA,0.1952265,0,Low Risk,28,One year,Fiber optic,No,Bank transfer (automatic),Continue regular engagement,92.2
5171-EPLKN,0.007508715,0,Low Risk,27,Two year,No,No internet service,Credit card (automatic),Continue regular engagement,19.85
4452-QIIEB,0.21833202,0,Low Risk,7,Month-to-month,DSL,No,Mailed check,Continue regular engagement,43.9
5998-VVEJY,0.45428458,1,Medium Risk,26,Month-to-month,Fiber optic,Yes,Electronic check,Offer contract upgrade incentive,80.5
1624-NALOJ,0.84753466,1,High Risk,5,Month-to-month,Fiber optic,No,Electronic check,Offer annual contract discount + proactive support,89.8
6741-EGCBI,0.3000352,0,Low Risk,30,Month-to-month,Fiber optic,No,Credit card (automatic),Continue regular engagement,90.5
7820-ZYGNY,0.09432971,0,Low Risk,63,One year,Fiber optic,No,Credit card (automatic),Continue regular engagement,90.45
4317-VTEOA,0.66066027,1,Medium Risk,1,Month-to-month,DSL,No,Electronic check,Offer contract upgrade incentive,50.75
9677-AVKED,0.09713747,0,Low Risk,53,One year,DSL,Yes,Electronic check,Continue regular engagement,84.6
1670-SVOWZ,0.40962616,1,Medium Risk,14,Month-to-month,Fiber optic,Yes,Credit card (automatic),Offer contract upgrade incentive,89.65
2227-JRSJX,0.48342672,1,Medium Risk,21,Month-to-month,Fiber optic,Yes,Bank transfer (automatic),Offer contract upgrade incentive,99.15
9847-HNVGP,0.020783592,0,Low Risk,17,One year,No,No internet service,Mailed check,Continue regular engagement,19.95
6696-YDAYZ,0.014627783,0,Low Risk,16,Two year,No,No internet service,Mailed check,Continue regular engagement,20.5
8980-WQFWL,0.1810088,0,Low Risk,35,Month-to-month,DSL,No,Electronic check,Continue regular engagement,62.1
1730-ZMAME,0.5192984,1,Medium Risk,32,Month-to-month,Fiber optic,No,Electronic check,Offer contract upgrade incentive,79.5
6506-EYCNH,0.09215865,0,Low Risk,28,Month-to-month,No,No internet service,Bank transfer (automatic),Continue regular engagement,19.55
4634-JLRJT,0.32637224,0,Low Risk,1,Month-to-month,No,No internet service,Mailed check,Continue regular engagement,20.35
9501-UKKNL,0.18184848,0,Low Risk,59,Month-to-month,DSL,Yes,Electronic check,Continue regular engagement,51.7
2560-QTSBS,0.010974101,0,Low Risk,72,One year,No,No internet service,Bank transfer (automatic),Continue regular engagement,23.3
7541-YLXCL,0.124388866,0,Low Risk,36,One year,DSL,Yes,Mailed check,Continue regular engagement,65.4
4795-WRNVT,0.099292845,0,Low Risk,40,Month-to-month,DSL,No,Mailed check,Continue regular engagement,65.1
6080-TCMYC,0.45142987,1,Medium Risk,40,Month-to-month,Fiber optic,No,Electronic check,Offer contract upgrade incentive,81.2
0260-ZDLGK,0.20624107,0,Low Risk,9,Month-to-month,DSL,Yes,Mailed check,Continue regular engagement,72.9
7860-UXCRM,0.012555078,0,Low Risk,63,Two year,DSL,Yes,Credit card (automatic),Continue regular engagement,74.5
6357-JJPQT,0.6332208,1,Medium Risk,3,Month-to-month,Fiber optic,No,Electronic check,Offer contract upgrade incentive,80.5
2292-XQWSV,0.1653227,0,Low Risk,40,One year,DSL,Yes,Mailed check,Continue regular engagement,60.3
9552-TGUZV,0.42733482,1,Medium Risk,8,Month-to-month,Fiber optic,No,Mailed check,Offer contract upgrade incentive,75.0
5913-INRQV,0.0757718,0,Low Risk,34,One year,Fiber optic,Yes,Mailed check,Continue regular engagement,90.15
8722-NGNBH,0.27814248,0,Low Risk,5,Month-to-month,DSL,Yes,Mailed check,Continue regular engagement,40.0
6210-KBBPI,0.9003884,1,High Risk,9,Month-to-month,Fiber optic,No,Credit card (automatic),Offer annual contract discount + proactive support,99.45
9643-YBLUR,0.30477583,0,Low Risk,9,Month-to-month,DSL,No,Credit card (automatic),Continue regular engagement,69.05
8734-FNWVH,0.11222381,0,Low Risk,31,Month-to-month,DSL,No,Bank transfer (automatic),Continue regular engagement,59.7
9447-YPTBX,0.030404301,0,Low Risk,50,One year,No,No internet service,Bank transfer (automatic),Continue regular engagement,19.85
0133-BMFZO,0.5782802,1,Medium Risk,2,Month-to-month,Fiber optic,Yes,Electronic check,Offer contract upgrade incentive,86.25
6128-CZOMY,0.71828467,1,High Risk,1,Month-to-month,DSL,No,Electronic check,Offer annual contract discount + proactive support,45.65
9540-JYROE,0.51468694,1,Medium Risk,8,Month-to-month,Fiber optic,No,Mailed check,Offer contract upgrade incentive,70.1
9026-LHEVG,0.34612802,0,Low Risk,9,Month-to-month,DSL,No,Electronic check,Continue regular engagement,40.75
2260-USTRB,0.6782341,1,Medium Risk,2,Month-to-month,Fiber optic,No,Bank transfer (automatic),Offer contract upgrade incentive,70.2
3656-TKRVZ,0.27882487,0,Low Risk,3,Month-to-month,DSL,No,Electronic check,Continue regular engagement,55.35
7011-CVEUC,0.32737994,0,Low Risk,25,Month-to-month,Fiber optic,Yes,Credit card (automatic),Continue regular engagement,95.7
6185-TASNN,0.6975012,1,Medium Risk,1,Month-to-month,DSL,No,Electronic check,Offer contract upgrade incentive,46.3
7925-PNRGI,0.06956144,0,Low Risk,45,Month-to-month,DSL,Yes,Mailed check,Continue regular engagement,81.3
8623-TMRBY,0.47105893,1,Medium Risk,51,Month-to-month,Fiber optic,No,Electronic check,Offer contract upgrade incentive,84.2
1552-CZCLL,0.075565934,0,Low Risk,55,Month-to-month,No,No internet service,Credit card (automatic),Continue regular engagement,20.0
3038-PQIUY,0.119855955,0,Low Risk,38,Month-to-month,DSL,No,Bank transfer (automatic),Continue regular engagement,66.15
1501-SGHBW,0.45287427,1,Medium Risk,2,Month-to-month,DSL,No,Mailed check,Offer contract upgrade incentive,45.85
9313-CDOGY,0.04790177,0,Low Risk,38,Month-to-month,No,No internet service,Electronic check,Continue regular engagement,19.6
8148-BPLZQ,0.14076287,0,Low Risk,34,Month-to-month,DSL,No,Electronic check,Continue regular engagement,49.8
2623-DRYAM,0.31387952,0,Low Risk,70,One year,Fiber optic,No,Electronic check,Continue regular engagement,101.75
9987-LUTYD,0.055442892,0,Low Risk,13,One year,DSL,Yes,Mailed check,Continue regular engagement,55.15
3208-YPIOE,0.40741578,1,Medium Risk,39,Month-to-month,Fiber optic,No,Electronic check,Offer contract upgrade incentive,75.25
4488-KQFDT,0.2769948,0,Low Risk,61,One year,Fiber optic,No,Electronic check,Continue regular engagement,103.95
2612-RANWT,0.86559963,1,High Risk,12,Month-to-month,Fiber optic,No,Bank transfer (automatic),Offer annual contract discount + proactive support,100.15
5693-PIPCS,0.051436655,0,Low Risk,41,Two year,Fiber optic,Yes,Credit card (automatic),Continue regular engagement,99.65
0491-KAPQG,0.5316258,1,Medium Risk,21,Month-to-month,Fiber optic,No,Electronic check,Offer contract upgrade incentive,73.7
1925-LFCZZ,0.20517185,0,Low Risk,55,One year,DSL,No,Bank transfer (automatic),Continue regular engagement,50.05
8039-EQPIM,0.014246085,0,Low Risk,69,Two year,DSL,Yes,Bank transfer (automatic),Continue regular engagement,60.25
6900-PXRMS,0.6158614,1,Medium Risk,26,Month-to-month,Fiber optic,No,Electronic check,Offer contract upgrade incentive,105.75
8707-RMEZH,0.09564192,0,Low Risk,69,One year,Fiber optic,No,Credit card (automatic),Continue regular engagement,87.3
3346-BRMIS,0.5681548,1,Medium Risk,18,Month-to-month,DSL,No,Electronic check,Offer contract upgrade incentive,48.35
3209-ZPKFI,0.18641506,0,Low Risk,47,Month-to-month,DSL,No,Electronic check,Continue regular engagement,54.25
6479-VDGRK,0.0040514125,0,Low Risk,72,Two year,DSL,Yes,Bank transfer (automatic),Continue regular engagement,85.3
9373-WSLOY,0.20157701,0,Low Risk,33,Month-to-month,DSL,Yes,Electronic check,Continue regular engagement,50.0
2933-FILNV,0.47914872,1,Medium Risk,2,Month-to-month,DSL,No,Mailed check,Offer contract upgrade incentive,24.4
3569-JFODW,0.004464947,0,Low Risk,72,Two year,DSL,Yes,Credit card (automatic),Continue regular engagement,90.95
9819-FBNSV,0.3258934,0,Low Risk,37,Month-to-month,Fiber optic,No,Bank transfer (automatic),Continue regular engagement,72.25
9544-PYPSJ,0.21302529,0,Low Risk,62,Month-to-month,Fiber optic,No,Credit card (automatic),Continue regular engagement,96.1
1591-XWLGB,0.012383196,0,Low Risk,71,Two year,No,No internet service,Credit card (automatic),Continue regular engagement,19.85
0396-UKGAI,0.093199536,0,Low Risk,23,Month-to-month,DSL,Yes,Bank transfer (automatic),Continue regular engagement,55.3
3243-ZHOHY,0.024227217,0,Low Risk,16,One year,No,No internet service,Mailed check,Continue regular engagement,20.1
5186-EJEGL,0.1744962,0,Low Risk,9,Month-to-month,DSL,Yes,Mailed check,Continue regular engagement,69.5
7527-QNRUS,0.017215988,0,Low Risk,17,Two year,No,No internet service,Mailed check,Continue regular engagement,25.15
9986-BONCE,0.11611195,0,Low Risk,4,Month-to-month,No,No internet service,Bank transfer (automatic),Continue regular engagement,20.95
2722-JMONI,0.625062,1,Medium Risk,1,Month-to-month,DSL,No,Electronic check,Offer contract upgrade incentive,49.55
2203-GHNWN,0.32340634,0,Low Risk,24,Month-to-month,Fiber optic,No,Mailed check,Continue regular engagement,79.65
3878-AVSOQ,0.8475604,1,High Risk,1,Month-to-month,Fiber optic,No,Electronic check,Offer annual contract discount + proactive support,71.25
3258-SYSWS,0.016388983,0,Low Risk,72,Two year,Fiber optic,Yes,Bank transfer (automatic),Continue regular engagement,113.8
5296-PSYVW,0.014940074,0,Low Risk,72,Two year,No,No internet service,Electronic check,Continue regular engagement,24.55
6319-QSUSR,0.09765336,0,Low Risk,11,Month-to-month,No,No internet service,Credit card (automatic),Continue regular engagement,19.7
4083-EUGRJ,0.10999104,0,Low Risk,9,Month-to-month,No,No internet service,Mailed check,Continue regular engagement,20.25
7579-OOPEC,0.42419595,1,Medium Risk,2,Month-to-month,DSL,No,Credit card (automatic),Offer contract upgrade incentive,50.15
0512-FLFDW,0.24725224,0,Low Risk,60,One year,Fiber optic,No,Credit card (automatic),Continue regular engagement,100.5
1771-OADNZ,0.6385595,1,Medium Risk,29,Month-to-month,Fiber optic,No,Electronic check,Offer contract upgrade incentive,95.9
0487-CRLZF,0.016284104,0,Low Risk,49,Two year,DSL,Yes,Bank transfer (automatic),Continue regular engagement,74.45
2107-FBPTK,0.557515,1,Medium Risk,30,Month-to-month,Fiber optic,No,Electronic check,Offer contract upgrade incentive,104.1
9451-WLYRI,0.014532226,0,Low Risk,53,One year,No,No internet service,Credit card (automatic),Continue regular engagement,19.05
8219-VYBVI,0.0113677895,0,Low Risk,39,Two year,No,No internet service,Mailed check,Continue regular engagement,25.0
1991-VOPLL,0.03177196,0,Low Risk,9,Month-to-month,No,No internet service,Mailed check,Continue regular engagement,19.05
9738-QLWTP,0.14842744,0,Low Risk,39,One year,Fiber optic,Yes,Electronic check,Continue regular engagement,81.9
1016-DJTSV,0.61142534,1,Medium Risk,8,Month-to-month,Fiber optic,No,Electronic check,Offer contract upgrade incentive,69.7
9419-IPPBE,0.18829188,0,Low Risk,51,One year,Fiber optic,No,Electronic check,Continue regular engagement,90.15
0174-QRVVY,0.00625153,0,Low Risk,71,Two year,No,No internet service,Credit card (automatic),Continue regular engagement,25.35
5699-BNCAS,0.011914017,0,Low Risk,71,Two year,No,No internet service,Mailed check,Continue regular engagement,24.65
2900-PHPLN,0.012054677,0,Low Risk,70,Two year,No,No internet service,Credit card (automatic),Continue regular engagement,19.55
0612-RTZZA,0.74127203,1,High Risk,1,Month-to-month,DSL,No,Electronic check,Offer annual contract discount + proactive support,25.25
8106-GWQOK,0.024642136,0,Low Risk,38,Two year,DSL,Yes,Bank transfer (automatic),Continue regular engagement,60.0
8751-EDEKA,0.3011182,0,Low Risk,28,Month-to-month,Fiber optic,No,Credit card (automatic),Continue regular engagement,89.9
6878-GGDWG,0.062005736,0,Low Risk,32,Month-to-month,No,No internet service,Bank transfer (automatic),Continue regular engagement,19.4
4039-PIMHX,0.045133486,0,Low Risk,49,Two year,DSL,No,Mailed check,Continue regular engagement,49.8
8450-LUGUK,0.013934552,0,Low Risk,37,Two year,No,No internet service,Bank transfer (automatic),Continue regular engagement,24.1
3604-WLABM,0.24617828,0,Low Risk,10,Month-to-month,DSL,Yes,Electronic check,Continue regular engagement,54.25
0795-GMVQO,0.15337953,0,Low Risk,67,One year,Fiber optic,No,Credit card (automatic),Continue regular engagement,109.9
2259-OUUSZ,0.13403098,0,Low Risk,7,One year,DSL,Yes,Credit card (automatic),Continue regular engagement,35.5
1142-IHLOO,0.11479406,0,Low Risk,51,One year,Fiber optic,No,Credit card (automatic),Continue regular engagement,87.55
6410-LEFEN,0.3272159,0,Low Risk,9,Month-to-month,DSL,No,Electronic check,Continue regular engagement,45.15
4633-MKHYU,0.623568,1,Medium Risk,9,Month-to-month,Fiber optic,No,Mailed check,Offer contract upgrade incentive,88.4
6257-RJOHI,0.32063213,0,Low Risk,4,Month-to-month,DSL,Yes,Mailed check,Continue regular engagement,50.8
1545-JFUML,0.03233935,0,Low Risk,71,Two year,Fiber optic,No,Electronic check,Continue regular engagement,99.0
3194-ORPIK,0.3338157,0,Low Risk,50,Month-to-month,Fiber optic,No,Bank transfer (automatic),Continue regular engagement,84.4
7826-VVKWT,0.20145096,0,Low Risk,24,Two year,Fiber optic,No,Electronic check,Continue regular engagement,96.55
1353-GHZOS,0.078408845,0,Low Risk,22,One year,DSL,No,Bank transfer (automatic),Continue regular engagement,59.75
2587-EKXTS,0.39020178,1,Medium Risk,44,Month-to-month,Fiber optic,No,Electronic check,Offer contract upgrade incentive,111.5
5442-BXVND,0.051208645,0,Low Risk,33,Month-to-month,No,No internet service,Bank transfer (automatic),Continue regular engagement,24.25
8816-VXNZD,0.853738,1,High Risk,1,Month-to-month,Fiber optic,No,Electronic check,Offer annual contract discount + proactive support,75.1
9378-FXTIZ,0.10514279,0,Low Risk,54,One year,DSL,No,Credit card (automatic),Continue regular engagement,70.15
1723-HKXJQ,0.6276205,1,Medium Risk,42,Month-to-month,Fiber optic,No,Electronic check,Offer contract upgrade incentive,101.75
7825-GKXMW,0.626725,1,Medium Risk,1,Month-to-month,DSL,No,Electronic check,Offer contract upgrade incentive,45.8
9753-OYLBX,0.3552659,1,Medium Risk,1,Month-to-month,No,No internet service,Mailed check,Offer contract upgrade incentive,20.5
2364-UFROM,0.04278203,0,Low Risk,30,One year,DSL,Yes,Electronic check,Continue regular engagement,70.4
6656-JWRQX,0.34481272,0,Low Risk,1,Month-to-month,DSL,Yes,Mailed check,Continue regular engagement,30.55
6473-ULUHT,0.22945373,0,Low Risk,16,Month-to-month,DSL,Yes,Electronic check,Continue regular engagement,84.9
1240-KNSEZ,0.5190774,1,Medium Risk,1,Month-to-month,No,No internet service,Mailed check,Offer contract upgrade incentive,20.1
0836-SEYLU,0.2685028,0,Low Risk,9,Month-to-month,DSL,Yes,Mailed check,Continue regular engagement,40.65
4433-JCGCG,0.67995363,1,Medium Risk,46,Month-to-month,Fiber optic,No,Electronic check,Offer contract upgrade incentive,101.0
3716-BDVDB,0.84775716,1,High Risk,1,Month-to-month,Fiber optic,No,Electronic check,Offer annual contract discount + proactive support,69.1
7688-AWMDX,0.0061396775,0,Low Risk,71,Two year,DSL,Yes,Bank transfer (automatic),Continue regular engagement,54.5
2842-BCQGE,0.35437134,1,Medium Risk,43,Month-to-month,Fiber optic,No,Credit card (automatic),Offer contract upgrade incentive,75.35
7244-QWYHG,0.047939733,0,Low Risk,50,One year,DSL,Yes,Bank transfer (automatic),Continue regular engagement,44.45
5899-MQZZL,0.4588419,1,Medium Risk,13,Month-to-month,Fiber optic,No,Mailed check,Offer contract upgrade incentive,75.0
6849-OYAMU,0.22741334,0,Low Risk,19,One year,Fiber optic,Yes,Bank transfer (automatic),Continue regular engagement,100.0
5312-UXESG,0.33895272,0,Low Risk,41,Month-to-month,Fiber optic,No,Bank transfer (automatic),Continue regular engagement,98.05
9488-HGMJH,0.8475604,1,High Risk,1,Month-to-month,Fiber optic,No,Electronic check,Offer annual contract discount + proactive support,71.15
6038-GCYEC,0.33812577,0,Low Risk,24,Month-to-month,DSL,No,Credit card (automatic),Continue regular engagement,54.15
2150-WLKUW,0.066984296,0,Low Risk,40,One year,DSL,No,Bank transfer (automatic),Continue regular engagement,63.9
7159-FVYPK,0.3939153,1,Medium Risk,3,Month-to-month,DSL,No,Bank transfer (automatic),Offer contract upgrade incentive,69.15
7032-LMBHI,0.051105127,0,Low Risk,37,One year,DSL,No,Bank transfer (automatic),Continue regular engagement,64.65
1150-WFARN,0.23715481,0,Low Risk,67,Two year,Fiber optic,Yes,Credit card (automatic),Continue regular engagement,108.75
6088-BXMRG,0.54125434,1,Medium Risk,32,Month-to-month,Fiber optic,No,Electronic check,Offer contract upgrade incentive,98.85
3144-AUDBS,0.45277107,1,Medium Risk,6,Month-to-month,DSL,Yes,Electronic check,Offer contract upgrade incentive,49.15
4821-SJHJV,0.25018132,0,Low Risk,32,Month-to-month,Fiber optic,No,Electronic check,Continue regular engagement,89.6
7346-MEDWM,0.3268735,0,Low Risk,59,Month-to-month,Fiber optic,No,Electronic check,Continue regular engagement,83.25
1137-DGOWI,0.07061473,0,Low Risk,30,One year,DSL,Yes,Bank transfer (automatic),Continue regular engagement,70.25
5616-PRTNT,0.18407886,0,Low Risk,20,Month-to-month,No,No internet service,Electronic check,Continue regular engagement,19.4
3812-LRZIR,0.031145114,0,Low Risk,27,Two year,No,No internet service,Electronic check,Continue regular engagement,24.5
4818-QIUFN,0.53592837,1,Medium Risk,20,Month-to-month,Fiber optic,No,Electronic check,Offer contract upgrade incentive,79.15
9483-GCPWE,0.032609474,0,Low Risk,9,One year,No,No internet service,Mailed check,Continue regular engagement,20.1
4227-OJHAL,0.09016872,0,Low Risk,68,One year,DSL,No,Credit card (automatic),Continue regular engagement,73.0
9220-CXRSC,0.011084338,0,Low Risk,69,Two year,DSL,Yes,Credit card (automatic),Continue regular engagement,61.4
4993-JCRGJ,0.31484392,0,Low Risk,26,Month-to-month,Fiber optic,Yes,Mailed check,Continue regular engagement,84.3
9537-JALFH,0.009887514,0,Low Risk,69,Two year,No,No internet service,Bank transfer (automatic),Continue regular engagement,19.9
6698-OXETB,0.013350951,0,Low Risk,11,Two year,No,No internet service,Mailed check,Continue regular engagement,20.4
2103-ZRXFN,0.541495,1,Medium Risk,1,Month-to-month,DSL,No,Mailed check,Offer contract upgrade incentive,50.75
3724-BSCVH,0.02928496,0,Low Risk,10,One year,No,No internet service,Mailed check,Continue regular engagement,20.45
4877-TSOFF,0.05425883,0,Low Risk,55,One year,DSL,Yes,Bank transfer (automatic),Continue regular engagement,75.75
9209-NWPGU,0.07149178,0,Low Risk,44,One year,DSL,Yes,Electronic check,Continue regular engagement,65.4
6961-VCPMC,0.42818713,1,Medium Risk,46,Month-to-month,Fiber optic,No,Electronic check,Offer contract upgrade incentive,80.4
7306-YDSOI,0.010926501,0,Low Risk,69,Two year,DSL,No,Bank transfer (automatic),Continue regular engagement,59.75
5288-AHOUP,0.56642246,1,Medium Risk,11,Month-to-month,Fiber optic,No,Electronic check,Offer contract upgrade incentive,78.5
6688-UZPWD,0.83499676,1,High Risk,11,Month-to-month,Fiber optic,No,Electronic check,Offer annual contract discount + proactive support,102.0
0655-YDGFJ,0.09786395,0,Low Risk,29,Month-to-month,DSL,No,Bank transfer (automatic),Continue regular engagement,48.95
8468-EHYJA,0.39322746,1,Medium Risk,57,Month-to-month,Fiber optic,No,Electronic check,Offer contract upgrade incentive,99.65
6823-SIDFQ,0.009630732,0,Low Risk,28,One year,No,No internet service,Credit card (automatic),Continue regular engagement,18.25
1097-FSPVW,0.120548144,0,Low Risk,42,Month-to-month,DSL,No,Credit card (automatic),Continue regular engagement,54.55
2839-RFSQE,0.17157133,0,Low Risk,2,Month-to-month,No,No internet service,Mailed check,Continue regular engagement,20.65
8328-SKJNO,0.044764467,0,Low Risk,23,One year,DSL,Yes,Bank transfer (automatic),Continue regular engagement,40.65
7010-ZMVBF,0.069235355,0,Low Risk,18,Month-to-month,No,No internet service,Mailed check,Continue regular engagement,20.45
5201-CBWYG,0.024410738,0,Low Risk,62,One year,No,No internet service,Bank transfer (automatic),Continue regular engagement,24.8
0968-GSIKN,0.75165784,1,High Risk,1,Month-to-month,Fiber optic,No,Mailed check,Offer annual contract discount + proactive support,70.8
1965-DDBWU,0.44109625,1,Medium Risk,16,Month-to-month,Fiber optic,Yes,Credit card (automatic),Offer contract upgrade incentive,89.05
9057-SIHCH,0.8775382,1,High Risk,3,Month-to-month,Fiber optic,No,Electronic check,Offer annual contract discount + proactive support,96.6
6352-GIGGQ,0.09100913,0,Low Risk,67,One year,DSL,Yes,Bank transfer (automatic),Continue regular engagement,88.8
3635-QQRQD,0.015914418,0,Low Risk,62,Two year,No,No internet service,Credit card (automatic),Continue regular engagement,20.05
6771-XWBDM,0.49043006,1,Medium Risk,57,Month-to-month,Fiber optic,No,Credit card (automatic),Offer contract upgrade incentive,104.5
2897-DOVND,0.671213,1,Medium Risk,2,Month-to-month,Fiber optic,No,Electronic check,Offer contract upgrade incentive,69.8
3082-YVEKW,0.012951737,0,Low Risk,23,Two year,DSL,Yes,Bank transfer (automatic),Continue regular engagement,77.15
0191-EQUUH,0.015777186,0,Low Risk,25,Two year,DSL,Yes,Bank transfer (automatic),Continue regular engagement,35.05
7134-HBPBS,0.036492098,0,Low Risk,72,Two year,Fiber optic,Yes,Bank transfer (automatic),Continue regular engagement,108.1
3489-HHPFY,0.73898244,1,High Risk,2,Month-to-month,Fiber optic,No,Electronic check,Offer annual contract discount + proactive support,84.05
2926-JEJJC,0.034276113,0,Low Risk,8,One year,No,No internet service,Bank transfer (automatic),Continue regular engagement,20.2
8601-QACRS,0.38609365,1,Medium Risk,5,Month-to-month,DSL,No,Mailed check,Offer contract upgrade incentive,50.6
4950-BDEUX,0.22202455,0,Low Risk,35,Month-to-month,DSL,No,Electronic check,Continue regular engagement,49.2
5789-LDFXO,0.049612027,0,Low Risk,24,One year,No,No internet service,Electronic check,Continue regular engagement,24.6
0508-OOLTO,0.65015537,1,Medium Risk,2,Month-to-month,Fiber optic,No,Electronic check,Offer contract upgrade incentive,71.65
2984-TBYKU,0.03852024,0,Low Risk,72,Two year,Fiber optic,Yes,Credit card (automatic),Continue regular engagement,104.9
9822-WMWVG,0.34563556,0,Low Risk,41,Month-to-month,Fiber optic,Yes,Electronic check,Continue regular engagement,106.5
2391-SOORI,0.2702793,0,Low Risk,4,Month-to-month,DSL,No,Electronic check,Continue regular engagement,49.35
9040-KZVWO,0.06795463,0,Low Risk,26,One year,Fiber optic,No,Bank transfer (automatic),Continue regular engagement,75.5
2645-QTLMB,0.7556601,1,High Risk,7,Month-to-month,Fiber optic,No,Electronic check,Offer annual contract discount + proactive support,94.25
4806-HIPDW,0.84928805,1,High Risk,1,Month-to-month,Fiber optic,No,Electronic check,Offer annual contract discount + proactive support,68.95
1548-ARAGG,0.29395095,0,Low Risk,4,Month-to-month,DSL,Yes,Mailed check,Continue regular engagement,58.5
6339-RZCBJ,0.019410515,0,Low Risk,48,Two year,DSL,Yes,Credit card (automatic),Continue regular engagement,78.9
4424-TKOPW,0.8915137,1,High Risk,2,Month-to-month,Fiber optic,No,Electronic check,Offer annual contract discount + proactive support,93.85
4415-WNGVR,0.24363159,0,Low Risk,12,One year,DSL,Yes,Electronic check,Continue regular engagement,79.2
2522-AHJXR,0.20437002,0,Low Risk,60,Month-to-month,Fiber optic,Yes,Bank transfer (automatic),Continue regular engagement,109.45
0412-UCCNP,0.023279041,0,Low Risk,55,Two year,DSL,Yes,Electronic check,Continue regular engagement,59.2
1816-FLZDK,0.35671076,1,Medium Risk,1,Month-to-month,DSL,Yes,Mailed check,Offer contract upgrade incentive,29.15
7096-UCLNH,0.40826637,1,Medium Risk,1,Month-to-month,No,No internet service,Mailed check,Offer contract upgrade incentive,20.05
8443-ZRDBZ,0.7422031,1,High Risk,4,Month-to-month,Fiber optic,No,Electronic check,Offer annual contract discount + proactive support,76.05
9136-ALYBR,0.60074645,1,Medium Risk,1,Month-to-month,DSL,No,Mailed check,Offer contract upgrade incentive,24.45
4615-PIVVU,0.029917816,0,Low Risk,42,Two year,DSL,Yes,Credit card (automatic),Continue regular engagement,66.5
8885-QSQBX,0.31433064,0,Low Risk,1,Month-to-month,DSL,No,Bank transfer (automatic),Continue regular engagement,49.55
7479-NITWS,0.8063643,1,High Risk,7,Month-to-month,Fiber optic,No,Credit card (automatic),Offer annual contract discount + proactive support,89.35
8617-ENBDS,0.5238177,1,Medium Risk,3,Month-to-month,Fiber optic,No,Credit card (automatic),Offer contract upgrade incentive,73.6
9385-NXKDA,0.005621049,0,Low Risk,72,Two year,DSL,No,Credit card (automatic),Continue regular engagement,82.65
0430-IHCDJ,0.4089027,1,Medium Risk,15,Month-to-month,DSL,No,Electronic check,Offer contract upgrade incentive,49.0
2959-MJHIC,0.66706,1,Medium Risk,4,Month-to-month,Fiber optic,No,Electronic check,Offer contract upgrade incentive,80.35
6674-KVJHG,0.0736846,0,Low Risk,11,One year,No,No internet service,Electronic check,Continue regular engagement,25.2
1814-DKOLC,0.15495661,0,Low Risk,5,Month-to-month,No,No internet service,Mailed check,Continue regular engagement,25.45
4201-JMNGR,0.71441895,1,High Risk,1,Month-to-month,DSL,No,Electronic check,Offer annual contract discount + proactive support,55.8
9351-HXDMR,0.03690388,0,Low Risk,72,Two year,Fiber optic,Yes,Credit card (automatic),Continue regular engagement,110.9
3537-HPKQT,0.30267236,0,Low Risk,55,Month-to-month,Fiber optic,No,Credit card (automatic),Continue regular engagement,77.75
2129-ALKBS,0.16962576,0,Low Risk,40,Month-to-month,No,No internet service,Electronic check,Continue regular engagement,26.2
5821-MMEIL,0.021293199,0,Low Risk,57,Two year,No,No internet service,Bank transfer (automatic),Continue regular engagement,19.9
5960-WPXQM,0.88199854,1,High Risk,1,Month-to-month,Fiber optic,No,Electronic check,Offer annual contract discount + proactive support,79.05
0684-AOSIH,0.82440615,1,High Risk,1,Month-to-month,Fiber optic,No,Electronic check,Offer annual contract discount + proactive support,95.0
8260-NGFNY,0.47680756,1,Medium Risk,1,Month-to-month,DSL,No,Mailed check,Offer contract upgrade incentive,25.2
1309-XGFSN,0.19929928,0,Low Risk,52,One year,DSL,No,Electronic check,Continue regular engagement,80.85
1866-RZZQS,0.730653,1,High Risk,41,Month-to-month,Fiber optic,No,Electronic check,Offer annual contract discount + proactive support,98.4
6968-URWQU,0.1042448,0,Low Risk,43,One year,DSL,No,Mailed check,Continue regular engagement,56.35
4742-TXUEX,0.008365781,0,Low Risk,47,Two year,No,No internet service,Bank transfer (automatic),Continue regular engagement,19.3
9631-XEYKE,0.43696794,1,Medium Risk,3,Month-to-month,DSL,No,Bank transfer (automatic),Offer contract upgrade incentive,50.4
8631-NBHFZ,0.097021006,0,Low Risk,66,Two year,DSL,Yes,Credit card (automatic),Continue regular engagement,79.4
1335-MXCSE,0.015756259,0,Low Risk,55,Two year,DSL,Yes,Credit card (automatic),Continue regular engagement,55.25
8873-TMKGR,0.0068280245,0,Low Risk,29,One year,No,No internet service,Mailed check,Continue regular engagement,19.1
8800-JOOCF,0.6233185,1,Medium Risk,12,Month-to-month,Fiber optic,No,Electronic check,Offer contract upgrade incentive,84.05
1469-LBJQJ,0.4844699,1,Medium Risk,66,Month-to-month,Fiber optic,No,Electronic check,Offer contract upgrade incentive,105.2
4958-XCBDQ,0.5689555,1,Medium Risk,35,Month-to-month,Fiber optic,No,Electronic check,Offer contract upgrade incentive,101.4
8337-UPOAQ,0.8064133,1,High Risk,10,Month-to-month,Fiber optic,No,Electronic check,Offer annual contract discount + proactive support,89.8
0064-YIJGF,0.254404,0,Low Risk,27,Month-to-month,Fiber optic,No,Bank transfer (automatic),Continue regular engagement,75.75
2386-OWURY,0.24533236,0,Low Risk,58,Month-to-month,Fiber optic,Yes,Electronic check,Continue regular engagement,95.3
1725-IQNIY,0.26568952,0,Low Risk,54,Two year,Fiber optic,Yes,Bank transfer (automatic),Continue regular engagement,109.75
0310-VQXAM,0.12193915,0,Low Risk,9,Month-to-month,No,No internet service,Mailed check,Continue regular engagement,19.85
6598-RFFVI,0.02825368,0,Low Risk,2,One year,No,No internet service,Credit card (automatic),Continue regular engagement,19.3
3453-RTHJQ,0.6145353,1,Medium Risk,6,Month-to-month,Fiber optic,No,Electronic check,Offer contract upgrade incentive,69.1
6712-OAWRH,0.5666583,1,Medium Risk,26,Month-to-month,Fiber optic,No,Electronic check,Offer contract upgrade incentive,91.25
6278-FEPBZ,0.080379024,0,Low Risk,9,Month-to-month,No,No internet service,Mailed check,Continue regular engagement,20.25
4280-DLSHD,0.25763294,0,Low Risk,8,Month-to-month,DSL,No,Mailed check,Continue regular engagement,54.75
1508-DFXCU,0.56181705,1,Medium Risk,12,Month-to-month,Fiber optic,No,Electronic check,Offer contract upgrade incentive,81.45
8614-VGMMV,0.48201266,1,Medium Risk,15,Month-to-month,DSL,No,Electronic check,Offer contract upgrade incentive,49.1
7868-BGSZA,0.1572952,0,Low Risk,43,One year,DSL,No,Electronic check,Continue regular engagement,80.2
2800-QQUSO,0.571302,1,Medium Risk,42,Month-to-month,Fiber optic,Yes,Electronic check,Offer contract upgrade incentive,100.3
2930-UOTMB,0.06418186,0,Low Risk,31,Month-to-month,DSL,Yes,Credit card (automatic),Continue regular engagement,65.25
7973-DZRKH,0.024265042,0,Low Risk,66,Two year,Fiber optic,Yes,Credit card (automatic),Continue regular engagement,90.95
5914-DVBWJ,0.5977766,1,Medium Risk,18,Month-to-month,Fiber optic,Yes,Electronic check,Offer contract upgrade incentive,85.45
7698-YFGEZ,0.40826637,1,Medium Risk,1,Month-to-month,No,No internet service,Mailed check,Offer contract upgrade incentive,20.0
2533-QVMSK,0.038221188,0,Low Risk,61,Two year,Fiber optic,Yes,Electronic check,Continue regular engagement,94.1
9773-PEQBZ,0.51171416,1,Medium Risk,10,Month-to-month,Fiber optic,No,Electronic check,Offer contract upgrade incentive,79.85
8644-XLFBW,0.83896434,1,High Risk,1,Month-to-month,Fiber optic,No,Electronic check,Offer annual contract discount + proactive support,71.65
0650-BWOZN,0.44135377,1,Medium Risk,18,Month-to-month,Fiber optic,No,Electronic check,Offer contract upgrade incentive,73.55
8625-AZYZY,0.72552204,1,High Risk,24,Month-to-month,Fiber optic,No,Electronic check,Offer annual contract discount + proactive support,104.65
7785-RDVIG,0.06380212,0,Low Risk,3,Month-to-month,No,No internet service,Mailed check,Continue regular engagement,19.3
9602-WCXPI,0.02516907,0,Low Risk,50,One year,No,No internet service,Credit card (automatic),Continue regular engagement,20.15
2903-YYTBW,0.51121444,1,Medium Risk,1,Month-to-month,DSL,No,Electronic check,Offer contract upgrade incentive,44.55
3620-MWJNE,0.34660363,0,Low Risk,2,Month-to-month,DSL,Yes,Mailed check,Continue regular engagement,54.45
8573-JGCZW,0.03923502,0,Low Risk,17,One year,No,No internet service,Bank transfer (automatic),Continue regular engagement,19.65
6837-HAEVO,0.27164334,0,Low Risk,69,Two year,Fiber optic,No,Electronic check,Continue regular engagement,105.0
6701-YVNQG,0.004292329,0,Low Risk,72,Two year,DSL,Yes,Credit card (automatic),Continue regular engagement,88.7
9306-CPCBC,0.71567154,1,High Risk,3,Month-to-month,Fiber optic,No,Electronic check,Offer annual contract discount + proactive support,74.25
4304-XUMGI,0.028419703,0,Low Risk,50,Two year,DSL,No,Bank transfer (automatic),Continue regular engagement,75.15
9504-YAZWB,0.020750543,0,Low Risk,53,Two year,No,No internet service,Mailed check,Continue regular engagement,20.25
8819-ZBYNA,0.17087908,0,Low Risk,58,Two year,Fiber optic,Yes,Credit card (automatic),Continue regular engagement,109.1
6174-NRBTZ,0.07097566,0,Low Risk,46,One year,DSL,No,Bank transfer (automatic),Continue regular engagement,30.75
9481-IEBZY,0.11957957,0,Low Risk,72,Month-to-month,Fiber optic,Yes,Credit card (automatic),Continue regular engagement,112.9
1833-VGRUM,0.8583224,1,High Risk,1,Month-to-month,Fiber optic,No,Electronic check,Offer annual contract discount + proactive support,74.2
6137-NICCO,0.77920735,1,High Risk,6,Month-to-month,Fiber optic,No,Mailed check,Offer annual contract discount + proactive support,94.05
9065-ZCPQX,0.004180878,0,Low Risk,72,Two year,DSL,Yes,Bank transfer (automatic),Continue regular engagement,78.85
6402-EJMWF,0.3772676,1,Medium Risk,4,Month-to-month,DSL,No,Mailed check,Offer contract upgrade incentive,55.3
3620-EHIMZ,0.020220738,0,Low Risk,52,Two year,No,No internet service,Mailed check,Continue regular engagement,19.35
3213-VVOLG,0.03725421,0,Low Risk,0,Two year,No,No internet service,Mailed check,Continue regular engagement,25.35
6870-ECSHE,0.05955315,0,Low Risk,2,One year,No,No internet service,Mailed check,Continue regular engagement,20.45
8747-UDCOI,0.009616866,0,Low Risk,65,Two year,No,No internet service,Bank transfer (automatic),Continue regular engagement,19.35
8374-XGEJJ,0.65389067,1,Medium Risk,43,Month-to-month,Fiber optic,No,Electronic check,Offer contract upgrade incentive,101.0
2656-TABEH,0.87903345,1,High Risk,4,Month-to-month,Fiber optic,No,Electronic check,Offer annual contract discount + proactive support,100.2
6946-LMSQS,0.25870907,0,Low Risk,25,One year,Fiber optic,No,Electronic check,Continue regular engagement,89.05
4626-OZDTJ,0.10779888,0,Low Risk,51,One year,DSL,Yes,Credit card (automatic),Continue regular engagement,78.65
9169-BSVIN,0.22998552,0,Low Risk,12,Month-to-month,DSL,No,Bank transfer (automatic),Continue regular engagement,74.75
2325-ZUSFD,0.046273977,0,Low Risk,57,One year,DSL,No,Bank transfer (automatic),Continue regular engagement,70.1
8194-PEEBY,0.021874098,0,Low Risk,24,One year,No,No internet service,Mailed check,Continue regular engagement,19.9
6872-HXFNF,0.027301565,0,Low Risk,64,One year,DSL,Yes,Bank transfer (automatic),Continue regular engagement,58.35
3932-CMDTD,0.44746888,1,Medium Risk,4,One year,Fiber optic,Yes,Electronic check,Monitor customer + targeted engagement,105.65
7714-YXSMB,0.5414436,1,Medium Risk,26,Month-to-month,Fiber optic,No,Bank transfer (automatic),Offer contract upgrade incentive,100.5
8387-UGUSU,0.074747086,0,Low Risk,15,Month-to-month,No,No internet service,Mailed check,Continue regular engagement,20.05
1080-BWSYE,0.023865864,0,Low Risk,64,Two year,No,No internet service,Credit card (automatic),Continue regular engagement,25.65
4039-HEUNW,0.552858,1,Medium Risk,36,Month-to-month,Fiber optic,No,Electronic check,Offer contract upgrade incentive,96.5
1194-HVAIF,0.39210477,1,Medium Risk,27,Month-to-month,Fiber optic,No,Credit card (automatic),Offer contract upgrade incentive,95.0
0812-WUPTB,0.7374991,1,High Risk,1,Month-to-month,Fiber optic,No,Mailed check,Offer annual contract discount + proactive support,70.85
3594-UVONA,0.09272117,0,Low Risk,35,One year,DSL,Yes,Credit card (automatic),Continue regular engagement,85.95
0004-TLHLJ,0.61111915,1,Medium Risk,4,Month-to-month,Fiber optic,No,Electronic check,Offer contract upgrade incentive,73.9
1767-TGTKO,0.35478517,1,Medium Risk,8,Month-to-month,DSL,No,Electronic check,Offer contract upgrade incentive,45.45
8439-LTUGF,0.09766176,0,Low Risk,10,Month-to-month,No,No internet service,Credit card (automatic),Continue regular engagement,20.0
8805-JNRAZ,0.3856483,1,Medium Risk,2,Month-to-month,DSL,No,Mailed check,Offer contract upgrade incentive,49.2
5089-IFSDP,0.31823933,0,Low Risk,58,Two year,Fiber optic,No,Bank transfer (automatic),Continue regular engagement,109.45
6418-HNFED,0.016072314,0,Low Risk,51,Two year,DSL,Yes,Credit card (automatic),Continue regular engagement,83.25
0206-OYVOC,0.009205942,0,Low Risk,46,Two year,No,No internet service,Mailed check,Continue regular engagement,19.25
7291-CDTMJ,0.43596417,1,Medium Risk,1,Month-to-month,No,No internet service,Bank transfer (automatic),Offer contract upgrade incentive,19.65
7128-GGCNO,0.24148883,0,Low Risk,46,Month-to-month,Fiber optic,No,Bank transfer (automatic),Continue regular engagement,72.8
0237-YFUTL,0.2819813,0,Low Risk,50,Month-to-month,Fiber optic,Yes,Bank transfer (automatic),Continue regular engagement,109.65
7691-KGKGP,0.08409387,0,Low Risk,53,Month-to-month,DSL,Yes,Credit card (automatic),Continue regular engagement,65.0
6710-HSJRD,0.3006755,0,Low Risk,61,Month-to-month,Fiber optic,Yes,Electronic check,Continue regular engagement,114.1
3675-EQOZA,0.10752979,0,Low Risk,5,Month-to-month,No,No internet service,Bank transfer (automatic),Continue regular engagement,20.65
0840-DCNZE,0.07362401,0,Low Risk,47,One year,DSL,Yes,Bank transfer (automatic),Continue regular engagement,86.95
1732-FEKLD,0.13187243,0,Low Risk,54,One year,Fiber optic,No,Bank transfer (automatic),Continue regular engagement,94.75
9862-KJTYK,0.19806983,0,Low Risk,19,Month-to-month,DSL,No,Credit card (automatic),Continue regular engagement,25.35
0479-HMSWA,0.13008793,0,Low Risk,26,Two year,Fiber optic,Yes,Electronic check,Continue regular engagement,105.45
5854-KSRBJ,0.005440637,0,Low Risk,70,Two year,No,No internet service,Mailed check,Continue regular engagement,25.4
0365-BZUWY,0.6593209,1,Medium Risk,17,Month-to-month,Fiber optic,No,Electronic check,Offer contract upgrade incentive,102.55
4817-VYYWS,0.56924725,1,Medium Risk,30,Month-to-month,Fiber optic,No,Electronic check,Offer contract upgrade incentive,100.2
5701-SVCWR,0.36942255,1,Medium Risk,1,Month-to-month,No,No internet service,Mailed check,Offer contract upgrade incentive,24.0
3129-AAQOU,0.012684808,0,Low Risk,19,Two year,No,No internet service,Mailed check,Continue regular engagement,25.6
4922-CVPDX,0.021567173,0,Low Risk,26,Two year,DSL,No,Credit card (automatic),Continue regular engagement,73.5
1396-QWFBJ,0.34365126,0,Low Risk,21,Month-to-month,Fiber optic,No,Bank transfer (automatic),Continue regular engagement,74.05
1357-BIJKI,0.3121509,0,Low Risk,50,One year,Fiber optic,No,Electronic check,Continue regular engagement,98.25
1099-BTKWT,0.13376227,0,Low Risk,68,One year,DSL,No,Electronic check,Continue regular engagement,54.4
5299-SJCZT,0.85573435,1,High Risk,3,Month-to-month,Fiber optic,No,Bank transfer (automatic),Offer annual contract discount + proactive support,101.55
2018-PZKMU,0.40007555,1,Medium Risk,9,Month-to-month,Fiber optic,Yes,Electronic check,Offer contract upgrade incentive,103.1
7340-KEFQE,0.010450947,0,Low Risk,51,Two year,DSL,Yes,Bank transfer (automatic),Continue regular engagement,34.2
4570-QHXHL,0.41870445,1,Medium Risk,9,Month-to-month,DSL,No,Electronic check,Offer contract upgrade incentive,43.75
2403-BCASL,0.37908196,1,Medium Risk,41,One year,Fiber optic,Yes,Electronic check,Monitor customer + targeted engagement,111.95
7392-YYPYJ,0.6822659,1,Medium Risk,22,Month-to-month,Fiber optic,No,Electronic check,Offer contract upgrade incentive,100.65
2898-LSJGD,0.38096148,1,Medium Risk,21,One year,DSL,No,Electronic check,Monitor customer + targeted engagement,55.95
2223-GDSHL,0.030628975,0,Low Risk,71,Two year,Fiber optic,Yes,Bank transfer (automatic),Continue regular engagement,116.05
7359-PTSXY,0.63187593,1,Medium Risk,1,Month-to-month,DSL,No,Electronic check,Offer contract upgrade incentive,45.75
9470-RTWDV,0.11392238,0,Low Risk,26,One year,DSL,Yes,Credit card (automatic),Continue regular engagement,82.0
2176-OSJUV,0.007940236,0,Low Risk,71,Two year,DSL,Yes,Bank transfer (automatic),Continue regular engagement,65.15
9348-YVOMK,0.36494932,1,Medium Risk,4,Month-to-month,DSL,No,Credit card (automatic),Offer contract upgrade incentive,44.8
8104-OSKWT,0.51348495,1,Medium Risk,12,Month-to-month,Fiber optic,No,Electronic check,Offer contract upgrade incentive,79.8
4521-YEEHE,0.5363494,1,Medium Risk,18,Month-to-month,Fiber optic,Yes,Electronic check,Offer contract upgrade incentive,88.85
4090-KPJIP,0.71567154,1,High Risk,3,Month-to-month,Fiber optic,No,Electronic check,Offer annual contract discount + proactive support,74.95
3786-WOVKF,0.05826986,0,Low Risk,72,One year,Fiber optic,No,Bank transfer (automatic),Continue regular engagement,106.85
4503-BDXBD,0.36712468,1,Medium Risk,11,Month-to-month,Fiber optic,No,Electronic check,Offer contract upgrade incentive,74.95
6086-ESGRL,0.79932606,1,High Risk,1,Month-to-month,Fiber optic,No,Credit card (automatic),Offer annual contract discount + proactive support,80.15
2592-HODOV,0.02040292,0,Low Risk,13,One year,No,No internet service,Credit card (automatic),Continue regular engagement,19.3
3886-CERTZ,0.2680368,0,Low Risk,72,One year,Fiber optic,Yes,Electronic check,Continue regular engagement,109.25
7995-ZHHNZ,0.056521047,0,Low Risk,42,One year,DSL,No,Credit card (automatic),Continue regular engagement,56.1
3824-RHKVR,0.08672419,0,Low Risk,17,Month-to-month,No,No internet service,Credit card (automatic),Continue regular engagement,19.7
5816-SCGFC,0.2934086,0,Low Risk,7,Month-to-month,DSL,No,Mailed check,Continue regular engagement,51.3
5989-AXPUC,0.04480762,0,Low Risk,68,Two year,Fiber optic,Yes,Mailed check,Continue regular engagement,118.6
4979-HPRFL,0.0083093,0,Low Risk,56,Two year,No,No internet service,Bank transfer (automatic),Continue regular engagement,24.15
8590-OHDIW,0.018643683,0,Low Risk,38,One year,No,No internet service,Mailed check,Continue regular engagement,20.3
8015-IHCGW,0.012703669,0,Low Risk,72,Two year,Fiber optic,Yes,Electronic check,Continue regular engagement,115.5
2332-TODQS,0.03243494,0,Low Risk,48,One year,No,No internet service,Credit card (automatic),Continue regular engagement,25.05
9278-VZKCD,0.37559584,1,Medium Risk,52,Month-to-month,Fiber optic,No,Electronic check,Offer contract upgrade incentive,109.1
8008-OTEZX,0.021405375,0,Low Risk,35,One year,No,No internet service,Mailed check,Continue regular engagement,19.65
2773-OVBPK,0.24476586,0,Low Risk,67,Two year,Fiber optic,Yes,Bank transfer (automatic),Continue regular engagement,111.3
5999-LCXAO,0.38931733,1,Medium Risk,1,Month-to-month,DSL,No,Mailed check,Offer contract upgrade incentive,29.9
5206-XZZQI,0.14117487,0,Low Risk,53,Month-to-month,Fiber optic,Yes,Mailed check,Continue regular engagement,80.6
4803-LBYPN,0.030052848,0,Low Risk,34,Month-to-month,No,No internet service,Mailed check,Continue regular engagement,20.8
5759-RCVCB,0.41800675,1,Medium Risk,3,Month-to-month,DSL,No,Credit card (automatic),Offer contract upgrade incentive,35.2
6372-RFVNS,0.8377425,1,High Risk,1,Month-to-month,Fiber optic,No,Electronic check,Offer annual contract discount + proactive support,78.8
2139-FQHLM,0.25693417,0,Low Risk,19,Month-to-month,Fiber optic,Yes,Mailed check,Continue regular engagement,89.95
8261-GWDBQ,0.05861519,0,Low Risk,60,Two year,Fiber optic,Yes,Bank transfer (automatic),Continue regular engagement,116.05
1093-YSWCA,0.014381863,0,Low Risk,11,Two year,No,No internet service,Credit card (automatic),Continue regular engagement,19.55
8938-UMKPI,0.5408273,1,Medium Risk,47,Month-to-month,Fiber optic,No,Electronic check,Offer contract upgrade incentive,106.4
0991-BRRFB,0.28283238,0,Low Risk,18,Month-to-month,DSL,No,Electronic check,Continue regular engagement,49.4
3882-IYOIJ,0.05216651,0,Low Risk,60,Two year,Fiber optic,Yes,Credit card (automatic),Continue regular engagement,115.25
8749-TZYEC,0.0056223953,0,Low Risk,72,Two year,No,No internet service,Credit card (automatic),Continue regular engagement,24.8
1755-FZQEC,0.018945767,0,Low Risk,39,One year,No,No internet service,Mailed check,Continue regular engagement,19.9
3115-JPJDD,0.04384318,0,Low Risk,59,One year,Fiber optic,No,Credit card (automatic),Continue regular engagement,81.25
5600-KTXFM,0.5526018,1,Medium Risk,2,Month-to-month,Fiber optic,No,Mailed check,Offer contract upgrade incentive,69.95
3871-IKPYH,0.81751406,1,High Risk,1,Month-to-month,Fiber optic,No,Electronic check,Offer annual contract discount + proactive support,69.1
6319-IEJWJ,0.5125673,1,Medium Risk,20,Month-to-month,Fiber optic,No,Electronic check,Offer contract upgrade incentive,90.2
9025-AOMKI,0.836325,1,High Risk,6,Month-to-month,Fiber optic,No,Bank transfer (automatic),Offer annual contract discount + proactive support,93.55
6339-TBELP,0.021140357,0,Low Risk,71,Two year,Fiber optic,Yes,Credit card (automatic),Continue regular engagement,86.4
7964-YESJC,0.08142826,0,Low Risk,24,Month-to-month,DSL,No,Mailed check,Continue regular engagement,66.3
6173-GOLSU,0.39996293,1,Medium Risk,67,Month-to-month,Fiber optic,No,Credit card (automatic),Offer contract upgrade incentive,94.65
5275-SQEIZ,0.7949738,1,High Risk,1,Month-to-month,Fiber optic,No,Mailed check,Offer annual contract discount + proactive support,80.85
7716-YTYHG,0.17335843,0,Low Risk,48,One year,Fiber optic,No,Mailed check,Continue regular engagement,82.05
9938-ZREHM,0.08711812,0,Low Risk,37,One year,DSL,Yes,Mailed check,Continue regular engagement,72.1
7950-XWOVN,0.23090348,0,Low Risk,11,Month-to-month,DSL,No,Mailed check,Continue regular engagement,34.7
4390-KYULV,0.14419568,0,Low Risk,3,Month-to-month,No,No internet service,Credit card (automatic),Continue regular engagement,20.55
4647-MUZON,0.4735006,1,Medium Risk,18,Month-to-month,Fiber optic,No,Credit card (automatic),Offer contract upgrade incentive,95.95
9702-AIUJO,0.05460334,0,Low Risk,50,One year,DSL,No,Bank transfer (automatic),Continue regular engagement,44.8
8849-PRIQJ,0.11887711,0,Low Risk,67,One year,Fiber optic,Yes,Electronic check,Continue regular engagement,109.4
8851-RAGOV,0.08905767,0,Low Risk,25,Month-to-month,DSL,Yes,Mailed check,Continue regular engagement,71.05
1304-NECVQ,0.81085736,1,High Risk,2,Month-to-month,Fiber optic,No,Electronic check,Offer annual contract discount + proactive support,78.55
5396-IZEPB,0.09337186,0,Low Risk,9,Month-to-month,No,No internet service,Credit card (automatic),Continue regular engagement,19.7
1729-VLAZJ,0.0581403,0,Low Risk,10,One year,DSL,Yes,Mailed check,Continue regular engagement,40.25
8285-ABVLB,0.0073817023,0,Low Risk,70,Two year,No,No internet service,Credit card (automatic),Continue regular engagement,19.85
0701-TJSEF,0.15654689,0,Low Risk,9,Month-to-month,DSL,Yes,Bank transfer (automatic),Continue regular engagement,68.25
5712-VBOXD,0.09887115,0,Low Risk,4,Month-to-month,No,No internet service,Credit card (automatic),Continue regular engagement,20.15
6629-LADHQ,0.28144804,0,Low Risk,2,Month-to-month,DSL,No,Mailed check,Continue regular engagement,50.95
8945-GRKHX,0.8144909,1,High Risk,1,Month-to-month,Fiber optic,No,Electronic check,Offer annual contract discount + proactive support,78.65
1559-DTODC,0.22460729,0,Low Risk,19,Month-to-month,DSL,No,Bank transfer (automatic),Continue regular engagement,25.15
4797-MIWUM,0.09432485,0,Low Risk,7,Month-to-month,No,No internet service,Bank transfer (automatic),Continue regular engagement,20.25
6959-UWKHF,0.6619839,1,Medium Risk,1,Month-to-month,DSL,No,Electronic check,Offer contract upgrade incentive,42.9
8720-RQSBJ,0.5884387,1,Medium Risk,1,Month-to-month,DSL,No,Electronic check,Offer contract upgrade incentive,44.0
4537-CIBHB,0.061247505,0,Low Risk,9,One year,No,No internet service,Mailed check,Continue regular engagement,20.25
3815-SLMEF,0.3083405,0,Low Risk,3,Month-to-month,DSL,Yes,Mailed check,Continue regular engagement,34.25
5154-VEKBL,0.20383017,0,Low Risk,9,Month-to-month,DSL,Yes,Mailed check,Continue regular engagement,58.5
4324-AHJKS,0.22760342,0,Low Risk,5,Month-to-month,DSL,No,Credit card (automatic),Continue regular engagement,55.8
4355-CVPVS,0.08871899,0,Low Risk,56,One year,Fiber optic,No,Bank transfer (automatic),Continue regular engagement,88.9
4495-LHSSK,0.13162336,0,Low Risk,18,Month-to-month,DSL,No,Mailed check,Continue regular engagement,57.65
5655-JSMZM,0.6363764,1,Medium Risk,49,Month-to-month,Fiber optic,No,Electronic check,Offer contract upgrade incentive,96.2
5915-ANOEI,0.024402348,0,Low Risk,70,Two year,DSL,Yes,Mailed check,Continue regular engagement,79.15
9861-PDSZP,0.03651946,0,Low Risk,72,Two year,Fiber optic,Yes,Credit card (automatic),Continue regular engagement,108.05
4505-EXZHB,0.5408255,1,Medium Risk,6,Month-to-month,Fiber optic,No,Electronic check,Offer contract upgrade incentive,74.4
7225-CBZPL,0.6554764,1,Medium Risk,17,Month-to-month,Fiber optic,No,Electronic check,Offer contract upgrade incentive,94.8
6704-UTUKK,0.3389221,0,Low Risk,29,Month-to-month,DSL,No,Electronic check,Continue regular engagement,45.9
4587-VVTOX,0.8240427,1,High Risk,6,Month-to-month,Fiber optic,No,Electronic check,Offer annual contract discount + proactive support,105.3
2019-HDCZY,0.080714665,0,Low Risk,63,Two year,Fiber optic,No,Electronic check,Continue regular engagement,102.6
4652-NNHNY,0.38116357,1,Medium Risk,16,Month-to-month,Fiber optic,No,Bank transfer (automatic),Offer contract upgrade incentive,73.85
8788-DOXSU,0.07304516,0,Low Risk,59,One year,DSL,No,Bank transfer (automatic),Continue regular engagement,61.35
7404-JLKQG,0.44511014,1,Medium Risk,3,Month-to-month,DSL,No,Electronic check,Offer contract upgrade incentive,57.55
7421-ZLUPA,0.29995218,0,Low Risk,8,Month-to-month,DSL,No,Mailed check,Continue regular engagement,29.25
8972-HJWNV,0.8640808,1,High Risk,7,Month-to-month,Fiber optic,No,Electronic check,Offer annual contract discount + proactive support,84.55
3274-NSDWE,0.008244901,0,Low Risk,68,Two year,No,No internet service,Credit card (automatic),Continue regular engagement,19.6
2632-IVXVF,0.09332305,0,Low Risk,68,Two year,Fiber optic,Yes,Credit card (automatic),Continue regular engagement,111.75
3692-JHONH,0.3697756,1,Medium Risk,52,One year,Fiber optic,No,Electronic check,Monitor customer + targeted engagement,106.5
8915-NNTRC,0.022610847,0,Low Risk,72,Two year,Fiber optic,Yes,Credit card (automatic),Continue regular engagement,107.7
5914-GXMDA,0.011202782,0,Low Risk,32,One year,No,No internet service,Mailed check,Continue regular engagement,19.3
7463-IFMQU,0.007337469,0,Low Risk,72,Two year,No,No internet service,Bank transfer (automatic),Continue regular engagement,20.05
2920-RNCEZ,0.7541991,1,High Risk,1,Month-to-month,Fiber optic,No,Credit card (automatic),Offer annual contract discount + proactive support,69.95
2541-YGPKE,0.08389718,0,Low Risk,42,One year,DSL,Yes,Credit card (automatic),Continue regular engagement,63.7
8515-OCTJS,0.033376046,0,Low Risk,25,Two year,No,No internet service,Credit card (automatic),Continue regular engagement,24.75
5382-TEMLV,0.10617142,0,Low Risk,45,Month-to-month,DSL,No,Bank transfer (automatic),Continue regular engagement,50.9
3441-CGZJH,0.12071198,0,Low Risk,43,One year,DSL,Yes,Credit card (automatic),Continue regular engagement,60.4
9592-ERDKV,0.10791898,0,Low Risk,37,One year,DSL,No,Mailed check,Continue regular engagement,79.25
2860-RANUS,0.4744881,1,Medium Risk,20,Month-to-month,Fiber optic,No,Credit card (automatic),Offer contract upgrade incentive,85.8
5261-QSHQM,0.55392593,1,Medium Risk,4,Month-to-month,DSL,No,Electronic check,Offer contract upgrade incentive,24.45
4778-IZARL,0.0980089,0,Low Risk,63,Two year,Fiber optic,Yes,Credit card (automatic),Continue regular engagement,110.1
0432-CAJZV,0.59318954,1,Medium Risk,3,Month-to-month,Fiber optic,No,Mailed check,Offer contract upgrade incentive,90.7
7008-LZVOZ,0.007387683,0,Low Risk,66,Two year,No,No internet service,Credit card (automatic),Continue regular engagement,25.3
8868-WOZGU,0.5703702,1,Medium Risk,28,Month-to-month,Fiber optic,No,Electronic check,Offer contract upgrade incentive,105.7
1200-TUZHR,0.73991287,1,High Risk,8,Month-to-month,Fiber optic,No,Electronic check,Offer annual contract discount + proactive support,85.2
9365-CSLBQ,0.0063120285,0,Low Risk,71,Two year,No,No internet service,Mailed check,Continue regular engagement,24.35
1334-FJSVR,0.76420015,1,High Risk,1,Month-to-month,DSL,No,Electronic check,Offer annual contract discount + proactive support,24.25
5884-FBCTL,0.0052841627,0,Low Risk,72,Two year,No,No internet service,Bank transfer (automatic),Continue regular engagement,25.1
7130-CTCUS,0.2035048,0,Low Risk,16,Month-to-month,DSL,No,Bank transfer (automatic),Continue regular engagement,54.55
6242-FEGFD,0.017423853,0,Low Risk,66,Two year,Fiber optic,Yes,Mailed check,Continue regular engagement,96.6
7625-XCQRH,0.6226069,1,Medium Risk,11,Month-to-month,Fiber optic,No,Electronic check,Offer contract upgrade incentive,76.5
6194-HBGQN,0.06043876,0,Low Risk,51,One year,DSL,Yes,Credit card (automatic),Continue regular engagement,81.15
7634-WSWDB,0.36189285,1,Medium Risk,8,Month-to-month,DSL,No,Electronic check,Offer contract upgrade incentive,38.5
6986-IXNDM,0.6048718,1,Medium Risk,14,Month-to-month,Fiber optic,No,Electronic check,Offer contract upgrade incentive,92.9
1731-TVIUK,0.8122758,1,High Risk,4,Month-to-month,Fiber optic,Yes,Electronic check,Offer annual contract discount + proactive support,93.5
2987-BJXIK,0.016472153,0,Low Risk,70,Two year,DSL,No,Mailed check,Continue regular engagement,84.7
9769-TSBZE,0.03827172,0,Low Risk,70,Two year,DSL,Yes,Electronic check,Continue regular engagement,66.0
0406-BPDVR,0.27749413,0,Low Risk,54,One year,Fiber optic,No,Credit card (automatic),Continue regular engagement,101.5
0618-XWMSS,0.22053567,0,Low Risk,28,Month-to-month,Fiber optic,No,Bank transfer (automatic),Continue regular engagement,74.9
1395-WSWXR,0.008553845,0,Low Risk,24,Two year,No,No internet service,Mailed check,Continue regular engagement,20.75
6023-GSSXW,0.018067474,0,Low Risk,69,Two year,DSL,No,Credit card (automatic),Continue regular engagement,61.45
6752-APNJL,0.08963909,0,Low Risk,42,Month-to-month,DSL,No,Mailed check,Continue regular engagement,54.5
5276-KQWHG,0.7020616,1,High Risk,2,Month-to-month,Fiber optic,No,Electronic check,Offer annual contract discount + proactive support,69.6
0420-HLGXF,0.6421373,1,Medium Risk,39,Month-to-month,Fiber optic,No,Electronic check,Offer contract upgrade incentive,99.75
7446-KQISO,0.24649143,0,Low Risk,45,Two year,Fiber optic,Yes,Bank transfer (automatic),Continue regular engagement,109.75
9823-EALYC,0.0048143263,0,Low Risk,72,Two year,DSL,Yes,Bank transfer (automatic),Continue regular engagement,80.85
0582-AVCLN,0.010144982,0,Low Risk,38,Two year,No,No internet service,Mailed check,Continue regular engagement,20.3
5803-NQJZO,0.007029417,0,Low Risk,72,Two year,DSL,Yes,Bank transfer (automatic),Continue regular engagement,67.8
2565-JSLRY,0.43844312,1,Medium Risk,1,Month-to-month,No,No internet service,Mailed check,Offer contract upgrade incentive,24.05
2607-DHDAK,0.0080200555,0,Low Risk,72,Two year,No,No internet service,Credit card (automatic),Continue regular engagement,19.8
1073-XXCZD,0.011766626,0,Low Risk,55,Two year,No,No internet service,Bank transfer (automatic),Continue regular engagement,25.7
0743-HRVFF,0.13476159,0,Low Risk,51,One year,DSL,Yes,Electronic check,Continue regular engagement,56.15
4006-HKYHO,0.012657028,0,Low Risk,63,Two year,DSL,Yes,Bank transfer (automatic),Continue regular engagement,86.7
3727-JEZTU,0.26028332,0,Low Risk,1,Month-to-month,No,No internet service,Mailed check,Continue regular engagement,20.4
8143-ETQTI,0.017513921,0,Low Risk,23,Two year,No,No internet service,Mailed check,Continue regular engagement,19.65
6689-KXGBO,0.5257974,1,Medium Risk,1,Month-to-month,DSL,No,Electronic check,Offer contract upgrade incentive,50.55
9667-TKTVZ,0.41262546,1,Medium Risk,2,Month-to-month,DSL,Yes,Mailed check,Offer contract upgrade incentive,54.35
3657-COGMW,0.31536826,0,Low Risk,52,Month-to-month,Fiber optic,No,Credit card (automatic),Continue regular engagement,108.1
8570-KLJYJ,0.032484118,0,Low Risk,36,One year,DSL,No,Mailed check,Continue regular engagement,54.45
7754-IXRMC,0.5317605,1,Medium Risk,1,Month-to-month,DSL,No,Mailed check,Offer contract upgrade incentive,45.35
9473-CBZOP,0.035505023,0,Low Risk,28,One year,DSL,No,Mailed check,Continue regular engagement,59.0
2969-WGHQO,0.0970785,0,Low Risk,7,One year,DSL,No,Electronic check,Continue regular engagement,69.45
6615-NGGZJ,0.7517369,1,High Risk,14,Month-to-month,Fiber optic,No,Electronic check,Offer annual contract discount + proactive support,100.55
4334-HOWRP,0.009816777,0,Low Risk,72,Two year,DSL,Yes,Credit card (automatic),Continue regular engagement,64.95
4255-DDUOU,0.4233542,1,Medium Risk,1,Month-to-month,No,No internet service,Mailed check,Offer contract upgrade incentive,20.5
5863-OOKCL,0.032748427,0,Low Risk,10,Month-to-month,No,No internet service,Mailed check,Continue regular engagement,18.85
1686-STUHN,0.023765698,0,Low Risk,42,One year,No,No internet service,Bank transfer (automatic),Continue regular engagement,19.8
1329-VHWNP,0.22994114,0,Low Risk,7,Month-to-month,DSL,No,Bank transfer (automatic),Continue regular engagement,25.05
2984-MIIZL,0.5967068,1,Medium Risk,4,Month-to-month,Fiber optic,No,Bank transfer (automatic),Offer contract upgrade incentive,74.8
0266-GMEAO,0.011682566,0,Low Risk,72,Two year,Fiber optic,Yes,Credit card (automatic),Continue regular engagement,114.3
5590-YRFJT,0.3866629,1,Medium Risk,20,Month-to-month,DSL,No,Electronic check,Offer contract upgrade incentive,24.45
5574-NXZIU,0.1263456,0,Low Risk,63,Two year,Fiber optic,Yes,Credit card (automatic),Continue regular engagement,109.2
0019-GFNTW,0.014563933,0,Low Risk,56,Two year,DSL,Yes,Bank transfer (automatic),Continue regular engagement,45.05
4256-ZWTZI,0.2839199,0,Low Risk,5,Month-to-month,DSL,Yes,Mailed check,Continue regular engagement,51.0
8309-PPCED,0.018803887,0,Low Risk,72,Two year,Fiber optic,Yes,Bank transfer (automatic),Continue regular engagement,110.45
4098-NAUKP,0.33951953,0,Low Risk,68,Month-to-month,Fiber optic,No,Electronic check,Continue regular engagement,84.65
5196-WPYOW,0.017695772,0,Low Risk,67,One year,DSL,Yes,Mailed check,Continue regular engagement,60.05
4608-LCIMN,0.22495973,0,Low Risk,8,Month-to-month,DSL,No,Bank transfer (automatic),Continue regular engagement,44.65
1485-YDHMM,0.17359695,0,Low Risk,52,Month-to-month,Fiber optic,Yes,Bank transfer (automatic),Continue regular engagement,93.25
4054-CUMIA,0.06575001,0,Low Risk,18,Month-to-month,No,No internet service,Mailed check,Continue regular engagement,20.25
0603-TPMIB,0.00903063,0,Low Risk,59,Two year,No,No internet service,Mailed check,Continue regular engagement,25.45
2525-GVKQU,0.012059573,0,Low Risk,60,Two year,No,No internet service,Mailed check,Continue regular engagement,20.6
8161-QYMTT,0.8378428,1,High Risk,7,Month-to-month,Fiber optic,No,Electronic check,Offer annual contract discount + proactive support,94.1
9581-GVBXT,0.051645957,0,Low Risk,59,One year,DSL,No,Mailed check,Continue regular engagement,34.8
5862-BRIXZ,0.018252466,0,Low Risk,46,Two year,DSL,Yes,Bank transfer (automatic),Continue regular engagement,60.75
5404-GGUKR,0.4156878,1,Medium Risk,5,Month-to-month,DSL,No,Electronic check,Offer contract upgrade incentive,51.35
3308-JSGML,0.022171345,0,Low Risk,59,Two year,DSL,Yes,Credit card (automatic),Continue regular engagement,64.05
2126-GSEGL,0.022135774,0,Low Risk,70,Two year,DSL,Yes,Bank transfer (automatic),Continue regular engagement,84.8
3677-TNKIO,0.37518546,1,Medium Risk,14,Month-to-month,Fiber optic,No,Credit card (automatic),Offer contract upgrade incentive,71.0
0440-QEXBZ,0.13942756,0,Low Risk,44,Month-to-month,DSL,No,Mailed check,Continue regular engagement,50.15
2434-EEVDB,0.048794035,0,Low Risk,64,Two year,Fiber optic,No,Credit card (automatic),Continue regular engagement,94.6
6762-QVYJO,0.01068888,0,Low Risk,58,Two year,DSL,Yes,Mailed check,Continue regular engagement,59.75
6199-IWKGC,0.25881356,0,Low Risk,46,One year,Fiber optic,Yes,Electronic check,Continue regular engagement,100.25
2675-DHUTR,0.52062386,1,Medium Risk,58,Month-to-month,Fiber optic,No,Electronic check,Offer contract upgrade incentive,98.9
8152-VETUR,0.021089796,0,Low Risk,72,Two year,Fiber optic,No,Credit card (automatic),Continue regular engagement,97.7
9667-EQRXU,0.51228917,1,Medium Risk,30,Month-to-month,DSL,No,Electronic check,Offer contract upgrade incentive,40.3
7446-YPODE,0.15754175,0,Low Risk,11,Month-to-month,DSL,No,Bank transfer (automatic),Continue regular engagement,60.25
9522-BNTHX,0.37424475,1,Medium Risk,34,Month-to-month,DSL,No,Electronic check,Offer contract upgrade incentive,56.25
4676-WLUHT,0.032698702,0,Low Risk,54,Two year,DSL,No,Bank transfer (automatic),Continue regular engagement,46.2
3329-WDIOK,0.66542095,1,Medium Risk,3,Month-to-month,DSL,No,Electronic check,Offer contract upgrade incentive,50.6
7980-MHFLQ,0.005240706,0,Low Risk,72,Two year,No,No internet service,Mailed check,Continue regular engagement,24.9
2873-ZLIWT,0.41704908,1,Medium Risk,40,Month-to-month,Fiber optic,Yes,Electronic check,Offer contract upgrade incentive,84.85
3415-TAILE,0.39272237,1,Medium Risk,2,Month-to-month,DSL,No,Mailed check,Offer contract upgrade incentive,65.7
0757-WCUUZ,0.023491157,0,Low Risk,54,Two year,DSL,No,Credit card (automatic),Continue regular engagement,63.35
1629-DQQVB,0.13067007,0,Low Risk,14,Month-to-month,DSL,No,Bank transfer (automatic),Continue regular engagement,50.1
1915-IOFGU,0.7435102,1,High Risk,1,Month-to-month,Fiber optic,No,Electronic check,Offer annual contract discount + proactive support,70.5
3045-XETSH,0.7639168,1,High Risk,10,Month-to-month,Fiber optic,No,Electronic check,Offer annual contract discount + proactive support,94.85
0374-AACSZ,0.3769265,1,Medium Risk,1,Month-to-month,DSL,No,Electronic check,Offer contract upgrade incentive,50.15
7239-HZZCX,0.38229802,1,Medium Risk,1,Month-to-month,No,No internet service,Mailed check,Offer contract upgrade incentive,19.75
4872-VXRIL,0.026281903,0,Low Risk,56,One year,DSL,Yes,Bank transfer (automatic),Continue regular engagement,64.65
9140-CZQZZ,0.020329453,0,Low Risk,68,Two year,DSL,Yes,Bank transfer (automatic),Continue regular engagement,79.6
3423-HHXAO,0.061171412,0,Low Risk,14,One year,No,No internet service,Mailed check,Continue regular engagement,19.5
9938-TKDGL,0.03666719,0,Low Risk,68,Two year,Fiber optic,Yes,Electronic check,Continue regular engagement,99.55
0531-ZZJWQ,0.43454376,1,Medium Risk,55,Month-to-month,Fiber optic,No,Electronic check,Offer contract upgrade incentive,74.0
6537-QLGEX,0.4438448,1,Medium Risk,16,Month-to-month,DSL,No,Electronic check,Offer contract upgrade incentive,38.9
2688-BHGOG,0.61419284,1,Medium Risk,9,Month-to-month,Fiber optic,No,Electronic check,Offer contract upgrade incentive,79.55
7683-CBDKJ,0.25395486,0,Low Risk,14,Month-to-month,DSL,No,Electronic check,Continue regular engagement,65.45
0946-CLJTI,0.6329278,1,Medium Risk,58,Month-to-month,Fiber optic,No,Electronic check,Offer contract upgrade incentive,98.7
3160-TYXLT,0.17186466,0,Low Risk,53,Month-to-month,DSL,No,Bank transfer (automatic),Continue regular engagement,46.3
1325-USMEC,0.056127254,0,Low Risk,70,Two year,Fiber optic,No,Credit card (automatic),Continue regular engagement,99.35
0916-QOFDP,0.7546917,1,High Risk,14,Month-to-month,Fiber optic,No,Electronic check,Offer annual contract discount + proactive support,95.8
0628-CNQRM,0.05537507,0,Low Risk,22,One year,DSL,Yes,Bank transfer (automatic),Continue regular engagement,67.5
5606-AMZBO,0.44658452,1,Medium Risk,10,Month-to-month,Fiber optic,No,Credit card (automatic),Offer contract upgrade incentive,78.15
6199-IPCAO,0.016466329,0,Low Risk,29,Two year,No,No internet service,Mailed check,Continue regular engagement,26.1
7665-TOALD,0.8484485,1,High Risk,1,Month-to-month,Fiber optic,No,Electronic check,Offer annual contract discount + proactive support,69.6
0112-QWPNC,0.12005459,0,Low Risk,49,One year,DSL,Yes,Electronic check,Continue regular engagement,84.35
0324-BRPCJ,0.48285404,1,Medium Risk,68,Month-to-month,Fiber optic,No,Electronic check,Offer contract upgrade incentive,100.2
2777-PHDEI,0.8241421,1,High Risk,1,Month-to-month,Fiber optic,No,Electronic check,Offer annual contract discount + proactive support,78.05
5640-CAXOA,0.13259196,0,Low Risk,30,One year,DSL,Yes,Credit card (automatic),Continue regular engagement,40.35
2235-EZAIK,0.008043259,0,Low Risk,72,Two year,DSL,Yes,Credit card (automatic),Continue regular engagement,79.2
3847-BAERP,0.08491363,0,Low Risk,10,Month-to-month,No,No internet service,Mailed check,Continue regular engagement,20.9
1196-AMORA,0.56632334,1,Medium Risk,7,Month-to-month,Fiber optic,No,Electronic check,Offer contract upgrade incentive,73.6
4282-YMKNA,0.676893,1,Medium Risk,9,Month-to-month,Fiber optic,No,Electronic check,Offer contract upgrade incentive,74.75
1453-RZFON,0.2948054,0,Low Risk,1,Month-to-month,DSL,No,Mailed check,Continue regular engagement,49.9
8263-OKETD,0.1680479,0,Low Risk,20,Month-to-month,DSL,Yes,Credit card (automatic),Continue regular engagement,68.9
0670-KDOMA,0.3483412,0,Low Risk,1,Month-to-month,No,No internet service,Mailed check,Continue regular engagement,20.25
2476-YGEFM,0.34374487,0,Low Risk,29,Month-to-month,Fiber optic,No,Credit card (automatic),Continue regular engagement,76.0
8687-BAFGU,0.5404517,1,Medium Risk,1,Month-to-month,Fiber optic,Yes,Electronic check,Offer contract upgrade incentive,74.0
0641-EVBOJ,0.35939005,1,Medium Risk,3,Month-to-month,Fiber optic,Yes,Mailed check,Offer contract upgrade incentive,82.3
0829-XXPLX,0.30505782,0,Low Risk,20,Month-to-month,Fiber optic,No,Bank transfer (automatic),Continue regular engagement,89.4
9974-JFBHQ,0.13737899,0,Low Risk,64,Month-to-month,Fiber optic,Yes,Credit card (automatic),Continue regular engagement,99.15
5356-RHIPP,0.40515727,1,Medium Risk,1,Month-to-month,No,No internet service,Mailed check,Offer contract upgrade incentive,20.2
6624-JDRDS,0.19064881,0,Low Risk,6,Month-to-month,DSL,No,Bank transfer (automatic),Continue regular engagement,29.45
0608-JDVEC,0.022605779,0,Low Risk,50,Two year,No,No internet service,Electronic check,Continue regular engagement,19.8
9780-FKVVF,0.20582825,0,Low Risk,6,Month-to-month,DSL,No,Bank transfer (automatic),Continue regular engagement,59.15
1919-RTPQD,0.32891083,0,Low Risk,7,Month-to-month,DSL,No,Electronic check,Continue regular engagement,44.75
5214-NLTIT,0.018881237,0,Low Risk,72,Two year,Fiber optic,No,Credit card (automatic),Continue regular engagement,90.8
3345-PBBFH,0.25905478,0,Low Risk,8,Month-to-month,DSL,No,Bank transfer (automatic),Continue regular engagement,49.55
5055-BRMNE,0.07961641,0,Low Risk,67,Two year,Fiber optic,Yes,Credit card (automatic),Continue regular engagement,106.7
9189-JWSHV,0.7260621,1,High Risk,24,Month-to-month,Fiber optic,No,Electronic check,Offer annual contract discount + proactive support,93.55
2190-PHBHR,0.0077962675,0,Low Risk,72,Two year,Fiber optic,No,Credit card (automatic),Continue regular engagement,94.45
2650-GYRYL,0.019888775,0,Low Risk,33,One year,No,No internet service,Bank transfer (automatic),Continue regular engagement,19.45
0746-JTRFU,0.6905619,1,Medium Risk,2,Month-to-month,DSL,No,Electronic check,Offer contract upgrade incentive,25.05
5208-FVQKB,0.015753685,0,Low Risk,70,Two year,DSL,Yes,Mailed check,Continue regular engagement,67.95
7184-LRUUR,0.074470885,0,Low Risk,22,One year,DSL,No,Bank transfer (automatic),Continue regular engagement,65.25
6627-CFOSN,0.21429043,0,Low Risk,59,Month-to-month,Fiber optic,No,Bank transfer (automatic),Continue regular engagement,99.45
3982-JGSFD,0.021504268,0,Low Risk,36,One year,No,No internet service,Credit card (automatic),Continue regular engagement,20.35
1574-DYCWE,0.013145349,0,Low Risk,51,Two year,No,No internet service,Mailed check,Continue regular engagement,19.95
7247-XOZPB,0.0562561,0,Low Risk,53,One year,DSL,Yes,Bank transfer (automatic),Continue regular engagement,77.4
2466-FCCPT,0.043521333,0,Low Risk,20,One year,No,No internet service,Bank transfer (automatic),Continue regular engagement,19.7
6211-WWLTF,0.044776037,0,Low Risk,63,Two year,Fiber optic,No,Credit card (automatic),Continue regular engagement,99.7
4826-TZEVA,0.26315358,0,Low Risk,40,Month-to-month,Fiber optic,No,Credit card (automatic),Continue regular engagement,74.8
6016-NXBNJ,0.01054117,0,Low Risk,35,One year,No,No internet service,Mailed check,Continue regular engagement,19.15
9138-EFSMO,0.11255975,0,Low Risk,26,One year,Fiber optic,No,Bank transfer (automatic),Continue regular engagement,78.95
0576-WNXXC,0.5772358,1,Medium Risk,27,Month-to-month,Fiber optic,No,Electronic check,Offer contract upgrade incentive,95.55
4632-XJMEX,0.03484788,0,Low Risk,53,One year,DSL,Yes,Credit card (automatic),Continue regular engagement,62.85
8910-LEDAG,0.32008526,0,Low Risk,34,Month-to-month,Fiber optic,No,Credit card (automatic),Continue regular engagement,71.55
3452-GWUIN,0.6995155,1,Medium Risk,19,Month-to-month,Fiber optic,No,Electronic check,Offer contract upgrade incentive,94.95
2716-GFZOR,0.17483509,0,Low Risk,43,Month-to-month,Fiber optic,No,Credit card (automatic),Continue regular engagement,86.1
3724-UCSHY,0.07674906,0,Low Risk,6,Month-to-month,No,No internet service,Mailed check,Continue regular engagement,19.55
8626-XHBIE,0.01005984,0,Low Risk,56,Two year,No,No internet service,Mailed check,Continue regular engagement,24.8
4628-CTTLA,0.40912518,1,Medium Risk,57,Month-to-month,DSL,No,Electronic check,Offer contract upgrade incentive,39.3
3192-LNKRK,0.33120728,0,Low Risk,34,Month-to-month,Fiber optic,No,Mailed check,Continue regular engagement,84.05
4439-YRNVD,0.23720378,0,Low Risk,10,Month-to-month,DSL,Yes,Electronic check,Continue regular engagement,36.25
2876-VBBBL,0.3483412,0,Low Risk,1,Month-to-month,No,No internet service,Mailed check,Continue regular engagement,20.25
6834-NXDCA,0.3993354,1,Medium Risk,13,Month-to-month,DSL,No,Electronic check,Offer contract upgrade incentive,23.9
2208-UGTGR,0.3500553,1,Medium Risk,56,Month-to-month,Fiber optic,No,Electronic check,Offer contract upgrade incentive,98.6
3005-TYFRD,0.47397324,1,Medium Risk,55,Month-to-month,Fiber optic,No,Credit card (automatic),Offer contract upgrade incentive,103.65
8670-MEFCP,0.010838567,0,Low Risk,36,Two year,DSL,Yes,Credit card (automatic),Continue regular engagement,92.9
3079-BCHLN,0.02151176,0,Low Risk,47,One year,No,No internet service,Bank transfer (automatic),Continue regular engagement,19.9
7777-UNYHB,0.10948737,0,Low Risk,12,Month-to-month,No,No internet service,Credit card (automatic),Continue regular engagement,20.1
5597-GLBUC,0.8736488,1,High Risk,1,Month-to-month,Fiber optic,No,Electronic check,Offer annual contract discount + proactive support,85.45
7278-CKDNC,0.5341855,1,Medium Risk,24,Month-to-month,Fiber optic,No,Electronic check,Offer contract upgrade incentive,80.5
2748-MYRVK,0.119856104,0,Low Risk,63,One year,Fiber optic,No,Bank transfer (automatic),Continue regular engagement,99.9
8450-UYIBU,0.34603685,0,Low Risk,35,Month-to-month,DSL,No,Electronic check,Continue regular engagement,39.85
2969-VAPYH,0.026631704,0,Low Risk,67,One year,DSL,Yes,Credit card (automatic),Continue regular engagement,60.5
4822-YCXMX,0.5836344,1,Medium Risk,25,Month-to-month,Fiber optic,No,Electronic check,Offer contract upgrade incentive,84.8
7181-OQCUT,0.6174777,1,Medium Risk,21,Month-to-month,Fiber optic,No,Mailed check,Offer contract upgrade incentive,103.85
8474-UMLNT,0.11055721,0,Low Risk,13,Month-to-month,DSL,Yes,Bank transfer (automatic),Continue regular engagement,67.8
9821-POOTN,0.49891517,1,Medium Risk,35,Month-to-month,Fiber optic,No,Electronic check,Offer contract upgrade incentive,75.2
3836-FZSDJ,0.01764453,0,Low Risk,71,Two year,No,No internet service,Bank transfer (automatic),Continue regular engagement,24.85
9142-XMYJH,0.052160993,0,Low Risk,29,Month-to-month,No,No internet service,Credit card (automatic),Continue regular engagement,19.35
6559-ILWKJ,0.18001314,0,Low Risk,71,Two year,DSL,No,Electronic check,Continue regular engagement,49.35
0187-QSXOE,0.74117905,1,High Risk,7,Month-to-month,Fiber optic,No,Electronic check,Offer annual contract discount + proactive support,89.0
7733-UDMTP,0.4141337,1,Medium Risk,57,Month-to-month,DSL,No,Electronic check,Offer contract upgrade incentive,55.0
2649-HWLYB,0.03524881,0,Low Risk,65,Two year,DSL,Yes,Bank transfer (automatic),Continue regular engagement,76.15
5214-CHIWJ,0.01920434,0,Low Risk,27,One year,No,No internet service,Mailed check,Continue regular engagement,20.3
4229-CZMLL,0.71674657,1,High Risk,6,Month-to-month,Fiber optic,No,Electronic check,Offer annual contract discount + proactive support,74.9
6904-JLBGY,0.016454417,0,Low Risk,72,Two year,Fiber optic,Yes,Credit card (automatic),Continue regular engagement,117.35
2465-BLLEU,0.46619684,1,Medium Risk,1,Month-to-month,No,No internet service,Mailed check,Offer contract upgrade incentive,19.75
1685-VAYJF,0.19586076,0,Low Risk,11,Month-to-month,DSL,No,Credit card (automatic),Continue regular engagement,45.2
8874-EJNSR,0.010727979,0,Low Risk,39,Two year,No,No internet service,Mailed check,Continue regular engagement,25.2
6917-YACBP,0.16807081,0,Low Risk,59,Month-to-month,Fiber optic,No,Electronic check,Continue regular engagement,89.75
5049-MUBWG,0.054295473,0,Low Risk,26,One year,DSL,Yes,Bank transfer (automatic),Continue regular engagement,75.0
4223-WOZCM,0.46541658,1,Medium Risk,2,Month-to-month,DSL,No,Mailed check,Offer contract upgrade incentive,49.95
0769-MURVM,0.0039049606,0,Low Risk,72,Two year,DSL,Yes,Bank transfer (automatic),Continue regular engagement,65.7
9253-VIFJQ,0.037386537,0,Low Risk,65,One year,DSL,No,Credit card (automatic),Continue regular engagement,67.05
7030-FZTFM,0.025018297,0,Low Risk,72,Two year,Fiber optic,Yes,Credit card (automatic),Continue regular engagement,110.9
9741-YLNTD,0.7694667,1,High Risk,6,Month-to-month,Fiber optic,Yes,Bank transfer (automatic),Offer annual contract discount + proactive support,87.95
5917-RYRMG,0.016468052,0,Low Risk,32,One year,No,No internet service,Credit card (automatic),Continue regular engagement,19.8
5120-ZBLAI,0.085021004,0,Low Risk,50,One year,DSL,No,Bank transfer (automatic),Continue regular engagement,75.7
1194-BHJYC,0.011208018,0,Low Risk,61,Two year,DSL,Yes,Mailed check,Continue regular engagement,62.15
3663-MITLP,0.594857,1,Medium Risk,15,Month-to-month,Fiber optic,No,Electronic check,Offer contract upgrade incentive,101.25
0906-QVPMS,0.017574405,0,Low Risk,72,Two year,Fiber optic,Yes,Bank transfer (automatic),Continue regular engagement,115.15
9025-ZRPVR,0.048967037,0,Low Risk,9,Month-to-month,No,No internet service,Mailed check,Continue regular engagement,18.95
1905-OEILC,0.39159217,1,Medium Risk,1,Month-to-month,No,No internet service,Mailed check,Offer contract upgrade incentive,19.5
7858-GTZSP,0.71114314,1,High Risk,12,Month-to-month,Fiber optic,No,Electronic check,Offer annual contract discount + proactive support,86.55
3285-UCQVC,0.16946442,0,Low Risk,37,Month-to-month,DSL,Yes,Credit card (automatic),Continue regular engagement,28.6
6248-BSHKG,0.022106707,0,Low Risk,61,One year,No,No internet service,Mailed check,Continue regular engagement,20.4
4685-TFLLS,0.037917815,0,Low Risk,18,One year,No,No internet service,Bank transfer (automatic),Continue regular engagement,19.8
3470-BTGQO,0.1548126,0,Low Risk,21,Month-to-month,DSL,No,Mailed check,Continue regular engagement,45.65
1209-VFFOC,0.008962169,0,Low Risk,68,Two year,DSL,Yes,Mailed check,Continue regular engagement,56.4
8224-DWCKX,0.5295397,1,Medium Risk,12,Month-to-month,Fiber optic,No,Credit card (automatic),Offer contract upgrade incentive,73.3
5482-PLVPE,0.6453635,1,Medium Risk,2,Month-to-month,DSL,No,Electronic check,Offer contract upgrade incentive,24.35
4553-DVPZG,0.40838146,1,Medium Risk,62,Month-to-month,Fiber optic,No,Electronic check,Offer contract upgrade incentive,101.35
4902-OHLSK,0.52513295,1,Medium Risk,29,Month-to-month,Fiber optic,Yes,Electronic check,Offer contract upgrade incentive,98.65
6917-IAYHD,0.31555197,0,Low Risk,1,Month-to-month,DSL,Yes,Mailed check,Continue regular engagement,33.6
0495-ZBNGW,0.73473483,1,High Risk,5,Month-to-month,Fiber optic,No,Bank transfer (automatic),Offer annual contract discount + proactive support,79.9
8620-RJPZN,0.377636,1,Medium Risk,1,Month-to-month,No,No internet service,Electronic check,Offer contract upgrade incentive,20.7
7572-KPVKK,0.3650867,1,Medium Risk,62,Two year,Fiber optic,Yes,Electronic check,Monitor customer + targeted engagement,104.05
2642-MAWLJ,0.009568338,0,Low Risk,36,Two year,No,No internet service,Bank transfer (automatic),Continue regular engagement,20.25
2357-COQEK,0.5900736,1,Medium Risk,28,Month-to-month,Fiber optic,Yes,Electronic check,Offer contract upgrade incentive,103.3
7103-ZGVNT,0.0567834,0,Low Risk,69,One year,DSL,Yes,Credit card (automatic),Continue regular engagement,73.7
3737-GCSPV,0.616943,1,Medium Risk,11,Month-to-month,Fiber optic,Yes,Credit card (automatic),Offer contract upgrade incentive,96.2
2027-WKXMW,0.26514465,0,Low Risk,63,Month-to-month,Fiber optic,Yes,Electronic check,Continue regular engagement,108.75
7137-NAXML,0.015069847,0,Low Risk,23,One year,No,No internet service,Bank transfer (automatic),Continue regular engagement,20.15
2428-ZMCTB,0.089702286,0,Low Risk,10,Month-to-month,No,No internet service,Credit card (automatic),Continue regular engagement,19.75
2961-VNFKL,0.008783027,0,Low Risk,71,Two year,No,No internet service,Credit card (automatic),Continue regular engagement,25.95
1768-HNVGJ,0.14736958,0,Low Risk,45,Month-to-month,DSL,Yes,Electronic check,Continue regular engagement,70.05
6963-KQYQB,0.005186383,0,Low Risk,70,Two year,No,No internet service,Mailed check,Continue regular engagement,24.05
5934-RMPOV,0.594303,1,Medium Risk,22,Month-to-month,Fiber optic,No,Electronic check,Offer contract upgrade incentive,84.75
1207-BLKSA,0.011265118,0,Low Risk,52,Two year,No,No internet service,Mailed check,Continue regular engagement,23.05
4088-YLDSU,0.4639934,1,Medium Risk,55,One year,Fiber optic,Yes,Electronic check,Monitor customer + targeted engagement,104.15
8316-BBQAY,0.013087884,0,Low Risk,65,Two year,DSL,Yes,Credit card (automatic),Continue regular engagement,59.95
1166-PQLGG,0.0054968786,0,Low Risk,72,Two year,No,No internet service,Bank transfer (automatic),Continue regular engagement,19.55
3146-JTQHR,0.034312032,0,Low Risk,10,One year,No,No internet service,Bank transfer (automatic),Continue regular engagement,19.6
4291-YZODP,0.026025888,0,Low Risk,7,One year,No,No internet service,Mailed check,Continue regular engagement,20.05
4395-PZMSN,0.6461796,1,Medium Risk,5,Month-to-month,Fiber optic,No,Electronic check,Offer contract upgrade incentive,85.55
6427-FEFIG,0.01458299,0,Low Risk,24,Two year,DSL,No,Credit card (automatic),Continue regular engagement,78.6
0017-IUDMW,0.012129074,0,Low Risk,72,Two year,Fiber optic,Yes,Credit card (automatic),Continue regular engagement,116.8
8706-HRADD,0.20361601,0,Low Risk,21,Month-to-month,DSL,Yes,Mailed check,Continue regular engagement,43.55
9955-QOPOY,0.076744884,0,Low Risk,69,One year,DSL,Yes,Credit card (automatic),Continue regular engagement,60.8
4385-ZKVNW,0.12129423,0,Low Risk,44,Month-to-month,DSL,Yes,Bank transfer (automatic),Continue regular engagement,54.9
5446-DKWYW,0.08808431,0,Low Risk,61,One year,DSL,No,Electronic check,Continue regular engagement,65.2
2034-CGRHZ,0.64989316,1,Medium Risk,24,Month-to-month,Fiber optic,No,Credit card (automatic),Offer contract upgrade incentive,102.95
5797-APWZC,0.8432658,1,High Risk,1,Month-to-month,Fiber optic,No,Electronic check,Offer annual contract discount + proactive support,90.6
3683-QKIUE,0.3174557,0,Low Risk,6,Month-to-month,DSL,Yes,Bank transfer (automatic),Continue regular engagement,50.8
4228-ZGYUW,0.844875,1,High Risk,4,Month-to-month,Fiber optic,No,Electronic check,Offer annual contract discount + proactive support,90.05
9031-ZVQPT,0.089848205,0,Low Risk,72,Two year,Fiber optic,Yes,Electronic check,Continue regular engagement,108.2
2990-IAJSV,0.0038562575,0,Low Risk,72,Two year,DSL,Yes,Bank transfer (automatic),Continue regular engagement,92.0
8107-KNCIM,0.60851675,1,Medium Risk,14,Month-to-month,Fiber optic,No,Electronic check,Offer contract upgrade incentive,75.1
9027-YFHQJ,0.12075238,0,Low Risk,7,Month-to-month,No,No internet service,Bank transfer (automatic),Continue regular engagement,25.05
5176-LDKUH,0.11270966,0,Low Risk,48,One year,Fiber optic,No,Electronic check,Continue regular engagement,75.15
4644-OBGFZ,0.031027136,0,Low Risk,55,One year,No,No internet service,Mailed check,Continue regular engagement,19.5
7926-IJOOU,0.17539015,0,Low Risk,1,Month-to-month,No,No internet service,Credit card (automatic),Continue regular engagement,19.3
6480-YAGIY,0.20254369,0,Low Risk,45,One year,Fiber optic,Yes,Credit card (automatic),Continue regular engagement,112.2
4029-HPFVY,0.5858738,1,Medium Risk,3,Month-to-month,Fiber optic,No,Mailed check,Offer contract upgrade incentive,70.3
7602-DBTOU,0.011008249,0,Low Risk,71,Two year,No,No internet service,Mailed check,Continue regular engagement,19.6
5345-BMKWB,0.11609216,0,Low Risk,8,Month-to-month,No,No internet service,Mailed check,Continue regular engagement,20.25
3519-ZKXGG,0.8023344,1,High Risk,3,Month-to-month,Fiber optic,No,Electronic check,Offer annual contract discount + proactive support,75.85
5457-COLHT,0.014487797,0,Low Risk,69,Two year,DSL,Yes,Bank transfer (automatic),Continue regular engagement,80.65
6416-TVAIH,0.81249565,1,High Risk,1,Month-to-month,Fiber optic,No,Electronic check,Offer annual contract discount + proactive support,68.5
5451-YHYPW,0.015037544,0,Low Risk,72,Two year,Fiber optic,Yes,Credit card (automatic),Continue regular engagement,115.75
5108-ADXWO,0.43127218,1,Medium Risk,11,Month-to-month,Fiber optic,No,Electronic check,Offer contract upgrade incentive,73.5
7998-WNZEM,0.0067780763,0,Low Risk,71,Two year,DSL,Yes,Bank transfer (automatic),Continue regular engagement,80.6
3066-RRJIO,0.77333504,1,High Risk,1,Month-to-month,Fiber optic,No,Mailed check,Offer annual contract discount + proactive support,69.95
4664-NJCMS,0.018471634,0,Low Risk,33,Two year,DSL,Yes,Bank transfer (automatic),Continue regular engagement,59.55
0307-BCOPK,0.017582055,0,Low Risk,16,One year,No,No internet service,Mailed check,Continue regular engagement,19.05
7629-WFGLW,0.0745968,0,Low Risk,56,One year,Fiber optic,Yes,Electronic check,Continue regular engagement,95.65
2542-HYGIQ,0.34007147,0,Low Risk,1,Month-to-month,No,No internet service,Credit card (automatic),Continue regular engagement,19.95
6715-OFDBP,0.44608867,1,Medium Risk,5,Month-to-month,DSL,No,Electronic check,Offer contract upgrade incentive,70.05
5016-LIPDW,0.044619594,0,Low Risk,57,One year,No,No internet service,Mailed check,Continue regular engagement,19.4
6481-LXPWL,0.061169807,0,Low Risk,56,One year,DSL,No,Credit card (automatic),Continue regular engagement,36.1
1567-DSCIC,0.782346,1,High Risk,8,Month-to-month,Fiber optic,No,Electronic check,Offer annual contract discount + proactive support,94.0
2150-UWTFY,0.12847652,0,Low Risk,22,Month-to-month,DSL,No,Mailed check,Continue regular engagement,61.15
6124-ACRHJ,0.38926667,1,Medium Risk,1,Month-to-month,No,No internet service,Mailed check,Offer contract upgrade incentive,19.75
9362-MWODR,0.12661137,0,Low Risk,40,Month-to-month,DSL,Yes,Credit card (automatic),Continue regular engagement,64.1
9975-GPKZU,0.008097548,0,Low Risk,46,Two year,No,No internet service,Credit card (automatic),Continue regular engagement,19.75
9625-RZFUK,0.010054889,0,Low Risk,63,Two year,No,No internet service,Mailed check,Continue regular engagement,19.7
5153-LXKDT,0.121096425,0,Low Risk,68,Two year,Fiber optic,No,Electronic check,Continue regular engagement,110.2
5161-UBZXI,0.07213113,0,Low Risk,69,Two year,Fiber optic,Yes,Credit card (automatic),Continue regular engagement,106.35
1020-JPQOW,0.1593043,0,Low Risk,56,Month-to-month,Fiber optic,Yes,Electronic check,Continue regular engagement,90.55
7919-ZODZZ,0.173974,0,Low Risk,10,One year,DSL,No,Mailed check,Continue regular engagement,65.9
0565-JUPYD,0.08639888,0,Low Risk,63,One year,Fiber optic,Yes,Credit card (automatic),Continue regular engagement,104.5
6867-ACCZI,0.021632079,0,Low Risk,24,Two year,DSL,Yes,Mailed check,Continue regular engagement,52.5
5939-XAIXZ,0.27592552,0,Low Risk,19,Month-to-month,DSL,No,Mailed check,Continue regular engagement,56.1
9054-FOWNV,0.59489083,1,Medium Risk,22,Month-to-month,Fiber optic,No,Electronic check,Offer contract upgrade incentive,88.75
2683-BPJSO,0.41153744,1,Medium Risk,29,Month-to-month,Fiber optic,No,Electronic check,Offer contract upgrade incentive,84.45
2157-MXBJS,0.23113239,0,Low Risk,13,One year,DSL,No,Mailed check,Continue regular engagement,75.3
8207-VVMYB,0.013054618,0,Low Risk,70,Two year,No,No internet service,Bank transfer (automatic),Continue regular engagement,26.0
9732-EQMWY,0.33021626,0,Low Risk,49,Month-to-month,Fiber optic,No,Electronic check,Continue regular engagement,99.4
9360-AHGNL,0.32016897,0,Low Risk,43,One year,Fiber optic,Yes,Mailed check,Continue regular engagement,109.55
1087-UDSIH,0.19109711,0,Low Risk,3,Month-to-month,No,No internet service,Mailed check,Continue regular engagement,19.6
5269-NRGDP,0.10993839,0,Low Risk,42,One year,DSL,Yes,Electronic check,Continue regular engagement,73.15
6195-MELTI,0.040856965,0,Low Risk,57,One year,DSL,Yes,Mailed check,Continue regular engagement,54.65
5485-WUYWF,0.47939476,1,Medium Risk,2,Month-to-month,DSL,No,Bank transfer (automatic),Offer contract upgrade incentive,66.4
2121-JAFOM,0.015172024,0,Low Risk,72,Two year,Fiber optic,Yes,Credit card (automatic),Continue regular engagement,115.55
8818-DOPVL,0.5834068,1,Medium Risk,46,Month-to-month,Fiber optic,No,Electronic check,Offer contract upgrade incentive,104.45
2632-UCGVD,0.48280203,1,Medium Risk,66,Month-to-month,Fiber optic,Yes,Credit card (automatic),Offer contract upgrade incentive,100.05
5445-PZWGX,0.11714217,0,Low Risk,62,One year,Fiber optic,Yes,Electronic check,Continue regular engagement,102.0
1227-UDMZR,0.0035327743,0,Low Risk,72,Two year,DSL,Yes,Bank transfer (automatic),Continue regular engagement,91.15
5198-HQAEN,0.12612203,0,Low Risk,35,One year,Fiber optic,Yes,Electronic check,Continue regular engagement,89.7
9170-CCKOU,0.24862584,0,Low Risk,17,Month-to-month,Fiber optic,No,Credit card (automatic),Continue regular engagement,90.2
2167-FQSTQ,0.00626483,0,Low Risk,72,Two year,DSL,Yes,Electronic check,Continue regular engagement,92.4
2819-GWENI,0.03198745,0,Low Risk,28,One year,No,No internet service,Mailed check,Continue regular engagement,19.9
1043-YCUTE,0.020433644,0,Low Risk,56,Two year,No,No internet service,Credit card (automatic),Continue regular engagement,25.15
3814-MLAXC,0.36223763,1,Medium Risk,31,Month-to-month,Fiber optic,Yes,Credit card (automatic),Offer contract upgrade incentive,79.85
3572-UUHRS,0.011762379,0,Low Risk,45,One year,No,No internet service,Bank transfer (automatic),Continue regular engagement,18.85
2692-PFYTJ,0.2715204,0,Low Risk,1,Month-to-month,No,No internet service,Mailed check,Continue regular engagement,25.75
1226-UDFZR,0.43743095,1,Medium Risk,2,Month-to-month,DSL,No,Mailed check,Offer contract upgrade incentive,49.6
5955-EPOAZ,0.08603234,0,Low Risk,6,Month-to-month,No,No internet service,Mailed check,Continue regular engagement,20.95
6821-JPCDC,0.19484757,0,Low Risk,48,One year,Fiber optic,No,Electronic check,Continue regular engagement,97.05
8815-LMFLX,0.090979904,0,Low Risk,25,Month-to-month,No,No internet service,Bank transfer (automatic),Continue regular engagement,25.4
9135-HSWOC,0.015613726,0,Low Risk,64,Two year,No,No internet service,Bank transfer (automatic),Continue regular engagement,19.7
8582-KRHPJ,0.12700756,0,Low Risk,50,Month-to-month,DSL,No,Mailed check,Continue regular engagement,35.0
5811-IWXYM,0.19033068,0,Low Risk,52,One year,Fiber optic,No,Bank transfer (automatic),Continue regular engagement,101.25
7044-YAACC,0.6134327,1,Medium Risk,4,Month-to-month,Fiber optic,No,Electronic check,Offer contract upgrade incentive,70.2
8189-XRIKE,0.41081527,1,Medium Risk,32,Month-to-month,Fiber optic,No,Electronic check,Offer contract upgrade incentive,90.95
1506-YJTYT,0.01674676,0,Low Risk,45,Two year,DSL,Yes,Credit card (automatic),Continue regular engagement,73.85
4123-DVHPH,0.52962387,1,Medium Risk,9,Month-to-month,Fiber optic,No,Electronic check,Offer contract upgrade incentive,88.05
6425-YQLLO,0.2942513,0,Low Risk,66,One year,Fiber optic,Yes,Credit card (automatic),Continue regular engagement,105.95
5442-UTCVD,0.7247935,1,High Risk,3,Month-to-month,Fiber optic,No,Electronic check,Offer annual contract discount + proactive support,91.85
2228-BZDEE,0.022830553,0,Low Risk,54,Two year,No,No internet service,Mailed check,Continue regular engagement,20.1
7734-DBOAI,0.47133154,1,Medium Risk,1,Month-to-month,DSL,Yes,Electronic check,Offer contract upgrade incentive,40.1
2789-CZANW,0.03948309,0,Low Risk,64,Two year,Fiber optic,Yes,Bank transfer (automatic),Continue regular engagement,110.3
2091-RFFBA,0.50048405,1,Medium Risk,31,Month-to-month,Fiber optic,No,Electronic check,Offer contract upgrade incentive,73.9
2114-MGINA,0.53167063,1,Medium Risk,14,Month-to-month,Fiber optic,No,Mailed check,Offer contract upgrade incentive,89.8
7596-LDUXP,0.15956499,0,Low Risk,12,One year,Fiber optic,No,Credit card (automatic),Continue regular engagement,85.15
3740-RLMVT,0.028487416,0,Low Risk,67,One year,DSL,Yes,Bank transfer (automatic),Continue regular engagement,60.95
4489-SNOJF,0.11915334,0,Low Risk,35,Month-to-month,DSL,Yes,Electronic check,Continue regular engagement,72.25
2192-OZITF,0.013182076,0,Low Risk,45,Two year,DSL,Yes,Mailed check,Continue regular engagement,73.55
5651-CPDND,0.2111788,0,Low Risk,10,Month-to-month,DSL,No,Mailed check,Continue regular engagement,46.0
2186-QZEYA,0.12024471,0,Low Risk,29,Month-to-month,DSL,No,Bank transfer (automatic),Continue regular engagement,58.55
1131-ALZWV,0.029412163,0,Low Risk,24,One year,No,No internet service,Bank transfer (automatic),Continue regular engagement,24.6
7729-XBTWX,0.009529208,0,Low Risk,66,Two year,No,No internet service,Mailed check,Continue regular engagement,19.75
9134-WYRVP,0.052043285,0,Low Risk,51,One year,Fiber optic,No,Mailed check,Continue regular engagement,86.35
3284-SVCRO,0.013765949,0,Low Risk,45,Two year,No,No internet service,Mailed check,Continue regular engagement,25.5
9732-OUYRN,0.010720659,0,Low Risk,49,One year,No,No internet service,Credit card (automatic),Continue regular engagement,19.0
0559-CKHUS,0.0118112005,0,Low Risk,29,Two year,No,No internet service,Mailed check,Continue regular engagement,19.55
2931-SVLTV,0.33762127,0,Low Risk,40,Month-to-month,Fiber optic,Yes,Credit card (automatic),Continue regular engagement,110.1
6899-PPEEA,0.6249807,1,Medium Risk,37,Month-to-month,Fiber optic,No,Electronic check,Offer contract upgrade incentive,96.55
7504-UWHNB,0.27855524,0,Low Risk,25,Month-to-month,Fiber optic,No,Electronic check,Continue regular engagement,69.75
2582-FFFZR,0.5371099,1,Medium Risk,22,Month-to-month,DSL,No,Electronic check,Offer contract upgrade incentive,50.6
8908-NMQTX,0.005639392,0,Low Risk,72,Two year,DSL,Yes,Bank transfer (automatic),Continue regular engagement,65.6
2187-LZGPL,0.38795856,1,Medium Risk,7,Month-to-month,DSL,No,Credit card (automatic),Offer contract upgrade incentive,40.1
1431-AIDJQ,0.018260568,0,Low Risk,33,Two year,DSL,Yes,Credit card (automatic),Continue regular engagement,82.1
6288-LBEAR,0.2168107,0,Low Risk,23,Month-to-month,Fiber optic,Yes,Mailed check,Continue regular engagement,79.1
4597-NUCQV,0.7465912,1,High Risk,24,Month-to-month,Fiber optic,No,Electronic check,Offer annual contract discount + proactive support,101.25
9019-QVLZD,0.8449804,1,High Risk,1,Month-to-month,Fiber optic,No,Electronic check,Offer annual contract discount + proactive support,79.55
8413-YNHNV,0.012833587,0,Low Risk,69,Two year,DSL,Yes,Mailed check,Continue regular engagement,90.65
5808-TOTXO,0.061860155,0,Low Risk,3,One year,No,No internet service,Credit card (automatic),Continue regular engagement,20.55
4369-NYSCF,0.0694845,0,Low Risk,56,One year,DSL,Yes,Bank transfer (automatic),Continue regular engagement,75.75
6333-YDVLT,0.17872176,0,Low Risk,65,One year,Fiber optic,Yes,Credit card (automatic),Continue regular engagement,110.0
5324-KTGCG,0.01931075,0,Low Risk,71,One year,No,No internet service,Electronic check,Continue regular engagement,20.85
5599-HVLTW,0.52946126,1,Medium Risk,14,Month-to-month,Fiber optic,No,Bank transfer (automatic),Offer contract upgrade incentive,80.35
7394-LWLYN,0.6495287,1,Medium Risk,2,Month-to-month,Fiber optic,No,Electronic check,Offer contract upgrade incentive,70.15
3707-LRWZD,0.23440357,0,Low Risk,32,One year,Fiber optic,No,Electronic check,Continue regular engagement,84.05
6873-UDNLD,0.13977118,0,Low Risk,40,Month-to-month,DSL,No,Electronic check,Continue regular engagement,67.45
2700-LUEVA,0.27945238,0,Low Risk,1,Month-to-month,No,No internet service,Credit card (automatic),Continue regular engagement,20.75
1455-ESIQH,0.8543124,1,High Risk,1,Month-to-month,Fiber optic,No,Electronic check,Offer annual contract discount + proactive support,89.1
0958-YHXGP,0.54211444,1,Medium Risk,7,Month-to-month,Fiber optic,No,Mailed check,Offer contract upgrade incentive,69.9
1101-SSWAG,0.47424313,1,Medium Risk,15,Month-to-month,DSL,No,Electronic check,Offer contract upgrade incentive,51.1
2979-SXESE,0.53356886,1,Medium Risk,17,Month-to-month,Fiber optic,No,Electronic check,Offer contract upgrade incentive,94.4
4013-TLDHQ,0.48153824,1,Medium Risk,19,Month-to-month,Fiber optic,No,Electronic check,Offer contract upgrade incentive,78.25
5743-KHMNA,0.012029648,0,Low Risk,71,Two year,No,No internet service,Bank transfer (automatic),Continue regular engagement,25.55
4194-FJARJ,0.017812122,0,Low Risk,54,Two year,DSL,Yes,Bank transfer (automatic),Continue regular engagement,60.0
5325-UWTWJ,0.1705459,0,Low Risk,31,Month-to-month,Fiber optic,Yes,Credit card (automatic),Continue regular engagement,90.55
3969-GYXEL,0.31120998,0,Low Risk,11,Month-to-month,Fiber optic,No,Electronic check,Continue regular engagement,76.4
9208-OLGAQ,0.5299385,1,Medium Risk,18,Month-to-month,Fiber optic,No,Electronic check,Offer contract upgrade incentive,84.95
3244-CQPHU,0.012157434,0,Low Risk,72,Two year,Fiber optic,Yes,Bank transfer (automatic),Continue regular engagement,110.1
2674-MLXMN,0.17366138,0,Low Risk,71,Month-to-month,Fiber optic,No,Credit card (automatic),Continue regular engagement,99.65
9708-HPXWZ,0.32352725,0,Low Risk,5,Month-to-month,DSL,Yes,Credit card (automatic),Continue regular engagement,45.4
6992-TKNYO,0.09928602,0,Low Risk,38,One year,DSL,Yes,Credit card (automatic),Continue regular engagement,69.0
4468-YDOVK,0.29647064,0,Low Risk,5,Month-to-month,DSL,Yes,Bank transfer (automatic),Continue regular engagement,48.65
3754-DXMRT,0.67481023,1,Medium Risk,2,Month-to-month,DSL,No,Electronic check,Offer contract upgrade incentive,44.15
5792-JALQC,0.033028174,0,Low Risk,52,Two year,DSL,No,Bank transfer (automatic),Continue regular engagement,59.85
7130-VTEWQ,0.7208616,1,High Risk,8,Month-to-month,Fiber optic,No,Electronic check,Offer annual contract discount + proactive support,75.75
2200-DSAAL,0.134611,0,Low Risk,68,Two year,DSL,No,Electronic check,Continue regular engagement,80.65
4302-ZYFEL,0.012542238,0,Low Risk,69,One year,No,No internet service,Credit card (automatic),Continue regular engagement,20.55
9351-LZYGF,0.11828722,0,Low Risk,42,Month-to-month,DSL,Yes,Credit card (automatic),Continue regular engagement,66.4
4366-CTOUZ,0.042102724,0,Low Risk,50,Two year,Fiber optic,Yes,Mailed check,Continue regular engagement,100.2
6121-VZNQB,0.29121974,0,Low Risk,1,Month-to-month,No,No internet service,Mailed check,Continue regular engagement,19.1
7903-CMPEY,0.8264714,1,High Risk,1,Month-to-month,Fiber optic,No,Electronic check,Offer annual contract discount + proactive support,80.3
1518-OMDIK,0.11600547,0,Low Risk,33,Month-to-month,DSL,No,Credit card (automatic),Continue regular engagement,44.55
6671-NGWON,0.081630714,0,Low Risk,7,Month-to-month,No,No internet service,Mailed check,Continue regular engagement,20.35
0595-ITUDF,0.15576454,0,Low Risk,64,Month-to-month,Fiber optic,No,Electronic check,Continue regular engagement,91.8
6996-KNSML,0.8246895,1,High Risk,1,Month-to-month,Fiber optic,No,Electronic check,Offer annual contract discount + proactive support,74.9
1955-IBMMB,0.021196147,0,Low Risk,59,Two year,No,No internet service,Bank transfer (automatic),Continue regular engagement,20.2
0096-BXERS,0.3729753,1,Medium Risk,6,Month-to-month,DSL,No,Electronic check,Offer contract upgrade incentive,50.35
3806-YAZOV,0.063770756,0,Low Risk,3,Month-to-month,No,No internet service,Mailed check,Continue regular engagement,18.8
7998-ZLXWN,0.067253694,0,Low Risk,15,Month-to-month,No,No internet service,Credit card (automatic),Continue regular engagement,20.45
6253-WRFHY,0.21010222,0,Low Risk,13,One year,DSL,No,Electronic check,Continue regular engagement,64.75
9133-AYJZG,0.58098483,1,Medium Risk,23,Month-to-month,Fiber optic,No,Credit card (automatic),Offer contract upgrade incentive,98.7
2675-OTVVJ,0.33782035,0,Low Risk,31,Month-to-month,Fiber optic,No,Electronic check,Continue regular engagement,89.45
8680-CGLTP,0.05716062,0,Low Risk,29,One year,DSL,Yes,Electronic check,Continue regular engagement,58.75
8430-TWCBX,0.022919528,0,Low Risk,49,One year,No,No internet service,Credit card (automatic),Continue regular engagement,20.7
5018-GWURO,0.338339,0,Low Risk,56,Month-to-month,Fiber optic,No,Bank transfer (automatic),Continue regular engagement,85.6
6741-QRLUP,0.016873406,0,Low Risk,63,Two year,DSL,Yes,Credit card (automatic),Continue regular engagement,80.3
4737-HOBAX,0.027298145,0,Low Risk,63,Two year,DSL,Yes,Credit card (automatic),Continue regular engagement,79.8
0537-QYZZN,0.38991806,1,Medium Risk,24,Month-to-month,Fiber optic,No,Electronic check,Offer contract upgrade incentive,79.85
3340-QBBFM,0.042038962,0,Low Risk,36,One year,DSL,Yes,Credit card (automatic),Continue regular engagement,54.1
1704-NRWYE,0.66491807,1,Medium Risk,9,Month-to-month,Fiber optic,No,Electronic check,Offer contract upgrade incentive,80.85
2592-SEIFQ,0.51479155,1,Medium Risk,3,Month-to-month,DSL,No,Electronic check,Offer contract upgrade incentive,24.75
8200-KLNYW,0.0943062,0,Low Risk,21,One year,DSL,Yes,Mailed check,Continue regular engagement,80.9
3372-CDXFJ,0.03468504,0,Low Risk,13,One year,No,No internet service,Bank transfer (automatic),Continue regular engagement,24.5
4781-ZXYGU,0.47402093,1,Medium Risk,1,Month-to-month,No,No internet service,Bank transfer (automatic),Offer contract upgrade incentive,20.15
7632-YUTXB,0.0225481,0,Low Risk,25,One year,No,No internet service,Mailed check,Continue regular engagement,20.05
2718-YSKCS,0.015562973,0,Low Risk,71,Two year,No,No internet service,Bank transfer (automatic),Continue regular engagement,19.6
9896-UYMIE,0.19375588,0,Low Risk,66,One year,Fiber optic,Yes,Bank transfer (automatic),Continue regular engagement,114.3
0853-NWIFK,0.15640478,0,Low Risk,45,One year,Fiber optic,No,Electronic check,Continue regular engagement,100.3
8212-CRQXP,0.3387264,0,Low Risk,22,Month-to-month,Fiber optic,No,Credit card (automatic),Continue regular engagement,80.0
6980-CDGFC,0.020680431,0,Low Risk,67,One year,No,No internet service,Bank transfer (automatic),Continue regular engagement,20.85
7691-XVTZH,0.055179406,0,Low Risk,68,Two year,Fiber optic,No,Bank transfer (automatic),Continue regular engagement,89.95
2520-SGTTA,0.06372102,0,Low Risk,0,Two year,No,No internet service,Mailed check,Continue regular engagement,20.0
7481-ATQQS,0.3534035,1,Medium Risk,49,Month-to-month,Fiber optic,No,Credit card (automatic),Offer contract upgrade incentive,90.85
2277-VWCNI,0.40645853,1,Medium Risk,4,Month-to-month,DSL,No,Mailed check,Offer contract upgrade incentive,48.75
1088-CNNKB,0.060942702,0,Low Risk,63,One year,DSL,Yes,Credit card (automatic),Continue regular engagement,80.0
8642-GVWRF,0.6832946,1,Medium Risk,2,Month-to-month,Fiber optic,No,Bank transfer (automatic),Offer contract upgrade incentive,79.7
1930-BZLHI,0.03318228,0,Low Risk,21,One year,No,No internet service,Mailed check,Continue regular engagement,20.35
3400-ESFUW,0.010748545,0,Low Risk,55,Two year,DSL,Yes,Bank transfer (automatic),Continue regular engagement,57.55
5868-YTYKS,0.2991012,0,Low Risk,1,Month-to-month,No,No internet service,Mailed check,Continue regular engagement,20.25
3525-DVKFN,0.019626886,0,Low Risk,17,Two year,No,No internet service,Mailed check,Continue regular engagement,19.4
1482-OXZSY,0.33345965,0,Low Risk,30,Month-to-month,Fiber optic,No,Bank transfer (automatic),Continue regular engagement,100.4
0377-JBKKT,0.10432527,0,Low Risk,22,Month-to-month,DSL,Yes,Mailed check,Continue regular engagement,57.95
5778-BVOFB,0.23163971,0,Low Risk,9,Month-to-month,DSL,Yes,Bank transfer (automatic),Continue regular engagement,59.5
3373-YZZYM,0.18598461,0,Low Risk,1,Month-to-month,No,No internet service,Mailed check,Continue regular engagement,19.2
2057-ZBLPD,0.6013042,1,Medium Risk,21,Month-to-month,Fiber optic,No,Electronic check,Offer contract upgrade incentive,86.5
0228-MAUWC,0.3086074,0,Low Risk,19,Month-to-month,DSL,Yes,Electronic check,Continue regular engagement,59.55
5502-RLUYV,0.46117657,1,Medium Risk,69,Month-to-month,Fiber optic,No,Electronic check,Offer contract upgrade incentive,103.95
0023-HGHWL,0.85071075,1,High Risk,1,Month-to-month,DSL,No,Electronic check,Offer annual contract discount + proactive support,25.1
7663-YJHSN,0.012187776,0,Low Risk,72,Two year,Fiber optic,Yes,Bank transfer (automatic),Continue regular engagement,103.95
4915-BFSXL,0.039630324,0,Low Risk,70,Two year,DSL,No,Credit card (automatic),Continue regular engagement,68.95
3086-RUCRN,0.13787085,0,Low Risk,66,Month-to-month,Fiber optic,Yes,Bank transfer (automatic),Continue regular engagement,103.1
5215-LNLDJ,0.39595628,1,Medium Risk,7,Month-to-month,DSL,No,Electronic check,Offer contract upgrade incentive,24.7
7576-JMYWV,0.28446501,0,Low Risk,46,Month-to-month,Fiber optic,Yes,Electronic check,Continue regular engagement,110.2
9039-RBEEE,0.12490465,0,Low Risk,39,Month-to-month,DSL,Yes,Credit card (automatic),Continue regular engagement,48.95
0257-KXZGU,0.10054559,0,Low Risk,32,Month-to-month,DSL,No,Bank transfer (automatic),Continue regular engagement,62.45
1307-ATKGB,0.45385787,1,Medium Risk,24,Month-to-month,Fiber optic,No,Electronic check,Offer contract upgrade incentive,89.55
8417-FMLZI,0.6209782,1,Medium Risk,6,Month-to-month,Fiber optic,No,Credit card (automatic),Offer contract upgrade incentive,83.55
3714-XPXBW,0.15888283,0,Low Risk,37,Month-to-month,DSL,Yes,Credit card (automatic),Continue regular engagement,78.9
1850-AKQEP,0.06917672,0,Low Risk,8,Month-to-month,No,No internet service,Mailed check,Continue regular engagement,20.35
2824-DXNKN,0.010742726,0,Low Risk,72,Two year,DSL,No,Bank transfer (automatic),Continue regular engagement,71.45
5227-JSCFE,0.023519948,0,Low Risk,71,Two year,DSL,Yes,Credit card (automatic),Continue regular engagement,46.35
0848-ZGQIJ,0.52006596,1,Medium Risk,16,Month-to-month,Fiber optic,No,Bank transfer (automatic),Offer contract upgrade incentive,94.65
3621-CHYVB,0.095644414,0,Low Risk,57,Month-to-month,DSL,Yes,Bank transfer (automatic),Continue regular engagement,49.9
8042-RNLKO,0.013943609,0,Low Risk,66,One year,No,No internet service,Bank transfer (automatic),Continue regular engagement,25.45
1792-UXAFY,0.53117025,1,Medium Risk,17,Month-to-month,Fiber optic,No,Electronic check,Offer contract upgrade incentive,89.15
5372-FBKBN,0.045090813,0,Low Risk,21,Month-to-month,No,No internet service,Mailed check,Continue regular engagement,20.75
0420-TXVSG,0.01661801,0,Low Risk,66,Two year,DSL,No,Credit card (automatic),Continue regular engagement,66.1
6217-TOWGS,0.23478632,0,Low Risk,17,Month-to-month,DSL,No,Bank transfer (automatic),Continue regular engagement,75.4
0515-YPMCW,0.74060136,1,High Risk,1,Month-to-month,Fiber optic,No,Mailed check,Offer annual contract discount + proactive support,70.45
0378-XSZPU,0.045881573,0,Low Risk,58,One year,DSL,No,Credit card (automatic),Continue regular engagement,60.3
1045-LTCYT,0.06875466,0,Low Risk,8,Month-to-month,No,No internet service,Credit card (automatic),Continue regular engagement,21.05
1544-JJMYL,0.031103382,0,Low Risk,27,One year,DSL,Yes,Credit card (automatic),Continue regular engagement,69.35
4636-JGAAI,0.25761032,0,Low Risk,34,Month-to-month,Fiber optic,No,Mailed check,Continue regular engagement,88.85
6874-SGLHU,0.2128314,0,Low Risk,30,One year,Fiber optic,No,Bank transfer (automatic),Continue regular engagement,97.0
5951-AOFIH,0.19632345,0,Low Risk,33,Month-to-month,DSL,No,Credit card (automatic),Continue regular engagement,66.4
4729-XKASR,0.61525905,1,Medium Risk,1,Month-to-month,DSL,No,Electronic check,Offer contract upgrade incentive,24.75
3059-NGMXB,0.11744661,0,Low Risk,14,Month-to-month,DSL,No,Mailed check,Continue regular engagement,69.2
8652-YHIYU,0.15847574,0,Low Risk,16,One year,Fiber optic,Yes,Credit card (automatic),Continue regular engagement,79.5
5278-PNYOX,0.053633988,0,Low Risk,49,Two year,Fiber optic,Yes,Credit card (automatic),Continue regular engagement,100.65
5449-FIBXJ,0.60879445,1,Medium Risk,19,Month-to-month,Fiber optic,Yes,Electronic check,Offer contract upgrade incentive,103.3
3486-HOOGQ,0.018832302,0,Low Risk,70,Two year,DSL,Yes,Bank transfer (automatic),Continue regular engagement,79.7
5061-PBXFW,0.059825785,0,Low Risk,32,Month-to-month,DSL,Yes,Bank transfer (automatic),Continue regular engagement,61.4
8630-FJLIB,0.43783405,1,Medium Risk,18,Month-to-month,Fiber optic,No,Electronic check,Offer contract upgrade incentive,69.8
3891-NLXJB,0.018390676,0,Low Risk,37,Two year,DSL,Yes,Mailed check,Continue regular engagement,40.55
4749-OJKQU,0.71129113,1,High Risk,4,Month-to-month,Fiber optic,No,Electronic check,Offer annual contract discount + proactive support,75.65
0577-WHMEV,0.3211871,0,Low Risk,16,Month-to-month,Fiber optic,No,Electronic check,Continue regular engagement,90.7
5453-AXEPF,0.379641,1,Medium Risk,17,Month-to-month,Fiber optic,No,Bank transfer (automatic),Offer contract upgrade incentive,80.5
3639-XJHKQ,0.214687,0,Low Risk,19,Month-to-month,DSL,No,Electronic check,Continue regular engagement,60.6
3716-LRGXK,0.0798914,0,Low Risk,60,Two year,Fiber optic,No,Credit card (automatic),Continue regular engagement,101.15
2263-SFSQZ,0.013755751,0,Low Risk,51,Two year,No,No internet service,Mailed check,Continue regular engagement,24.95
9950-MTGYX,0.008986129,0,Low Risk,28,Two year,No,No internet service,Credit card (automatic),Continue regular engagement,20.3
3397-AVTKU,0.051927965,0,Low Risk,43,Two year,DSL,No,Electronic check,Continue regular engagement,60.0
4825-FUREZ,0.015510848,0,Low Risk,42,Two year,No,No internet service,Electronic check,Continue regular engagement,20.25
9837-BMCLM,0.70559484,1,High Risk,3,Month-to-month,Fiber optic,No,Electronic check,Offer annual contract discount + proactive support,78.5
2672-OJQZP,0.4526888,1,Medium Risk,1,Month-to-month,DSL,No,Mailed check,Offer contract upgrade incentive,44.75
0137-UDEUO,0.15689023,0,Low Risk,3,Month-to-month,No,No internet service,Mailed check,Continue regular engagement,19.85
3134-DSHVC,0.025118362,0,Low Risk,63,Two year,Fiber optic,No,Credit card (automatic),Continue regular engagement,98.0
6161-UUUTA,0.7605274,1,High Risk,3,Month-to-month,Fiber optic,No,Electronic check,Offer annual contract discount + proactive support,79.9
7821-DPRQE,0.3471371,0,Low Risk,68,Month-to-month,Fiber optic,Yes,Electronic check,Continue regular engagement,107.7
6543-XRMYR,0.60792893,1,Medium Risk,30,Month-to-month,Fiber optic,No,Electronic check,Offer contract upgrade incentive,99.7
2001-EWBQU,0.11240504,0,Low Risk,60,Two year,Fiber optic,No,Electronic check,Continue regular engagement,104.7
4925-LMHOK,0.29234302,0,Low Risk,15,Month-to-month,DSL,Yes,Credit card (automatic),Continue regular engagement,58.6
1608-GMEWB,0.45343587,1,Medium Risk,45,Month-to-month,Fiber optic,No,Bank transfer (automatic),Offer contract upgrade incentive,93.9
6695-AMZUF,0.014221684,0,Low Risk,70,Two year,DSL,Yes,Credit card (automatic),Continue regular engagement,86.45
1455-UGQVH,0.9012146,1,High Risk,10,Month-to-month,Fiber optic,No,Electronic check,Offer annual contract discount + proactive support,98.5
8410-BGQXN,0.107142575,0,Low Risk,4,Month-to-month,No,No internet service,Mailed check,Continue regular engagement,19.4
8280-MQRQN,0.6078656,1,Medium Risk,1,Month-to-month,DSL,No,Mailed check,Offer contract upgrade incentive,50.45
1619-YWUBB,0.010024145,0,Low Risk,68,Two year,No,No internet service,Credit card (automatic),Continue regular engagement,24.95
7611-YKYTC,0.19201037,0,Low Risk,22,Month-to-month,Fiber optic,No,Bank transfer (automatic),Continue regular engagement,75.0
2037-SGXHH,0.43800882,1,Medium Risk,38,Month-to-month,Fiber optic,No,Electronic check,Offer contract upgrade incentive,94.65
3178-FESZO,0.9224012,1,High Risk,1,Month-to-month,Fiber optic,No,Credit card (automatic),Offer annual contract discount + proactive support,100.25
0365-GXEZS,0.33933944,0,Low Risk,18,Month-to-month,Fiber optic,Yes,Electronic check,Continue regular engagement,78.2
0082-OQIQY,0.39035395,1,Medium Risk,29,Month-to-month,Fiber optic,Yes,Electronic check,Offer contract upgrade incentive,94.2
6087-MVHJH,0.60695285,1,Medium Risk,16,Month-to-month,Fiber optic,No,Electronic check,Offer contract upgrade incentive,88.45
4603-JANFB,0.83251166,1,High Risk,1,Month-to-month,Fiber optic,No,Electronic check,Offer annual contract discount + proactive support,69.85
3018-TFTSU,0.27079752,0,Low Risk,12,Month-to-month,Fiber optic,No,Bank transfer (automatic),Continue regular engagement,81.7
3606-SBKRY,0.18094638,0,Low Risk,31,One year,DSL,No,Electronic check,Continue regular engagement,50.05
4806-KEXQR,0.70840275,1,High Risk,4,Month-to-month,Fiber optic,No,Electronic check,Offer annual contract discount + proactive support,79.9
0667-NSRGI,0.07035366,0,Low Risk,48,One year,DSL,Yes,Mailed check,Continue regular engagement,69.55
7083-YNSKY,0.1884199,0,Low Risk,15,Month-to-month,No,No internet service,Credit card (automatic),Continue regular engagement,25.4
6893-ODYYE,0.042575195,0,Low Risk,50,One year,Fiber optic,Yes,Credit card (automatic),Continue regular engagement,90.1
8242-JSVBO,0.3211681,0,Low Risk,7,Month-to-month,DSL,No,Bank transfer (automatic),Continue regular engagement,44.65
2479-BRAMR,0.3404116,0,Low Risk,41,Month-to-month,Fiber optic,No,Bank transfer (automatic),Continue regular engagement,83.75
9541-ZPSEA,0.045363143,0,Low Risk,68,Two year,Fiber optic,No,Credit card (automatic),Continue regular engagement,80.35
2665-NPTGL,0.6862303,1,Medium Risk,26,Month-to-month,Fiber optic,No,Bank transfer (automatic),Offer contract upgrade incentive,98.1
1139-WUOAH,0.017372465,0,Low Risk,57,Two year,DSL,Yes,Credit card (automatic),Continue regular engagement,53.35
4693-VWVBO,0.14326379,0,Low Risk,3,Month-to-month,No,No internet service,Electronic check,Continue regular engagement,19.55
7434-SHXLS,0.36994964,1,Medium Risk,1,Month-to-month,No,No internet service,Mailed check,Offer contract upgrade incentive,20.9
6937-GCDGQ,0.07535843,0,Low Risk,19,One year,DSL,No,Bank transfer (automatic),Continue regular engagement,48.95
0988-JRWWP,0.6154452,1,Medium Risk,3,Month-to-month,DSL,No,Electronic check,Offer contract upgrade incentive,54.2
5075-JSDKI,0.019428503,0,Low Risk,59,Two year,No,No internet service,Electronic check,Continue regular engagement,24.45
7908-QCBCA,0.79761904,1,High Risk,1,Month-to-month,Fiber optic,No,Mailed check,Offer annual contract discount + proactive support,69.4
8644-XYTSV,0.19763456,0,Low Risk,42,Month-to-month,DSL,No,Bank transfer (automatic),Continue regular engagement,40.15
6711-FLDFB,0.7244676,1,High Risk,7,Month-to-month,Fiber optic,No,Electronic check,Offer annual contract discount + proactive support,74.9
3873-WOSBC,0.012132131,0,Low Risk,67,Two year,No,No internet service,Credit card (automatic),Continue regular engagement,25.6
7465-ZZRVX,0.8165649,1,High Risk,1,Month-to-month,Fiber optic,No,Electronic check,Offer annual contract discount + proactive support,70.35
7975-JMZNT,0.017934168,0,Low Risk,66,Two year,DSL,Yes,Bank transfer (automatic),Continue regular engagement,91.7
7251-XFOIL,0.14158149,0,Low Risk,61,Month-to-month,Fiber optic,No,Mailed check,Continue regular engagement,89.2
4116-IQRFR,0.04416056,0,Low Risk,4,One year,No,No internet service,Credit card (automatic),Continue regular engagement,24.1
3714-JTVOV,0.3255434,0,Low Risk,42,Month-to-month,Fiber optic,No,Credit card (automatic),Continue regular engagement,74.15
8259-DZLIZ,0.048426773,0,Low Risk,64,One year,DSL,No,Bank transfer (automatic),Continue regular engagement,53.85
0442-ZXKVS,0.1624843,0,Low Risk,54,One year,Fiber optic,Yes,Bank transfer (automatic),Continue regular engagement,115.6
7853-WNZSY,0.36714745,1,Medium Risk,1,Month-to-month,No,No internet service,Credit card (automatic),Offer contract upgrade incentive,19.75
3120-FAZKD,0.01145407,0,Low Risk,54,Two year,No,No internet service,Bank transfer (automatic),Continue regular engagement,24.05
8606-OEGQZ,0.01670461,0,Low Risk,18,Two year,No,No internet service,Credit card (automatic),Continue regular engagement,25.3
0225-ZORZP,0.49291193,1,Medium Risk,3,Month-to-month,Fiber optic,No,Electronic check,Offer contract upgrade incentive,84.3
4702-IOQDC,0.8173674,1,High Risk,1,Month-to-month,Fiber optic,No,Electronic check,Offer annual contract discount + proactive support,70.1
9489-JMTTN,0.0048705363,0,Low Risk,72,Two year,DSL,Yes,Credit card (automatic),Continue regular engagement,89.75
0575-CUQOV,0.16671821,0,Low Risk,60,One year,Fiber optic,No,Electronic check,Continue regular engagement,97.95
0967-BMLBD,0.03205199,0,Low Risk,11,One year,No,No internet service,Mailed check,Continue regular engagement,20.0
6178-KFNHS,0.4715443,1,Medium Risk,12,Month-to-month,Fiber optic,No,Electronic check,Offer contract upgrade incentive,78.3
2830-LEWOA,0.12107952,0,Low Risk,61,One year,Fiber optic,Yes,Credit card (automatic),Continue regular engagement,103.9
5006-MXVRN,0.009708752,0,Low Risk,39,Two year,No,No internet service,Credit card (automatic),Continue regular engagement,20.7
1264-BYWMS,0.5896517,1,Medium Risk,55,Month-to-month,Fiber optic,No,Electronic check,Offer contract upgrade incentive,96.8
9658-WYUFB,0.61458707,1,Medium Risk,17,Month-to-month,Fiber optic,No,Electronic check,Offer contract upgrade incentive,94.4
8327-WKMIE,0.021615045,0,Low Risk,37,One year,No,No internet service,Credit card (automatic),Continue regular engagement,20.15
6917-FIJHC,0.0066800467,0,Low Risk,72,Two year,No,No internet service,Mailed check,Continue regular engagement,26.0
5329-KRDTM,0.022177303,0,Low Risk,72,Two year,DSL,Yes,Credit card (automatic),Continue regular engagement,77.35
7797-EJMDP,0.13679352,0,Low Risk,8,Month-to-month,DSL,Yes,Bank transfer (automatic),Continue regular engagement,66.05
3530-VWVGU,0.03859827,0,Low Risk,22,Month-to-month,No,No internet service,Mailed check,Continue regular engagement,19.9
2013-SGDXK,0.78156376,1,High Risk,1,Month-to-month,Fiber optic,No,Electronic check,Offer annual contract discount + proactive support,84.3
6368-NWMCE,0.15618919,0,Low Risk,38,Month-to-month,DSL,Yes,Credit card (automatic),Continue regular engagement,68.15
3633-CDBUW,0.14998895,0,Low Risk,17,One year,DSL,Yes,Electronic check,Continue regular engagement,80.85
0707-HOVVN,0.06930075,0,Low Risk,70,Two year,DSL,Yes,Bank transfer (automatic),Continue regular engagement,75.5
8580-QVLOC,0.008021956,0,Low Risk,72,Two year,DSL,Yes,Credit card (automatic),Continue regular engagement,92.45
3956-MGXOG,0.42045993,1,Medium Risk,28,Month-to-month,Fiber optic,No,Electronic check,Offer contract upgrade incentive,80.6
9274-UARKJ,0.4168327,1,Medium Risk,15,Month-to-month,Fiber optic,No,Bank transfer (automatic),Offer contract upgrade incentive,83.2
4077-HWUYD,0.0044588726,0,Low Risk,72,Two year,DSL,Yes,Bank transfer (automatic),Continue regular engagement,87.55
2012-NWRPA,0.9319183,1,High Risk,11,Month-to-month,Fiber optic,No,Electronic check,Offer annual contract discount + proactive support,99.55
8808-ELEHO,0.7198658,1,High Risk,8,Month-to-month,Fiber optic,No,Electronic check,Offer annual contract discount + proactive support,81.25
0103-CSITQ,0.18378112,0,Low Risk,57,One year,Fiber optic,Yes,Bank transfer (automatic),Continue regular engagement,109.4
3506-LCJDC,0.380163,1,Medium Risk,1,Month-to-month,No,No internet service,Bank transfer (automatic),Offer contract upgrade incentive,19.95
8671-KKKOS,0.22772193,0,Low Risk,46,Month-to-month,DSL,No,Electronic check,Continue regular engagement,45.55
7305-ZWMAJ,0.017945165,0,Low Risk,30,One year,No,No internet service,Credit card (automatic),Continue regular engagement,20.7
9518-XXBXE,0.3733507,1,Medium Risk,10,Month-to-month,Fiber optic,No,Electronic check,Offer contract upgrade incentive,75.3
3934-HXCFZ,0.6159931,1,Medium Risk,23,Month-to-month,Fiber optic,No,Electronic check,Offer contract upgrade incentive,99.25
6578-KRMAW,0.21058762,0,Low Risk,32,Month-to-month,Fiber optic,No,Credit card (automatic),Continue regular engagement,93.4
4860-IJUDE,0.30124667,0,Low Risk,13,Month-to-month,Fiber optic,No,Credit card (automatic),Continue regular engagement,73.75
7666-WKRON,0.070913374,0,Low Risk,39,Two year,Fiber optic,Yes,Electronic check,Continue regular engagement,80.45
9688-YGXVR,0.23408101,0,Low Risk,44,Month-to-month,Fiber optic,No,Credit card (automatic),Continue regular engagement,88.15
0423-UDIJQ,0.20897053,0,Low Risk,9,Month-to-month,DSL,Yes,Mailed check,Continue regular engagement,49.2
1945-XISKS,0.011138602,0,Low Risk,67,Two year,No,No internet service,Mailed check,Continue regular engagement,19.65
4910-AQFFX,0.60305005,1,Medium Risk,9,Month-to-month,Fiber optic,No,Bank transfer (automatic),Offer contract upgrade incentive,79.35
2154-KVJFF,0.60627615,1,Medium Risk,15,Month-to-month,Fiber optic,No,Electronic check,Offer contract upgrade incentive,79.75
5360-LJCNJ,0.22143874,0,Low Risk,71,Two year,Fiber optic,No,Bank transfer (automatic),Continue regular engagement,105.15
2607-FBDFF,0.37269783,1,Medium Risk,1,Month-to-month,DSL,Yes,Credit card (automatic),Offer contract upgrade incentive,49.0
9647-ERGBE,0.71153325,1,High Risk,30,Month-to-month,Fiber optic,No,Electronic check,Offer annual contract discount + proactive support,100.05
3428-XZMAZ,0.84775716,1,High Risk,1,Month-to-month,Fiber optic,No,Electronic check,Offer annual contract discount + proactive support,69.35
1100-DDVRV,0.41300568,1,Medium Risk,17,Month-to-month,DSL,No,Mailed check,Offer contract upgrade incentive,49.8
0378-TOVMS,0.6480382,1,Medium Risk,3,Month-to-month,Fiber optic,Yes,Electronic check,Offer contract upgrade incentive,85.8
4355-HBJHH,0.13920033,0,Low Risk,67,Two year,DSL,No,Electronic check,Continue regular engagement,79.7
6728-WYQBC,0.32007477,0,Low Risk,1,Month-to-month,No,No internet service,Bank transfer (automatic),Continue regular engagement,20.95
9058-CBREO,0.6628391,1,Medium Risk,1,Month-to-month,DSL,No,Mailed check,Offer contract upgrade incentive,50.55
9029-FEGVJ,0.31666464,0,Low Risk,32,Month-to-month,Fiber optic,No,Mailed check,Continue regular engagement,79.3
7216-KAOID,0.024106741,0,Low Risk,41,One year,No,No internet service,Bank transfer (automatic),Continue regular engagement,19.5
0318-QUUOB,0.84005415,1,High Risk,1,Month-to-month,Fiber optic,No,Electronic check,Offer annual contract discount + proactive support,80.55
6145-NNPNO,0.44003254,1,Medium Risk,1,Month-to-month,DSL,No,Bank transfer (automatic),Offer contract upgrade incentive,44.15
5520-FVEWJ,0.6108048,1,Medium Risk,12,Month-to-month,Fiber optic,No,Electronic check,Offer contract upgrade incentive,84.5
5339-TJFEK,0.236588,0,Low Risk,62,Month-to-month,Fiber optic,No,Electronic check,Continue regular engagement,105.5
5572-ZDXHY,0.42850274,1,Medium Risk,22,Month-to-month,Fiber optic,No,Mailed check,Offer contract upgrade incentive,84.3
2074-GUHPQ,0.33235094,0,Low Risk,17,Month-to-month,Fiber optic,Yes,Credit card (automatic),Continue regular engagement,92.7
4625-XMOYM,0.008791034,0,Low Risk,72,Two year,No,No internet service,Bank transfer (automatic),Continue regular engagement,26.25
5827-MWCZK,0.17977987,0,Low Risk,56,Month-to-month,Fiber optic,Yes,Credit card (automatic),Continue regular engagement,96.95
1385-TQOZW,0.07494396,0,Low Risk,9,Month-to-month,No,No internet service,Credit card (automatic),Continue regular engagement,20.45
5914-XRFQB,0.02139729,0,Low Risk,72,Two year,Fiber optic,Yes,Bank transfer (automatic),Continue regular engagement,115.8
4329-YPDDQ,0.37335363,1,Medium Risk,20,Month-to-month,Fiber optic,Yes,Bank transfer (automatic),Offer contract upgrade incentive,108.2
4804-NCPET,0.01021586,0,Low Risk,19,Two year,No,No internet service,Mailed check,Continue regular engagement,20.2
3750-CKVKH,0.6638207,1,Medium Risk,2,Month-to-month,Fiber optic,No,Electronic check,Offer contract upgrade incentive,67.75
5944-UGLLK,0.07536178,0,Low Risk,53,One year,DSL,Yes,Credit card (automatic),Continue regular engagement,54.9
8063-GBATB,0.60920346,1,Medium Risk,27,Month-to-month,Fiber optic,No,Electronic check,Offer contract upgrade incentive,85.25
7787-BNTZM,0.113082536,0,Low Risk,6,Month-to-month,No,No internet service,Bank transfer (automatic),Continue regular engagement,20.15
2252-ISRNH,0.4072937,1,Medium Risk,9,One year,Fiber optic,No,Electronic check,Monitor customer + targeted engagement,90.35
9415-TPKRV,0.2741882,0,Low Risk,8,Month-to-month,DSL,No,Electronic check,Continue regular engagement,55.75
5322-TEUJK,0.014299995,0,Low Risk,71,Two year,Fiber optic,Yes,Bank transfer (automatic),Continue regular engagement,114.6
4547-KQRTM,0.6395102,1,Medium Risk,10,Month-to-month,Fiber optic,No,Bank transfer (automatic),Offer contract upgrade incentive,80.05
4877-EVATK,0.40826637,1,Medium Risk,1,Month-to-month,No,No internet service,Mailed check,Offer contract upgrade incentive,20.0
1866-DIOQZ,0.026594805,0,Low Risk,71,One year,DSL,Yes,Bank transfer (automatic),Continue regular engagement,66.8
8375-KVTHK,0.13919997,0,Low Risk,68,One year,Fiber optic,Yes,Electronic check,Continue regular engagement,100.3
2697-NQBPF,0.41555476,1,Medium Risk,34,Month-to-month,Fiber optic,Yes,Electronic check,Offer contract upgrade incentive,105.35
3709-OIJEA,0.1958314,0,Low Risk,26,One year,Fiber optic,Yes,Electronic check,Continue regular engagement,85.2
7639-SUPCW,0.23579296,0,Low Risk,22,Month-to-month,DSL,No,Credit card (automatic),Continue regular engagement,48.8
1386-ZIKUV,0.06924877,0,Low Risk,7,Month-to-month,No,No internet service,Mailed check,Continue regular engagement,18.95
0599-XNYDO,0.3033785,0,Low Risk,20,Month-to-month,Fiber optic,No,Bank transfer (automatic),Continue regular engagement,69.8
6377-WHAOX,0.46748564,1,Medium Risk,60,Month-to-month,Fiber optic,No,Electronic check,Offer contract upgrade incentive,106.15
6855-VLGOS,0.014420631,0,Low Risk,72,Two year,No,No internet service,Electronic check,Continue regular engagement,20.55
8999-XXGNS,0.105839774,0,Low Risk,72,One year,Fiber optic,No,Credit card (automatic),Continue regular engagement,105.75
8746-OQQRW,0.10434588,0,Low Risk,4,Month-to-month,No,No internet service,Mailed check,Continue regular engagement,25.25
3181-MIZBN,0.17365335,0,Low Risk,16,Month-to-month,No,No internet service,Electronic check,Continue regular engagement,19.75
0471-ARVMX,0.23500508,0,Low Risk,62,One year,Fiber optic,No,Electronic check,Continue regular engagement,104.85
7766-CLTIC,0.21456884,0,Low Risk,10,Month-to-month,DSL,Yes,Mailed check,Continue regular engagement,60.95
5650-YLIBA,0.5104544,1,Medium Risk,31,Month-to-month,Fiber optic,No,Electronic check,Offer contract upgrade incentive,81.15
0825-CPPQH,0.009431505,0,Low Risk,71,Two year,No,No internet service,Credit card (automatic),Continue regular engagement,19.1
9084-OAYKL,0.012170412,0,Low Risk,58,Two year,No,No internet service,Mailed check,Continue regular engagement,20.8
6122-LJADA,0.016904632,0,Low Risk,70,Two year,DSL,Yes,Credit card (automatic),Continue regular engagement,90.15
2400-XIWIO,0.008657877,0,Low Risk,71,Two year,DSL,Yes,Electronic check,Continue regular engagement,90.1
7524-VRLPL,0.07687907,0,Low Risk,69,Two year,DSL,Yes,Credit card (automatic),Continue regular engagement,74.1
1069-XAIEM,0.9222498,1,High Risk,1,Month-to-month,Fiber optic,No,Electronic check,Offer annual contract discount + proactive support,85.05
7569-NMZYQ,0.011194165,0,Low Risk,72,Two year,Fiber optic,Yes,Bank transfer (automatic),Continue regular engagement,118.75
5201-USSQZ,0.2419556,0,Low Risk,26,Month-to-month,Fiber optic,Yes,Credit card (automatic),Continue regular engagement,85.9
2105-PHWON,0.27947918,0,Low Risk,33,Month-to-month,Fiber optic,Yes,Credit card (automatic),Continue regular engagement,95.0
1494-EJZDW,0.017237825,0,Low Risk,10,Two year,No,No internet service,Mailed check,Continue regular engagement,20.15
4884-TVUQF,0.073603794,0,Low Risk,57,Two year,Fiber optic,Yes,Credit card (automatic),Continue regular engagement,101.3
8003-EWNDZ,0.13788708,0,Low Risk,10,Month-to-month,No,No internet service,Electronic check,Continue regular engagement,21.2
1897-RCFUM,0.028794227,0,Low Risk,39,One year,No,No internet service,Mailed check,Continue regular engagement,24.2
9256-JTBNZ,0.07010499,0,Low Risk,11,Month-to-month,No,No internet service,Bank transfer (automatic),Continue regular engagement,20.3
4658-HCOHW,0.47880214,1,Medium Risk,21,Month-to-month,Fiber optic,Yes,Electronic check,Offer contract upgrade incentive,102.8
2211-RMNHO,0.02348472,0,Low Risk,68,Two year,DSL,Yes,Bank transfer (automatic),Continue regular engagement,85.3
2432-TFSMK,0.1751663,0,Low Risk,18,One year,Fiber optic,No,Credit card (automatic),Continue regular engagement,89.6
3440-JPSCL,0.83638436,1,High Risk,6,Month-to-month,Fiber optic,Yes,Mailed check,Offer annual contract discount + proactive support,99.95
4929-ROART,0.14458448,0,Low Risk,18,Month-to-month,DSL,No,Mailed check,Continue regular engagement,56.25
1834-ABKHQ,0.061105352,0,Low Risk,52,One year,DSL,No,Bank transfer (automatic),Continue regular engagement,50.95
1741-WTPON,0.07217788,0,Low Risk,56,Two year,Fiber optic,Yes,Mailed check,Continue regular engagement,115.85
3932-IJWDZ,0.48328412,1,Medium Risk,45,Month-to-month,Fiber optic,Yes,Bank transfer (automatic),Offer contract upgrade incentive,103.65
1240-HCBOH,0.008221127,0,Low Risk,67,Two year,No,No internet service,Mailed check,Continue regular engagement,26.1
3594-KADLU,0.29161686,0,Low Risk,3,Month-to-month,DSL,Yes,Mailed check,Continue regular engagement,35.1
8065-BVEPF,0.23843119,0,Low Risk,65,Month-to-month,Fiber optic,No,Bank transfer (automatic),Continue regular engagement,99.1
3796-ENZGF,0.010205268,0,Low Risk,63,Two year,DSL,Yes,Mailed check,Continue regular engagement,67.25
1734-ZMNTZ,0.024364976,0,Low Risk,11,Two year,No,No internet service,Mailed check,Continue regular engagement,25.0
2853-CWQFQ,0.36386356,1,Medium Risk,1,Month-to-month,DSL,Yes,Mailed check,Offer contract upgrade incentive,59.55
0813-TAXXS,0.03536399,0,Low Risk,55,Two year,DSL,No,Bank transfer (automatic),Continue regular engagement,77.8
2519-TWKFS,0.06873819,0,Low Risk,25,One year,DSL,Yes,Mailed check,Continue regular engagement,55.1
2889-FPWRM,0.15348932,0,Low Risk,72,One year,Fiber optic,Yes,Bank transfer (automatic),Continue regular engagement,117.8
0626-QXNGV,0.0059380936,0,Low Risk,72,Two year,No,No internet service,Credit card (automatic),Continue regular engagement,24.15
6723-CEGQI,0.011389938,0,Low Risk,65,Two year,DSL,Yes,Mailed check,Continue regular engagement,45.25
6987-XQSJT,0.5110471,1,Medium Risk,54,Month-to-month,Fiber optic,No,Electronic check,Offer contract upgrade incentive,79.5
4732-RRJZC,0.075200476,0,Low Risk,7,Month-to-month,No,No internet service,Mailed check,Continue regular engagement,20.25
9499-XPZXM,0.006794577,0,Low Risk,72,Two year,DSL,Yes,Bank transfer (automatic),Continue regular engagement,64.75
4338-EYCER,0.26450497,0,Low Risk,21,Month-to-month,DSL,No,Bank transfer (automatic),Continue regular engagement,54.6
3007-FDPEA,0.18106647,0,Low Risk,2,Month-to-month,No,No internet service,Bank transfer (automatic),Continue regular engagement,20.7
6350-XFYGW,0.74674374,1,High Risk,4,Month-to-month,Fiber optic,No,Electronic check,Offer annual contract discount + proactive support,94.75
4290-BSXUX,0.76170063,1,High Risk,3,Month-to-month,Fiber optic,Yes,Bank transfer (automatic),Offer annual contract discount + proactive support,79.65
8513-OLYGY,0.020279346,0,Low Risk,72,Two year,Fiber optic,Yes,Credit card (automatic),Continue regular engagement,115.8
0311-QYWSS,0.3148428,0,Low Risk,6,Month-to-month,DSL,No,Electronic check,Continue regular engagement,49.45
8705-DWKTI,0.30698985,0,Low Risk,52,Month-to-month,Fiber optic,No,Credit card (automatic),Continue regular engagement,83.8
8755-IWJHN,0.28924394,0,Low Risk,69,Month-to-month,Fiber optic,No,Bank transfer (automatic),Continue regular engagement,95.35
0325-XBFAC,0.701941,1,High Risk,8,Month-to-month,Fiber optic,No,Electronic check,Offer annual contract discount + proactive support,94.7
4480-QQRHC,0.52770984,1,Medium Risk,8,Month-to-month,Fiber optic,No,Bank transfer (automatic),Offer contract upgrade incentive,74.05
0929-PECLO,0.19752902,0,Low Risk,63,Month-to-month,Fiber optic,No,Bank transfer (automatic),Continue regular engagement,89.6
3680-CTHUH,0.18630508,0,Low Risk,60,One year,Fiber optic,Yes,Credit card (automatic),Continue regular engagement,116.6
1202-KKGFU,0.12968953,0,Low Risk,12,Month-to-month,DSL,Yes,Bank transfer (automatic),Continue regular engagement,54.2
6112-KTHFQ,0.07977856,0,Low Risk,13,Month-to-month,No,No internet service,Mailed check,Continue regular engagement,19.3
1852-XEMDW,0.11980931,0,Low Risk,22,Month-to-month,DSL,No,Mailed check,Continue regular engagement,65.05
2462-XIIJB,0.84578294,1,High Risk,5,Month-to-month,Fiber optic,No,Electronic check,Offer annual contract discount + proactive support,92.5
4760-XOHVN,0.4208836,1,Medium Risk,1,Month-to-month,No,No internet service,Mailed check,Offer contract upgrade incentive,19.45
1820-DJFPH,0.0068202037,0,Low Risk,72,Two year,No,No internet service,Bank transfer (automatic),Continue regular engagement,24.05
9426-SXNHE,0.09130303,0,Low Risk,2,Month-to-month,No,No internet service,Bank transfer (automatic),Continue regular engagement,18.75
9068-FHQHD,0.014262782,0,Low Risk,40,Two year,No,No internet service,Bank transfer (automatic),Continue regular engagement,20.15
1269-FOYWN,0.0191572,0,Low Risk,44,One year,No,No internet service,Bank transfer (automatic),Continue regular engagement,20.0
9470-YFUYI,0.018379254,0,Low Risk,71,One year,DSL,Yes,Bank transfer (automatic),Continue regular engagement,71.0
7817-BOQPW,0.80970925,1,High Risk,2,Month-to-month,Fiber optic,No,Electronic check,Offer annual contract discount + proactive support,75.55
7402-EYFXX,0.709682,1,High Risk,26,Month-to-month,Fiber optic,No,Electronic check,Offer annual contract discount + proactive support,93.6
1853-UDXBW,0.8098322,1,High Risk,1,Month-to-month,Fiber optic,No,Electronic check,Offer annual contract discount + proactive support,70.0
9895-VFOXH,0.46186772,1,Medium Risk,1,Month-to-month,DSL,No,Mailed check,Offer contract upgrade incentive,24.4
5458-CQJTA,0.036650926,0,Low Risk,65,Two year,DSL,Yes,Bank transfer (automatic),Continue regular engagement,74.8
1230-QAJDW,0.3236757,0,Low Risk,3,Month-to-month,DSL,Yes,Mailed check,Continue regular engagement,65.25
5701-ZIKJE,0.21279468,0,Low Risk,13,Month-to-month,DSL,Yes,Mailed check,Continue regular engagement,50.55
5219-YIPTK,0.5046423,1,Medium Risk,33,Month-to-month,Fiber optic,No,Electronic check,Offer contract upgrade incentive,104.4
5032-MIYKT,0.75165784,1,High Risk,1,Month-to-month,Fiber optic,No,Mailed check,Offer annual contract discount + proactive support,70.7
7396-VJUZB,0.3036636,0,Low Risk,4,Month-to-month,DSL,No,Mailed check,Continue regular engagement,45.25
9717-QEBGU,0.6656719,1,Medium Risk,2,Month-to-month,Fiber optic,No,Electronic check,Offer contract upgrade incentive,70.3
5172-RKOCB,0.027028417,0,Low Risk,72,Two year,Fiber optic,Yes,Credit card (automatic),Continue regular engagement,108.95
6509-TSGWN,0.046033293,0,Low Risk,37,Month-to-month,No,No internet service,Mailed check,Continue regular engagement,26.45
3540-RZJYU,0.30261257,0,Low Risk,15,Month-to-month,Fiber optic,No,Electronic check,Continue regular engagement,86.2
3178-CIFOT,0.030458506,0,Low Risk,23,One year,No,No internet service,Credit card (automatic),Continue regular engagement,19.65
2091-MJTFX,0.09839792,0,Low Risk,30,Month-to-month,DSL,Yes,Credit card (automatic),Continue regular engagement,51.2
4530-NDRKU,0.017584099,0,Low Risk,42,One year,No,No internet service,Electronic check,Continue regular engagement,19.05
5985-TBABQ,0.07519394,0,Low Risk,32,One year,DSL,No,Mailed check,Continue regular engagement,74.75
9800-ONTFE,0.34841657,0,Low Risk,22,Month-to-month,Fiber optic,No,Bank transfer (automatic),Continue regular engagement,75.8
6743-HHQPF,0.24255434,0,Low Risk,42,Month-to-month,DSL,No,Credit card (automatic),Continue regular engagement,25.1
8455-HIRAQ,0.23944418,0,Low Risk,8,Month-to-month,DSL,No,Mailed check,Continue regular engagement,44.45
6616-AALSR,0.088794224,0,Low Risk,65,Two year,Fiber optic,No,Credit card (automatic),Continue regular engagement,104.3
0883-EIBTI,0.15194839,0,Low Risk,2,Month-to-month,No,No internet service,Mailed check,Continue regular engagement,19.5
9415-ZNBSX,0.015398684,0,Low Risk,70,Two year,DSL,Yes,Bank transfer (automatic),Continue regular engagement,89.0
4018-KJYUY,0.06001823,0,Low Risk,22,Month-to-month,No,No internet service,Credit card (automatic),Continue regular engagement,20.15
0722-TROQR,0.7855092,1,High Risk,4,Month-to-month,Fiber optic,No,Electronic check,Offer annual contract discount + proactive support,74.9
7571-YXDAD,0.6050448,1,Medium Risk,2,Month-to-month,Fiber optic,No,Credit card (automatic),Offer contract upgrade incentive,74.9
3884-UEBXB,0.016772037,0,Low Risk,67,Two year,DSL,No,Bank transfer (automatic),Continue regular engagement,36.15
8780-RSYYU,0.04059393,0,Low Risk,25,Month-to-month,No,No internet service,Credit card (automatic),Continue regular engagement,19.2
5537-UXXVS,0.050462864,0,Low Risk,20,Month-to-month,No,No internet service,Bank transfer (automatic),Continue regular engagement,19.25
1791-PQHBB,0.3165768,0,Low Risk,2,Month-to-month,DSL,No,Credit card (automatic),Continue regular engagement,61.2
8701-DGLVH,0.012165104,0,Low Risk,51,Two year,No,No internet service,Mailed check,Continue regular engagement,20.45
8741-LQOBK,0.12871335,0,Low Risk,46,Month-to-month,DSL,No,Bank transfer (automatic),Continue regular engagement,35.05
3393-FMZPV,0.76475775,1,High Risk,25,Month-to-month,Fiber optic,No,Electronic check,Offer annual contract discount + proactive support,100.25
8082-GHXOP,0.14211221,0,Low Risk,13,Month-to-month,DSL,No,Mailed check,Continue regular engagement,44.0
6402-ZFPPI,0.7057441,1,High Risk,25,Month-to-month,Fiber optic,No,Mailed check,Offer annual contract discount + proactive support,102.8
0980-FEXWF,0.03463925,0,Low Risk,26,One year,DSL,No,Mailed check,Continue regular engagement,50.35
7486-KSRVI,0.4098494,1,Medium Risk,43,One year,Fiber optic,Yes,Electronic check,Monitor customer + targeted engagement,100.0
3011-WQKSZ,0.13945669,0,Low Risk,19,Month-to-month,No,No internet service,Electronic check,Continue regular engagement,20.0
8443-WVPSS,0.71801597,1,High Risk,10,Month-to-month,Fiber optic,Yes,Electronic check,Offer annual contract discount + proactive support,99.85
3006-XIMLN,0.8534238,1,High Risk,2,Month-to-month,Fiber optic,No,Bank transfer (automatic),Offer annual contract discount + proactive support,94.2
8218-FFJDS,0.00366037,0,Low Risk,72,Two year,DSL,Yes,Bank transfer (automatic),Continue regular engagement,86.4
1986-PHGZF,0.2288922,0,Low Risk,18,Month-to-month,DSL,No,Credit card (automatic),Continue regular engagement,58.4
9965-YOKZB,0.76930684,1,High Risk,9,Month-to-month,Fiber optic,No,Electronic check,Offer annual contract discount + proactive support,83.85
0504-HHAPI,0.43550715,1,Medium Risk,27,Month-to-month,Fiber optic,No,Credit card (automatic),Offer contract upgrade incentive,88.3
9360-OMDZZ,0.6698282,1,Medium Risk,24,Month-to-month,Fiber optic,No,Electronic check,Offer contract upgrade incentive,94.1
6305-YLBMM,0.3210126,0,Low Risk,69,One year,Fiber optic,Yes,Bank transfer (automatic),Continue regular engagement,104.05
0345-XMMUG,0.15762515,0,Low Risk,46,Two year,Fiber optic,Yes,Credit card (automatic),Continue regular engagement,108.9
8024-XNAFQ,0.020258192,0,Low Risk,72,Two year,Fiber optic,Yes,Bank transfer (automatic),Continue regular engagement,107.4
3647-GMGDH,0.4102745,1,Medium Risk,22,Month-to-month,Fiber optic,No,Credit card (automatic),Offer contract upgrade incentive,94.7
2988-GBIVW,0.22018589,0,Low Risk,70,Month-to-month,Fiber optic,No,Electronic check,Continue regular engagement,90.85
2832-SCUCO,0.22282217,0,Low Risk,2,Month-to-month,No,No internet service,Electronic check,Continue regular engagement,19.9
7036-ZZKBD,0.09219331,0,Low Risk,31,Month-to-month,DSL,Yes,Credit card (automatic),Continue regular engagement,66.4
3791-LGQCY,0.5652535,1,Medium Risk,56,Month-to-month,Fiber optic,No,Bank transfer (automatic),Offer contract upgrade incentive,100.65
0265-PSUAE,0.45671466,1,Medium Risk,16,Month-to-month,Fiber optic,No,Bank transfer (automatic),Offer contract upgrade incentive,100.7
0463-TXOAK,0.010312874,0,Low Risk,52,Two year,No,No internet service,Credit card (automatic),Continue regular engagement,25.6
0594-UFTUL,0.12177901,0,Low Risk,13,Month-to-month,No,No internet service,Mailed check,Continue regular engagement,19.85
9509-MPYOD,0.02008886,0,Low Risk,35,One year,No,No internet service,Mailed check,Continue regular engagement,20.75
9128-CPXKI,0.09267042,0,Low Risk,59,Two year,Fiber optic,No,Electronic check,Continue regular engagement,95.8
0129-KPTWJ,0.18658628,0,Low Risk,72,Month-to-month,Fiber optic,No,Electronic check,Continue regular engagement,94.65
8166-ZZTFS,0.10983986,0,Low Risk,66,Two year,DSL,No,Bank transfer (automatic),Continue regular engagement,80.55
5855-EIBDE,0.11664385,0,Low Risk,49,Two year,Fiber optic,Yes,Credit card (automatic),Continue regular engagement,106.65
5365-LLFYV,0.45049626,1,Medium Risk,2,Month-to-month,DSL,No,Mailed check,Offer contract upgrade incentive,45.85
5956-YHHRX,0.6794029,1,Medium Risk,21,Month-to-month,Fiber optic,No,Electronic check,Offer contract upgrade incentive,104.35
6008-NAIXK,0.3220083,0,Low Risk,54,One year,DSL,No,Electronic check,Continue regular engagement,55.45
2956-GGUCQ,0.411934,1,Medium Risk,24,Month-to-month,Fiber optic,No,Electronic check,Offer contract upgrade incentive,78.85
1928-BXYIV,0.38818192,1,Medium Risk,1,Month-to-month,DSL,No,Electronic check,Offer contract upgrade incentive,61.15
5760-FXFVO,0.4903041,1,Medium Risk,6,Month-to-month,Fiber optic,No,Electronic check,Offer contract upgrade incentive,78.95
6595-COKXZ,0.5252574,1,Medium Risk,1,Month-to-month,DSL,No,Mailed check,Offer contract upgrade incentive,44.45
0961-ZWLVI,0.19629472,0,Low Risk,49,One year,Fiber optic,No,Credit card (automatic),Continue regular engagement,109.2
5181-OABFK,0.016104724,0,Low Risk,56,Two year,DSL,No,Credit card (automatic),Continue regular engagement,61.3
4007-NHVHI,0.24462077,0,Low Risk,56,Month-to-month,Fiber optic,No,Electronic check,Continue regular engagement,96.85
7816-VGHTO,0.03450313,0,Low Risk,6,Two year,DSL,Yes,Mailed check,Continue regular engagement,40.55
5871-DGTXZ,0.019309996,0,Low Risk,32,One year,No,No internet service,Mailed check,Continue regular engagement,19.8
7550-WIQVA,0.21177524,0,Low Risk,50,One year,Fiber optic,No,Electronic check,Continue regular engagement,108.25
7544-ZVIKX,0.29229388,0,Low Risk,58,One year,Fiber optic,Yes,Bank transfer (automatic),Continue regular engagement,105.05
0016-QLJIS,0.010709114,0,Low Risk,65,Two year,DSL,Yes,Mailed check,Continue regular engagement,90.45
7508-DQAKK,0.013076772,0,Low Risk,64,Two year,DSL,Yes,Credit card (automatic),Continue regular engagement,86.4
5176-OLSKT,0.013950541,0,Low Risk,66,Two year,DSL,No,Bank transfer (automatic),Continue regular engagement,66.9
9356-AXGMP,0.34567627,0,Low Risk,38,One year,Fiber optic,Yes,Electronic check,Continue regular engagement,110.7
3556-BVQGL,0.032622993,0,Low Risk,20,One year,No,No internet service,Mailed check,Continue regular engagement,20.0
0362-ZBZWJ,0.5484299,1,Medium Risk,36,Month-to-month,Fiber optic,No,Electronic check,Offer contract upgrade incentive,84.9
8979-CAMGB,0.24199373,0,Low Risk,64,One year,Fiber optic,Yes,Electronic check,Continue regular engagement,102.1
4211-MMAZN,0.25584143,0,Low Risk,1,Month-to-month,No,No internet service,Mailed check,Continue regular engagement,20.25
7581-EBBOU,0.03518713,0,Low Risk,60,One year,DSL,Yes,Credit card (automatic),Continue regular engagement,70.15
4274-OWWYO,0.8004955,1,High Risk,1,Month-to-month,Fiber optic,No,Electronic check,Offer annual contract discount + proactive support,74.35
5073-RZGBK,0.065869,0,Low Risk,50,One year,DSL,Yes,Bank transfer (automatic),Continue regular engagement,80.05
1541-ETJZO,0.3545763,1,Medium Risk,1,Month-to-month,DSL,Yes,Mailed check,Offer contract upgrade incentive,62.05
2192-CKRLV,0.06005826,0,Low Risk,72,Two year,DSL,No,Electronic check,Continue regular engagement,49.2
3154-HMWUU,0.01600208,0,Low Risk,60,Two year,No,No internet service,Bank transfer (automatic),Continue regular engagement,20.5
6119-SPUDB,0.014858832,0,Low Risk,46,Two year,DSL,Yes,Mailed check,Continue regular engagement,38.25
6522-OIQSX,0.023500407,0,Low Risk,69,Two year,DSL,No,Credit card (automatic),Continue regular engagement,54.95
7813-ZGGAW,0.36900708,1,Medium Risk,31,Month-to-month,Fiber optic,Yes,Bank transfer (automatic),Offer contract upgrade incentive,96.6
8748-HFWBO,0.02554472,0,Low Risk,19,One year,No,No internet service,Mailed check,Continue regular engagement,19.9
1052-QJIBV,0.0084881885,0,Low Risk,71,Two year,No,No internet service,Credit card (automatic),Continue regular engagement,19.9
1319-YLZJG,0.4178757,1,Medium Risk,12,Month-to-month,Fiber optic,No,Electronic check,Offer contract upgrade incentive,84.6
4106-HADHQ,0.18488327,0,Low Risk,39,One year,DSL,Yes,Credit card (automatic),Continue regular engagement,80.0
0723-FDLAY,0.11406603,0,Low Risk,44,One year,DSL,Yes,Bank transfer (automatic),Continue regular engagement,85.25
3050-RLLXC,0.0156802,0,Low Risk,56,Two year,DSL,Yes,Credit card (automatic),Continue regular engagement,81.25
9298-WGMRW,0.013117925,0,Low Risk,72,Two year,Fiber optic,Yes,Bank transfer (automatic),Continue regular engagement,115.5
2369-UAPKZ,0.68142587,1,Medium Risk,5,Month-to-month,Fiber optic,No,Mailed check,Offer contract upgrade incentive,104.1
3088-LHEFH,0.45409667,1,Medium Risk,11,Month-to-month,Fiber optic,No,Bank transfer (automatic),Offer contract upgrade incentive,79.0
2778-OCLGR,0.2788495,0,Low Risk,24,Month-to-month,DSL,No,Bank transfer (automatic),Continue regular engagement,39.1
6583-KQJLK,0.5673674,1,Medium Risk,15,Month-to-month,Fiber optic,No,Electronic check,Offer contract upgrade incentive,94.65
8544-JNBOX,0.0051849857,0,Low Risk,72,Two year,No,No internet service,Mailed check,Continue regular engagement,20.8
6681-ZSEXG,0.021542886,0,Low Risk,56,Two year,DSL,No,Credit card (automatic),Continue regular engagement,59.5
6139-ZZRBQ,0.032039206,0,Low Risk,64,Two year,No,No internet service,Bank transfer (automatic),Continue regular engagement,20.05
6116-RFVHN,0.54093087,1,Medium Risk,34,Month-to-month,Fiber optic,No,Electronic check,Offer contract upgrade incentive,100.45
0637-KVDLV,0.8058751,1,High Risk,2,Month-to-month,Fiber optic,No,Electronic check,Offer annual contract discount + proactive support,76.5
8884-FEEWR,0.01963784,0,Low Risk,35,One year,No,No internet service,Bank transfer (automatic),Continue regular engagement,20.6
3125-RAHBV,0.0206571,0,Low Risk,22,One year,No,No internet service,Credit card (automatic),Continue regular engagement,20.3
6633-MPWBS,0.45379877,1,Medium Risk,5,Month-to-month,DSL,Yes,Electronic check,Offer contract upgrade incentive,49.2
0373-AIVNJ,0.11047528,0,Low Risk,9,One year,DSL,No,Mailed check,Continue regular engagement,39.55
8785-EPNCG,0.10017151,0,Low Risk,11,Month-to-month,No,No internet service,Credit card (automatic),Continue regular engagement,23.15
1682-VCOIO,0.019097235,0,Low Risk,23,One year,No,No internet service,Mailed check,Continue regular engagement,20.45
5729-KLZAR,0.5261194,1,Medium Risk,4,Month-to-month,Fiber optic,No,Electronic check,Offer contract upgrade incentive,80.85
2072-ZVJJX,0.0066975504,0,Low Risk,68,Two year,No,No internet service,Bank transfer (automatic),Continue regular engagement,25.25
8849-AYPTR,0.3395602,0,Low Risk,33,Month-to-month,Fiber optic,No,Electronic check,Continue regular engagement,91.25
9518-IMLHK,0.07843086,0,Low Risk,31,Month-to-month,DSL,Yes,Bank transfer (automatic),Continue regular engagement,72.45
1582-RAFML,0.38384116,1,Medium Risk,1,Month-to-month,DSL,Yes,Mailed check,Offer contract upgrade incentive,60.1
3646-ITDGM,0.023249066,0,Low Risk,56,Two year,No,No internet service,Bank transfer (automatic),Continue regular engagement,19.7
8740-CRYFY,0.88199854,1,High Risk,1,Month-to-month,Fiber optic,No,Electronic check,Offer annual contract discount + proactive support,78.95
3569-VLDHH,0.077122666,0,Low Risk,66,One year,DSL,Yes,Electronic check,Continue regular engagement,75.1
8224-KDLKN,0.006238536,0,Low Risk,72,Two year,No,No internet service,Bank transfer (automatic),Continue regular engagement,25.0
7594-LZNWR,0.30207992,0,Low Risk,34,Month-to-month,Fiber optic,No,Credit card (automatic),Continue regular engagement,69.15
4001-TSBTV,0.2671904,0,Low Risk,58,Month-to-month,Fiber optic,No,Electronic check,Continue regular engagement,91.55
2962-XPMCQ,0.624553,1,Medium Risk,2,Month-to-month,DSL,No,Electronic check,Offer contract upgrade incentive,45.15
8727-XDPUD,0.029997937,0,Low Risk,37,Two year,DSL,No,Credit card (automatic),Continue regular engagement,35.8
1043-UXOVO,0.02559978,0,Low Risk,71,Two year,Fiber optic,Yes,Credit card (automatic),Continue regular engagement,113.15
1064-FBXNK,0.115963876,0,Low Risk,1,One year,No,No internet service,Credit card (automatic),Continue regular engagement,19.85
3996-ZNWYK,0.016473196,0,Low Risk,71,Two year,No,No internet service,Credit card (automatic),Continue regular engagement,19.8
2878-DHMIN,0.021237692,0,Low Risk,35,One year,No,No internet service,Electronic check,Continue regular engagement,19.9
7762-ONLJY,0.033365026,0,Low Risk,6,One year,No,No internet service,Mailed check,Continue regular engagement,19.7
1678-FYZOW,0.734492,1,High Risk,3,Month-to-month,Fiber optic,No,Electronic check,Offer annual contract discount + proactive support,79.4
5795-BKOYE,0.025067357,0,Low Risk,69,One year,DSL,Yes,Bank transfer (automatic),Continue regular engagement,59.1
8627-EHGIP,0.28264117,0,Low Risk,44,One year,DSL,No,Mailed check,Continue regular engagement,53.95
7402-PWYJJ,0.1504757,0,Low Risk,53,One year,Fiber optic,Yes,Electronic check,Continue regular engagement,91.15
5480-TBGPH,0.6417763,1,Medium Risk,24,Month-to-month,Fiber optic,No,Credit card (automatic),Offer contract upgrade incentive,99.3
0018-NYROU,0.6207859,1,Medium Risk,5,Month-to-month,Fiber optic,No,Electronic check,Offer contract upgrade incentive,68.95
7501-VTYLJ,0.3400179,0,Low Risk,2,Month-to-month,DSL,No,Mailed check,Continue regular engagement,51.55
7608-RGIRO,0.010145935,0,Low Risk,62,Two year,No,No internet service,Mailed check,Continue regular engagement,24.4
0480-BIXDE,0.6108475,1,Medium Risk,19,Month-to-month,Fiber optic,No,Electronic check,Offer contract upgrade incentive,96.8
5895-QSXOD,0.38113087,1,Medium Risk,9,Month-to-month,Fiber optic,No,Mailed check,Offer contract upgrade incentive,70.05
9814-AOUDH,0.021605432,0,Low Risk,53,Two year,No,No internet service,Credit card (automatic),Continue regular engagement,19.5
6175-IRFIT,0.6121256,1,Medium Risk,5,Month-to-month,Fiber optic,No,Mailed check,Offer contract upgrade incentive,78.75
8760-ZRHKE,0.034572728,0,Low Risk,71,One year,DSL,No,Electronic check,Continue regular engagement,69.2
1622-HSHSF,0.44637123,1,Medium Risk,1,Month-to-month,No,No internet service,Mailed check,Offer contract upgrade incentive,19.55
8854-CCVSQ,0.57836044,1,Medium Risk,18,Month-to-month,Fiber optic,No,Electronic check,Offer contract upgrade incentive,80.65
6749-UTDVX,0.23722215,0,Low Risk,72,Two year,Fiber optic,No,Electronic check,Continue regular engagement,103.65
5542-DHSXL,0.16578631,0,Low Risk,4,Month-to-month,DSL,No,Mailed check,Continue regular engagement,54.7
9102-OXKFY,0.027232995,0,Low Risk,59,Two year,DSL,No,Credit card (automatic),Continue regular engagement,54.15
0511-JTEOY,0.6952767,1,Medium Risk,1,Month-to-month,Fiber optic,No,Mailed check,Offer contract upgrade incentive,71.1
5216-WASFJ,0.59522593,1,Medium Risk,31,Month-to-month,Fiber optic,No,Electronic check,Offer contract upgrade incentive,84.85
7808-DVWEP,0.10959317,0,Low Risk,3,Month-to-month,No,No internet service,Bank transfer (automatic),Continue regular engagement,20.0
7067-KSAZT,0.28612393,0,Low Risk,65,One year,Fiber optic,No,Electronic check,Continue regular engagement,106.25
2284-VFLKH,0.16910347,0,Low Risk,49,One year,Fiber optic,Yes,Credit card (automatic),Continue regular engagement,99.25
0366-NQSHS,0.111364186,0,Low Risk,2,Month-to-month,No,No internet service,Mailed check,Continue regular engagement,19.35
6532-YLWSI,0.04657457,0,Low Risk,53,One year,No,No internet service,Bank transfer (automatic),Continue regular engagement,20.8
3807-BPOMJ,0.17998253,0,Low Risk,55,One year,Fiber optic,No,Electronic check,Continue regular engagement,94.75
3892-NXAZG,0.017301423,0,Low Risk,72,Two year,Fiber optic,Yes,Credit card (automatic),Continue regular engagement,114.05
4948-WBBKL,0.3877495,1,Medium Risk,36,Month-to-month,Fiber optic,No,Bank transfer (automatic),Offer contract upgrade incentive,74.9
4182-BGSIQ,0.15541574,0,Low Risk,10,Month-to-month,No,No internet service,Bank transfer (automatic),Continue regular engagement,19.8
9300-AGZNL,0.92970777,1,High Risk,1,Month-to-month,Fiber optic,No,Electronic check,Offer annual contract discount + proactive support,94.0
0988-AADSA,0.0038679244,0,Low Risk,72,Two year,DSL,Yes,Bank transfer (automatic),Continue regular engagement,80.85
9972-NKTFD,0.08130102,0,Low Risk,28,Month-to-month,DSL,Yes,Bank transfer (automatic),Continue regular engagement,54.65
3717-LNXKW,0.21275069,0,Low Risk,38,Month-to-month,Fiber optic,No,Bank transfer (automatic),Continue regular engagement,91.7
5734-EJKXG,0.10983032,0,Low Risk,61,One year,Fiber optic,Yes,Electronic check,Continue regular engagement,118.6
2207-RYYRL,0.008586533,0,Low Risk,52,Two year,No,No internet service,Mailed check,Continue regular engagement,24.55
6729-FZWSY,0.026104007,0,Low Risk,67,One year,No,No internet service,Mailed check,Continue regular engagement,19.45
9695-IDRZR,0.053398196,0,Low Risk,34,Two year,Fiber optic,Yes,Credit card (automatic),Continue regular engagement,116.15
8144-DGHXP,0.02903362,0,Low Risk,54,Two year,DSL,Yes,Electronic check,Continue regular engagement,80.6
7814-LEEVE,0.3195497,0,Low Risk,1,Month-to-month,No,No internet service,Bank transfer (automatic),Continue regular engagement,20.3
1112-CUNAO,0.5908538,1,Medium Risk,15,Month-to-month,Fiber optic,No,Electronic check,Offer contract upgrade incentive,89.85
5175-AOBHI,0.42471796,1,Medium Risk,4,Month-to-month,DSL,No,Mailed check,Offer contract upgrade incentive,46.0
5174-RNGBH,0.16651687,0,Low Risk,9,Month-to-month,DSL,Yes,Mailed check,Continue regular engagement,66.25
8631-WUXGY,0.3493842,0,Low Risk,46,Month-to-month,Fiber optic,No,Electronic check,Continue regular engagement,99.8
7270-BDIOA,0.6007589,1,Medium Risk,22,Month-to-month,Fiber optic,Yes,Electronic check,Offer contract upgrade incentive,90.0
9565-JSNFM,0.10120427,0,Low Risk,38,One year,Fiber optic,No,Bank transfer (automatic),Continue regular engagement,70.45
5906-DVAPM,0.042787008,0,Low Risk,55,One year,DSL,Yes,Credit card (automatic),Continue regular engagement,75.0
6654-QGBZZ,0.42308852,1,Medium Risk,1,Month-to-month,No,No internet service,Mailed check,Offer contract upgrade incentive,19.9
8348-JLBUG,0.0363011,0,Low Risk,64,One year,Fiber optic,No,Credit card (automatic),Continue regular engagement,80.3
0607-DAAHE,0.031541213,0,Low Risk,53,Two year,No,No internet service,Bank transfer (automatic),Continue regular engagement,19.75
5641-DMBFJ,0.045283668,0,Low Risk,58,Two year,DSL,Yes,Electronic check,Continue regular engagement,84.3
9200-NLNPD,0.09589423,0,Low Risk,56,One year,DSL,Yes,Bank transfer (automatic),Continue regular engagement,54.05
2664-XJZNO,0.02326833,0,Low Risk,72,Two year,Fiber optic,Yes,Credit card (automatic),Continue regular engagement,104.9
9732-KPKBW,0.4457622,1,Medium Risk,1,Month-to-month,DSL,Yes,Electronic check,Offer contract upgrade incentive,53.95
3339-EAQNV,0.06640792,0,Low Risk,72,One year,Fiber optic,No,Credit card (automatic),Continue regular engagement,97.25
0921-OHLVP,0.41814366,1,Medium Risk,22,Month-to-month,Fiber optic,No,Electronic check,Offer contract upgrade incentive,83.05
3389-YGYAI,0.834298,1,High Risk,8,Month-to-month,Fiber optic,No,Electronic check,Offer annual contract discount + proactive support,105.5
9560-ARGQJ,0.48167747,1,Medium Risk,16,Month-to-month,Fiber optic,No,Electronic check,Offer contract upgrade incentive,81.0
8350-NYMVI,0.110845774,0,Low Risk,39,Month-to-month,DSL,Yes,Bank transfer (automatic),Continue regular engagement,41.1
1600-DILPE,0.23140895,0,Low Risk,12,Month-to-month,DSL,No,Bank transfer (automatic),Continue regular engagement,45.0
0536-ESJEP,0.020171136,0,Low Risk,54,Two year,DSL,No,Bank transfer (automatic),Continue regular engagement,74.55
4654-GGUII,0.08675706,0,Low Risk,18,One year,DSL,Yes,Mailed check,Continue regular engagement,40.2
6478-HRRCZ,0.057038803,0,Low Risk,32,One year,DSL,Yes,Mailed check,Continue regular engagement,70.5
8510-BBWMU,0.036829524,0,Low Risk,41,One year,No,No internet service,Mailed check,Continue regular engagement,19.75
6857-TKDJV,0.009343767,0,Low Risk,67,Two year,No,No internet service,Bank transfer (automatic),Continue regular engagement,24.65
2360-RDGRO,0.39696977,1,Medium Risk,65,Month-to-month,Fiber optic,No,Electronic check,Offer contract upgrade incentive,104.25
0584-BJQGZ,0.09985289,0,Low Risk,25,Month-to-month,DSL,Yes,Bank transfer (automatic),Continue regular engagement,78.35
5134-IKDAY,0.8178349,1,High Risk,1,Month-to-month,Fiber optic,No,Electronic check,Offer annual contract discount + proactive support,69.8
1360-XFJMR,0.15947595,0,Low Risk,67,One year,Fiber optic,Yes,Credit card (automatic),Continue regular engagement,109.7
3070-DVEYC,0.59536564,1,Medium Risk,7,Month-to-month,Fiber optic,No,Mailed check,Offer contract upgrade incentive,73.75
5730-RIITO,0.21676527,0,Low Risk,43,Month-to-month,DSL,No,Credit card (automatic),Continue regular engagement,33.45
9058-MJLZC,0.5414966,1,Medium Risk,24,Month-to-month,Fiber optic,No,Electronic check,Offer contract upgrade incentive,94.6
5707-ORNDZ,0.28830972,0,Low Risk,9,Month-to-month,DSL,No,Electronic check,Continue regular engagement,54.55
0902-XKXPN,0.008955052,0,Low Risk,69,Two year,No,No internet service,Bank transfer (automatic),Continue regular engagement,20.2
5177-RVZNU,0.017373646,0,Low Risk,37,One year,No,No internet service,Bank transfer (automatic),Continue regular engagement,20.3
0056-EPFBG,0.02957321,0,Low Risk,20,Two year,DSL,Yes,Credit card (automatic),Continue regular engagement,39.4
8993-IZEUX,0.4408861,1,Medium Risk,7,Month-to-month,Fiber optic,No,Bank transfer (automatic),Offer contract upgrade incentive,69.15
8696-JKZNU,0.53390646,1,Medium Risk,37,Month-to-month,Fiber optic,No,Electronic check,Offer contract upgrade incentive,76.25
5380-AFSSK,0.8731421,1,High Risk,5,Month-to-month,Fiber optic,No,Mailed check,Offer annual contract discount + proactive support,93.9
8190-ZTQFB,0.20092116,0,Low Risk,41,One year,DSL,No,Electronic check,Continue regular engagement,51.35
0931-MHTEM,0.16603756,0,Low Risk,54,One year,Fiber optic,No,Credit card (automatic),Continue regular engagement,100.05
2055-PDADH,0.66125256,1,Medium Risk,3,Month-to-month,Fiber optic,No,Electronic check,Offer contract upgrade incentive,70.4
7515-LODFU,0.011469262,0,Low Risk,69,Two year,No,No internet service,Credit card (automatic),Continue regular engagement,20.3
0440-UEDAI,0.09707176,0,Low Risk,53,One year,Fiber optic,Yes,Credit card (automatic),Continue regular engagement,94.45
1337-BOZWO,0.111081496,0,Low Risk,18,One year,DSL,No,Credit card (automatic),Continue regular engagement,46.4
0868-VJRDR,0.03912429,0,Low Risk,64,Two year,Fiber optic,Yes,Credit card (automatic),Continue regular engagement,104.05
8714-EUHJO,0.3707942,1,Medium Risk,31,Month-to-month,Fiber optic,No,Electronic check,Offer contract upgrade incentive,91.15
6344-SFJVH,0.14466757,0,Low Risk,20,Month-to-month,DSL,No,Credit card (automatic),Continue regular engagement,24.9
3950-VPYJB,0.025587745,0,Low Risk,57,One year,DSL,Yes,Mailed check,Continue regular engagement,59.6
8041-TMEID,0.110226676,0,Low Risk,63,Two year,Fiber optic,No,Credit card (automatic),Continue regular engagement,108.5
7321-ZNSLA,0.029599577,0,Low Risk,13,Two year,DSL,Yes,Mailed check,Continue regular engagement,40.55
6941-KXRRV,0.15573478,0,Low Risk,48,One year,DSL,No,Bank transfer (automatic),Continue regular engagement,58.95
3721-CNEYS,0.6690718,1,Medium Risk,2,Month-to-month,Fiber optic,No,Electronic check,Offer contract upgrade incentive,70.95
8727-JQFHV,0.016797023,0,Low Risk,57,Two year,No,No internet service,Mailed check,Continue regular engagement,20.75
9475-NNDGC,0.18670602,0,Low Risk,71,One year,Fiber optic,Yes,Bank transfer (automatic),Continue regular engagement,113.15
1355-KUSBG,0.31441686,0,Low Risk,7,Month-to-month,DSL,No,Electronic check,Continue regular engagement,48.8
3688-FTHLT,0.28907663,0,Low Risk,16,Month-to-month,DSL,No,Bank transfer (automatic),Continue regular engagement,63.05
0899-LIIBW,0.42040515,1,Medium Risk,34,Month-to-month,Fiber optic,No,Electronic check,Offer contract upgrade incentive,100.85
2568-OIADY,0.67756075,1,Medium Risk,37,Month-to-month,Fiber optic,No,Electronic check,Offer contract upgrade incentive,99.5
1384-RCUXW,0.39680502,1,Medium Risk,16,Month-to-month,Fiber optic,No,Mailed check,Offer contract upgrade incentive,80.55
5825-XJOCM,0.050713595,0,Low Risk,48,One year,DSL,No,Bank transfer (automatic),Continue regular engagement,64.4
6848-YLDFR,0.06395623,0,Low Risk,58,One year,DSL,Yes,Credit card (automatic),Continue regular engagement,75.2
8125-QPFJD,0.0048474357,0,Low Risk,72,Two year,DSL,Yes,Bank transfer (automatic),Continue regular engagement,84.9
2320-YKQBO,0.063262306,0,Low Risk,7,Month-to-month,No,No internet service,Mailed check,Continue regular engagement,19.3
1193-RTSLK,0.32259178,0,Low Risk,38,Month-to-month,Fiber optic,No,Credit card (automatic),Continue regular engagement,83.9
2302-ANTDP,0.3063125,0,Low Risk,48,Month-to-month,Fiber optic,Yes,Electronic check,Continue regular engagement,117.45
5923-GXUOC,0.72778374,1,High Risk,10,Month-to-month,Fiber optic,No,Electronic check,Offer annual contract discount + proactive support,104.4
4973-RLZVI,0.056075,0,Low Risk,30,One year,DSL,Yes,Credit card (automatic),Continue regular engagement,74.65
7869-ZYDST,0.1484591,0,Low Risk,31,Month-to-month,DSL,No,Credit card (automatic),Continue regular engagement,59.05
4501-UYKBC,0.11468593,0,Low Risk,46,One year,DSL,Yes,Credit card (automatic),Continue regular engagement,69.1
1215-EXRMO,0.013629622,0,Low Risk,50,Two year,No,No internet service,Mailed check,Continue regular engagement,20.55
2305-MRGLV,0.18047611,0,Low Risk,28,Month-to-month,Fiber optic,Yes,Bank transfer (automatic),Continue regular engagement,76.55
8404-VIOMB,0.010869063,0,Low Risk,66,Two year,DSL,Yes,Bank transfer (automatic),Continue regular engagement,62.5
5233-GEEAX,0.5936124,1,Medium Risk,8,Month-to-month,DSL,No,Electronic check,Offer contract upgrade incentive,29.4
2359-KLTEK,0.28407297,0,Low Risk,41,Month-to-month,Fiber optic,No,Bank transfer (automatic),Continue regular engagement,94.9
5304-EFJLP,0.023273429,0,Low Risk,72,Two year,Fiber optic,Yes,Bank transfer (automatic),Continue regular engagement,111.65
2673-ZALNP,0.041124195,0,Low Risk,7,One year,No,No internet service,Mailed check,Continue regular engagement,19.9
9184-GALIL,0.03853635,0,Low Risk,38,Month-to-month,No,No internet service,Mailed check,Continue regular engagement,20.45
4393-RYCRE,0.26502964,0,Low Risk,44,One year,Fiber optic,No,Electronic check,Continue regular engagement,106.05
9746-MDMBK,0.16732682,0,Low Risk,47,One year,Fiber optic,Yes,Bank transfer (automatic),Continue regular engagement,113.45
3162-ZJZFU,0.1762288,0,Low Risk,53,Month-to-month,Fiber optic,Yes,Electronic check,Continue regular engagement,92.55
8404-GFGCZ,0.3781757,1,Medium Risk,4,Month-to-month,DSL,No,Electronic check,Offer contract upgrade incentive,65.6
8875-AKBYH,0.6411417,1,Medium Risk,20,Month-to-month,Fiber optic,No,Electronic check,Offer contract upgrade incentive,84.35
4432-ADRLB,0.42463183,1,Medium Risk,2,Month-to-month,DSL,No,Mailed check,Offer contract upgrade incentive,44.65
0533-UCAAU,0.08299311,0,Low Risk,57,One year,DSL,No,Credit card (automatic),Continue regular engagement,71.1
1394-SUIUH,0.24944186,0,Low Risk,44,Month-to-month,Fiber optic,Yes,Electronic check,Continue regular engagement,85.15
3521-MNKLV,0.23943308,0,Low Risk,24,Month-to-month,DSL,No,Mailed check,Continue regular engagement,49.7
2533-TIBIX,0.20336719,0,Low Risk,15,Month-to-month,DSL,No,Bank transfer (automatic),Continue regular engagement,30.2
8993-PHFWD,0.52529305,1,Medium Risk,3,Month-to-month,DSL,No,Electronic check,Offer contract upgrade incentive,25.25
1565-RHDJD,0.69684386,1,Medium Risk,4,Month-to-month,Fiber optic,No,Bank transfer (automatic),Offer contract upgrade incentive,84.05
7137-RYLPP,0.55983543,1,Medium Risk,37,Month-to-month,Fiber optic,No,Electronic check,Offer contract upgrade incentive,85.7
3765-JXVKY,0.8230712,1,High Risk,1,Month-to-month,Fiber optic,No,Electronic check,Offer annual contract discount + proactive support,74.7
5092-STPKP,0.07346343,0,Low Risk,24,Month-to-month,DSL,Yes,Credit card (automatic),Continue regular engagement,56.35
7330-WZLNC,0.8409996,1,High Risk,5,Month-to-month,Fiber optic,No,Electronic check,Offer annual contract discount + proactive support,90.8
0114-PEGZZ,0.32955217,0,Low Risk,33,Month-to-month,Fiber optic,No,Electronic check,Continue regular engagement,107.55
3359-DSRKA,0.021301642,0,Low Risk,58,Two year,No,No internet service,Mailed check,Continue regular engagement,19.85
8639-NHQEI,0.008927844,0,Low Risk,72,Two year,Fiber optic,No,Bank transfer (automatic),Continue regular engagement,95.9
7161-DFHUF,0.0066965926,0,Low Risk,71,Two year,No,No internet service,Mailed check,Continue regular engagement,23.85
3957-LXOLK,0.6282271,1,Medium Risk,28,Month-to-month,Fiber optic,No,Electronic check,Offer contract upgrade incentive,106.15
3720-DBRWL,0.017920315,0,Low Risk,51,Two year,DSL,Yes,Credit card (automatic),Continue regular engagement,83.85
6635-MYYYZ,0.09895568,0,Low Risk,30,One year,DSL,Yes,Bank transfer (automatic),Continue regular engagement,85.35
8565-WUXZU,0.0076714777,0,Low Risk,72,Two year,Fiber optic,Yes,Credit card (automatic),Continue regular engagement,84.8
5281-BUZGT,0.39438498,1,Medium Risk,36,Month-to-month,Fiber optic,No,Electronic check,Offer contract upgrade incentive,90.85
4994-OBRSZ,0.022436455,0,Low Risk,14,Two year,DSL,Yes,Bank transfer (automatic),Continue regular engagement,76.1
0562-FGDCR,0.005953811,0,Low Risk,72,Two year,DSL,Yes,Mailed check,Continue regular engagement,74.55
2436-QBZFP,0.30399588,0,Low Risk,22,Month-to-month,DSL,No,Electronic check,Continue regular engagement,39.2
3420-YJLQT,0.64821684,1,Medium Risk,2,Month-to-month,Fiber optic,No,Electronic check,Offer contract upgrade incentive,79.55
6040-CGACY,0.106756285,0,Low Risk,15,Month-to-month,No,No internet service,Mailed check,Continue regular engagement,19.6
6582-PLFUU,0.013056399,0,Low Risk,51,Two year,No,No internet service,Credit card (automatic),Continue regular engagement,19.55
8242-PDSGJ,0.014090132,0,Low Risk,70,Two year,DSL,Yes,Credit card (automatic),Continue regular engagement,39.15
0264-CNITK,0.010876992,0,Low Risk,71,Two year,No,No internet service,Bank transfer (automatic),Continue regular engagement,20.1
0089-IIQKO,0.38631076,1,Medium Risk,39,Month-to-month,Fiber optic,Yes,Credit card (automatic),Offer contract upgrade incentive,99.95
7839-NUIAA,0.064128704,0,Low Risk,61,Month-to-month,DSL,No,Electronic check,Continue regular engagement,59.8
6075-QMNRR,0.09647,0,Low Risk,52,Month-to-month,DSL,No,Bank transfer (automatic),Continue regular engagement,49.75
5378-IKEEG,0.79095066,1,High Risk,1,Month-to-month,DSL,No,Electronic check,Offer annual contract discount + proactive support,35.75
5966-EMAZU,0.2595314,0,Low Risk,64,One year,Fiber optic,Yes,Mailed check,Continue regular engagement,108.5
0440-EKDCF,0.012946003,0,Low Risk,62,Two year,DSL,Yes,Credit card (automatic),Continue regular engagement,60.15
4774-HHGGS,0.0068341587,0,Low Risk,30,Two year,No,No internet service,Mailed check,Continue regular engagement,19.05
2718-GAXQD,0.5271858,1,Medium Risk,4,Month-to-month,DSL,No,Electronic check,Offer contract upgrade incentive,46.0
2055-BFOCC,0.07258618,0,Low Risk,63,One year,DSL,Yes,Bank transfer (automatic),Continue regular engagement,84.0
8180-AKMJV,0.5173476,1,Medium Risk,1,Month-to-month,DSL,No,Credit card (automatic),Offer contract upgrade incentive,44.55
4298-OYIFC,0.679249,1,Medium Risk,15,Month-to-month,Fiber optic,Yes,Electronic check,Offer contract upgrade incentive,103.45
5566-SOEZD,0.06462039,0,Low Risk,27,One year,Fiber optic,No,Credit card (automatic),Continue regular engagement,80.65
9842-EFSYY,0.32319447,0,Low Risk,4,Month-to-month,DSL,No,Mailed check,Continue regular engagement,57.2
2272-WUSPA,0.020647874,0,Low Risk,72,Two year,Fiber optic,No,Electronic check,Continue regular engagement,110.75
4584-LBNMK,0.052239027,0,Low Risk,45,One year,No,No internet service,Credit card (automatic),Continue regular engagement,24.7
3898-GUYTS,0.31021205,0,Low Risk,45,Month-to-month,Fiber optic,Yes,Electronic check,Continue regular engagement,97.05
0930-EHUZA,0.058580942,0,Low Risk,36,One year,DSL,Yes,Mailed check,Continue regular engagement,76.35
6413-XKKPU,0.4347362,1,Medium Risk,17,Month-to-month,Fiber optic,No,Electronic check,Offer contract upgrade incentive,89.4
9975-SKRNR,0.16445683,0,Low Risk,1,Month-to-month,No,No internet service,Mailed check,Continue regular engagement,18.9
3703-KBKZP,0.4228176,1,Medium Risk,16,Month-to-month,Fiber optic,No,Bank transfer (automatic),Offer contract upgrade incentive,74.45
1449-XQEMT,0.21781118,0,Low Risk,3,Month-to-month,No,No internet service,Mailed check,Continue regular engagement,19.8
2626-URJFX,0.54821676,1,Medium Risk,4,Month-to-month,DSL,No,Electronic check,Offer contract upgrade incentive,50.9
4973-MGTON,0.0063397028,0,Low Risk,71,Two year,DSL,Yes,Credit card (automatic),Continue regular engagement,84.4
3682-YEUWS,0.0812981,0,Low Risk,10,Month-to-month,No,No internet service,Mailed check,Continue regular engagement,24.4
1223-UNPKS,0.012871083,0,Low Risk,20,Two year,No,No internet service,Mailed check,Continue regular engagement,20.05
2612-RRIDN,0.72421944,1,High Risk,4,Month-to-month,Fiber optic,No,Electronic check,Offer annual contract discount + proactive support,81.0
4735-ASGMA,0.7559813,1,High Risk,26,Month-to-month,Fiber optic,No,Electronic check,Offer annual contract discount + proactive support,98.35
3446-QDSZF,0.33400503,0,Low Risk,4,Month-to-month,DSL,No,Credit card (automatic),Continue regular engagement,55.5
3669-LVWZB,0.51014584,1,Medium Risk,5,Month-to-month,DSL,No,Mailed check,Offer contract upgrade incentive,51.0
6892-EZDTG,0.8456696,1,High Risk,4,Month-to-month,Fiber optic,No,Electronic check,Offer annual contract discount + proactive support,91.65
5117-IFGPS,0.60713685,1,Medium Risk,29,Month-to-month,Fiber optic,No,Electronic check,Offer contract upgrade incentive,84.3
7379-FNIUJ,0.49050027,1,Medium Risk,2,Month-to-month,Fiber optic,No,Electronic check,Offer contract upgrade incentive,100.2
1627-AFWVJ,0.01806777,0,Low Risk,29,Two year,No,No internet service,Mailed check,Continue regular engagement,19.4
9725-SCPZG,0.84310454,1,High Risk,1,Month-to-month,Fiber optic,No,Electronic check,Offer annual contract discount + proactive support,90.85
5884-GCYMI,0.74592596,1,High Risk,1,Month-to-month,Fiber optic,No,Mailed check,Offer annual contract discount + proactive support,69.4
3217-FZDMN,0.75808024,1,High Risk,8,Month-to-month,Fiber optic,No,Credit card (automatic),Offer annual contract discount + proactive support,94.45
4486-EFAEB,0.15000243,0,Low Risk,13,Month-to-month,No,No internet service,Electronic check,Continue regular engagement,20.4
0060-FUALY,0.30161956,0,Low Risk,59,Month-to-month,Fiber optic,No,Electronic check,Continue regular engagement,94.75
7853-GVUDZ,0.44034147,1,Medium Risk,1,Month-to-month,No,No internet service,Credit card (automatic),Offer contract upgrade incentive,20.15
7480-QNVZJ,0.6108936,1,Medium Risk,50,Month-to-month,Fiber optic,No,Electronic check,Offer contract upgrade incentive,95.7
6954-OOYZZ,0.22438821,0,Low Risk,18,Month-to-month,DSL,No,Bank transfer (automatic),Continue regular engagement,44.35
7088-FBAWU,0.13703798,0,Low Risk,17,Month-to-month,DSL,No,Mailed check,Continue regular engagement,74.55
8313-AFGBW,0.036171515,0,Low Risk,47,Two year,DSL,No,Electronic check,Continue regular engagement,73.6
3943-KDREE,0.31190124,0,Low Risk,26,Month-to-month,Fiber optic,No,Bank transfer (automatic),Continue regular engagement,74.95
9239-ZBZZV,0.57671475,1,Medium Risk,6,Month-to-month,DSL,No,Electronic check,Offer contract upgrade incentive,47.95
3097-IDVPU,0.19952908,0,Low Risk,19,Month-to-month,DSL,No,Credit card (automatic),Continue regular engagement,50.1
4398-HSCJH,0.51780456,1,Medium Risk,3,Month-to-month,DSL,Yes,Electronic check,Offer contract upgrade incentive,63.6
2197-OMWGI,0.12976842,0,Low Risk,68,Two year,DSL,No,Electronic check,Continue regular engagement,53.0
2303-PJYHN,0.1375943,0,Low Risk,2,Month-to-month,No,No internet service,Bank transfer (automatic),Continue regular engagement,19.85
9795-VOWON,0.1402614,0,Low Risk,7,One year,DSL,No,Credit card (automatic),Continue regular engagement,24.35
1237-WIYYZ,0.09925329,0,Low Risk,18,Month-to-month,No,No internet service,Mailed check,Continue regular engagement,19.55
1987-AUELQ,0.0076082917,0,Low Risk,71,Two year,No,No internet service,Credit card (automatic),Continue regular engagement,25.05
7852-LECYP,0.46874666,1,Medium Risk,13,Month-to-month,Fiber optic,No,Credit card (automatic),Offer contract upgrade incentive,93.8
4430-UZIPO,0.41965425,1,Medium Risk,3,Month-to-month,DSL,Yes,Mailed check,Offer contract upgrade incentive,36.85
4822-LPTYJ,0.07046823,0,Low Risk,72,Two year,Fiber optic,No,Bank transfer (automatic),Continue regular engagement,103.75
8165-CBKXO,0.020831866,0,Low Risk,66,Two year,DSL,No,Credit card (automatic),Continue regular engagement,56.75
6527-PZFPV,0.02828313,0,Low Risk,24,One year,No,No internet service,Credit card (automatic),Continue regular engagement,20.8
4855-SNKMY,0.60418624,1,Medium Risk,1,Month-to-month,DSL,No,Electronic check,Offer contract upgrade incentive,44.1
9593-CVZKR,0.009940482,0,Low Risk,56,Two year,No,No internet service,Mailed check,Continue regular engagement,24.45
8595-SIZNC,0.039885174,0,Low Risk,22,One year,No,No internet service,Bank transfer (automatic),Continue regular engagement,25.6
8008-HAWED,0.5458554,1,Medium Risk,14,Month-to-month,DSL,No,Electronic check,Offer contract upgrade incentive,50.75
7124-UGSUR,0.2534204,0,Low Risk,61,One year,Fiber optic,No,Credit card (automatic),Continue regular engagement,104.4
1862-SKORY,0.388874,1,Medium Risk,40,Month-to-month,DSL,No,Electronic check,Offer contract upgrade incentive,39.3
5236-XMZJY,0.106685504,0,Low Risk,42,Month-to-month,DSL,No,Bank transfer (automatic),Continue regular engagement,59.65
4827-DPADN,0.0049603903,0,Low Risk,72,Two year,DSL,Yes,Bank transfer (automatic),Continue regular engagement,83.3
2694-CIUMO,0.4953904,1,Medium Risk,12,Month-to-month,Fiber optic,Yes,Credit card (automatic),Offer contract upgrade incentive,79.55
5846-ABOBJ,0.0075703636,0,Low Risk,71,Two year,No,No internet service,Bank transfer (automatic),Continue regular engagement,24.45
1439-LCGVL,0.008350742,0,Low Risk,26,One year,No,No internet service,Mailed check,Continue regular engagement,19.2
0909-SDHNU,0.15441795,0,Low Risk,7,Month-to-month,DSL,No,Mailed check,Continue regular engagement,29.8
4647-XXZAM,0.25011283,0,Low Risk,6,Month-to-month,DSL,No,Mailed check,Continue regular engagement,45.5
1502-XFCVR,0.26704544,0,Low Risk,58,One year,Fiber optic,No,Electronic check,Continue regular engagement,106.45
7740-KKCXF,0.15488037,0,Low Risk,51,Month-to-month,DSL,No,Credit card (automatic),Continue regular engagement,30.05
5360-XGYAZ,0.0050087417,0,Low Risk,72,Two year,DSL,Yes,Bank transfer (automatic),Continue regular engagement,65.65
9692-TUSXH,0.6086081,1,Medium Risk,18,Month-to-month,Fiber optic,No,Electronic check,Offer contract upgrade incentive,96.05
7912-SYRQT,0.6600261,1,Medium Risk,7,Month-to-month,Fiber optic,No,Bank transfer (automatic),Offer contract upgrade incentive,75.1
3557-HTYWR,0.011824743,0,Low Risk,47,Two year,DSL,Yes,Mailed check,Continue regular engagement,74.05
4816-JBHOV,0.67481023,1,Medium Risk,2,Month-to-month,DSL,No,Electronic check,Offer contract upgrade incentive,44.7
8920-NAVAY,0.24503559,0,Low Risk,62,One year,Fiber optic,Yes,Bank transfer (automatic),Continue regular engagement,110.75
1699-TLDLZ,0.022076065,0,Low Risk,16,Two year,No,No internet service,Mailed check,Continue regular engagement,19.7
5600-PDUJF,0.2746867,0,Low Risk,6,Month-to-month,DSL,Yes,Credit card (automatic),Continue regular engagement,49.5
8292-TYSPY,0.2258199,0,Low Risk,19,Month-to-month,DSL,Yes,Credit card (automatic),Continue regular engagement,55.0
0567-XRHCU,0.014138349,0,Low Risk,69,Two year,DSL,No,Credit card (automatic),Continue regular engagement,43.95
1867-BDVFH,0.5940265,1,Medium Risk,11,Month-to-month,Fiber optic,No,Electronic check,Offer contract upgrade incentive,74.35
2067-QYTCF,0.23589598,0,Low Risk,64,Month-to-month,Fiber optic,Yes,Electronic check,Continue regular engagement,111.15
2359-QWQUL,0.3823151,1,Medium Risk,39,One year,Fiber optic,Yes,Credit card (automatic),Monitor customer + targeted engagement,104.7
9103-TCIHJ,0.21969861,0,Low Risk,15,Month-to-month,DSL,No,Mailed check,Continue regular engagement,55.7
7407-SUJIZ,0.04552359,0,Low Risk,25,Month-to-month,No,No internet service,Mailed check,Continue regular engagement,20.6
9150-KPBJQ,0.023437198,0,Low Risk,6,Two year,No,No internet service,Credit card (automatic),Continue regular engagement,19.65
0052-DCKON,0.2784826,0,Low Risk,66,One year,Fiber optic,Yes,Bank transfer (automatic),Continue regular engagement,115.8
3654-ARMGP,0.0152114695,0,Low Risk,61,Two year,DSL,Yes,Credit card (automatic),Continue regular engagement,88.65
9699-UBQFS,0.39665246,1,Medium Risk,43,Month-to-month,Fiber optic,No,Electronic check,Offer contract upgrade incentive,94.5
9367-TCUYN,0.07665874,0,Low Risk,12,Month-to-month,No,No internet service,Mailed check,Continue regular engagement,20.1
1261-FWTTE,0.38820437,1,Medium Risk,23,Month-to-month,DSL,No,Bank transfer (automatic),Offer contract upgrade incentive,34.65
3528-HFRIQ,0.16144632,0,Low Risk,71,Month-to-month,DSL,No,Bank transfer (automatic),Continue regular engagement,52.3
0708-SJDIS,0.09710883,0,Low Risk,34,Month-to-month,DSL,Yes,Mailed check,Continue regular engagement,65.0
4140-WJAWW,0.12302719,0,Low Risk,5,Month-to-month,No,No internet service,Credit card (automatic),Continue regular engagement,19.85
2073-QBVBI,0.075925365,0,Low Risk,41,One year,DSL,Yes,Mailed check,Continue regular engagement,35.45
6928-ONTRW,0.008761409,0,Low Risk,72,Two year,No,No internet service,Credit card (automatic),Continue regular engagement,19.7
3320-VEOYC,0.72758275,1,High Risk,14,Month-to-month,Fiber optic,No,Electronic check,Offer annual contract discount + proactive support,95.6
5231-FIQPA,0.01513792,0,Low Risk,41,Two year,No,No internet service,Mailed check,Continue regular engagement,19.85
6617-WLBQC,0.064028606,0,Low Risk,23,One year,Fiber optic,No,Credit card (automatic),Continue regular engagement,81.85
2599-CIPQE,0.04886228,0,Low Risk,71,Two year,Fiber optic,Yes,Credit card (automatic),Continue regular engagement,109.3
6653-CBBOM,0.8173674,1,High Risk,1,Month-to-month,Fiber optic,No,Electronic check,Offer annual contract discount + proactive support,70.3
8774-GSBUN,0.0054087057,0,Low Risk,72,Two year,No,No internet service,Mailed check,Continue regular engagement,25.4
7326-RIGQZ,0.5889838,1,Medium Risk,6,Month-to-month,Fiber optic,No,Electronic check,Offer contract upgrade incentive,69.8
1401-FTHFQ,0.032847762,0,Low Risk,23,One year,No,No internet service,Credit card (automatic),Continue regular engagement,20.0
3247-ZVOUO,0.7239107,1,High Risk,10,Month-to-month,Fiber optic,No,Electronic check,Offer annual contract discount + proactive support,85.55
0254-FNMCI,0.024166655,0,Low Risk,72,Two year,Fiber optic,Yes,Electronic check,Continue regular engagement,109.9
1848-LBZHY,0.21164314,0,Low Risk,7,Month-to-month,DSL,No,Bank transfer (automatic),Continue regular engagement,50.3
6101-IMRMM,0.7160425,1,High Risk,6,Month-to-month,Fiber optic,No,Mailed check,Offer annual contract discount + proactive support,94.5
8118-TJAFG,0.5777689,1,Medium Risk,9,Month-to-month,Fiber optic,Yes,Electronic check,Offer contract upgrade incentive,101.5
5429-LWCMV,0.6876571,1,Medium Risk,12,Month-to-month,Fiber optic,No,Electronic check,Offer contract upgrade incentive,89.15
7298-IZWLY,0.4516434,1,Medium Risk,1,Month-to-month,No,No internet service,Mailed check,Offer contract upgrade incentive,19.4
9758-MFWGD,0.113459386,0,Low Risk,48,One year,DSL,No,Bank transfer (automatic),Continue regular engagement,29.9
3955-JBZZM,0.4009396,1,Medium Risk,20,Month-to-month,Fiber optic,No,Electronic check,Offer contract upgrade incentive,78.8
1268-ASBGA,0.54531634,1,Medium Risk,16,Month-to-month,Fiber optic,No,Credit card (automatic),Offer contract upgrade incentive,85.35
8943-URTMR,0.721105,1,High Risk,2,Month-to-month,Fiber optic,No,Mailed check,Offer annual contract discount + proactive support,79.65
4815-TUMEQ,0.027264599,0,Low Risk,10,One year,No,No internet service,Mailed check,Continue regular engagement,19.3
4713-LZDRV,0.8343409,1,High Risk,2,Month-to-month,Fiber optic,No,Electronic check,Offer annual contract discount + proactive support,79.6
9909-IDLEK,0.31457403,0,Low Risk,20,Month-to-month,Fiber optic,Yes,Mailed check,Continue regular engagement,96.8
4092-OFQZS,0.020819755,0,Low Risk,20,One year,No,No internet service,Mailed check,Continue regular engagement,20.65
1561-BWHIN,0.024967141,0,Low Risk,19,One year,No,No internet service,Mailed check,Continue regular engagement,19.8
4325-NFSKC,0.5457619,1,Medium Risk,19,Month-to-month,Fiber optic,No,Electronic check,Offer contract upgrade incentive,90.6
9927-DSWDF,0.46283922,1,Medium Risk,22,Month-to-month,Fiber optic,Yes,Electronic check,Offer contract upgrade incentive,104.6
9500-LTVBP,0.2698005,0,Low Risk,35,Month-to-month,Fiber optic,Yes,Credit card (automatic),Continue regular engagement,80.05
7252-NTGSS,0.52439046,1,Medium Risk,1,Month-to-month,DSL,No,Mailed check,Offer contract upgrade incentive,45.15
8149-AIQCG,0.33225676,0,Low Risk,39,Month-to-month,Fiber optic,No,Credit card (automatic),Continue regular engagement,73.15
1360-JYXKQ,0.20985933,0,Low Risk,54,One year,Fiber optic,Yes,Electronic check,Continue regular engagement,99.1
2955-PSXOE,0.4160907,1,Medium Risk,1,Month-to-month,No,No internet service,Bank transfer (automatic),Offer contract upgrade incentive,20.2
7762-URZQH,0.57284486,1,Medium Risk,66,Two year,Fiber optic,No,Credit card (automatic),Monitor customer + targeted engagement,106.05
0899-WZRSD,0.3228127,0,Low Risk,56,Month-to-month,Fiber optic,Yes,Mailed check,Continue regular engagement,105.35
3255-GRXMG,0.21922638,0,Low Risk,18,Month-to-month,DSL,No,Credit card (automatic),Continue regular engagement,45.65
4828-FAZPK,0.4162885,1,Medium Risk,16,Month-to-month,Fiber optic,No,Credit card (automatic),Offer contract upgrade incentive,79.95
6094-ZIVKX,0.029632546,0,Low Risk,68,One year,DSL,No,Credit card (automatic),Continue regular engagement,54.45
6925-BAYGL,0.028056812,0,Low Risk,53,Two year,No,No internet service,Credit card (automatic),Continue regular engagement,25.1
3262-EIDHV,0.0057180338,0,Low Risk,72,Two year,DSL,Yes,Credit card (automatic),Continue regular engagement,84.7
7354-OIJLX,0.7148262,1,High Risk,9,Month-to-month,Fiber optic,No,Electronic check,Offer annual contract discount + proactive support,75.85
1376-HHBDV,0.075119846,0,Low Risk,30,Month-to-month,DSL,No,Mailed check,Continue regular engagement,48.8
6907-NZZIJ,0.58649915,1,Medium Risk,36,Month-to-month,Fiber optic,No,Electronic check,Offer contract upgrade incentive,99.15
6133-OZILE,0.37408882,1,Medium Risk,18,Month-to-month,DSL,Yes,Electronic check,Offer contract upgrade incentive,35.2
4135-FRWKJ,0.06987458,0,Low Risk,55,One year,DSL,Yes,Electronic check,Continue regular engagement,76.25
2911-UREFD,0.2975065,0,Low Risk,39,Month-to-month,DSL,No,Electronic check,Continue regular engagement,55.9
3744-ZRRDZ,0.5836754,1,Medium Risk,21,Month-to-month,Fiber optic,No,Electronic check,Offer contract upgrade incentive,82.35
5673-TIYIB,0.4898947,1,Medium Risk,2,Month-to-month,DSL,Yes,Credit card (automatic),Offer contract upgrade incentive,40.4
6551-ZCOTS,0.04168018,0,Low Risk,33,One year,No,No internet service,Bank transfer (automatic),Continue regular engagement,24.9
7191-ADRGF,0.06901858,0,Low Risk,44,Two year,DSL,No,Bank transfer (automatic),Continue regular engagement,54.3
5018-LXQQG,0.061069604,0,Low Risk,30,Month-to-month,DSL,Yes,Bank transfer (automatic),Continue regular engagement,66.3
6892-BOGQE,0.007909585,0,Low Risk,71,Two year,No,No internet service,Bank transfer (automatic),Continue regular engagement,20.9
1602-IJQQE,0.6975697,1,Medium Risk,4,Month-to-month,Fiber optic,No,Electronic check,Offer contract upgrade incentive,75.35
4628-WQCQQ,0.2413068,0,Low Risk,35,One year,Fiber optic,No,Electronic check,Continue regular engagement,85.15
1746-TGTWV,0.68870926,1,Medium Risk,1,Month-to-month,Fiber optic,No,Credit card (automatic),Offer contract upgrade incentive,75.35
5995-SNNEW,0.67913854,1,Medium Risk,23,Month-to-month,Fiber optic,No,Electronic check,Offer contract upgrade incentive,104.45
8050-WYBND,0.2205684,0,Low Risk,22,One year,DSL,No,Credit card (automatic),Continue regular engagement,49.45
2821-WARNZ,0.017206937,0,Low Risk,49,One year,No,No internet service,Credit card (automatic),Continue regular engagement,19.45
4879-GZLFH,0.31439048,0,Low Risk,42,Month-to-month,Fiber optic,No,Electronic check,Continue regular engagement,92.15
1644-IRKSF,0.2930114,0,Low Risk,33,One year,Fiber optic,No,Electronic check,Continue regular engagement,93.8
8314-HTWVE,0.01912075,0,Low Risk,7,Two year,No,No internet service,Mailed check,Continue regular engagement,19.85
9402-ROUMJ,0.11820237,0,Low Risk,67,One year,Fiber optic,Yes,Bank transfer (automatic),Continue regular engagement,100.25
2507-QZPQS,0.3827962,1,Medium Risk,15,Month-to-month,Fiber optic,Yes,Electronic check,Offer contract upgrade incentive,95.7
7159-NOKYQ,0.06929418,0,Low Risk,67,Two year,Fiber optic,No,Electronic check,Continue regular engagement,93.15
5707-ZMDJP,0.009408251,0,Low Risk,53,Two year,DSL,Yes,Mailed check,Continue regular engagement,69.7
8779-YIQQA,0.023941707,0,Low Risk,21,One year,No,No internet service,Mailed check,Continue regular engagement,19.8
7136-IHZJA,0.09807279,0,Low Risk,40,Month-to-month,DSL,Yes,Mailed check,Continue regular engagement,71.35
8966-OIQHG,0.02134738,0,Low Risk,22,One year,No,No internet service,Bank transfer (automatic),Continue regular engagement,20.75
7074-STDCN,0.17107564,0,Low Risk,39,Month-to-month,DSL,Yes,Electronic check,Continue regular engagement,40.6
3705-PSNGL,0.032000728,0,Low Risk,45,One year,No,No internet service,Electronic check,Continue regular engagement,20.4
8739-QOTTN,0.11699932,0,Low Risk,2,Month-to-month,No,No internet service,Mailed check,Continue regular engagement,20.35
1399-OUPJN,0.012457389,0,Low Risk,57,Two year,No,No internet service,Bank transfer (automatic),Continue regular engagement,19.75
0277-BKSQP,0.3960066,1,Medium Risk,8,Month-to-month,DSL,No,Electronic check,Offer contract upgrade incentive,54.4
6502-HCJTI,0.78266406,1,High Risk,7,Month-to-month,Fiber optic,No,Credit card (automatic),Offer annual contract discount + proactive support,94.7
2606-RMDHZ,0.38794136,1,Medium Risk,6,Month-to-month,DSL,No,Credit card (automatic),Offer contract upgrade incentive,30.5
5774-XZTQC,0.07369612,0,Low Risk,7,Month-to-month,No,No internet service,Mailed check,Continue regular engagement,20.45
2676-SSLTO,0.024508668,0,Low Risk,49,Two year,DSL,Yes,Bank transfer (automatic),Continue regular engagement,66.15
6266-QHOJZ,0.07814577,0,Low Risk,65,One year,Fiber optic,Yes,Electronic check,Continue regular engagement,89.85
7269-JISCY,0.05703034,0,Low Risk,55,One year,DSL,No,Bank transfer (automatic),Continue regular engagement,45.05
0363-SVHYR,0.006447333,0,Low Risk,71,Two year,DSL,Yes,Bank transfer (automatic),Continue regular engagement,86.85
8547-NSBBO,0.12103379,0,Low Risk,35,Month-to-month,Fiber optic,Yes,Mailed check,Continue regular engagement,96.75
8258-GSTJK,0.7891481,1,High Risk,3,Month-to-month,Fiber optic,No,Electronic check,Offer annual contract discount + proactive support,77.0
6861-OKBCE,0.09844774,0,Low Risk,11,Month-to-month,No,No internet service,Credit card (automatic),Continue regular engagement,20.1
9940-RHLFB,0.74697,1,High Risk,1,Month-to-month,Fiber optic,No,Electronic check,Offer annual contract discount + proactive support,75.3
6591-QGOYB,0.3822891,1,Medium Risk,17,Month-to-month,Fiber optic,Yes,Bank transfer (automatic),Offer contract upgrade incentive,106.65
9070-BCKQP,0.010646979,0,Low Risk,72,Two year,Fiber optic,Yes,Credit card (automatic),Continue regular engagement,110.15
6421-SZVEM,0.13140063,0,Low Risk,28,One year,Fiber optic,No,Bank transfer (automatic),Continue regular engagement,82.85
1328-EUZHC,0.016416332,0,Low Risk,18,Two year,No,No internet service,Mailed check,Continue regular engagement,20.1
2995-UPRYS,0.23151562,0,Low Risk,40,One year,Fiber optic,Yes,Credit card (automatic),Continue regular engagement,99.2
8878-RYUKI,0.21758936,0,Low Risk,52,Month-to-month,DSL,No,Electronic check,Continue regular engagement,59.45
9633-DENPU,0.18958165,0,Low Risk,47,Month-to-month,DSL,No,Bank transfer (automatic),Continue regular engagement,58.6
7811-JIVPF,0.15518534,0,Low Risk,23,Month-to-month,DSL,No,Credit card (automatic),Continue regular engagement,49.7
7113-HIPFI,0.007943779,0,Low Risk,66,Two year,DSL,Yes,Mailed check,Continue regular engagement,65.85
8541-QVFKM,0.71806806,1,High Risk,8,Month-to-month,Fiber optic,No,Electronic check,Offer annual contract discount + proactive support,73.5
6686-YPGHK,0.3075318,0,Low Risk,47,Month-to-month,Fiber optic,No,Mailed check,Continue regular engagement,85.5
1383-EZRWL,0.09664785,0,Low Risk,7,Month-to-month,No,No internet service,Mailed check,Continue regular engagement,20.05
9258-CNWAC,0.018851576,0,Low Risk,71,Two year,Fiber optic,Yes,Credit card (automatic),Continue regular engagement,113.65
5371-VYLSX,0.3306687,0,Low Risk,50,Month-to-month,Fiber optic,No,Electronic check,Continue regular engagement,83.4
6374-AFWOX,0.016016502,0,Low Risk,46,Two year,DSL,Yes,Mailed check,Continue regular engagement,65.65
4759-TRPLW,0.7424854,1,High Risk,1,Month-to-month,Fiber optic,No,Electronic check,Offer annual contract discount + proactive support,70.4
5317-FLPJF,0.0107189035,0,Low Risk,66,Two year,DSL,Yes,Bank transfer (automatic),Continue regular engagement,61.35
7621-VPNET,0.25152206,0,Low Risk,42,Month-to-month,Fiber optic,Yes,Credit card (automatic),Continue regular engagement,85.9
6034-YMTOB,0.52644944,1,Medium Risk,5,Month-to-month,Fiber optic,Yes,Mailed check,Offer contract upgrade incentive,75.65
8563-IIOXK,0.21844232,0,Low Risk,7,One year,DSL,No,Electronic check,Continue regular engagement,49.75
4903-CNOZC,0.0630289,0,Low Risk,29,One year,DSL,No,Credit card (automatic),Continue regular engagement,70.9
4353-HYOJD,0.077689685,0,Low Risk,27,Month-to-month,DSL,No,Mailed check,Continue regular engagement,49.85
8020-BWHYL,0.4696301,1,Medium Risk,15,Month-to-month,Fiber optic,No,Credit card (automatic),Offer contract upgrade incentive,75.3
7267-FRMJW,0.015006056,0,Low Risk,25,Two year,No,No internet service,Mailed check,Continue regular engagement,20.1
2982-VPSGI,0.82142323,1,High Risk,11,Month-to-month,Fiber optic,No,Electronic check,Offer annual contract discount + proactive support,94.0
4188-FRABG,0.3049634,0,Low Risk,57,Month-to-month,Fiber optic,Yes,Electronic check,Continue regular engagement,103.05
8199-ZLLSA,0.43405312,1,Medium Risk,67,One year,Fiber optic,Yes,Bank transfer (automatic),Monitor customer + targeted engagement,118.35
4128-ETESU,0.5179292,1,Medium Risk,47,Month-to-month,Fiber optic,No,Electronic check,Offer contract upgrade incentive,99.7
0620-DLSLK,0.4609113,1,Medium Risk,13,Month-to-month,Fiber optic,No,Mailed check,Offer contract upgrade incentive,81.9
4625-EWPTF,0.469044,1,Medium Risk,8,Month-to-month,DSL,No,Electronic check,Offer contract upgrade incentive,30.45
5980-NOPLP,0.57487655,1,Medium Risk,44,Month-to-month,Fiber optic,No,Electronic check,Offer contract upgrade incentive,96.1
3850-OKINF,0.04028608,0,Low Risk,71,One year,DSL,No,Electronic check,Continue regular engagement,66.2
6892-XPFPU,0.74010116,1,High Risk,24,Month-to-month,Fiber optic,No,Electronic check,Offer annual contract discount + proactive support,104.25
8010-EZLOU,0.639251,1,Medium Risk,15,Month-to-month,Fiber optic,No,Electronic check,Offer contract upgrade incentive,80.2
1156-ZFYDO,0.4520886,1,Medium Risk,1,Month-to-month,No,No internet service,Electronic check,Offer contract upgrade incentive,19.75
3295-YVUSR,0.70824593,1,High Risk,2,Month-to-month,Fiber optic,No,Mailed check,Offer annual contract discount + proactive support,72.6
8016-NCFVO,0.29936585,0,Low Risk,55,Month-to-month,Fiber optic,Yes,Electronic check,Continue regular engagement,116.5
4119-ZYPZY,0.31364518,0,Low Risk,71,Two year,Fiber optic,Yes,Electronic check,Continue regular engagement,106.8
5549-ZGHFB,0.008975121,0,Low Risk,50,Two year,No,No internet service,Mailed check,Continue regular engagement,24.95
7577-SWIFR,0.8543124,1,High Risk,1,Month-to-month,Fiber optic,No,Electronic check,Offer annual contract discount + proactive support,89.25
0303-WMMRN,0.06631226,0,Low Risk,5,Month-to-month,No,No internet service,Mailed check,Continue regular engagement,19.25
6408-OTUBZ,0.08445695,0,Low Risk,66,One year,Fiber optic,Yes,Bank transfer (automatic),Continue regular engagement,104.55
5204-HMGYF,0.04773197,0,Low Risk,49,One year,DSL,Yes,Mailed check,Continue regular engagement,87.2
1078-TDCRN,0.6882492,1,Medium Risk,3,Month-to-month,DSL,No,Electronic check,Offer contract upgrade incentive,30.75
3727-OVPRY,0.0160703,0,Low Risk,66,One year,No,No internet service,Credit card (automatic),Continue regular engagement,25.7
3797-FKOGQ,0.4562911,1,Medium Risk,11,Month-to-month,Fiber optic,No,Electronic check,Offer contract upgrade incentive,86.2
7622-NXQZR,0.14567073,0,Low Risk,28,Month-to-month,DSL,Yes,Credit card (automatic),Continue regular engagement,30.1
6196-HBOBZ,0.051565923,0,Low Risk,65,Two year,Fiber optic,No,Electronic check,Continue regular engagement,99.35
3970-XGJDU,0.00862844,0,Low Risk,62,Two year,No,No internet service,Credit card (automatic),Continue regular engagement,19.2
7017-VFULY,0.14817443,0,Low Risk,2,Month-to-month,No,No internet service,Bank transfer (automatic),Continue regular engagement,20.1
5562-YJQGT,0.115589775,0,Low Risk,2,Month-to-month,No,No internet service,Credit card (automatic),Continue regular engagement,20.35
8807-OPMBM,0.012388411,0,Low Risk,55,Two year,No,No internet service,Credit card (automatic),Continue regular engagement,25.65
5439-WIKXB,0.41591614,1,Medium Risk,41,Month-to-month,Fiber optic,No,Electronic check,Offer contract upgrade incentive,94.55
9874-QLCLH,0.7023375,1,High Risk,17,Month-to-month,Fiber optic,No,Electronic check,Offer annual contract discount + proactive support,104.2
8294-UIMBA,0.16248558,0,Low Risk,30,One year,Fiber optic,Yes,Bank transfer (automatic),Continue regular engagement,94.4
8109-YUOHE,0.064444885,0,Low Risk,17,One year,DSL,No,Mailed check,Continue regular engagement,56.1
5840-NVDCG,0.020294385,0,Low Risk,16,Two year,DSL,Yes,Bank transfer (automatic),Continue regular engagement,68.25
8092-NLTGF,0.005866056,0,Low Risk,72,Two year,No,No internet service,Bank transfer (automatic),Continue regular engagement,24.75
5928-QLDHB,0.6681439,1,Medium Risk,9,Month-to-month,Fiber optic,No,Electronic check,Offer contract upgrade incentive,76.25
9840-EFJQB,0.6861342,1,Medium Risk,1,Month-to-month,Fiber optic,No,Electronic check,Offer contract upgrade incentive,74.35
0696-UKTOX,0.096376166,0,Low Risk,23,Month-to-month,DSL,Yes,Electronic check,Continue regular engagement,54.15
4801-KFYKL,0.104613826,0,Low Risk,8,Month-to-month,No,No internet service,Bank transfer (automatic),Continue regular engagement,19.45
3472-OAOOR,0.19521235,0,Low Risk,19,Month-to-month,DSL,No,Mailed check,Continue regular engagement,34.95
6135-OZQVA,0.33615193,0,Low Risk,7,Month-to-month,DSL,No,Electronic check,Continue regular engagement,53.65
8062-YBDOE,0.8669683,1,High Risk,1,Month-to-month,Fiber optic,No,Electronic check,Offer annual contract discount + proactive support,69.65
2252-JHJGE,0.22758709,0,Low Risk,61,One year,Fiber optic,No,Electronic check,Continue regular engagement,104.0
4188-PCPIG,0.013035493,0,Low Risk,57,Two year,DSL,Yes,Credit card (automatic),Continue regular engagement,70.35
6000-APYLU,0.5877211,1,Medium Risk,9,Month-to-month,Fiber optic,No,Electronic check,Offer contract upgrade incentive,80.8
7105-BENQF,0.090232305,0,Low Risk,15,One year,DSL,No,Mailed check,Continue regular engagement,64.85
7721-DVEKZ,0.38342124,1,Medium Risk,1,Month-to-month,No,No internet service,Mailed check,Offer contract upgrade incentive,19.65
3566-VVORZ,0.19525261,0,Low Risk,12,Month-to-month,DSL,No,Bank transfer (automatic),Continue regular engagement,45.9
9507-HSMMZ,0.020701317,0,Low Risk,54,Two year,No,No internet service,Mailed check,Continue regular engagement,20.0
2480-SQIOB,0.38398683,1,Medium Risk,4,Month-to-month,DSL,No,Electronic check,Offer contract upgrade incentive,44.8
0947-IDHRQ,0.6337295,1,Medium Risk,7,Month-to-month,Fiber optic,No,Mailed check,Offer contract upgrade incentive,80.3
7813-TKCVO,0.03161655,0,Low Risk,20,One year,No,No internet service,Mailed check,Continue regular engagement,20.35
0128-MKWSG,0.11418799,0,Low Risk,26,Month-to-month,DSL,Yes,Mailed check,Continue regular engagement,45.8
3672-YITQD,0.58323187,1,Medium Risk,36,Month-to-month,Fiber optic,No,Electronic check,Offer contract upgrade incentive,84.1
4350-ZTLPI,0.22410609,0,Low Risk,53,One year,Fiber optic,Yes,Bank transfer (automatic),Continue regular engagement,108.95
9048-JVYVF,0.38752055,1,Medium Risk,3,Month-to-month,DSL,Yes,Electronic check,Offer contract upgrade incentive,69.35
0361-HJRDX,0.016125767,0,Low Risk,68,Two year,DSL,Yes,Credit card (automatic),Continue regular engagement,64.35
5727-MYATE,0.004663903,0,Low Risk,72,Two year,DSL,Yes,Credit card (automatic),Continue regular engagement,90.8
3823-KYNQY,0.045817357,0,Low Risk,12,One year,No,No internet service,Credit card (automatic),Continue regular engagement,24.95
8988-ECPJR,0.36817423,1,Medium Risk,34,Month-to-month,Fiber optic,No,Mailed check,Offer contract upgrade incentive,79.6
7570-WELNY,0.027566966,0,Low Risk,68,Two year,Fiber optic,No,Bank transfer (automatic),Continue regular engagement,84.7
3021-VLNRJ,0.034034327,0,Low Risk,50,One year,DSL,Yes,Credit card (automatic),Continue regular engagement,70.8
3776-EKTKM,0.85546565,1,High Risk,1,Month-to-month,DSL,No,Electronic check,Offer annual contract discount + proactive support,36.45
2080-CAZNM,0.60841066,1,Medium Risk,41,Month-to-month,Fiber optic,No,Electronic check,Offer contract upgrade incentive,104.4
1028-FFNJK,0.493271,1,Medium Risk,30,Month-to-month,Fiber optic,Yes,Electronic check,Offer contract upgrade incentive,101.5
6907-FLBER,0.5483053,1,Medium Risk,1,Month-to-month,DSL,No,Electronic check,Offer contract upgrade incentive,54.3
3001-UNBTL,0.6295815,1,Medium Risk,29,Month-to-month,Fiber optic,No,Electronic check,Offer contract upgrade incentive,103.95
5982-PSMKW,0.015566524,0,Low Risk,23,Two year,DSL,Yes,Credit card (automatic),Continue regular engagement,91.1
3507-GASNP,0.022819929,0,Low Risk,60,Two year,No,No internet service,Mailed check,Continue regular engagement,19.95
7096-ZNBZI,0.008244266,0,Low Risk,72,Two year,No,No internet service,Credit card (automatic),Continue regular engagement,26.45
1902-XBTFB,0.51402634,1,Medium Risk,22,Month-to-month,Fiber optic,No,Electronic check,Offer contract upgrade incentive,89.4
1676-MQAOA,0.009086192,0,Low Risk,72,Two year,DSL,Yes,Bank transfer (automatic),Continue regular engagement,75.1
0786-IVLAW,0.16487475,0,Low Risk,66,One year,Fiber optic,No,Bank transfer (automatic),Continue regular engagement,108.1
7566-DSRLQ,0.027564902,0,Low Risk,72,Two year,Fiber optic,Yes,Electronic check,Continue regular engagement,110.15
0643-OKLRP,0.300493,0,Low Risk,47,Month-to-month,Fiber optic,No,Electronic check,Continue regular engagement,80.35
7245-JMTTQ,0.23956932,0,Low Risk,51,One year,Fiber optic,Yes,Electronic check,Continue regular engagement,111.5
6050-IJRHS,0.17285801,0,Low Risk,70,One year,Fiber optic,No,Electronic check,Continue regular engagement,106.5
6202-JVYEU,0.06677969,0,Low Risk,9,One year,No,No internet service,Electronic check,Continue regular engagement,19.9
8591-TKMZH,0.07779056,0,Low Risk,59,Two year,Fiber optic,Yes,Mailed check,Continue regular engagement,111.1
0734-OXWBT,0.23588327,0,Low Risk,3,Month-to-month,DSL,Yes,Mailed check,Continue regular engagement,70.7
4282-ACRXS,0.3383884,0,Low Risk,38,Month-to-month,DSL,No,Electronic check,Continue regular engagement,24.85
0365-TRTPY,0.13145007,0,Low Risk,37,Month-to-month,Fiber optic,No,Bank transfer (automatic),Continue regular engagement,91.2
7349-ALMUX,0.017471643,0,Low Risk,37,Two year,DSL,Yes,Bank transfer (automatic),Continue regular engagement,65.6
9381-NDKME,0.32895422,0,Low Risk,24,Month-to-month,DSL,No,Credit card (automatic),Continue regular engagement,40.65
6502-KUGLL,0.09512266,0,Low Risk,14,Month-to-month,DSL,Yes,Bank transfer (automatic),Continue regular engagement,59.45
1841-YSJGV,0.020525817,0,Low Risk,72,Two year,Fiber optic,Yes,Credit card (automatic),Continue regular engagement,109.95
2794-XIMMO,0.2232566,0,Low Risk,53,One year,DSL,Yes,Electronic check,Continue regular engagement,60.45
8382-SHQEH,0.8210199,1,High Risk,8,Month-to-month,Fiber optic,No,Electronic check,Offer annual contract discount + proactive support,84.9
3511-BFTJW,0.008369991,0,Low Risk,72,Two year,DSL,No,Credit card (automatic),Continue regular engagement,38.5
7668-XCFYV,0.6986436,1,Medium Risk,17,Month-to-month,Fiber optic,No,Electronic check,Offer contract upgrade incentive,92.55
2983-ZANRP,0.6044856,1,Medium Risk,2,Month-to-month,Fiber optic,No,Bank transfer (automatic),Offer contract upgrade incentive,73.55
7845-URHJN,0.18150659,0,Low Risk,8,Month-to-month,No,No internet service,Bank transfer (automatic),Continue regular engagement,20.15
3034-ZBEQN,0.12137965,0,Low Risk,48,One year,DSL,No,Mailed check,Continue regular engagement,34.7
5018-HEKFO,0.14136906,0,Low Risk,10,Month-to-month,No,No internet service,Mailed check,Continue regular engagement,24.5
2923-ARZLG,0.18947473,0,Low Risk,0,One year,No,No internet service,Mailed check,Continue regular engagement,19.7
3976-NLDEZ,0.31657597,0,Low Risk,1,Month-to-month,No,No internet service,Mailed check,Continue regular engagement,20.6
2282-YGNOR,0.031702776,0,Low Risk,29,One year,DSL,Yes,Credit card (automatic),Continue regular engagement,58.0
5336-UFNZP,0.13202375,0,Low Risk,65,One year,Fiber optic,No,Electronic check,Continue regular engagement,107.45
6854-EXGSF,0.18426502,0,Low Risk,8,Month-to-month,DSL,No,Bank transfer (automatic),Continue regular engagement,65.5
1241-EZFMJ,0.010320781,0,Low Risk,61,Two year,No,No internet service,Bank transfer (automatic),Continue regular engagement,25.45
9233-PSYHO,0.2773696,0,Low Risk,45,One year,Fiber optic,No,Bank transfer (automatic),Continue regular engagement,100.15
5376-PCKNB,0.11121486,0,Low Risk,72,One year,Fiber optic,No,Credit card (automatic),Continue regular engagement,104.45
8044-BGWPI,0.10746347,0,Low Risk,12,Month-to-month,No,No internet service,Electronic check,Continue regular engagement,21.15
4060-LDNLU,0.7304627,1,High Risk,7,Month-to-month,Fiber optic,No,Electronic check,Offer annual contract discount + proactive support,96.2
3589-PPVKW,0.2726333,0,Low Risk,9,Month-to-month,DSL,No,Mailed check,Continue regular engagement,44.4
8327-LZKAS,0.48545837,1,Medium Risk,43,One year,Fiber optic,Yes,Electronic check,Monitor customer + targeted engagement,107.55
5887-IKKYO,0.06290729,0,Low Risk,58,Two year,Fiber optic,Yes,Bank transfer (automatic),Continue regular engagement,94.35
1075-BGWOH,0.80848706,1,High Risk,16,Month-to-month,Fiber optic,No,Electronic check,Offer annual contract discount + proactive support,98.75
1755-RMCXH,0.13836166,0,Low Risk,2,Month-to-month,No,No internet service,Mailed check,Continue regular engagement,20.3
0302-JOIVN,0.6585871,1,Medium Risk,8,Month-to-month,Fiber optic,No,Electronic check,Offer contract upgrade incentive,101.15
3858-XHYJO,0.32987532,0,Low Risk,40,One year,Fiber optic,No,Bank transfer (automatic),Continue regular engagement,105.75
4299-SIMNS,0.56213367,1,Medium Risk,9,Month-to-month,Fiber optic,No,Electronic check,Offer contract upgrade incentive,81.15
7025-IWFHT,0.14298584,0,Low Risk,41,One year,Fiber optic,Yes,Electronic check,Continue regular engagement,89.55
6261-LHRTG,0.14566933,0,Low Risk,26,Month-to-month,DSL,No,Credit card (automatic),Continue regular engagement,54.75
7841-FCRQD,0.052085027,0,Low Risk,33,One year,DSL,Yes,Credit card (automatic),Continue regular engagement,53.75
2056-EVGZL,0.14825915,0,Low Risk,68,One year,Fiber optic,Yes,Credit card (automatic),Continue regular engagement,105.75
8777-MBMTS,0.05517676,0,Low Risk,65,Two year,Fiber optic,Yes,Credit card (automatic),Continue regular engagement,105.85
7753-USQYQ,0.06675301,0,Low Risk,55,One year,DSL,Yes,Electronic check,Continue regular engagement,64.2
5366-IJEQJ,0.6075804,1,Medium Risk,20,Month-to-month,Fiber optic,No,Electronic check,Offer contract upgrade incentive,88.7
7661-CPURM,0.16766666,0,Low Risk,19,One year,Fiber optic,Yes,Credit card (automatic),Continue regular engagement,87.7
6233-HXJMX,0.31241998,0,Low Risk,45,Month-to-month,Fiber optic,No,Credit card (automatic),Continue regular engagement,89.3
5902-WBLSE,0.008511194,0,Low Risk,70,Two year,No,No internet service,Credit card (automatic),Continue regular engagement,20.15
1981-INRFU,0.7621656,1,High Risk,2,Month-to-month,Fiber optic,No,Electronic check,Offer annual contract discount + proactive support,79.75
4971-PUYQO,0.565464,1,Medium Risk,27,Month-to-month,Fiber optic,No,Mailed check,Offer contract upgrade incentive,94.55
3239-TPHPZ,0.03263246,0,Low Risk,12,Two year,No,No internet service,Electronic check,Continue regular engagement,20.05
5115-GZDEL,0.004963919,0,Low Risk,72,Two year,DSL,Yes,Credit card (automatic),Continue regular engagement,67.2
3338-CVVEH,0.7040328,1,High Risk,12,Month-to-month,Fiber optic,No,Electronic check,Offer annual contract discount + proactive support,94.55
8485-GJCDN,0.61487174,1,Medium Risk,5,Month-to-month,Fiber optic,No,Mailed check,Offer contract upgrade incentive,69.05
2615-YVMYX,0.24388449,0,Low Risk,71,Month-to-month,Fiber optic,No,Electronic check,Continue regular engagement,107.5
2851-STERV,0.14428295,0,Low Risk,35,One year,DSL,Yes,Electronic check,Continue regular engagement,73.0
4393-GEADV,0.0799445,0,Low Risk,70,Two year,Fiber optic,Yes,Credit card (automatic),Continue regular engagement,114.75
8486-AYEQH,0.4474473,1,Medium Risk,31,Month-to-month,Fiber optic,No,Electronic check,Offer contract upgrade incentive,76.05
1527-SXDPN,0.08247122,0,Low Risk,52,Two year,Fiber optic,Yes,Bank transfer (automatic),Continue regular engagement,96.25
6029-WTIPC,0.6195199,1,Medium Risk,37,Month-to-month,Fiber optic,No,Electronic check,Offer contract upgrade incentive,101.1
8634-CILSZ,0.34106827,0,Low Risk,69,One year,Fiber optic,Yes,Bank transfer (automatic),Continue regular engagement,104.7
5419-JKZNQ,0.36871928,1,Medium Risk,30,Month-to-month,Fiber optic,No,Mailed check,Offer contract upgrade incentive,77.9
2495-KZNFB,0.3119635,0,Low Risk,33,Month-to-month,Fiber optic,No,Electronic check,Continue regular engagement,90.65
1409-PHXTF,0.25079763,0,Low Risk,54,Two year,Fiber optic,Yes,Electronic check,Continue regular engagement,110.45
4560-WQAQW,0.03836214,0,Low Risk,59,One year,DSL,Yes,Bank transfer (automatic),Continue regular engagement,68.7
9591-YVTEB,0.33837557,0,Low Risk,55,Month-to-month,DSL,No,Electronic check,Continue regular engagement,44.85
9309-BZGNT,0.055321407,0,Low Risk,69,One year,DSL,No,Credit card (automatic),Continue regular engagement,29.8
4274-DRSQT,0.107070304,0,Low Risk,66,One year,Fiber optic,No,Bank transfer (automatic),Continue regular engagement,88.9
2027-DNKIV,0.040216006,0,Low Risk,37,One year,DSL,Yes,Mailed check,Continue regular engagement,58.75
8075-GXIUB,0.053112473,0,Low Risk,9,One year,No,No internet service,Credit card (automatic),Continue regular engagement,19.85
2885-HIJDH,0.020585906,0,Low Risk,69,Two year,DSL,Yes,Bank transfer (automatic),Continue regular engagement,86.9
5424-RLQLC,0.24207093,0,Low Risk,10,Month-to-month,DSL,No,Mailed check,Continue regular engagement,59.65
6682-QJDGB,0.10064162,0,Low Risk,40,Month-to-month,DSL,No,Mailed check,Continue regular engagement,55.25
6507-DTJZV,0.16639264,0,Low Risk,13,Month-to-month,DSL,No,Credit card (automatic),Continue regular engagement,66.4
8780-IXSTS,0.8138505,1,High Risk,6,Month-to-month,Fiber optic,No,Electronic check,Offer annual contract discount + proactive support,90.1
7673-BQGKU,0.014215782,0,Low Risk,69,Two year,No,No internet service,Bank transfer (automatic),Continue regular engagement,20.15
6723-WSNTY,0.17922503,0,Low Risk,66,One year,Fiber optic,Yes,Credit card (automatic),Continue regular engagement,108.1
9530-EHPOH,0.3168122,0,Low Risk,11,Month-to-month,DSL,No,Electronic check,Continue regular engagement,53.75
2725-IWWBA,0.038905937,0,Low Risk,46,One year,DSL,Yes,Mailed check,Continue regular engagement,56.9
0345-HKJVM,0.70015603,1,High Risk,6,Month-to-month,Fiber optic,No,Electronic check,Offer annual contract discount + proactive support,89.3
1061-PNTHC,0.26323518,0,Low Risk,56,Month-to-month,Fiber optic,Yes,Mailed check,Continue regular engagement,109.6
0394-YONDK,0.0063309884,0,Low Risk,70,Two year,No,No internet service,Credit card (automatic),Continue regular engagement,25.15
6574-MCOEH,0.16727087,0,Low Risk,33,One year,DSL,Yes,Electronic check,Continue regular engagement,79.15
7399-QHBJS,0.006231061,0,Low Risk,72,Two year,DSL,Yes,Credit card (automatic),Continue regular engagement,66.75
3049-SOLAY,0.85994697,1,High Risk,3,Month-to-month,Fiber optic,No,Electronic check,Offer annual contract discount + proactive support,95.2
0997-YTLNY,0.121277496,0,Low Risk,19,Month-to-month,DSL,Yes,Mailed check,Continue regular engagement,48.8
3317-HRTNN,0.6386534,1,Medium Risk,5,Month-to-month,DSL,No,Electronic check,Offer contract upgrade incentive,45.7
9479-HYNYL,0.009204611,0,Low Risk,71,Two year,DSL,Yes,Credit card (automatic),Continue regular engagement,80.7
3235-ETOOB,0.49286827,1,Medium Risk,8,Month-to-month,Fiber optic,No,Electronic check,Offer contract upgrade incentive,74.5
9708-KFDBY,0.27945238,0,Low Risk,1,Month-to-month,No,No internet service,Credit card (automatic),Continue regular engagement,20.55
8058-INTPH,0.88225126,1,High Risk,1,Month-to-month,Fiber optic,No,Electronic check,Offer annual contract discount + proactive support,79.65
3642-GKTCT,0.103752665,0,Low Risk,61,One year,Fiber optic,Yes,Mailed check,Continue regular engagement,115.1
0774-RMNUW,0.00454824,0,Low Risk,71,Two year,DSL,Yes,Bank transfer (automatic),Continue regular engagement,59.7
1334-PDUKM,0.0864174,0,Low Risk,68,One year,Fiber optic,No,Credit card (automatic),Continue regular engagement,86.45
0756-MPZRL,0.04567928,0,Low Risk,46,One year,DSL,Yes,Credit card (automatic),Continue regular engagement,33.7
2242-MFOTG,0.072669685,0,Low Risk,33,One year,Fiber optic,No,Bank transfer (automatic),Continue regular engagement,80.1
2927-CVULT,0.050424054,0,Low Risk,53,Two year,Fiber optic,Yes,Bank transfer (automatic),Continue regular engagement,104.05
2144-BFDSO,0.27455905,0,Low Risk,50,Month-to-month,Fiber optic,No,Bank transfer (automatic),Continue regular engagement,108.75
8745-PVESG,0.035624795,0,Low Risk,57,One year,DSL,Yes,Credit card (automatic),Continue regular engagement,41.1
7647-GYYKX,0.012197717,0,Low Risk,54,Two year,No,No internet service,Bank transfer (automatic),Continue regular engagement,20.35
5647-FXOTP,0.44312575,1,Medium Risk,60,Month-to-month,Fiber optic,No,Electronic check,Offer contract upgrade incentive,105.9
5569-OUICF,0.5066575,1,Medium Risk,28,Month-to-month,Fiber optic,Yes,Credit card (automatic),Offer contract upgrade incentive,101.3
8821-XNHVZ,0.8256348,1,High Risk,1,Month-to-month,Fiber optic,No,Mailed check,Offer annual contract discount + proactive support,80.05
2082-OJVTK,0.5127465,1,Medium Risk,29,Month-to-month,Fiber optic,No,Electronic check,Offer contract upgrade incentive,89.2
9700-ISPUP,0.25134537,0,Low Risk,10,Month-to-month,DSL,Yes,Electronic check,Continue regular engagement,65.5
9839-ETQOE,0.18593192,0,Low Risk,43,Month-to-month,DSL,No,Electronic check,Continue regular engagement,40.45
6078-VESFR,0.3601398,1,Medium Risk,13,Month-to-month,Fiber optic,No,Bank transfer (automatic),Offer contract upgrade incentive,70.45
9027-TMATR,0.03736854,0,Low Risk,43,Two year,DSL,Yes,Electronic check,Continue regular engagement,78.8
5940-NFXKV,0.62075835,1,Medium Risk,19,Month-to-month,Fiber optic,No,Electronic check,Offer contract upgrade incentive,83.65
1941-HOSAM,0.8203703,1,High Risk,1,Month-to-month,Fiber optic,No,Electronic check,Offer annual contract discount + proactive support,90.1
9110-HSGTV,0.02319955,0,Low Risk,69,Two year,DSL,Yes,Credit card (automatic),Continue regular engagement,82.45
0704-VCUMB,0.00873047,0,Low Risk,61,Two year,No,No internet service,Credit card (automatic),Continue regular engagement,20.25
6171-ZTVYB,0.07678155,0,Low Risk,43,Month-to-month,DSL,Yes,Bank transfer (automatic),Continue regular engagement,66.25
8053-WWDRO,0.09926397,0,Low Risk,6,Month-to-month,No,No internet service,Bank transfer (automatic),Continue regular engagement,19.5
9564-KCLHR,0.4027715,1,Medium Risk,1,Month-to-month,DSL,Yes,Mailed check,Offer contract upgrade incentive,51.25
1935-IMVBB,0.2124524,0,Low Risk,56,Month-to-month,Fiber optic,No,Mailed check,Continue regular engagement,89.7
2535-PBCGC,0.018569214,0,Low Risk,70,Two year,DSL,Yes,Bank transfer (automatic),Continue regular engagement,64.55
2082-CEFLT,0.722731,1,High Risk,1,Month-to-month,DSL,No,Electronic check,Offer annual contract discount + proactive support,45.6
1470-PSXNM,0.18516703,0,Low Risk,49,One year,Fiber optic,No,Electronic check,Continue regular engagement,93.65
1213-NGCUN,0.28939602,0,Low Risk,6,Month-to-month,DSL,Yes,Bank transfer (automatic),Continue regular engagement,49.65
2498-XLDZR,0.014398039,0,Low Risk,32,Two year,DSL,Yes,Mailed check,Continue regular engagement,73.6
9866-OCCKE,0.013683189,0,Low Risk,72,Two year,Fiber optic,Yes,Mailed check,Continue regular engagement,109.75
5338-YHWYT,0.018987346,0,Low Risk,37,Two year,DSL,Yes,Credit card (automatic),Continue regular engagement,61.45
7718-UPSKJ,0.16436058,0,Low Risk,69,One year,Fiber optic,Yes,Credit card (automatic),Continue regular engagement,106.4
8731-WBBMB,0.09440342,0,Low Risk,26,Month-to-month,DSL,Yes,Bank transfer (automatic),Continue regular engagement,81.9
1448-CYWKC,0.25445107,0,Low Risk,58,One year,Fiber optic,No,Credit card (automatic),Continue regular engagement,105.2
7901-IIDQV,0.046530604,0,Low Risk,24,One year,DSL,Yes,Bank transfer (automatic),Continue regular engagement,54.6
2690-DVRVK,0.07283639,0,Low Risk,5,One year,No,No internet service,Electronic check,Continue regular engagement,20.55
5688-KZTSN,0.19110064,0,Low Risk,15,Month-to-month,No,No internet service,Electronic check,Continue regular engagement,20.0
1270-XKUCC,0.012604144,0,Low Risk,30,Two year,No,No internet service,Mailed check,Continue regular engagement,19.7
0334-ZFJSR,0.036893774,0,Low Risk,55,One year,DSL,Yes,Credit card (automatic),Continue regular engagement,66.05
2894-QOJRX,0.33629963,0,Low Risk,25,Month-to-month,DSL,No,Bank transfer (automatic),Continue regular engagement,34.0
5747-PMBSQ,0.6354358,1,Medium Risk,10,Month-to-month,Fiber optic,Yes,Mailed check,Offer contract upgrade incentive,92.5
5583-EJXRD,0.021260673,0,Low Risk,44,Two year,DSL,Yes,Credit card (automatic),Continue regular engagement,54.05
4565-EVZMJ,0.047932725,0,Low Risk,47,One year,DSL,Yes,Mailed check,Continue regular engagement,58.9
3143-JQEGI,0.5228835,1,Medium Risk,13,Month-to-month,Fiber optic,No,Electronic check,Offer contract upgrade incentive,88.35
6386-SZZKH,0.23747574,0,Low Risk,49,Two year,Fiber optic,Yes,Bank transfer (automatic),Continue regular engagement,107.95
3327-YBAKM,0.06708259,0,Low Risk,64,One year,Fiber optic,Yes,Mailed check,Continue regular engagement,96.9
9441-QHEVC,0.17092523,0,Low Risk,1,Month-to-month,No,No internet service,Mailed check,Continue regular engagement,19.1
6705-LNMDD,0.14268875,0,Low Risk,20,Month-to-month,DSL,Yes,Mailed check,Continue regular engagement,50.0
2580-ASVVY,0.05548112,0,Low Risk,37,Two year,DSL,Yes,Electronic check,Continue regular engagement,45.4
3370-GQEAL,0.45661482,1,Medium Risk,30,Month-to-month,Fiber optic,No,Electronic check,Offer contract upgrade incentive,85.45
5032-USPKF,0.11751395,0,Low Risk,38,One year,DSL,No,Bank transfer (automatic),Continue regular engagement,84.1
2982-IHMFT,0.8165776,1,High Risk,1,Month-to-month,Fiber optic,No,Mailed check,Offer annual contract discount + proactive support,74.45
3521-SYVOR,0.26545343,0,Low Risk,37,Month-to-month,DSL,No,Electronic check,Continue regular engagement,64.75
4254-QPEDE,0.01984955,0,Low Risk,52,Two year,DSL,Yes,Credit card (automatic),Continue regular engagement,66.25
6283-GITPX,0.011645637,0,Low Risk,71,Two year,DSL,Yes,Credit card (automatic),Continue regular engagement,76.9
9526-JAWYF,0.35485172,1,Medium Risk,26,Month-to-month,Fiber optic,No,Electronic check,Offer contract upgrade incentive,89.8
0771-CHWSK,0.047272045,0,Low Risk,66,Two year,DSL,No,Credit card (automatic),Continue regular engagement,74.6
9788-HNGUT,0.02253938,0,Low Risk,72,Two year,Fiber optic,Yes,Credit card (automatic),Continue regular engagement,116.95
9495-REDIY,0.08543155,0,Low Risk,25,One year,DSL,No,Credit card (automatic),Continue regular engagement,40.65
5375-XLDOF,0.10972015,0,Low Risk,69,Two year,Fiber optic,Yes,Bank transfer (automatic),Continue regular engagement,114.35
1172-VIYBP,0.012744337,0,Low Risk,53,Two year,DSL,No,Bank transfer (automatic),Continue regular engagement,69.7
5649-VUKMC,0.4215202,1,Medium Risk,12,One year,Fiber optic,No,Mailed check,Monitor customer + targeted engagement,95.5
6559-PDZLR,0.5355083,1,Medium Risk,26,Month-to-month,Fiber optic,Yes,Electronic check,Offer contract upgrade incentive,98.65
8992-OBVDG,0.14257896,0,Low Risk,21,Month-to-month,DSL,No,Mailed check,Continue regular engagement,61.65
4273-MBHYA,0.8158781,1,High Risk,1,Month-to-month,Fiber optic,No,Electronic check,Offer annual contract discount + proactive support,89.35
4724-WXVWF,0.30452332,0,Low Risk,48,Month-to-month,Fiber optic,Yes,Electronic check,Continue regular engagement,95.4
5701-GUXDC,0.08017465,0,Low Risk,26,One year,DSL,No,Credit card (automatic),Continue regular engagement,35.4
1460-UZPRJ,0.00988642,0,Low Risk,60,Two year,No,No internet service,Mailed check,Continue regular engagement,19.95
6082-GLJIX,0.03208434,0,Low Risk,18,Month-to-month,No,No internet service,Mailed check,Continue regular engagement,19.25
5143-EGQFK,0.51609915,1,Medium Risk,10,Month-to-month,DSL,Yes,Electronic check,Offer contract upgrade incentive,29.65
4919-IKATY,0.70465344,1,High Risk,5,Month-to-month,Fiber optic,No,Electronic check,Offer annual contract discount + proactive support,84.5
2495-TTHBQ,0.03948274,0,Low Risk,4,One year,No,No internet service,Mailed check,Continue regular engagement,20.4
0485-ZBSLN,0.0071132877,0,Low Risk,65,Two year,No,No internet service,Credit card (automatic),Continue regular engagement,24.75
3810-PJUHR,0.005440637,0,Low Risk,70,Two year,No,No internet service,Mailed check,Continue regular engagement,25.35
9050-QLROH,0.41100022,1,Medium Risk,18,Month-to-month,Fiber optic,No,Credit card (automatic),Offer contract upgrade incentive,90.7
0847-HGRML,0.012120318,0,Low Risk,62,Two year,No,No internet service,Bank transfer (automatic),Continue regular engagement,20.0
8232-CTLKO,0.026602423,0,Low Risk,66,Two year,DSL,No,Electronic check,Continue regular engagement,59.75
9227-YBAXE,0.026506962,0,Low Risk,65,Two year,DSL,Yes,Bank transfer (automatic),Continue regular engagement,82.5
6168-WFVVF,0.62747,1,Medium Risk,3,Month-to-month,Fiber optic,No,Electronic check,Offer contract upgrade incentive,70.3
9860-LISIZ,0.04638428,0,Low Risk,34,Month-to-month,No,No internet service,Mailed check,Continue regular engagement,20.35
0112-QAWRZ,0.50035864,1,Medium Risk,16,Month-to-month,Fiber optic,No,Bank transfer (automatic),Offer contract upgrade incentive,90.8
0877-SDMBN,0.32730034,0,Low Risk,54,One year,Fiber optic,No,Bank transfer (automatic),Continue regular engagement,103.95
2786-GCDPI,0.45099354,1,Medium Risk,50,Month-to-month,Fiber optic,Yes,Electronic check,Offer contract upgrade incentive,104.95
4043-MKDTV,0.06893727,0,Low Risk,71,Two year,Fiber optic,Yes,Electronic check,Continue regular engagement,105.25
8065-YKXKD,0.67927474,1,Medium Risk,10,Month-to-month,Fiber optic,No,Electronic check,Offer contract upgrade incentive,74.75
9637-EIHEQ,0.5220464,1,Medium Risk,1,Month-to-month,DSL,Yes,Electronic check,Offer contract upgrade incentive,50.8
9229-RQABD,0.038107827,0,Low Risk,18,One year,No,No internet service,Mailed check,Continue regular engagement,23.75
8313-KTIHG,0.34912655,0,Low Risk,4,Month-to-month,DSL,Yes,Electronic check,Continue regular engagement,61.3
5320-BRKGK,0.009471284,0,Low Risk,58,Two year,DSL,Yes,Mailed check,Continue regular engagement,75.8
6284-KMNUF,0.22644977,0,Low Risk,56,One year,Fiber optic,No,Electronic check,Continue regular engagement,98.0
9689-PTNPG,0.7148695,1,High Risk,2,Month-to-month,Fiber optic,No,Electronic check,Offer annual contract discount + proactive support,80.25
9465-RWMXL,0.5209616,1,Medium Risk,32,Month-to-month,Fiber optic,No,Electronic check,Offer contract upgrade incentive,78.9
6229-UOLQL,0.035103306,0,Low Risk,56,One year,DSL,Yes,Mailed check,Continue regular engagement,52.0
2362-IBOOY,0.5484299,1,Medium Risk,36,Month-to-month,Fiber optic,No,Electronic check,Offer contract upgrade incentive,84.75
3137-LUPIX,0.31213698,0,Low Risk,4,Month-to-month,DSL,Yes,Mailed check,Continue regular engagement,64.4
0843-WTBXE,0.33934563,0,Low Risk,53,Month-to-month,Fiber optic,No,Bank transfer (automatic),Continue regular engagement,85.45
6143-JQKEA,0.28241095,0,Low Risk,10,Month-to-month,DSL,No,Credit card (automatic),Continue regular engagement,45.8
8676-OOQEJ,0.34107286,0,Low Risk,4,Month-to-month,DSL,Yes,Electronic check,Continue regular engagement,30.5
5515-IDEJJ,0.39054587,1,Medium Risk,1,Month-to-month,No,No internet service,Mailed check,Offer contract upgrade incentive,19.9
9701-CDXHR,0.15845539,0,Low Risk,51,Month-to-month,Fiber optic,No,Mailed check,Continue regular engagement,69.15
7450-NWRTR,0.8962594,1,High Risk,12,Month-to-month,Fiber optic,No,Electronic check,Offer annual contract discount + proactive support,99.45
8124-NZVGJ,0.23860767,0,Low Risk,6,One year,DSL,Yes,Mailed check,Continue regular engagement,49.25
2162-FRZAA,0.01880045,0,Low Risk,63,Two year,DSL,Yes,Bank transfer (automatic),Continue regular engagement,39.35
5376-DEQCP,0.8173674,1,High Risk,1,Month-to-month,Fiber optic,No,Electronic check,Offer annual contract discount + proactive support,70.6
5118-MUEYH,0.39282852,1,Medium Risk,48,Month-to-month,Fiber optic,Yes,Credit card (automatic),Offer contract upgrade incentive,105.1
9095-HFAFX,0.6295034,1,Medium Risk,5,Month-to-month,Fiber optic,No,Credit card (automatic),Offer contract upgrade incentive,81.0
5627-TVBPP,0.01649475,0,Low Risk,35,One year,No,No internet service,Credit card (automatic),Continue regular engagement,20.1
2379-ENZGV,0.71169096,1,High Risk,6,Month-to-month,Fiber optic,No,Electronic check,Offer annual contract discount + proactive support,84.85
3936-QQFLL,0.17496623,0,Low Risk,2,Month-to-month,No,No internet service,Mailed check,Continue regular engagement,19.75
2589-AYCRP,0.04196331,0,Low Risk,50,One year,No,No internet service,Bank transfer (automatic),Continue regular engagement,19.75
4067-HLYQI,0.33194044,0,Low Risk,33,Month-to-month,Fiber optic,No,Bank transfer (automatic),Continue regular engagement,70.4
5124-EOGYE,0.009160715,0,Low Risk,31,Two year,No,No internet service,Mailed check,Continue regular engagement,20.45
5057-RKGLH,0.014580256,0,Low Risk,9,Two year,No,No internet service,Mailed check,Continue regular engagement,20.35
0292-WEGCH,0.12912033,0,Low Risk,54,Month-to-month,DSL,Yes,Electronic check,Continue regular engagement,86.2
8910-ICHIU,0.09208231,0,Low Risk,46,One year,Fiber optic,No,Credit card (automatic),Continue regular engagement,95.65
4097-YODCF,0.21923748,0,Low Risk,34,One year,Fiber optic,No,Electronic check,Continue regular engagement,103.8
9715-WZCLW,0.05264255,0,Low Risk,71,Two year,Fiber optic,No,Electronic check,Continue regular engagement,97.2
9786-YWNHU,0.00618537,0,Low Risk,63,Two year,DSL,Yes,Mailed check,Continue regular engagement,63.55
6407-GSJNL,0.010691589,0,Low Risk,51,Two year,No,No internet service,Bank transfer (automatic),Continue regular engagement,24.95
6005-OBZPH,0.63741374,1,Medium Risk,26,Month-to-month,Fiber optic,No,Electronic check,Offer contract upgrade incentive,89.15
4049-ZPALD,0.034387786,0,Low Risk,64,Two year,Fiber optic,No,Bank transfer (automatic),Continue regular engagement,99.0
7932-WPTDS,0.82300574,1,High Risk,1,Month-to-month,DSL,No,Electronic check,Offer annual contract discount + proactive support,24.8
3733-UOCWF,0.061808012,0,Low Risk,61,One year,Fiber optic,Yes,Bank transfer (automatic),Continue regular engagement,85.55
6833-JMZYP,0.49557564,1,Medium Risk,15,Month-to-month,Fiber optic,No,Credit card (automatic),Offer contract upgrade incentive,94.0
2722-VOJQL,0.3067025,0,Low Risk,64,One year,Fiber optic,Yes,Credit card (automatic),Continue regular engagement,105.65
1310-QRITU,0.42473817,1,Medium Risk,18,Month-to-month,DSL,No,Electronic check,Offer contract upgrade incentive,50.3
8961-QDZZJ,0.12101817,0,Low Risk,57,One year,Fiber optic,No,Electronic check,Continue regular engagement,95.0
9715-SBVSU,0.02399523,0,Low Risk,14,Two year,DSL,No,Bank transfer (automatic),Continue regular engagement,61.4
8490-BXHEO,0.42589238,1,Medium Risk,18,Month-to-month,Fiber optic,No,Credit card (automatic),Offer contract upgrade incentive,80.55
7173-TETGO,0.0134982765,0,Low Risk,72,Two year,Fiber optic,No,Bank transfer (automatic),Continue regular engagement,78.5
7929-SKFGK,0.081323996,0,Low Risk,70,Two year,Fiber optic,Yes,Credit card (automatic),Continue regular engagement,114.3
2300-RQGOI,0.013767147,0,Low Risk,38,Two year,No,No internet service,Mailed check,Continue regular engagement,20.05
3563-SVYLG,0.010081327,0,Low Risk,68,Two year,DSL,Yes,Credit card (automatic),Continue regular engagement,62.65
5228-EXCET,0.48335052,1,Medium Risk,13,Month-to-month,Fiber optic,No,Electronic check,Offer contract upgrade incentive,80.85
6435-VWCCY,0.035677984,0,Low Risk,65,Two year,Fiber optic,No,Credit card (automatic),Continue regular engagement,92.7
4998-IKFSE,0.41679144,1,Medium Risk,30,Month-to-month,Fiber optic,No,Electronic check,Offer contract upgrade incentive,100.45
8630-QSGXK,0.01852258,0,Low Risk,51,Two year,DSL,Yes,Bank transfer (automatic),Continue regular engagement,75.2
2455-USLMV,0.29292473,0,Low Risk,31,Month-to-month,Fiber optic,No,Credit card (automatic),Continue regular engagement,84.75
7394-FKDNK,0.6492856,1,Medium Risk,9,Month-to-month,Fiber optic,No,Electronic check,Offer contract upgrade incentive,89.45
9488-FVZCC,0.005755259,0,Low Risk,72,Two year,DSL,Yes,Bank transfer (automatic),Continue regular engagement,79.5
6331-LWDTQ,0.3397214,0,Low Risk,10,Month-to-month,DSL,No,Credit card (automatic),Continue regular engagement,72.15
5995-WWKKG,0.042507052,0,Low Risk,37,One year,No,No internet service,Electronic check,Continue regular engagement,19.8
1597-FZREH,0.47544613,1,Medium Risk,2,Month-to-month,DSL,Yes,Electronic check,Offer contract upgrade incentive,76.4
7879-CGSFV,0.17486738,0,Low Risk,55,One year,Fiber optic,No,Mailed check,Continue regular engagement,100.9
9921-EZKBY,0.24936059,0,Low Risk,33,Month-to-month,Fiber optic,No,Bank transfer (automatic),Continue regular engagement,95.3
7432-FFVAR,0.07543254,0,Low Risk,46,One year,Fiber optic,Yes,Bank transfer (automatic),Continue regular engagement,90.95
7246-ZGQDF,0.35496643,1,Medium Risk,1,Month-to-month,DSL,Yes,Electronic check,Offer contract upgrade incentive,54.5
7000-WCEVQ,0.36913612,1,Medium Risk,20,Month-to-month,DSL,No,Mailed check,Offer contract upgrade incentive,61.6
0727-IWKVK,0.6205875,1,Medium Risk,9,Month-to-month,Fiber optic,No,Electronic check,Offer contract upgrade incentive,79.9
5959-BELXA,0.6248731,1,Medium Risk,32,Month-to-month,Fiber optic,No,Credit card (automatic),Offer contract upgrade incentive,96.15
4456-RHSNB,0.18699643,0,Low Risk,19,Month-to-month,DSL,No,Bank transfer (automatic),Continue regular engagement,49.6
3512-IZIKN,0.03793806,0,Low Risk,70,Two year,DSL,Yes,Credit card (automatic),Continue regular engagement,65.3
2481-SBOYW,0.012846895,0,Low Risk,61,Two year,No,No internet service,Credit card (automatic),Continue regular engagement,25.0
7109-MFBYV,0.15547712,0,Low Risk,26,Month-to-month,DSL,No,Electronic check,Continue regular engagement,45.45
1833-TCXKK,0.4840679,1,Medium Risk,45,Month-to-month,Fiber optic,No,Bank transfer (automatic),Offer contract upgrade incentive,107.75
1832-PEUTS,0.04560844,0,Low Risk,62,Two year,Fiber optic,No,Credit card (automatic),Continue regular engagement,89.1
6141-OOXUQ,0.36307505,1,Medium Risk,1,Month-to-month,No,No internet service,Mailed check,Offer contract upgrade incentive,19.65
8660-BUETV,0.3265977,0,Low Risk,3,Month-to-month,DSL,No,Mailed check,Continue regular engagement,44.75
0580-PIQHM,0.13469867,0,Low Risk,41,One year,Fiber optic,No,Bank transfer (automatic),Continue regular engagement,101.6
5696-CEIQJ,0.04070749,0,Low Risk,67,Two year,Fiber optic,Yes,Bank transfer (automatic),Continue regular engagement,103.15
7503-ZGUZJ,0.8520641,1,High Risk,1,Month-to-month,Fiber optic,No,Mailed check,Offer annual contract discount + proactive support,84.65
1696-HXOWK,0.015675416,0,Low Risk,71,One year,Fiber optic,No,Mailed check,Continue regular engagement,95.65
3026-ATZYV,0.08685444,0,Low Risk,37,One year,DSL,No,Bank transfer (automatic),Continue regular engagement,75.1
4012-YCFAI,0.008151312,0,Low Risk,60,Two year,DSL,Yes,Mailed check,Continue regular engagement,61.35
2506-TNFCO,0.87429345,1,High Risk,1,Month-to-month,Fiber optic,No,Electronic check,Offer annual contract discount + proactive support,69.55
9970-QBCDA,0.106619716,0,Low Risk,6,Month-to-month,No,No internet service,Credit card (automatic),Continue regular engagement,19.7
8718-PTMEZ,0.45853153,1,Medium Risk,13,Month-to-month,DSL,No,Electronic check,Offer contract upgrade incentive,31.05
9496-IVVRP,0.12455917,0,Low Risk,11,Month-to-month,DSL,No,Bank transfer (automatic),Continue regular engagement,51.0
2207-OBZNX,0.21609622,0,Low Risk,7,Month-to-month,DSL,No,Mailed check,Continue regular engagement,51.0
2657-VPXTA,0.6744066,1,Medium Risk,10,Month-to-month,Fiber optic,No,Electronic check,Offer contract upgrade incentive,88.85
6551-VLJMV,0.009154896,0,Low Risk,34,Two year,No,No internet service,Credit card (automatic),Continue regular engagement,20.05
1221-GHZEP,0.008139774,0,Low Risk,62,Two year,DSL,Yes,Mailed check,Continue regular engagement,65.1
9289-LBQVU,0.05662138,0,Low Risk,64,One year,DSL,Yes,Mailed check,Continue regular engagement,70.15
6142-VSJQO,0.5042484,1,Medium Risk,1,Month-to-month,DSL,No,Bank transfer (automatic),Offer contract upgrade incentive,44.35
3458-IDMFK,0.010426611,0,Low Risk,25,Two year,No,No internet service,Mailed check,Continue regular engagement,20.75
6933-FHBZC,0.06477488,0,Low Risk,26,One year,DSL,No,Mailed check,Continue regular engagement,56.05
0221-NAUXK,0.038373005,0,Low Risk,10,One year,No,No internet service,Bank transfer (automatic),Continue regular engagement,19.95
9770-KXGQU,0.07318183,0,Low Risk,53,One year,Fiber optic,No,Mailed check,Continue regular engagement,98.6
6437-UKHMV,0.7486678,1,High Risk,7,Month-to-month,Fiber optic,No,Electronic check,Offer annual contract discount + proactive support,79.7
6538-POCHL,0.3184723,0,Low Risk,33,Month-to-month,Fiber optic,No,Credit card (automatic),Continue regular engagement,79.0
6726-NNFWD,0.020817816,0,Low Risk,71,Two year,Fiber optic,No,Credit card (automatic),Continue regular engagement,89.45
3002-WQZWT,0.40240303,1,Medium Risk,29,Month-to-month,Fiber optic,No,Electronic check,Offer contract upgrade incentive,74.2
4277-UDIEF,0.090872504,0,Low Risk,24,Month-to-month,DSL,Yes,Bank transfer (automatic),Continue regular engagement,81.0
1208-NBVFH,0.34760958,0,Low Risk,20,Month-to-month,DSL,No,Electronic check,Continue regular engagement,49.6
4912-PIGUY,0.8893939,1,High Risk,1,Month-to-month,Fiber optic,No,Electronic check,Offer annual contract discount + proactive support,84.6
1114-CENIM,0.1618731,0,Low Risk,54,Month-to-month,DSL,No,Credit card (automatic),Continue regular engagement,55.0
6060-DRTNL,0.73841524,1,High Risk,5,Month-to-month,Fiber optic,No,Mailed check,Offer annual contract discount + proactive support,84.85
2725-TTRIQ,0.005148606,0,Low Risk,72,Two year,DSL,Yes,Bank transfer (automatic),Continue regular engagement,84.2
3374-TTZTK,0.2068037,0,Low Risk,52,Two year,Fiber optic,Yes,Electronic check,Continue regular engagement,106.3
8990-ZXLSU,0.43417254,1,Medium Risk,9,Month-to-month,Fiber optic,No,Electronic check,Offer contract upgrade incentive,69.05
2275-RBYQS,0.60909814,1,Medium Risk,1,Month-to-month,DSL,No,Mailed check,Offer contract upgrade incentive,45.4
8473-VUVJN,0.8475225,1,High Risk,1,Month-to-month,Fiber optic,No,Electronic check,Offer annual contract discount + proactive support,73.65
6289-CPNLD,0.12525776,0,Low Risk,33,One year,DSL,Yes,Mailed check,Continue regular engagement,73.9
5536-SLHPM,0.4581367,1,Medium Risk,55,Month-to-month,Fiber optic,No,Electronic check,Offer contract upgrade incentive,77.75
4419-UJMUS,0.08584408,0,Low Risk,69,Two year,Fiber optic,Yes,Electronic check,Continue regular engagement,99.35
7794-JASDG,0.47552407,1,Medium Risk,1,Month-to-month,DSL,No,Mailed check,Offer contract upgrade incentive,50.75
7609-YBPXG,0.020489637,0,Low Risk,54,Two year,DSL,Yes,Bank transfer (automatic),Continue regular engagement,87.1
5519-TEEUH,0.023279171,0,Low Risk,33,One year,No,No internet service,Mailed check,Continue regular engagement,20.15
7856-GANIL,0.12784328,0,Low Risk,45,One year,Fiber optic,Yes,Bank transfer (automatic),Continue regular engagement,98.7
0804-XBFBV,0.2741942,0,Low Risk,11,Month-to-month,DSL,No,Electronic check,Continue regular engagement,25.2
2676-OXPPQ,0.19374274,0,Low Risk,6,Month-to-month,DSL,No,Bank transfer (automatic),Continue regular engagement,55.7
3703-TTEPD,0.13645497,0,Low Risk,21,Month-to-month,DSL,No,Bank transfer (automatic),Continue regular engagement,65.35
2799-TSLAG,0.012259595,0,Low Risk,65,Two year,No,No internet service,Bank transfer (automatic),Continue regular engagement,25.3
0196-VULGZ,0.80863345,1,High Risk,6,Month-to-month,Fiber optic,No,Electronic check,Offer annual contract discount + proactive support,84.35
8837-VVWLQ,0.49024054,1,Medium Risk,8,Month-to-month,Fiber optic,No,Electronic check,Offer contract upgrade incentive,84.95
2696-NARTR,0.56546545,1,Medium Risk,11,Month-to-month,Fiber optic,Yes,Electronic check,Offer contract upgrade incentive,73.85
2208-NKVVH,0.012862404,0,Low Risk,43,Two year,No,No internet service,Mailed check,Continue regular engagement,24.25
7614-QVWQL,0.21865,0,Low Risk,49,One year,DSL,No,Bank transfer (automatic),Continue regular engagement,51.8
1976-CFOCS,0.70611644,1,High Risk,1,Month-to-month,DSL,No,Electronic check,Offer annual contract discount + proactive support,46.0
4631-OACRM,0.6162437,1,Medium Risk,15,Month-to-month,Fiber optic,No,Electronic check,Offer contract upgrade incentive,79.4
7139-JZFVG,0.008535428,0,Low Risk,60,Two year,DSL,No,Bank transfer (automatic),Continue regular engagement,60.5
4987-GQWPO,0.14936763,0,Low Risk,17,Month-to-month,DSL,No,Credit card (automatic),Continue regular engagement,25.1
3755-JBMNH,0.456886,1,Medium Risk,16,Month-to-month,Fiber optic,No,Bank transfer (automatic),Offer contract upgrade incentive,71.8
1757-TCATG,0.020581435,0,Low Risk,35,One year,No,No internet service,Bank transfer (automatic),Continue regular engagement,20.05
6345-ULYRW,0.1903011,0,Low Risk,44,One year,Fiber optic,No,Mailed check,Continue regular engagement,88.4
4776-XSKYQ,0.075094,0,Low Risk,12,One year,DSL,Yes,Credit card (automatic),Continue regular engagement,30.25
8048-DSDFQ,0.33095282,0,Low Risk,1,Month-to-month,No,No internet service,Mailed check,Continue regular engagement,20.2
5753-QQWPW,0.05821166,0,Low Risk,28,One year,DSL,Yes,Electronic check,Continue regular engagement,59.9
6010-DDPPW,0.012011644,0,Low Risk,70,Two year,No,No internet service,Bank transfer (automatic),Continue regular engagement,25.15
1809-DMJHQ,0.30516908,0,Low Risk,5,Month-to-month,DSL,No,Mailed check,Continue regular engagement,46.0
6693-FRIRW,0.29323524,0,Low Risk,18,Month-to-month,Fiber optic,No,Credit card (automatic),Continue regular engagement,101.3
6586-MYGKD,0.05940441,0,Low Risk,70,Two year,DSL,Yes,Credit card (automatic),Continue regular engagement,76.95
3173-NVMPX,0.29389775,0,Low Risk,9,Month-to-month,DSL,No,Mailed check,Continue regular engagement,55.3
0248-PGHBZ,0.022676395,0,Low Risk,67,Two year,Fiber optic,Yes,Bank transfer (automatic),Continue regular engagement,92.45
0623-GDISB,0.5223676,1,Medium Risk,1,Month-to-month,DSL,No,Bank transfer (automatic),Offer contract upgrade incentive,48.45
2892-GESUL,0.016707454,0,Low Risk,18,Two year,No,No internet service,Mailed check,Continue regular engagement,19.35
6923-EFPNL,0.38995168,1,Medium Risk,4,Month-to-month,DSL,No,Credit card (automatic),Offer contract upgrade incentive,51.75
7472-EQOAV,0.024294192,0,Low Risk,71,One year,Fiber optic,No,Bank transfer (automatic),Continue regular engagement,86.7
9574-RKJIF,0.44348657,1,Medium Risk,30,Month-to-month,Fiber optic,No,Electronic check,Offer contract upgrade incentive,94.4
2043-WVTQJ,0.42236543,1,Medium Risk,1,Month-to-month,DSL,No,Mailed check,Offer contract upgrade incentive,55.7
8034-RYTVV,0.06935145,0,Low Risk,55,One year,Fiber optic,No,Credit card (automatic),Continue regular engagement,84.25
3863-QSTYI,0.0956142,0,Low Risk,59,Month-to-month,DSL,Yes,Electronic check,Continue regular engagement,64.65
2619-WFQWU,0.7621335,1,High Risk,1,Month-to-month,Fiber optic,No,Mailed check,Offer annual contract discount + proactive support,70.15
5044-LRQAQ,0.5415897,1,Medium Risk,7,Month-to-month,Fiber optic,No,Bank transfer (automatic),Offer contract upgrade incentive,69.2
1716-LSAMB,0.014747926,0,Low Risk,45,Two year,DSL,Yes,Bank transfer (automatic),Continue regular engagement,54.65
1333-PBMXB,0.023871914,0,Low Risk,54,One year,No,No internet service,Bank transfer (automatic),Continue regular engagement,24.75
6546-OPBBH,0.02978365,0,Low Risk,51,One year,No,No internet service,Mailed check,Continue regular engagement,23.95
5985-BEHZK,0.07782629,0,Low Risk,72,One year,Fiber optic,No,Credit card (automatic),Continue regular engagement,105.0
9127-QRZMH,0.0511431,0,Low Risk,44,One year,DSL,Yes,Bank transfer (automatic),Continue regular engagement,59.85
5919-VCZYM,0.12530454,0,Low Risk,2,Month-to-month,No,No internet service,Mailed check,Continue regular engagement,20.05
9644-KVCNC,0.10634726,0,Low Risk,66,One year,Fiber optic,No,Bank transfer (automatic),Continue regular engagement,92.15
2137-DQMEV,0.047537304,0,Low Risk,68,One year,DSL,No,Mailed check,Continue regular engagement,44.8
8174-LNWMW,0.012045605,0,Low Risk,31,Two year,No,No internet service,Credit card (automatic),Continue regular engagement,20.9
9279-CJEOJ,0.61723065,1,Medium Risk,21,Month-to-month,Fiber optic,No,Bank transfer (automatic),Offer contract upgrade incentive,95.4
7964-VEXDG,0.3195199,0,Low Risk,21,Month-to-month,Fiber optic,No,Electronic check,Continue regular engagement,80.35
2404-JIBFC,0.016682575,0,Low Risk,55,Two year,DSL,Yes,Bank transfer (automatic),Continue regular engagement,85.1
0778-NELLA,0.40276858,1,Medium Risk,9,Month-to-month,DSL,No,Credit card (automatic),Offer contract upgrade incentive,34.7
8029-XYPWT,0.028379703,0,Low Risk,71,Two year,Fiber optic,Yes,Bank transfer (automatic),Continue regular engagement,115.05
4614-NUVZD,0.83913404,1,High Risk,1,Month-to-month,Fiber optic,No,Electronic check,Offer annual contract discount + proactive support,81.1
4632-PAOYU,0.028436394,0,Low Risk,22,One year,No,No internet service,Mailed check,Continue regular engagement,19.95
3803-KMQFW,0.35534224,1,Medium Risk,1,Month-to-month,No,No internet service,Mailed check,Offer contract upgrade incentive,20.55
6804-GDMOI,0.2934907,0,Low Risk,61,Two year,Fiber optic,Yes,Electronic check,Continue regular engagement,106.6
2990-OGYTD,0.021026693,0,Low Risk,67,Two year,DSL,Yes,Bank transfer (automatic),Continue regular engagement,86.15
6646-JPPHA,0.35088497,1,Medium Risk,14,Month-to-month,Fiber optic,No,Electronic check,Offer contract upgrade incentive,78.85
9572-MTILT,0.37941882,1,Medium Risk,59,Month-to-month,Fiber optic,Yes,Electronic check,Offer contract upgrade incentive,106.75
7658-UYUQS,0.3351991,0,Low Risk,21,Month-to-month,Fiber optic,No,Bank transfer (automatic),Continue regular engagement,86.55
7880-XSOJX,0.19821437,0,Low Risk,4,Month-to-month,DSL,Yes,Mailed check,Continue regular engagement,42.4
9611-CTWIH,0.6720669,1,Medium Risk,3,Month-to-month,Fiber optic,No,Electronic check,Offer contract upgrade incentive,89.45
4589-IUAJB,0.006332783,0,Low Risk,70,Two year,No,No internet service,Bank transfer (automatic),Continue regular engagement,24.25
0329-GTIAJ,0.77397984,1,High Risk,3,Month-to-month,Fiber optic,Yes,Electronic check,Offer annual contract discount + proactive support,97.9
8746-BFOAJ,0.025301926,0,Low Risk,21,One year,No,No internet service,Bank transfer (automatic),Continue regular engagement,20.5
8457-XIGKN,0.054054305,0,Low Risk,20,Month-to-month,No,No internet service,Credit card (automatic),Continue regular engagement,19.6
6072-NUQCB,0.021782244,0,Low Risk,22,One year,No,No internet service,Bank transfer (automatic),Continue regular engagement,20.25
6629-CZTTH,0.625984,1,Medium Risk,1,Month-to-month,DSL,No,Mailed check,Offer contract upgrade incentive,55.7
8838-GPHZP,0.008761086,0,Low Risk,63,Two year,No,No internet service,Mailed check,Continue regular engagement,20.6
8750-QWZAJ,0.013301577,0,Low Risk,70,Two year,No,No internet service,Bank transfer (automatic),Continue regular engagement,19.8
5364-EVNIB,0.5190762,1,Medium Risk,13,Month-to-month,Fiber optic,No,Electronic check,Offer contract upgrade incentive,79.8
6918-UMQCG,0.55628717,1,Medium Risk,5,Month-to-month,Fiber optic,No,Electronic check,Offer contract upgrade incentive,80.2
0675-NCDYU,0.012129074,0,Low Risk,72,Two year,Fiber optic,Yes,Credit card (automatic),Continue regular engagement,116.4
6339-DKLMK,0.41819212,1,Medium Risk,13,Month-to-month,DSL,No,Electronic check,Offer contract upgrade incentive,31.65
1346-PJWTK,0.11913845,0,Low Risk,61,Month-to-month,Fiber optic,Yes,Credit card (automatic),Continue regular engagement,94.15
5088-QZLRL,0.33778614,0,Low Risk,1,Month-to-month,No,No internet service,Electronic check,Continue regular engagement,20.65
8023-QHAIO,0.21401842,0,Low Risk,56,Month-to-month,Fiber optic,Yes,Bank transfer (automatic),Continue regular engagement,76.85
4397-FRLTA,0.10457592,0,Low Risk,4,Month-to-month,No,No internet service,Mailed check,Continue regular engagement,20.15
3057-VJJQE,0.013192519,0,Low Risk,35,Two year,DSL,No,Mailed check,Continue regular engagement,55.25
5087-SUURX,0.53489983,1,Medium Risk,18,Month-to-month,DSL,No,Electronic check,Offer contract upgrade incentive,39.05
2302-OUZXB,0.010083269,0,Low Risk,72,Two year,DSL,No,Bank transfer (automatic),Continue regular engagement,82.15
8133-ANHHJ,0.13724194,0,Low Risk,49,One year,Fiber optic,Yes,Bank transfer (automatic),Continue regular engagement,103.0
2270-CHBFN,0.15731913,0,Low Risk,44,Month-to-month,Fiber optic,Yes,Credit card (automatic),Continue regular engagement,95.1
0013-EXCHZ,0.7438793,1,High Risk,3,Month-to-month,Fiber optic,Yes,Mailed check,Offer annual contract discount + proactive support,83.9
5982-FPVQN,0.3546166,1,Medium Risk,37,Month-to-month,Fiber optic,No,Electronic check,Offer contract upgrade incentive,95.15
9107-UKCKY,0.16682866,0,Low Risk,61,One year,DSL,No,Electronic check,Continue regular engagement,79.8
4654-ULTTN,0.05713752,0,Low Risk,70,Two year,DSL,Yes,Credit card (automatic),Continue regular engagement,74.8
5550-VFRLC,0.86127037,1,High Risk,1,Month-to-month,Fiber optic,No,Electronic check,Offer annual contract discount + proactive support,69.85
5546-BYZSM,0.037073594,0,Low Risk,41,Month-to-month,No,No internet service,Electronic check,Continue regular engagement,20.45
1492-KGETH,0.08215264,0,Low Risk,70,One year,DSL,Yes,Bank transfer (automatic),Continue regular engagement,78.35
4929-BSTRX,0.6415808,1,Medium Risk,1,Month-to-month,DSL,No,Mailed check,Offer contract upgrade incentive,53.55
4163-HFTUK,0.022180226,0,Low Risk,51,One year,No,No internet service,Electronic check,Continue regular engagement,19.1
8215-NGSPE,0.009984319,0,Low Risk,42,Two year,No,No internet service,Mailed check,Continue regular engagement,20.0
2225-ZRGSG,0.038404107,0,Low Risk,70,Two year,Fiber optic,Yes,Bank transfer (automatic),Continue regular engagement,93.9
8859-YSTWS,0.022838833,0,Low Risk,48,One year,No,No internet service,Bank transfer (automatic),Continue regular engagement,19.95
5271-YNWVR,0.08778893,0,Low Risk,68,Two year,Fiber optic,Yes,Electronic check,Continue regular engagement,113.15
7601-DHFWZ,0.0143282255,0,Low Risk,48,Two year,No,No internet service,Credit card (automatic),Continue regular engagement,24.0
2657-ALMWY,0.4678217,1,Medium Risk,26,Month-to-month,Fiber optic,No,Electronic check,Offer contract upgrade incentive,84.95
6330-JKLPC,0.5681278,1,Medium Risk,11,Month-to-month,Fiber optic,No,Bank transfer (automatic),Offer contract upgrade incentive,80.5
4667-OHGKG,0.3399501,0,Low Risk,1,Month-to-month,No,No internet service,Mailed check,Continue regular engagement,19.3
1998-VHJHK,0.007950125,0,Low Risk,27,One year,No,No internet service,Mailed check,Continue regular engagement,19.15
1707-HABPF,0.09405166,0,Low Risk,46,One year,Fiber optic,No,Bank transfer (automatic),Continue regular engagement,91.3
1660-HSOOQ,0.53782755,1,Medium Risk,1,Month-to-month,DSL,No,Mailed check,Offer contract upgrade incentive,49.65
7253-UVNDW,0.035239674,0,Low Risk,46,Two year,DSL,Yes,Credit card (automatic),Continue regular engagement,54.35
0487-VVUVK,0.04265672,0,Low Risk,25,Month-to-month,No,No internet service,Mailed check,Continue regular engagement,19.15
7228-OMTPN,0.78253573,1,High Risk,4,Month-to-month,Fiber optic,No,Electronic check,Offer annual contract discount + proactive support,88.45
5063-IUOKK,0.017008213,0,Low Risk,13,Two year,No,No internet service,Mailed check,Continue regular engagement,19.75
4508-OEBEY,0.10491031,0,Low Risk,31,One year,DSL,Yes,Credit card (automatic),Continue regular engagement,75.5
0027-KWYKW,0.49386266,1,Medium Risk,23,Month-to-month,Fiber optic,No,Electronic check,Offer contract upgrade incentive,83.75
2308-STERM,0.16204996,0,Low Risk,2,Month-to-month,No,No internet service,Mailed check,Continue regular engagement,19.4
5982-XMDEX,0.006701907,0,Low Risk,65,Two year,No,No internet service,Bank transfer (automatic),Continue regular engagement,26.5
6284-AHOOQ,0.41124466,1,Medium Risk,22,Month-to-month,Fiber optic,Yes,Bank transfer (automatic),Offer contract upgrade incentive,90.5
6051-PTVNS,0.010618252,0,Low Risk,55,One year,No,No internet service,Credit card (automatic),Continue regular engagement,19.15
2344-JMOGN,0.61847293,1,Medium Risk,9,Month-to-month,Fiber optic,Yes,Mailed check,Offer contract upgrade incentive,94.85
3799-ISUZQ,0.5187723,1,Medium Risk,7,Month-to-month,Fiber optic,No,Bank transfer (automatic),Offer contract upgrade incentive,69.95
2877-VDUER,0.045259714,0,Low Risk,35,One year,DSL,Yes,Mailed check,Continue regular engagement,40.9
9152-AMKAK,0.0374488,0,Low Risk,6,Two year,DSL,Yes,Mailed check,Continue regular engagement,80.25
1794-HBQTJ,0.5381942,1,Medium Risk,1,Month-to-month,DSL,No,Credit card (automatic),Offer contract upgrade incentive,48.6
9432-VOFYX,0.48789358,1,Medium Risk,17,Month-to-month,Fiber optic,No,Electronic check,Offer contract upgrade incentive,70.8
8049-WJCLQ,0.19374013,0,Low Risk,10,Month-to-month,DSL,No,Mailed check,Continue regular engagement,60.2
6586-PSJOX,0.06237576,0,Low Risk,15,One year,DSL,Yes,Credit card (automatic),Continue regular engagement,55.2
2460-FPSYH,0.3543916,1,Medium Risk,40,Month-to-month,DSL,No,Electronic check,Offer contract upgrade incentive,55.8
9705-ZJBCG,0.05716891,0,Low Risk,13,One year,DSL,Yes,Bank transfer (automatic),Continue regular engagement,54.15
4818-DRBQT,0.38900658,1,Medium Risk,29,Month-to-month,Fiber optic,No,Bank transfer (automatic),Offer contract upgrade incentive,80.15
1320-HTRDR,0.71934026,1,High Risk,3,Month-to-month,Fiber optic,No,Electronic check,Offer annual contract discount + proactive support,75.5
6847-KJLTS,0.2852458,0,Low Risk,58,Month-to-month,Fiber optic,Yes,Bank transfer (automatic),Continue regular engagement,100.4
9670-BPNXF,0.06253327,0,Low Risk,45,One year,DSL,Yes,Credit card (automatic),Continue regular engagement,62.55
3913-FCUUW,0.008689534,0,Low Risk,72,Two year,DSL,Yes,Bank transfer (automatic),Continue regular engagement,70.45
3301-VKTGC,0.07426232,0,Low Risk,68,One year,Fiber optic,No,Bank transfer (automatic),Continue regular engagement,85.5
1493-AMTIE,0.38690442,1,Medium Risk,1,Month-to-month,No,No internet service,Bank transfer (automatic),Offer contract upgrade incentive,20.2
9555-SAHUZ,0.10127275,0,Low Risk,38,Month-to-month,DSL,No,Electronic check,Continue regular engagement,54.5
0816-TSPHQ,0.117350735,0,Low Risk,2,Month-to-month,No,No internet service,Mailed check,Continue regular engagement,20.75
9932-WBWIK,0.0867983,0,Low Risk,11,Month-to-month,No,No internet service,Mailed check,Continue regular engagement,20.35
4619-EVPHY,0.26041085,0,Low Risk,20,One year,Fiber optic,No,Bank transfer (automatic),Continue regular engagement,91.0
5286-YHCVC,0.052140646,0,Low Risk,72,Two year,Fiber optic,No,Bank transfer (automatic),Continue regular engagement,104.8
6424-ELEYH,0.66206163,1,Medium Risk,3,Month-to-month,Fiber optic,No,Credit card (automatic),Offer contract upgrade incentive,74.75
4391-RESHN,0.59682244,1,Medium Risk,23,Month-to-month,Fiber optic,Yes,Mailed check,Offer contract upgrade incentive,104.05
9115-YQHGA,0.14695181,0,Low Risk,40,Month-to-month,DSL,Yes,Electronic check,Continue regular engagement,51.1
4462-CYWMH,0.2088625,0,Low Risk,62,Month-to-month,Fiber optic,No,Bank transfer (automatic),Continue regular engagement,89.8
8963-MQVYN,0.09048169,0,Low Risk,22,Month-to-month,No,No internet service,Electronic check,Continue regular engagement,20.55
2458-EOMRE,0.1423326,0,Low Risk,11,Month-to-month,DSL,No,Bank transfer (automatic),Continue regular engagement,64.05
9334-GWGOW,0.72164863,1,High Risk,7,Month-to-month,Fiber optic,No,Electronic check,Offer annual contract discount + proactive support,74.85
6821-BUXUX,0.7557209,1,High Risk,13,Month-to-month,Fiber optic,No,Electronic check,Offer annual contract discount + proactive support,96.65
5028-HTLJB,0.5596713,1,Medium Risk,1,Month-to-month,No,No internet service,Mailed check,Offer contract upgrade incentive,20.05
9801-GDWGV,0.5420671,1,Medium Risk,39,Month-to-month,Fiber optic,No,Electronic check,Offer contract upgrade incentive,103.45
6542-LWGXJ,0.42869082,1,Medium Risk,3,Month-to-month,DSL,No,Mailed check,Offer contract upgrade incentive,25.0
5567-GZKQY,0.017507179,0,Low Risk,58,Two year,No,No internet service,Credit card (automatic),Continue regular engagement,20.3
1222-LRYKO,0.1084251,0,Low Risk,6,Month-to-month,No,No internet service,Mailed check,Continue regular engagement,26.35
2320-JRSDE,0.5533424,1,Medium Risk,1,Month-to-month,No,No internet service,Electronic check,Offer contract upgrade incentive,19.9
2087-QAREY,0.2607547,0,Low Risk,22,Month-to-month,DSL,No,Mailed check,Continue regular engagement,54.7
0601-WZHJF,0.49115273,1,Medium Risk,14,Month-to-month,DSL,No,Electronic check,Offer contract upgrade incentive,46.35
4423-JWZJN,0.10837193,0,Low Risk,64,One year,Fiber optic,No,Credit card (automatic),Continue regular engagement,90.25
5143-WMWOG,0.4717859,1,Medium Risk,1,Month-to-month,No,No internet service,Electronic check,Offer contract upgrade incentive,19.95
6490-FGZAT,0.060950227,0,Low Risk,6,Month-to-month,No,No internet service,Mailed check,Continue regular engagement,20.65
5393-RXQSZ,0.8334742,1,High Risk,1,Month-to-month,Fiber optic,No,Electronic check,Offer annual contract discount + proactive support,79.6
7452-FOLON,0.02121948,0,Low Risk,39,One year,No,No internet service,Bank transfer (automatic),Continue regular engagement,25.45
2320-TZRRH,0.027587736,0,Low Risk,20,One year,No,No internet service,Mailed check,Continue regular engagement,19.5
0231-LXVAP,0.7080421,1,High Risk,1,Month-to-month,Fiber optic,Yes,Electronic check,Offer annual contract discount + proactive support,75.9
9444-JTXHZ,0.7877024,1,High Risk,1,Month-to-month,Fiber optic,No,Electronic check,Offer annual contract discount + proactive support,76.2
4942-VZZOM,0.04181878,0,Low Risk,64,One year,DSL,No,Credit card (automatic),Continue regular engagement,66.15
5510-BOIUJ,0.23764421,0,Low Risk,1,Month-to-month,No,No internet service,Mailed check,Continue regular engagement,19.25
7502-BNYGS,0.19771335,0,Low Risk,46,Month-to-month,DSL,No,Credit card (automatic),Continue regular engagement,69.1
4291-HYEBC,0.22917,0,Low Risk,28,One year,DSL,No,Electronic check,Continue regular engagement,39.1
6147-CBCRA,0.05366666,0,Low Risk,33,Month-to-month,No,No internet service,Mailed check,Continue regular engagement,20.05
6047-SUHPR,0.08292428,0,Low Risk,39,One year,DSL,No,Electronic check,Continue regular engagement,59.8
4471-KXAUH,0.45412728,1,Medium Risk,42,Month-to-month,Fiber optic,Yes,Electronic check,Offer contract upgrade incentive,84.3
9752-ZNQUT,0.66104805,1,Medium Risk,1,Month-to-month,DSL,No,Electronic check,Offer contract upgrade incentive,48.6
7638-QVMVY,0.6803284,1,Medium Risk,7,Month-to-month,Fiber optic,No,Electronic check,Offer contract upgrade incentive,79.0
1576-PFZIW,0.2374752,0,Low Risk,70,Two year,Fiber optic,No,Credit card (automatic),Continue regular engagement,105.35
5666-MBJPT,0.009507777,0,Low Risk,65,Two year,No,No internet service,Bank transfer (automatic),Continue regular engagement,25.1
7312-XSBAT,0.377308,1,Medium Risk,1,Month-to-month,DSL,No,Electronic check,Offer contract upgrade incentive,49.75
3096-GKWEB,0.6688963,1,Medium Risk,18,Month-to-month,Fiber optic,No,Electronic check,Offer contract upgrade incentive,94.75
2371-JQHZZ,0.61961836,1,Medium Risk,24,Month-to-month,Fiber optic,No,Electronic check,Offer contract upgrade incentive,93.0
0674-GCDXG,0.01582595,0,Low Risk,63,Two year,DSL,Yes,Bank transfer (automatic),Continue regular engagement,71.9
1121-QSIVB,0.122490555,0,Low Risk,44,One year,DSL,No,Mailed check,Continue regular engagement,77.55
4396-KLSEH,0.15106307,0,Low Risk,4,Month-to-month,No,No internet service,Electronic check,Continue regular engagement,19.85
3244-DCJWY,0.8173674,1,High Risk,1,Month-to-month,Fiber optic,No,Electronic check,Offer annual contract discount + proactive support,70.25
2824-MYYBN,0.46090725,1,Medium Risk,37,Month-to-month,Fiber optic,No,Electronic check,Offer contract upgrade incentive,95.25
0875-CABNR,0.64457154,1,Medium Risk,10,Month-to-month,Fiber optic,No,Credit card (automatic),Offer contract upgrade incentive,84.6
6345-HOVES,0.19837075,0,Low Risk,34,Month-to-month,DSL,No,Bank transfer (automatic),Continue regular engagement,25.05
8318-LCNBW,0.07673939,0,Low Risk,35,One year,DSL,No,Credit card (automatic),Continue regular engagement,53.15
6469-QJKZW,0.14544292,0,Low Risk,4,Month-to-month,No,No internet service,Electronic check,Continue regular engagement,20.15
0147-ESWWR,0.5484641,1,Medium Risk,39,Month-to-month,Fiber optic,Yes,Electronic check,Offer contract upgrade incentive,101.25
1217-VASWC,0.23495011,0,Low Risk,43,One year,Fiber optic,No,Bank transfer (automatic),Continue regular engagement,100.55
7812-FZHPE,0.08441916,0,Low Risk,17,Month-to-month,No,No internet service,Mailed check,Continue regular engagement,24.1
6370-ZVHDV,0.009357517,0,Low Risk,61,Two year,No,No internet service,Bank transfer (automatic),Continue regular engagement,25.3
5915-DGNVC,0.07024564,0,Low Risk,49,One year,DSL,No,Electronic check,Continue regular engagement,71.8
6260-XLACS,0.061408736,0,Low Risk,4,One year,No,No internet service,Mailed check,Continue regular engagement,19.7
3566-CAAYU,0.07041278,0,Low Risk,64,Two year,DSL,Yes,Electronic check,Continue regular engagement,49.85
4983-CCWMC,0.60797864,1,Medium Risk,3,Month-to-month,Fiber optic,No,Mailed check,Offer contract upgrade incentive,69.6
9103-CXVOK,0.43556404,1,Medium Risk,1,Month-to-month,No,No internet service,Electronic check,Offer contract upgrade incentive,19.75
2896-TBNBE,0.13335817,0,Low Risk,40,One year,Fiber optic,No,Electronic check,Continue regular engagement,80.8
4797-AXPXK,0.46876213,1,Medium Risk,1,Month-to-month,DSL,Yes,Electronic check,Offer contract upgrade incentive,60.0
5229-PRWKT,0.7289096,1,High Risk,8,Month-to-month,Fiber optic,No,Electronic check,Offer annual contract discount + proactive support,86.55
6982-UQZLY,0.60371864,1,Medium Risk,1,Month-to-month,No,No internet service,Mailed check,Offer contract upgrade incentive,20.85
2522-WLNSF,0.054071024,0,Low Risk,34,One year,DSL,Yes,Bank transfer (automatic),Continue regular engagement,64.2
3841-CONLJ,0.6769884,1,Medium Risk,1,Month-to-month,DSL,No,Electronic check,Offer contract upgrade incentive,35.0
5057-LCOUI,0.32313913,0,Low Risk,39,Month-to-month,DSL,No,Electronic check,Continue regular engagement,50.75
0193-ESZXP,0.26454416,0,Low Risk,58,One year,Fiber optic,Yes,Credit card (automatic),Continue regular engagement,105.5
4475-NVTLU,0.0076395418,0,Low Risk,45,Two year,No,No internet service,Electronic check,Continue regular engagement,19.2
4369-HTUIF,0.5950246,1,Medium Risk,6,Month-to-month,Fiber optic,No,Bank transfer (automatic),Offer contract upgrade incentive,85.15
9386-LDCZR,0.052860565,0,Low Risk,43,One year,Fiber optic,Yes,Credit card (automatic),Continue regular engagement,90.65
9585-KKMFD,0.012054949,0,Low Risk,41,Two year,No,No internet service,Mailed check,Continue regular engagement,20.0
5399-ZIMKF,0.5775927,1,Medium Risk,5,Month-to-month,Fiber optic,No,Electronic check,Offer contract upgrade incentive,74.65
0336-KXKFK,0.004723343,0,Low Risk,72,Two year,DSL,Yes,Credit card (automatic),Continue regular engagement,61.2
5619-XZZKR,0.03225239,0,Low Risk,4,One year,No,No internet service,Mailed check,Continue regular engagement,19.95
3948-FVVRP,0.1745791,0,Low Risk,9,Month-to-month,DSL,Yes,Mailed check,Continue regular engagement,54.8
5327-XOKKY,0.044223756,0,Low Risk,72,Two year,DSL,No,Credit card (automatic),Continue regular engagement,73.45
0983-TATYJ,0.041248325,0,Low Risk,33,One year,DSL,Yes,Mailed check,Continue regular engagement,51.45
1813-JYWTO,0.0071871225,0,Low Risk,72,Two year,Fiber optic,No,Bank transfer (automatic),Continue regular engagement,80.45
0156-FVPTA,0.36619458,1,Medium Risk,22,Month-to-month,DSL,Yes,Electronic check,Offer contract upgrade incentive,54.2
1984-FCOWB,0.40309638,1,Medium Risk,70,One year,Fiber optic,Yes,Electronic check,Monitor customer + targeted engagement,109.5
0654-HMSHN,0.55571806,1,Medium Risk,21,Month-to-month,Fiber optic,No,Electronic check,Offer contract upgrade incentive,104.4
6719-OXYBR,0.39683044,1,Medium Risk,15,Month-to-month,Fiber optic,No,Electronic check,Offer contract upgrade incentive,85.3
3312-ZWLGF,0.51144063,1,Medium Risk,29,Month-to-month,Fiber optic,Yes,Electronic check,Offer contract upgrade incentive,79.3
6476-YHMGA,0.15579529,0,Low Risk,15,Month-to-month,DSL,Yes,Bank transfer (automatic),Continue regular engagement,76.5
5287-QWLKY,0.30205706,0,Low Risk,71,Month-to-month,Fiber optic,No,Credit card (automatic),Continue regular engagement,105.1
0795-XCCTE,0.008095793,0,Low Risk,72,Two year,No,No internet service,Bank transfer (automatic),Continue regular engagement,25.4
0168-XZKBB,0.5774029,1,Medium Risk,19,Month-to-month,Fiber optic,No,Electronic check,Offer contract upgrade incentive,86.85
3785-NRHYR,0.36307505,1,Medium Risk,1,Month-to-month,No,No internet service,Mailed check,Offer contract upgrade incentive,19.65
5196-SGOAK,0.8514451,1,High Risk,1,Month-to-month,Fiber optic,No,Electronic check,Offer annual contract discount + proactive support,75.7
4537-DKTAL,0.5106892,1,Medium Risk,2,Month-to-month,DSL,No,Electronic check,Offer contract upgrade incentive,45.55
7072-MBHEV,0.4898683,1,Medium Risk,11,Month-to-month,Fiber optic,No,Credit card (automatic),Offer contract upgrade incentive,78.1
5602-BVFMK,0.036569297,0,Low Risk,12,One year,No,No internet service,Mailed check,Continue regular engagement,19.3
6297-NOOPG,0.10484993,0,Low Risk,70,Two year,Fiber optic,Yes,Electronic check,Continue regular engagement,110.5
1891-UAWWU,0.58645576,1,Medium Risk,20,Month-to-month,Fiber optic,No,Electronic check,Offer contract upgrade incentive,90.8
8204-TIFGJ,0.060064424,0,Low Risk,23,Month-to-month,No,No internet service,Bank transfer (automatic),Continue regular engagement,20.3
8050-DVOJX,0.03591379,0,Low Risk,49,Two year,DSL,Yes,Credit card (automatic),Continue regular engagement,81.35
6108-OQZDQ,0.8837448,1,High Risk,4,Month-to-month,Fiber optic,No,Electronic check,Offer annual contract discount + proactive support,97.95
0363-QJVFX,0.25471884,0,Low Risk,32,Month-to-month,Fiber optic,Yes,Credit card (automatic),Continue regular engagement,108.15
8903-XEBGX,0.56270885,1,Medium Risk,2,Month-to-month,DSL,No,Electronic check,Offer contract upgrade incentive,55.3
8169-SAEJD,0.03188093,0,Low Risk,69,Two year,DSL,No,Credit card (automatic),Continue regular engagement,56.55
9840-DVNDC,0.6163542,1,Medium Risk,6,Month-to-month,Fiber optic,No,Credit card (automatic),Offer contract upgrade incentive,80.5
1089-XZWHH,0.013884041,0,Low Risk,24,Two year,No,No internet service,Mailed check,Continue regular engagement,19.7
2325-WINES,0.30900842,0,Low Risk,32,One year,Fiber optic,No,Credit card (automatic),Continue regular engagement,104.05
6064-ZATLR,0.014139872,0,Low Risk,27,Two year,DSL,No,Bank transfer (automatic),Continue regular engagement,52.85
3096-JRDSO,0.55732733,1,Medium Risk,27,Month-to-month,Fiber optic,Yes,Bank transfer (automatic),Offer contract upgrade incentive,104.3
7824-PANSQ,0.18121624,0,Low Risk,58,Month-to-month,Fiber optic,Yes,Bank transfer (automatic),Continue regular engagement,80.65
8042-JVNFH,0.7506547,1,High Risk,1,Month-to-month,Fiber optic,No,Mailed check,Offer annual contract discount + proactive support,71.35
9648-BCHKM,0.018775621,0,Low Risk,18,Two year,No,No internet service,Credit card (automatic),Continue regular engagement,24.65
2888-ADFAO,0.0120816585,0,Low Risk,47,Two year,No,No internet service,Bank transfer (automatic),Continue regular engagement,21.3
8707-HOEDG,0.11851576,0,Low Risk,70,Two year,Fiber optic,Yes,Electronic check,Continue regular engagement,110.2
3374-LXDEV,0.48589996,1,Medium Risk,13,Month-to-month,Fiber optic,Yes,Electronic check,Offer contract upgrade incentive,89.4
4072-IPYLT,0.06862875,0,Low Risk,36,Month-to-month,DSL,No,Credit card (automatic),Continue regular engagement,51.05
7167-PCEYD,0.013749593,0,Low Risk,67,Two year,No,No internet service,Mailed check,Continue regular engagement,19.8
4936-YPJNK,0.12131998,0,Low Risk,10,Month-to-month,No,No internet service,Mailed check,Continue regular engagement,19.9
1580-BMCMR,0.38809183,1,Medium Risk,19,Month-to-month,Fiber optic,No,Electronic check,Offer contract upgrade incentive,87.3
4817-KEQSP,0.010713333,0,Low Risk,71,Two year,No,No internet service,Bank transfer (automatic),Continue regular engagement,19.85
6408-WHTEF,0.0038506985,0,Low Risk,72,Two year,DSL,Yes,Mailed check,Continue regular engagement,89.4
9251-AWQGT,0.013611849,0,Low Risk,48,Two year,No,No internet service,Mailed check,Continue regular engagement,20.0
8749-CLJXC,0.40826637,1,Medium Risk,1,Month-to-month,No,No internet service,Mailed check,Offer contract upgrade incentive,20.05
7989-VCQOH,0.22045629,0,Low Risk,18,Month-to-month,DSL,Yes,Electronic check,Continue regular engagement,83.25
5049-GLYVG,0.31657597,0,Low Risk,1,Month-to-month,No,No internet service,Mailed check,Continue regular engagement,20.6
4199-QHJNM,0.078611776,0,Low Risk,67,Two year,Fiber optic,Yes,Bank transfer (automatic),Continue regular engagement,102.9
8882-TLVRW,0.009751062,0,Low Risk,69,Two year,DSL,Yes,Mailed check,Continue regular engagement,39.1
5883-GTGVD,0.80087745,1,High Risk,19,Month-to-month,Fiber optic,No,Electronic check,Offer annual contract discount + proactive support,99.95
5135-GRQJV,0.019175353,0,Low Risk,72,Two year,Fiber optic,Yes,Mailed check,Continue regular engagement,114.5
2384-OVPSA,0.021539716,0,Low Risk,38,Two year,No,No internet service,Mailed check,Continue regular engagement,20.2
1371-WEPDS,0.14769402,0,Low Risk,40,One year,DSL,No,Electronic check,Continue regular engagement,55.8
3580-GICBM,0.011792515,0,Low Risk,61,Two year,No,No internet service,Mailed check,Continue regular engagement,24.2
4817-QRJSX,0.624802,1,Medium Risk,10,Month-to-month,Fiber optic,No,Credit card (automatic),Offer contract upgrade incentive,81.0
9730-DRTMJ,0.05898084,0,Low Risk,32,One year,DSL,Yes,Credit card (automatic),Continue regular engagement,72.8
4686-UXDML,0.6826492,1,Medium Risk,21,Month-to-month,Fiber optic,No,Credit card (automatic),Offer contract upgrade incentive,99.85
3349-ANQNH,0.309325,0,Low Risk,59,One year,Fiber optic,No,Electronic check,Continue regular engagement,99.5
2398-YPMUR,0.5644079,1,Medium Risk,13,Month-to-month,Fiber optic,No,Electronic check,Offer contract upgrade incentive,70.15
0932-YIXYU,0.01397813,0,Low Risk,47,Two year,No,No internet service,Credit card (automatic),Continue regular engagement,20.25
7480-SPLEF,0.006720503,0,Low Risk,69,Two year,No,No internet service,Bank transfer (automatic),Continue regular engagement,26.0
7636-XUHWW,0.13743672,0,Low Risk,2,Month-to-month,No,No internet service,Credit card (automatic),Continue regular engagement,19.9
1431-CYWMH,0.030166373,0,Low Risk,22,Month-to-month,No,No internet service,Bank transfer (automatic),Continue regular engagement,19.05
5937-EORGB,0.70322,1,High Risk,15,Month-to-month,Fiber optic,No,Electronic check,Offer annual contract discount + proactive support,96.5
6349-JDHQP,0.021561911,0,Low Risk,53,Two year,No,No internet service,Credit card (automatic),Continue regular engagement,19.85
5539-HIVAK,0.09429325,0,Low Risk,28,Month-to-month,No,No internet service,Mailed check,Continue regular engagement,25.7
5847-MXBEO,0.020800473,0,Low Risk,22,One year,No,No internet service,Mailed check,Continue regular engagement,20.3
9985-MWVIX,0.7621335,1,High Risk,1,Month-to-month,Fiber optic,No,Mailed check,Offer annual contract discount + proactive support,70.15
4583-PARNH,0.47647557,1,Medium Risk,16,Month-to-month,Fiber optic,Yes,Electronic check,Offer contract upgrade incentive,91.55
1116-FRYVH,0.01338451,0,Low Risk,48,Two year,DSL,Yes,Mailed check,Continue regular engagement,39.4
1421-HCERK,0.2947822,0,Low Risk,30,Month-to-month,Fiber optic,Yes,Bank transfer (automatic),Continue regular engagement,105.7
9633-XQABV,0.5990924,1,Medium Risk,3,Month-to-month,Fiber optic,No,Electronic check,Offer contract upgrade incentive,70.25
0716-BQNDX,0.06910969,0,Low Risk,57,Two year,Fiber optic,Yes,Electronic check,Continue regular engagement,93.75
1265-XTECC,0.12666462,0,Low Risk,68,One year,Fiber optic,No,Credit card (automatic),Continue regular engagement,96.55
1183-CANVH,0.040184353,0,Low Risk,23,One year,DSL,Yes,Bank transfer (automatic),Continue regular engagement,60.0
1972-XMUWV,0.012147118,0,Low Risk,65,Two year,DSL,Yes,Credit card (automatic),Continue regular engagement,59.8
8679-LZBMD,0.14960188,0,Low Risk,44,One year,Fiber optic,No,Bank transfer (automatic),Continue regular engagement,90.65
3407-JMJQQ,0.105164826,0,Low Risk,71,Two year,Fiber optic,No,Bank transfer (automatic),Continue regular engagement,109.0
6252-DFGTK,0.054398324,0,Low Risk,37,One year,DSL,Yes,Credit card (automatic),Continue regular engagement,68.1
1539-LNKHM,0.06678492,0,Low Risk,12,Month-to-month,No,No internet service,Mailed check,Continue regular engagement,20.4
8645-KOMJQ,0.022938415,0,Low Risk,69,Two year,DSL,Yes,Bank transfer (automatic),Continue regular engagement,81.95
0289-IVARM,0.083861165,0,Low Risk,35,Month-to-month,DSL,No,Electronic check,Continue regular engagement,60.55
9761-XUJWD,0.27444,0,Low Risk,5,Month-to-month,DSL,Yes,Bank transfer (automatic),Continue regular engagement,65.6
4057-FKCZK,0.066945955,0,Low Risk,58,Two year,Fiber optic,No,Bank transfer (automatic),Continue regular engagement,82.5
4291-TPNFG,0.0040992456,0,Low Risk,72,Two year,DSL,Yes,Bank transfer (automatic),Continue regular engagement,82.3
6087-YPWHO,0.006009486,0,Low Risk,72,Two year,DSL,Yes,Mailed check,Continue regular engagement,68.15
3090-QFUVD,0.22756307,0,Low Risk,1,Month-to-month,No,No internet service,Credit card (automatic),Continue regular engagement,20.3
2237-ZFSMY,0.17816003,0,Low Risk,39,One year,Fiber optic,Yes,Electronic check,Continue regular engagement,95.55
1722-LDZJS,0.03656893,0,Low Risk,53,One year,No,No internet service,Credit card (automatic),Continue regular engagement,20.2
1818-ESQMW,0.32563284,0,Low Risk,27,Month-to-month,Fiber optic,Yes,Electronic check,Continue regular engagement,89.2
4871-JTKJF,0.87429345,1,High Risk,1,Month-to-month,Fiber optic,No,Electronic check,Offer annual contract discount + proactive support,69.65
1415-YFWLT,0.89198124,1,High Risk,1,Month-to-month,Fiber optic,No,Electronic check,Offer annual contract discount + proactive support,89.3
7401-RUBNK,0.28426525,0,Low Risk,18,Month-to-month,Fiber optic,No,Electronic check,Continue regular engagement,74.8
0506-YLVKJ,0.00902883,0,Low Risk,46,Two year,No,No internet service,Mailed check,Continue regular engagement,20.2
8661-BOYNW,0.005506239,0,Low Risk,72,Two year,DSL,Yes,Credit card (automatic),Continue regular engagement,84.4
6711-VTNRE,0.30923185,0,Low Risk,36,Month-to-month,Fiber optic,Yes,Electronic check,Continue regular engagement,87.55
4815-GBTCD,0.57887775,1,Medium Risk,4,Month-to-month,DSL,No,Electronic check,Offer contract upgrade incentive,25.15
2805-AUFQN,0.010320347,0,Low Risk,25,Two year,No,No internet service,Credit card (automatic),Continue regular engagement,19.8
0980-PVMRC,0.27520362,0,Low Risk,40,Month-to-month,DSL,No,Electronic check,Continue regular engagement,50.85
7233-DRTRF,0.4532409,1,Medium Risk,63,Month-to-month,Fiber optic,No,Electronic check,Offer contract upgrade incentive,102.4
3500-RMZLT,0.5469063,1,Medium Risk,15,Month-to-month,Fiber optic,Yes,Mailed check,Offer contract upgrade incentive,96.3
3873-NFTGI,0.26079485,0,Low Risk,14,Month-to-month,DSL,No,Credit card (automatic),Continue regular engagement,55.5
1162-ECVII,0.031223372,0,Low Risk,72,Two year,Fiber optic,Yes,Bank transfer (automatic),Continue regular engagement,109.75
7048-GXDAY,0.4527759,1,Medium Risk,39,Month-to-month,Fiber optic,No,Electronic check,Offer contract upgrade incentive,106.4
8571-ZCMCX,0.027062139,0,Low Risk,47,Two year,DSL,No,Credit card (automatic),Continue regular engagement,60.0
1169-WCVAK,0.2454209,0,Low Risk,19,Month-to-month,Fiber optic,Yes,Credit card (automatic),Continue regular engagement,88.8
4548-SDBKE,0.8692122,1,High Risk,5,Month-to-month,Fiber optic,No,Electronic check,Offer annual contract discount + proactive support,85.2
8066-POXGX,0.4761959,1,Medium Risk,13,Month-to-month,DSL,No,Electronic check,Offer contract upgrade incentive,35.1
7129-CAKJW,0.27489546,0,Low Risk,17,Month-to-month,Fiber optic,No,Bank transfer (automatic),Continue regular engagement,80.05
8695-ARGXZ,0.52664393,1,Medium Risk,34,Month-to-month,Fiber optic,No,Electronic check,Offer contract upgrade incentive,75.55
3570-YUEKJ,0.1467678,0,Low Risk,42,Month-to-month,DSL,No,Electronic check,Continue regular engagement,49.55
4143-OOBWZ,0.7858413,1,High Risk,5,Month-to-month,Fiber optic,No,Electronic check,Offer annual contract discount + proactive support,81.3
1555-HAPSU,0.0063323984,0,Low Risk,71,Two year,No,No internet service,Credit card (automatic),Continue regular engagement,23.9
1697-NVVGY,0.14640117,0,Low Risk,19,Month-to-month,DSL,No,Bank transfer (automatic),Continue regular engagement,66.4
7854-EKTJL,0.18577173,0,Low Risk,2,Month-to-month,No,No internet service,Electronic check,Continue regular engagement,19.6
8464-EETCQ,0.011599429,0,Low Risk,57,Two year,No,No internet service,Credit card (automatic),Continue regular engagement,18.8
2419-FSORS,0.15809718,0,Low Risk,72,Two year,Fiber optic,Yes,Electronic check,Continue regular engagement,108.4
8132-YPVBX,0.72043824,1,High Risk,6,Month-to-month,Fiber optic,No,Mailed check,Offer annual contract discount + proactive support,85.95
9102-IAYHT,0.64005613,1,Medium Risk,17,Month-to-month,Fiber optic,No,Electronic check,Offer contract upgrade incentive,85.45
6754-LZUKA,0.026046775,0,Low Risk,61,Two year,DSL,No,Bank transfer (automatic),Continue regular engagement,80.9
3422-LYEPQ,0.7999678,1,High Risk,1,Month-to-month,Fiber optic,No,Electronic check,Offer annual contract discount + proactive support,71.0
8099-MZPUJ,0.119259685,0,Low Risk,48,Two year,Fiber optic,Yes,Credit card (automatic),Continue regular engagement,111.8
0787-LHDYT,0.08652619,0,Low Risk,16,Month-to-month,No,No internet service,Credit card (automatic),Continue regular engagement,20.6
2642-DTVCO,0.7765533,1,High Risk,9,Month-to-month,Fiber optic,No,Electronic check,Offer annual contract discount + proactive support,85.05
0374-IOEGQ,0.41415638,1,Medium Risk,3,Month-to-month,DSL,No,Electronic check,Offer contract upgrade incentive,44.6
4361-JEIVL,0.5922058,1,Medium Risk,1,Month-to-month,DSL,No,Electronic check,Offer contract upgrade incentive,44.4
3197-NNYNB,0.07286939,0,Low Risk,65,Two year,Fiber optic,No,Credit card (automatic),Continue regular engagement,105.1
3396-DKDEL,0.036267553,0,Low Risk,70,Two year,Fiber optic,Yes,Credit card (automatic),Continue regular engagement,115.15
1752-OZXFY,0.03448924,0,Low Risk,60,One year,DSL,No,Mailed check,Continue regular engagement,59.8
9066-QRSDU,0.030799482,0,Low Risk,69,One year,No,No internet service,Electronic check,Continue regular engagement,26.3
9112-WSNPU,0.41449952,1,Medium Risk,35,Month-to-month,Fiber optic,No,Electronic check,Offer contract upgrade incentive,70.55
9867-NNXLC,0.08056922,0,Low Risk,22,Month-to-month,No,No internet service,Mailed check,Continue regular engagement,20.05
5321-NTRKC,0.07670102,0,Low Risk,66,Two year,DSL,No,Bank transfer (automatic),Continue regular engagement,79.85
1363-TXLSL,0.83896434,1,High Risk,1,Month-to-month,Fiber optic,No,Electronic check,Offer annual contract discount + proactive support,70.3
9507-EXLTT,0.8525726,1,High Risk,1,Month-to-month,Fiber optic,No,Bank transfer (automatic),Offer annual contract discount + proactive support,79.35
3161-GETRM,0.3423534,0,Low Risk,34,Month-to-month,Fiber optic,No,Credit card (automatic),Continue regular engagement,90.05
0402-OAMEN,0.0065226573,0,Low Risk,72,Two year,No,No internet service,Bank transfer (automatic),Continue regular engagement,24.45
6933-VLYFX,0.060623202,0,Low Risk,31,One year,DSL,Yes,Electronic check,Continue regular engagement,59.95
6754-WKSHP,0.032687154,0,Low Risk,30,One year,No,No internet service,Bank transfer (automatic),Continue regular engagement,25.35
9846-GKXAS,0.6815367,1,Medium Risk,9,Month-to-month,Fiber optic,No,Bank transfer (automatic),Offer contract upgrade incentive,90.8
6017-PPLPX,0.4927773,1,Medium Risk,20,Month-to-month,Fiber optic,No,Electronic check,Offer contract upgrade incentive,70.45
4976-LNFVV,0.31619692,0,Low Risk,19,Month-to-month,DSL,No,Credit card (automatic),Continue regular engagement,34.3
5055-MGMGF,0.43578222,1,Medium Risk,65,Month-to-month,Fiber optic,No,Electronic check,Offer contract upgrade incentive,105.05
4641-FROLU,0.008686273,0,Low Risk,30,Two year,No,No internet service,Mailed check,Continue regular engagement,19.3
2862-JVEOY,0.016146569,0,Low Risk,6,One year,No,No internet service,Mailed check,Continue regular engagement,19.15
2969-QWUBZ,0.59292215,1,Medium Risk,2,Month-to-month,DSL,No,Electronic check,Offer contract upgrade incentive,51.4
9822-BIIGN,0.08343454,0,Low Risk,53,Month-to-month,DSL,Yes,Electronic check,Continue regular engagement,71.85
2077-MPJQO,0.72909,1,High Risk,7,Month-to-month,Fiber optic,No,Electronic check,Offer annual contract discount + proactive support,75.4
1534-OULXE,0.038103893,0,Low Risk,61,One year,DSL,No,Bank transfer (automatic),Continue regular engagement,49.7
7136-RVDTZ,0.35775715,1,Medium Risk,70,One year,DSL,No,Electronic check,Monitor customer + targeted engagement,45.25
2971-SGAFL,0.31888184,0,Low Risk,13,Month-to-month,DSL,No,Electronic check,Continue regular engagement,78.75
1480-IVEVR,0.13355562,0,Low Risk,35,One year,Fiber optic,No,Bank transfer (automatic),Continue regular engagement,81.6
2905-KFQUV,0.60541546,1,Medium Risk,2,Month-to-month,Fiber optic,No,Credit card (automatic),Offer contract upgrade incentive,70.4
4581-SSPWD,0.76950526,1,High Risk,3,Month-to-month,Fiber optic,No,Electronic check,Offer annual contract discount + proactive support,75.8
3370-HXOPH,0.7051534,1,High Risk,3,Month-to-month,Fiber optic,No,Electronic check,Offer annual contract discount + proactive support,76.1
9391-YZEJW,0.1556579,0,Low Risk,62,One year,Fiber optic,No,Bank transfer (automatic),Continue regular engagement,94.0
9958-MEKUC,0.016894024,0,Low Risk,72,Two year,Fiber optic,Yes,Credit card (automatic),Continue regular engagement,103.95
0281-CNTZX,0.014724338,0,Low Risk,63,Two year,No,No internet service,Bank transfer (automatic),Continue regular engagement,19.95
6927-WTFIV,0.27857292,0,Low Risk,20,Month-to-month,Fiber optic,No,Credit card (automatic),Continue regular engagement,71.3
4118-CEVPF,0.15216438,0,Low Risk,35,One year,Fiber optic,Yes,Bank transfer (automatic),Continue regular engagement,110.8
3398-ZOUAA,0.52230877,1,Medium Risk,21,Month-to-month,Fiber optic,No,Electronic check,Offer contract upgrade incentive,69.1
9114-VEPUF,0.066553205,0,Low Risk,62,One year,Fiber optic,No,Electronic check,Continue regular engagement,96.1
7876-BEUTG,0.2993858,0,Low Risk,15,Month-to-month,DSL,No,Mailed check,Continue regular engagement,48.8
2338-BQEZT,0.09656994,0,Low Risk,55,Month-to-month,DSL,No,Credit card (automatic),Continue regular engagement,50.55
9873-MNDKV,0.22797966,0,Low Risk,11,Month-to-month,DSL,No,Mailed check,Continue regular engagement,44.65
0378-NHQXU,0.48673618,1,Medium Risk,17,Month-to-month,Fiber optic,No,Electronic check,Offer contract upgrade incentive,88.25
8241-JUIQO,0.022700006,0,Low Risk,61,One year,No,No internet service,Bank transfer (automatic),Continue regular engagement,19.45
2194-IIQOF,0.005725945,0,Low Risk,71,Two year,DSL,Yes,Credit card (automatic),Continue regular engagement,89.3
4512-ZUIYL,0.5602929,1,Medium Risk,2,Month-to-month,Fiber optic,No,Bank transfer (automatic),Offer contract upgrade incentive,70.0
9631-RXVJM,0.008480479,0,Low Risk,35,Two year,No,No internet service,Mailed check,Continue regular engagement,19.25
9584-EXCDZ,0.25115007,0,Low Risk,17,Month-to-month,Fiber optic,No,Bank transfer (automatic),Continue regular engagement,70.5
7969-AULMZ,0.8289208,1,High Risk,21,Month-to-month,Fiber optic,No,Electronic check,Offer annual contract discount + proactive support,97.35
5093-FEGLU,0.014941708,0,Low Risk,47,Two year,No,No internet service,Bank transfer (automatic),Continue regular engagement,19.65
2621-UDNLU,0.1389232,0,Low Risk,3,Month-to-month,No,No internet service,Mailed check,Continue regular engagement,20.85
7526-IVLYU,0.14409886,0,Low Risk,3,Month-to-month,No,No internet service,Mailed check,Continue regular engagement,19.65
2428-HYUNX,0.023551892,0,Low Risk,44,Two year,No,No internet service,Credit card (automatic),Continue regular engagement,19.35
9214-EKVXR,0.5169069,1,Medium Risk,1,Month-to-month,DSL,No,Mailed check,Offer contract upgrade incentive,44.0
3410-MHHUM,0.13280517,0,Low Risk,44,One year,Fiber optic,No,Electronic check,Continue regular engagement,94.4
0568-ONFPC,0.18983889,0,Low Risk,5,Month-to-month,No,No internet service,Bank transfer (automatic),Continue regular engagement,25.9
0733-VUNUW,0.11800733,0,Low Risk,24,Month-to-month,DSL,No,Bank transfer (automatic),Continue regular engagement,55.65
4550-EVXNY,0.8332429,1,High Risk,1,Month-to-month,Fiber optic,No,Electronic check,Offer annual contract discount + proactive support,69.65
2122-YWVYA,0.3405134,0,Low Risk,18,Month-to-month,Fiber optic,No,Electronic check,Continue regular engagement,75.4
2968-SSGAA,0.89511216,1,High Risk,10,Month-to-month,Fiber optic,No,Electronic check,Offer annual contract discount + proactive support,100.6
2296-DKZFP,0.013712463,0,Low Risk,65,Two year,DSL,No,Bank transfer (automatic),Continue regular engagement,71.0
4844-JJWUY,0.8794452,1,High Risk,1,Month-to-month,Fiber optic,No,Electronic check,Offer annual contract discount + proactive support,86.0
6777-TGHTM,0.27624464,0,Low Risk,53,One year,Fiber optic,No,Credit card (automatic),Continue regular engagement,106.95
8909-BOLNL,0.041940063,0,Low Risk,3,One year,No,No internet service,Mailed check,Continue regular engagement,21.2
6603-YRDCJ,0.013466628,0,Low Risk,33,Two year,DSL,Yes,Mailed check,Continue regular engagement,61.05
3538-WZPHD,0.6649884,1,Medium Risk,3,Month-to-month,DSL,No,Electronic check,Offer contract upgrade incentive,29.6
3229-USWAR,0.10712466,0,Low Risk,34,One year,DSL,Yes,Bank transfer (automatic),Continue regular engagement,79.95
2138-VFAPZ,0.023145415,0,Low Risk,14,Two year,No,No internet service,Mailed check,Continue regular engagement,19.7
6131-JLWZM,0.07938628,0,Low Risk,13,Month-to-month,No,No internet service,Mailed check,Continue regular engagement,20.3
4785-QRJHC,0.18250804,0,Low Risk,46,One year,DSL,Yes,Bank transfer (automatic),Continue regular engagement,59.9
0269-XFESX,0.02908539,0,Low Risk,23,One year,No,No internet service,Mailed check,Continue regular engagement,24.35
1709-EJDOX,0.012692593,0,Low Risk,47,Two year,No,No internet service,Mailed check,Continue regular engagement,19.75
4316-XCSLJ,0.13895607,0,Low Risk,17,Month-to-month,DSL,No,Mailed check,Continue regular engagement,50.3
8610-WFCJF,0.5031318,1,Medium Risk,49,Month-to-month,Fiber optic,No,Electronic check,Offer contract upgrade incentive,95.6
9693-XMUOB,0.36126256,1,Medium Risk,59,Month-to-month,DSL,No,Electronic check,Offer contract upgrade incentive,50.25
0383-CLDDA,0.027501091,0,Low Risk,69,Two year,DSL,Yes,Credit card (automatic),Continue regular engagement,85.35
4905-JEFDW,0.38817164,1,Medium Risk,11,One year,DSL,No,Electronic check,Monitor customer + targeted engagement,41.6
2709-UQGNP,0.19397959,0,Low Risk,10,Month-to-month,DSL,No,Mailed check,Continue regular engagement,51.65
3549-ZTMNH,0.019771712,0,Low Risk,12,Two year,No,No internet service,Bank transfer (automatic),Continue regular engagement,24.0
7881-INRLC,0.5574912,1,Medium Risk,45,Month-to-month,Fiber optic,No,Credit card (automatic),Offer contract upgrade incentive,100.85
8033-ATFAS,0.22182982,0,Low Risk,39,Month-to-month,DSL,No,Mailed check,Continue regular engagement,59.85
1635-NZATJ,0.011136114,0,Low Risk,71,Two year,No,No internet service,Credit card (automatic),Continue regular engagement,25.45
0562-HKHML,0.0062200692,0,Low Risk,71,Two year,No,No internet service,Credit card (automatic),Continue regular engagement,23.9
8277-RVRSV,0.023910893,0,Low Risk,33,One year,No,No internet service,Credit card (automatic),Continue regular engagement,24.15
9943-VSZUV,0.26131904,0,Low Risk,67,Month-to-month,Fiber optic,No,Mailed check,Continue regular engagement,75.7
0117-LFRMW,0.1512122,0,Low Risk,37,Month-to-month,DSL,No,Bank transfer (automatic),Continue regular engagement,40.2
6172-FECYY,0.46344504,1,Medium Risk,49,Month-to-month,Fiber optic,No,Electronic check,Offer contract upgrade incentive,84.5
7054-ENNGU,0.20498961,0,Low Risk,9,Month-to-month,DSL,No,Mailed check,Continue regular engagement,50.85
1455-HFBXA,0.032278113,0,Low Risk,52,Two year,Fiber optic,Yes,Credit card (automatic),Continue regular engagement,91.6
9402-CXWPL,0.13991636,0,Low Risk,70,One year,Fiber optic,No,Electronic check,Continue regular engagement,98.9
1628-BIZYP,0.8643573,1,High Risk,1,Month-to-month,Fiber optic,No,Electronic check,Offer annual contract discount + proactive support,85.0
1965-AKTSX,0.6747411,1,Medium Risk,14,Month-to-month,Fiber optic,No,Electronic check,Offer contract upgrade incentive,78.95
0082-LDZUE,0.53076017,1,Medium Risk,1,Month-to-month,DSL,No,Mailed check,Offer contract upgrade incentive,44.3
4786-UKSNZ,0.33095282,0,Low Risk,1,Month-to-month,No,No internet service,Mailed check,Continue regular engagement,20.2
5343-SGUBI,0.09663904,0,Low Risk,52,One year,Fiber optic,No,Mailed check,Continue regular engagement,80.2
0856-NAOES,0.21248518,0,Low Risk,6,Month-to-month,DSL,No,Mailed check,Continue regular engagement,60.9
1976-AZZPJ,0.22077443,0,Low Risk,7,Month-to-month,DSL,No,Mailed check,Continue regular engagement,34.2
7248-VZQLC,0.34962475,0,Low Risk,47,Month-to-month,Fiber optic,No,Bank transfer (automatic),Continue regular engagement,85.2
6156-UZDLF,0.0603552,0,Low Risk,26,One year,Fiber optic,Yes,Credit card (automatic),Continue regular engagement,87.15
3099-OONVS,0.09771795,0,Low Risk,25,Month-to-month,DSL,Yes,Electronic check,Continue regular engagement,54.3
9500-WBGRP,0.005149495,0,Low Risk,69,Two year,No,No internet service,Mailed check,Continue regular engagement,19.1
5183-KLYEM,0.014405112,0,Low Risk,72,Two year,Fiber optic,Yes,Credit card (automatic),Continue regular engagement,112.75
5144-PQCDZ,0.099255495,0,Low Risk,4,Month-to-month,No,No internet service,Mailed check,Continue regular engagement,19.95
8514-VZHEB,0.030820731,0,Low Risk,59,Two year,No,No internet service,Mailed check,Continue regular engagement,19.5
6625-IUTTT,0.0160923,0,Low Risk,67,Two year,DSL,No,Bank transfer (automatic),Continue regular engagement,65.55
9355-NPPFS,0.46076125,1,Medium Risk,26,Month-to-month,Fiber optic,No,Electronic check,Offer contract upgrade incentive,78.8
0068-FIGTF,0.07643943,0,Low Risk,27,One year,DSL,Yes,Mailed check,Continue regular engagement,78.2
5965-GGPRW,0.07409697,0,Low Risk,72,Two year,Fiber optic,No,Bank transfer (automatic),Continue regular engagement,105.25
8035-PWSEV,0.5960514,1,Medium Risk,6,Month-to-month,Fiber optic,Yes,Electronic check,Offer contract upgrade incentive,89.25
2236-HILPA,0.010327392,0,Low Risk,62,Two year,No,No internet service,Credit card (automatic),Continue regular engagement,20.65
1840-BIUOG,0.1812658,0,Low Risk,20,One year,DSL,Yes,Electronic check,Continue regular engagement,68.7
1356-MKYSK,0.17702891,0,Low Risk,6,Month-to-month,DSL,Yes,Credit card (automatic),Continue regular engagement,78.65
6080-LNESI,0.0143011715,0,Low Risk,51,Two year,No,No internet service,Mailed check,Continue regular engagement,24.75
1830-IPXVJ,0.012025273,0,Low Risk,61,Two year,No,No internet service,Credit card (automatic),Continue regular engagement,19.75
5828-DWPIL,0.13184488,0,Low Risk,62,Month-to-month,Fiber optic,No,Electronic check,Continue regular engagement,89.1
8398-TBIYD,0.007845712,0,Low Risk,72,Two year,Fiber optic,Yes,Bank transfer (automatic),Continue regular engagement,84.7
0011-IGKFF,0.78938246,1,High Risk,13,Month-to-month,Fiber optic,No,Electronic check,Offer annual contract discount + proactive support,98.0
4192-GORJT,0.7779809,1,High Risk,5,Month-to-month,Fiber optic,No,Electronic check,Offer annual contract discount + proactive support,94.45
6496-SLWHQ,0.84484696,1,High Risk,3,Month-to-month,Fiber optic,No,Electronic check,Offer annual contract discount + proactive support,105.0
9912-GVSEQ,0.64261174,1,Medium Risk,26,Month-to-month,Fiber optic,No,Electronic check,Offer contract upgrade incentive,93.85
2931-FSOHN,0.3457042,0,Low Risk,13,Month-to-month,DSL,No,Electronic check,Continue regular engagement,59.9
9418-RUKPH,0.011700975,0,Low Risk,38,Two year,No,No internet service,Mailed check,Continue regular engagement,19.95
5383-MMTWC,0.77560294,1,High Risk,8,Month-to-month,Fiber optic,No,Electronic check,Offer annual contract discount + proactive support,84.0
9971-ZWPBF,0.34260103,0,Low Risk,34,Month-to-month,Fiber optic,Yes,Electronic check,Continue regular engagement,108.9
4712-AUQZO,0.18910655,0,Low Risk,18,Month-to-month,DSL,No,Mailed check,Continue regular engagement,33.6
9711-FJTBX,0.034389824,0,Low Risk,56,One year,Fiber optic,Yes,Mailed check,Continue regular engagement,85.85
2908-ZTPNF,0.11043993,0,Low Risk,36,Month-to-month,DSL,Yes,Bank transfer (automatic),Continue regular engagement,34.85
7240-ETPTR,0.5876409,1,Medium Risk,9,Month-to-month,DSL,No,Electronic check,Offer contract upgrade incentive,48.75
2202-CUYXZ,0.8681549,1,High Risk,1,Month-to-month,Fiber optic,No,Electronic check,Offer annual contract discount + proactive support,84.85
5995-OIGLP,0.13683917,0,Low Risk,12,Month-to-month,DSL,Yes,Mailed check,Continue regular engagement,56.65
8421-WZOOW,0.12344536,0,Low Risk,57,Month-to-month,Fiber optic,Yes,Credit card (automatic),Continue regular engagement,95.3
6261-RCVNS,0.116492346,0,Low Risk,42,One year,DSL,Yes,Credit card (automatic),Continue regular engagement,73.9
7951-QKZPL,0.017989764,0,Low Risk,33,Two year,No,No internet service,Mailed check,Continue regular engagement,24.5
1414-YADCW,0.017089779,0,Low Risk,70,Two year,Fiber optic,Yes,Bank transfer (automatic),Continue regular engagement,84.6
8756-RDDLT,0.10535081,0,Low Risk,68,Month-to-month,DSL,Yes,Electronic check,Continue regular engagement,44.95
2862-PFNIK,0.6830583,1,Medium Risk,1,Month-to-month,DSL,No,Electronic check,Offer contract upgrade incentive,24.7
5816-QVHRX,0.27524897,0,Low Risk,37,Month-to-month,Fiber optic,Yes,Credit card (automatic),Continue regular engagement,100.3
4430-YHXGG,0.11613205,0,Low Risk,4,Month-to-month,No,No internet service,Mailed check,Continue regular engagement,25.45
6888-SBYAI,0.47552407,1,Medium Risk,1,Month-to-month,DSL,No,Mailed check,Offer contract upgrade incentive,50.7
7395-XWZOY,0.20643198,0,Low Risk,20,Month-to-month,DSL,Yes,Credit card (automatic),Continue regular engagement,55.0
7169-YWAMK,0.0052010617,0,Low Risk,72,Two year,DSL,Yes,Bank transfer (automatic),Continue regular engagement,68.4
3640-PHQXK,0.4982955,1,Medium Risk,31,Month-to-month,Fiber optic,No,Electronic check,Offer contract upgrade incentive,89.9
6877-LGWXO,0.4439357,1,Medium Risk,18,Month-to-month,Fiber optic,No,Electronic check,Offer contract upgrade incentive,78.55
6859-RKMZJ,0.288991,0,Low Risk,11,Month-to-month,DSL,No,Bank transfer (automatic),Continue regular engagement,55.05
2729-VNVAP,0.015682893,0,Low Risk,33,Two year,No,No internet service,Credit card (automatic),Continue regular engagement,19.8
2957-JIRMN,0.11407571,0,Low Risk,62,One year,Fiber optic,No,Electronic check,Continue regular engagement,84.45
2049-BAFNW,0.32418573,0,Low Risk,1,Month-to-month,DSL,Yes,Mailed check,Continue regular engagement,35.9
3842-QTGDL,0.18860263,0,Low Risk,16,Month-to-month,Fiber optic,No,Bank transfer (automatic),Continue regular engagement,80.75
7163-OCEQI,0.12643485,0,Low Risk,22,One year,DSL,Yes,Mailed check,Continue regular engagement,78.65
9782-LGXMC,0.07794749,0,Low Risk,49,Month-to-month,DSL,Yes,Bank transfer (automatic),Continue regular engagement,61.75
5975-BAICR,0.08307117,0,Low Risk,36,One year,DSL,No,Credit card (automatic),Continue regular engagement,63.7
8019-ENHXU,0.4631408,1,Medium Risk,42,Month-to-month,Fiber optic,Yes,Electronic check,Offer contract upgrade incentive,99.45
5167-GBFRE,0.5875804,1,Medium Risk,4,Month-to-month,DSL,No,Bank transfer (automatic),Offer contract upgrade incentive,25.2
9033-EOXWV,0.14266224,0,Low Risk,12,One year,DSL,Yes,Mailed check,Continue regular engagement,74.05
4673-KKSLS,0.17690274,0,Low Risk,31,Month-to-month,Fiber optic,Yes,Electronic check,Continue regular engagement,87.6
4853-OITSN,0.54979396,1,Medium Risk,5,Month-to-month,Fiber optic,No,Electronic check,Offer contract upgrade incentive,89.15
9800-OUIGR,0.007291769,0,Low Risk,66,Two year,No,No internet service,Credit card (automatic),Continue regular engagement,20.0
1324-NLTJE,0.2740242,0,Low Risk,15,Month-to-month,DSL,Yes,Credit card (automatic),Continue regular engagement,55.0
2324-EFHVG,0.079853185,0,Low Risk,64,Two year,Fiber optic,No,Bank transfer (automatic),Continue regular engagement,104.4
7094-MSZAO,0.08967292,0,Low Risk,10,Month-to-month,No,No internet service,Credit card (automatic),Continue regular engagement,20.05
1522-VVDMG,0.6226592,1,Medium Risk,7,Month-to-month,Fiber optic,Yes,Electronic check,Offer contract upgrade incentive,89.75
6907-CQGPN,0.13644582,0,Low Risk,29,Month-to-month,DSL,Yes,Electronic check,Continue regular engagement,34.3
0780-XNZFN,0.018971104,0,Low Risk,57,Two year,No,No internet service,Bank transfer (automatic),Continue regular engagement,20.65
0239-OXEXL,0.16458192,0,Low Risk,46,Month-to-month,Fiber optic,No,Mailed check,Continue regular engagement,84.25
2675-IJRGJ,0.013890507,0,Low Risk,53,Two year,No,No internet service,Bank transfer (automatic),Continue regular engagement,19.65
7049-GKVZY,0.124737665,0,Low Risk,17,One year,DSL,Yes,Credit card (automatic),Continue regular engagement,79.85
8577-QSOCG,0.011545234,0,Low Risk,38,Two year,No,No internet service,Mailed check,Continue regular engagement,20.2
3721-CNZHX,0.03738881,0,Low Risk,15,One year,No,No internet service,Mailed check,Continue regular engagement,19.8
0212-ISBBF,0.46071225,1,Medium Risk,22,Month-to-month,DSL,No,Electronic check,Offer contract upgrade incentive,50.35
9185-TQCVP,0.71475166,1,High Risk,14,Month-to-month,Fiber optic,No,Electronic check,Offer annual contract discount + proactive support,85.15
3585-YNADK,0.045670092,0,Low Risk,57,One year,DSL,Yes,Bank transfer (automatic),Continue regular engagement,74.6
5271-DBYSJ,0.52353173,1,Medium Risk,11,Month-to-month,Fiber optic,No,Credit card (automatic),Offer contract upgrade incentive,79.15
1099-GODLO,0.037372947,0,Low Risk,1,Two year,No,No internet service,Mailed check,Continue regular engagement,20.35
6828-HMKWP,0.013855378,0,Low Risk,12,Two year,No,No internet service,Bank transfer (automatic),Continue regular engagement,21.05
5567-WSELE,0.87775993,1,High Risk,3,Month-to-month,Fiber optic,No,Electronic check,Offer annual contract discount + proactive support,94.6
1472-TNCWL,0.262597,0,Low Risk,36,Month-to-month,Fiber optic,No,Electronic check,Continue regular engagement,94.7
8063-RJYNF,0.5783085,1,Medium Risk,16,Month-to-month,Fiber optic,No,Electronic check,Offer contract upgrade incentive,94.25
0687-ZVTHB,0.10858786,0,Low Risk,65,One year,DSL,No,Credit card (automatic),Continue regular engagement,72.45
2080-GKCWQ,0.52055967,1,Medium Risk,2,Month-to-month,Fiber optic,No,Electronic check,Offer contract upgrade incentive,74.95
9661-ACXBS,0.5564741,1,Medium Risk,42,Month-to-month,Fiber optic,No,Electronic check,Offer contract upgrade incentive,105.2
2193-SFWQW,0.009297711,0,Low Risk,72,Two year,Fiber optic,Yes,Bank transfer (automatic),Continue regular engagement,111.95
5656-JAMLX,0.012561086,0,Low Risk,62,Two year,No,No internet service,Bank transfer (automatic),Continue regular engagement,19.85
3462-BJQQA,0.83883655,1,High Risk,6,Month-to-month,Fiber optic,No,Electronic check,Offer annual contract discount + proactive support,89.75
0442-TDYUO,0.018754058,0,Low Risk,48,Two year,No,No internet service,Mailed check,Continue regular engagement,20.05
6733-LRIZX,0.3116611,0,Low Risk,35,Two year,Fiber optic,Yes,Electronic check,Continue regular engagement,108.95
9503-XJUME,0.012575461,0,Low Risk,52,One year,No,No internet service,Credit card (automatic),Continue regular engagement,19.65
4367-NHWMM,0.5921029,1,Medium Risk,1,Month-to-month,DSL,No,Mailed check,Offer contract upgrade incentive,24.9
3727-RJMEO,0.765826,1,High Risk,6,Month-to-month,Fiber optic,No,Electronic check,Offer annual contract discount + proactive support,82.85
3779-OSWCF,0.0056729442,0,Low Risk,71,Two year,DSL,Yes,Credit card (automatic),Continue regular engagement,93.2
6736-DHUQI,0.056782596,0,Low Risk,67,One year,Fiber optic,No,Bank transfer (automatic),Continue regular engagement,84.8
3915-ODIYG,0.06707038,0,Low Risk,60,One year,DSL,No,Electronic check,Continue regular engagement,71.75
1360-RCYRT,0.1430987,0,Low Risk,23,Month-to-month,DSL,Yes,Bank transfer (automatic),Continue regular engagement,30.35
2724-FJDYW,0.09212247,0,Low Risk,39,One year,DSL,Yes,Bank transfer (automatic),Continue regular engagement,54.85
4451-RWASJ,0.036766656,0,Low Risk,15,One year,No,No internet service,Mailed check,Continue regular engagement,19.5
6646-VRFOL,0.62639475,1,Medium Risk,53,Month-to-month,Fiber optic,No,Electronic check,Offer contract upgrade incentive,103.85
3460-TJBWI,0.010444603,0,Low Risk,24,Two year,No,No internet service,Mailed check,Continue regular engagement,24.2
5917-HBSDW,0.039603196,0,Low Risk,37,Month-to-month,No,No internet service,Electronic check,Continue regular engagement,19.35
5685-IIXLY,0.6433387,1,Medium Risk,5,Month-to-month,Fiber optic,No,Electronic check,Offer contract upgrade incentive,83.6
5671-UUNXD,0.28749913,0,Low Risk,50,One year,Fiber optic,Yes,Electronic check,Continue regular engagement,100.65
0956-ACVZC,0.15785684,0,Low Risk,54,One year,Fiber optic,No,Credit card (automatic),Continue regular engagement,94.1
2325-NBPZG,0.44862062,1,Medium Risk,3,Month-to-month,Fiber optic,No,Electronic check,Offer contract upgrade incentive,74.55
4250-ZBWLV,0.35599247,1,Medium Risk,68,One year,Fiber optic,Yes,Electronic check,Monitor customer + targeted engagement,108.45
4482-FTFFX,0.29393616,0,Low Risk,5,Month-to-month,DSL,Yes,Electronic check,Continue regular engagement,56.15
8859-DZTGQ,0.009687228,0,Low Risk,33,Two year,No,No internet service,Mailed check,Continue regular engagement,20.35
0440-MOGPM,0.18863201,0,Low Risk,41,One year,DSL,No,Electronic check,Continue regular engagement,80.55
0020-JDNXP,0.047256,0,Low Risk,34,One year,DSL,Yes,Mailed check,Continue regular engagement,61.25
3752-CQSJI,0.093177155,0,Low Risk,13,Month-to-month,No,No internet service,Mailed check,Continue regular engagement,20.45
5025-GOOKI,0.03676842,0,Low Risk,20,Month-to-month,No,No internet service,Credit card (automatic),Continue regular engagement,18.9
4698-KVLLG,0.020413702,0,Low Risk,51,Two year,No,No internet service,Credit card (automatic),Continue regular engagement,19.6
5095-AESKG,0.7475617,1,High Risk,3,Month-to-month,Fiber optic,No,Credit card (automatic),Offer annual contract discount + proactive support,91.5
2887-JPYLU,0.08592954,0,Low Risk,41,Month-to-month,DSL,No,Bank transfer (automatic),Continue regular engagement,45.2
4770-QAZXN,0.044084605,0,Low Risk,13,Month-to-month,No,No internet service,Credit card (automatic),Continue regular engagement,19.45
4896-CPRPF,0.011259038,0,Low Risk,35,Two year,No,No internet service,Bank transfer (automatic),Continue regular engagement,25.45
1871-MOWRM,0.2640921,0,Low Risk,12,Month-to-month,Fiber optic,Yes,Bank transfer (automatic),Continue regular engagement,80.85
9714-EDSUC,0.5450605,1,Medium Risk,4,Month-to-month,Fiber optic,Yes,Mailed check,Offer contract upgrade incentive,94.9
2027-OAQQC,0.25673357,0,Low Risk,43,Month-to-month,DSL,No,Bank transfer (automatic),Continue regular engagement,49.05
0282-NVSJS,0.24667217,0,Low Risk,12,Month-to-month,DSL,Yes,Mailed check,Continue regular engagement,29.3
9090-SGQXL,0.5808825,1,Medium Risk,68,Month-to-month,Fiber optic,No,Electronic check,Offer contract upgrade incentive,105.3
6595-YGXIT,0.6649536,1,Medium Risk,25,Month-to-month,Fiber optic,No,Electronic check,Offer contract upgrade incentive,88.95
7353-YOWFP,0.02905054,0,Low Risk,7,One year,No,No internet service,Mailed check,Continue regular engagement,20.25
9835-ZIITK,0.5245356,1,Medium Risk,66,One year,Fiber optic,Yes,Electronic check,Monitor customer + targeted engagement,110.85
8008-ESFLK,0.18555318,0,Low Risk,53,One year,Fiber optic,Yes,Electronic check,Continue regular engagement,110.5
7537-CBQUZ,0.17847537,0,Low Risk,63,Month-to-month,Fiber optic,No,Bank transfer (automatic),Continue regular engagement,109.4
1555-DJEQW,0.07592682,0,Low Risk,70,Two year,Fiber optic,Yes,Bank transfer (automatic),Continue regular engagement,114.2
5649-TJHOV,0.39292178,1,Medium Risk,27,Month-to-month,DSL,No,Bank transfer (automatic),Offer contract upgrade incentive,36.5
0519-XUZJU,0.6952767,1,Medium Risk,1,Month-to-month,Fiber optic,No,Mailed check,Offer contract upgrade incentive,70.75
3363-EWLGO,0.10987723,0,Low Risk,5,Month-to-month,No,No internet service,Mailed check,Continue regular engagement,19.95
4750-UKWJK,0.039294314,0,Low Risk,37,One year,No,No internet service,Mailed check,Continue regular engagement,19.6
6338-AVWCY,0.60545266,1,Medium Risk,3,Month-to-month,DSL,No,Mailed check,Offer contract upgrade incentive,40.15
1689-YQBYY,0.5866154,1,Medium Risk,12,Month-to-month,Fiber optic,No,Electronic check,Offer contract upgrade incentive,76.6
4487-ZYJZK,0.017342804,0,Low Risk,38,One year,No,No internet service,Credit card (automatic),Continue regular engagement,19.6
2959-FENLU,0.6275701,1,Medium Risk,9,Month-to-month,Fiber optic,No,Credit card (automatic),Offer contract upgrade incentive,85.3
0708-LGSMF,0.32972133,0,Low Risk,13,Month-to-month,DSL,No,Electronic check,Continue regular engagement,65.85
9253-QXKBE,0.63841665,1,Medium Risk,29,Month-to-month,Fiber optic,No,Electronic check,Offer contract upgrade incentive,94.45
7634-HLQJR,0.0107572945,0,Low Risk,47,Two year,No,No internet service,Credit card (automatic),Continue regular engagement,20.05
0487-RPVUM,0.14978345,0,Low Risk,61,Month-to-month,Fiber optic,Yes,Bank transfer (automatic),Continue regular engagement,99.4
4079-ULGFR,0.049631514,0,Low Risk,16,Month-to-month,No,No internet service,Mailed check,Continue regular engagement,20.0
2516-XSJKX,0.030253943,0,Low Risk,41,Two year,DSL,Yes,Electronic check,Continue regular engagement,78.45
0057-QBUQH,0.03157848,0,Low Risk,43,Two year,No,No internet service,Electronic check,Continue regular engagement,25.1
9445-SZLCH,0.4017202,1,Medium Risk,36,Month-to-month,Fiber optic,No,Bank transfer (automatic),Offer contract upgrade incentive,97.35
6599-SFQVE,0.43529698,1,Medium Risk,6,Month-to-month,DSL,No,Electronic check,Offer contract upgrade incentive,55.0
8331-ZXFOE,0.044227917,0,Low Risk,58,One year,DSL,Yes,Credit card (automatic),Continue regular engagement,71.1
4003-FUSHP,0.212281,0,Low Risk,19,Month-to-month,DSL,Yes,Credit card (automatic),Continue regular engagement,61.55
0356-ERHVT,0.27442154,0,Low Risk,11,Month-to-month,DSL,No,Bank transfer (automatic),Continue regular engagement,45.9
7325-ENZFI,0.055211183,0,Low Risk,39,One year,DSL,Yes,Bank transfer (automatic),Continue regular engagement,40.3
4884-ZTHVF,0.6545739,1,Medium Risk,8,Month-to-month,Fiber optic,No,Electronic check,Offer contract upgrade incentive,87.1
3920-HIHMQ,0.15031104,0,Low Risk,26,Month-to-month,DSL,No,Mailed check,Continue regular engagement,49.5
3055-OYMSE,0.25437006,0,Low Risk,53,Month-to-month,Fiber optic,No,Credit card (automatic),Continue regular engagement,73.8
0613-WUXUM,0.006593425,0,Low Risk,70,Two year,No,No internet service,Mailed check,Continue regular engagement,19.2
7568-PODML,0.7637362,1,High Risk,1,Month-to-month,DSL,No,Mailed check,Offer annual contract discount + proactive support,45.3
4458-KVRBJ,0.0113041885,0,Low Risk,59,Two year,No,No internet service,Mailed check,Continue regular engagement,25.0
5349-IECLD,0.67198414,1,Medium Risk,2,Month-to-month,Fiber optic,No,Electronic check,Offer contract upgrade incentive,94.95
1397-XKKWR,0.105142206,0,Low Risk,7,One year,DSL,No,Mailed check,Continue regular engagement,35.3
3945-GFWQL,0.30389073,0,Low Risk,12,Month-to-month,DSL,No,Electronic check,Continue regular engagement,44.55
8097-OMULG,0.06047377,0,Low Risk,59,One year,DSL,Yes,Credit card (automatic),Continue regular engagement,76.75
6013-BHCAW,0.02543781,0,Low Risk,61,Two year,DSL,Yes,Bank transfer (automatic),Continue regular engagement,81.0
0401-WDBXM,0.032560825,0,Low Risk,72,Two year,Fiber optic,No,Bank transfer (automatic),Continue regular engagement,105.55
3387-PLKUI,0.06526243,0,Low Risk,13,Month-to-month,No,No internet service,Mailed check,Continue regular engagement,18.8
6096-EGVTU,0.017090067,0,Low Risk,64,One year,No,No internet service,Mailed check,Continue regular engagement,24.9
3797-VTIDR,0.7509891,1,High Risk,1,Month-to-month,DSL,No,Electronic check,Offer annual contract discount + proactive support,23.45
5081-NWSUP,0.10657124,0,Low Risk,10,One year,DSL,Yes,Mailed check,Continue regular engagement,64.9
2580-ATZSQ,0.023358583,0,Low Risk,65,One year,DSL,No,Bank transfer (automatic),Continue regular engagement,61.35
8085-MSNLK,0.039716896,0,Low Risk,62,Two year,Fiber optic,Yes,Mailed check,Continue regular engagement,113.95
9691-HKOVS,0.067730136,0,Low Risk,55,One year,DSL,Yes,Electronic check,Continue regular engagement,90.15
9881-VCZEP,0.17117904,0,Low Risk,25,Month-to-month,DSL,No,Electronic check,Continue regular engagement,54.1
9526-BIHHD,0.4228562,1,Medium Risk,1,Month-to-month,DSL,No,Mailed check,Offer contract upgrade incentive,29.7
8757-TFHHJ,0.4072204,1,Medium Risk,1,Month-to-month,DSL,No,Credit card (automatic),Offer contract upgrade incentive,49.8
4523-WXCEF,0.3770418,1,Medium Risk,59,Month-to-month,Fiber optic,No,Electronic check,Offer contract upgrade incentive,101.1
1468-DEFNC,0.015455271,0,Low Risk,64,Two year,No,No internet service,Bank transfer (automatic),Continue regular engagement,24.4
5119-KEPFY,0.41474208,1,Medium Risk,36,Month-to-month,Fiber optic,No,Bank transfer (automatic),Offer contract upgrade incentive,95.0
8364-TRMMK,0.5048202,1,Medium Risk,3,Month-to-month,DSL,No,Mailed check,Offer contract upgrade incentive,50.65
0916-KNFAJ,0.011440089,0,Low Risk,61,Two year,DSL,No,Mailed check,Continue regular engagement,69.9
8319-QBEHW,0.106218964,0,Low Risk,26,One year,DSL,No,Bank transfer (automatic),Continue regular engagement,39.95
3063-QFSZL,0.71534395,1,High Risk,1,Month-to-month,DSL,No,Electronic check,Offer annual contract discount + proactive support,55.4
8775-LHDJH,0.91751456,1,High Risk,1,Month-to-month,Fiber optic,No,Electronic check,Offer annual contract discount + proactive support,90.6
9625-QNLUX,0.03942426,0,Low Risk,68,Two year,Fiber optic,No,Credit card (automatic),Continue regular engagement,103.25
3097-NQYSN,0.7974725,1,High Risk,2,Month-to-month,Fiber optic,No,Mailed check,Offer annual contract discount + proactive support,86.85
4024-CSNBY,0.0068356344,0,Low Risk,72,Two year,Fiber optic,Yes,Bank transfer (automatic),Continue regular engagement,94.25
7110-BDTWG,0.09763819,0,Low Risk,71,Two year,DSL,Yes,Electronic check,Continue regular engagement,47.05
7493-GVFIO,0.0089815995,0,Low Risk,57,Two year,No,No internet service,Credit card (automatic),Continue regular engagement,20.55
0690-SRQID,0.09833948,0,Low Risk,4,Month-to-month,No,No internet service,Mailed check,Continue regular engagement,19.65
9605-WGJVW,0.8475604,1,High Risk,1,Month-to-month,Fiber optic,No,Electronic check,Offer annual contract discount + proactive support,70.2
9114-DPSIA,0.0051144934,0,Low Risk,72,Two year,DSL,Yes,Credit card (automatic),Continue regular engagement,81.0
4700-UBQMV,0.13136172,0,Low Risk,21,One year,DSL,No,Bank transfer (automatic),Continue regular engagement,75.9
7711-GQBZC,0.006594746,0,Low Risk,71,Two year,No,No internet service,Bank transfer (automatic),Continue regular engagement,24.7
3565-UNOCC,0.68964124,1,Medium Risk,29,Month-to-month,Fiber optic,No,Bank transfer (automatic),Offer contract upgrade incentive,99.05
4627-MIHJH,0.1900976,0,Low Risk,69,Two year,Fiber optic,Yes,Credit card (automatic),Continue regular engagement,110.25
9795-NREXC,0.021585982,0,Low Risk,64,Two year,DSL,Yes,Credit card (automatic),Continue regular engagement,85.0
8573-CGOCC,0.06110036,0,Low Risk,16,Month-to-month,No,No internet service,Credit card (automatic),Continue regular engagement,19.75
7356-AYNJP,0.07035982,0,Low Risk,4,One year,No,No internet service,Electronic check,Continue regular engagement,23.9
9249-FXSCK,0.24325204,0,Low Risk,52,One year,Fiber optic,Yes,Credit card (automatic),Continue regular engagement,111.25
5493-SDRDQ,0.36941364,1,Medium Risk,2,Month-to-month,DSL,No,Mailed check,Offer contract upgrade incentive,55.1
6286-SUUWT,0.40826637,1,Medium Risk,1,Month-to-month,No,No internet service,Mailed check,Offer contract upgrade incentive,19.95
4819-HJPIW,0.18341069,0,Low Risk,18,Month-to-month,DSL,No,Mailed check,Continue regular engagement,25.15
8654-DHAOW,0.42587456,1,Medium Risk,2,Month-to-month,DSL,No,Mailed check,Offer contract upgrade incentive,54.15
5438-QMDDL,0.24963635,0,Low Risk,19,Month-to-month,DSL,No,Mailed check,Continue regular engagement,59.8
9812-GHVRI,0.3332304,0,Low Risk,40,Month-to-month,Fiber optic,No,Bank transfer (automatic),Continue regular engagement,83.85
5553-AOINX,0.21173945,0,Low Risk,66,One year,Fiber optic,No,Electronic check,Continue regular engagement,104.9
1228-ZLNBX,0.24614547,0,Low Risk,21,Month-to-month,Fiber optic,No,Mailed check,Continue regular engagement,75.3
4226-KKDON,0.27714553,0,Low Risk,8,Month-to-month,DSL,Yes,Electronic check,Continue regular engagement,66.65
3831-YCPUO,0.012694827,0,Low Risk,72,Two year,Fiber optic,Yes,Credit card (automatic),Continue regular engagement,109.5
7445-WMRBW,0.058816098,0,Low Risk,48,One year,DSL,Yes,Bank transfer (automatic),Continue regular engagement,73.85
3308-DGHKL,0.007468232,0,Low Risk,69,Two year,No,No internet service,Bank transfer (automatic),Continue regular engagement,19.3
9924-JPRMC,0.02695839,0,Low Risk,72,Two year,Fiber optic,Yes,Electronic check,Continue regular engagement,118.2
0080-EMYVY,0.08171503,0,Low Risk,14,One year,DSL,No,Credit card (automatic),Continue regular engagement,51.45
6218-KNUBD,0.26567587,0,Low Risk,6,Month-to-month,DSL,No,Electronic check,Continue regular engagement,59.45
7337-CINUD,0.02229071,0,Low Risk,8,Two year,No,No internet service,Bank transfer (automatic),Continue regular engagement,19.5
7609-NRNCA,0.024230655,0,Low Risk,17,One year,No,No internet service,Mailed check,Continue regular engagement,19.55
0623-EJQEG,0.09294924,0,Low Risk,65,One year,Fiber optic,Yes,Electronic check,Continue regular engagement,93.55
7153-CHRBV,0.029977698,0,Low Risk,57,One year,DSL,Yes,Mailed check,Continue regular engagement,59.3
0871-URUWO,0.69735104,1,Medium Risk,13,Month-to-month,Fiber optic,No,Credit card (automatic),Offer contract upgrade incentive,102.25
9190-MFJLN,0.5110508,1,Medium Risk,19,Month-to-month,Fiber optic,No,Credit card (automatic),Offer contract upgrade incentive,95.9
6198-PNNSZ,0.183266,0,Low Risk,56,One year,Fiber optic,No,Bank transfer (automatic),Continue regular engagement,109.8
3317-VLGQT,0.5345381,1,Medium Risk,14,Month-to-month,Fiber optic,No,Electronic check,Offer contract upgrade incentive,78.1
4132-POCZS,0.2534047,0,Low Risk,52,Month-to-month,DSL,No,Electronic check,Continue regular engagement,39.9
5614-DNZCE,0.011959442,0,Low Risk,58,Two year,DSL,Yes,Credit card (automatic),Continue regular engagement,64.9
1095-JUDTC,0.39547044,1,Medium Risk,47,Month-to-month,Fiber optic,Yes,Electronic check,Offer contract upgrade incentive,95.05
3896-RCYYE,0.078567006,0,Low Risk,67,Month-to-month,DSL,Yes,Credit card (automatic),Continue regular engagement,53.4
9638-JIQYA,0.4898395,1,Medium Risk,2,Month-to-month,DSL,No,Credit card (automatic),Offer contract upgrade incentive,24.9
3258-SANFR,0.2953025,0,Low Risk,6,Month-to-month,DSL,No,Credit card (automatic),Continue regular engagement,44.7
3726-TBHQT,0.028717821,0,Low Risk,71,Two year,Fiber optic,Yes,Bank transfer (automatic),Continue regular engagement,114.0
3190-ITQXP,0.012386631,0,Low Risk,46,Two year,No,No internet service,Bank transfer (automatic),Continue regular engagement,20.25
0870-VEMYL,0.22630152,0,Low Risk,5,Month-to-month,DSL,Yes,Credit card (automatic),Continue regular engagement,53.85
4833-QTJNO,0.15928587,0,Low Risk,67,Month-to-month,Fiber optic,No,Bank transfer (automatic),Continue regular engagement,83.85
3039-MJSLN,0.091952085,0,Low Risk,3,Month-to-month,No,No internet service,Bank transfer (automatic),Continue regular engagement,20.2
0178-CIIKR,0.18822762,0,Low Risk,3,Month-to-month,No,No internet service,Mailed check,Continue regular engagement,19.95
5385-SUIRI,0.6053592,1,Medium Risk,52,Month-to-month,Fiber optic,No,Electronic check,Offer contract upgrade incentive,104.2
3982-XWFZQ,0.22112419,0,Low Risk,42,Month-to-month,DSL,No,Electronic check,Continue regular engagement,50.25
5774-QPLTF,0.020811219,0,Low Risk,50,One year,No,No internet service,Mailed check,Continue regular engagement,20.35
2322-VCZHZ,0.3119002,0,Low Risk,23,Month-to-month,Fiber optic,No,Electronic check,Continue regular engagement,90.0
5010-IPEAQ,0.015429442,0,Low Risk,67,Two year,DSL,Yes,Credit card (automatic),Continue regular engagement,54.2
4009-ALQFH,0.70390296,1,High Risk,25,Month-to-month,Fiber optic,No,Electronic check,Offer annual contract discount + proactive support,99.5
6383-ZTSIW,0.1449944,0,Low Risk,39,One year,Fiber optic,No,Mailed check,Continue regular engagement,99.1
8990-YOZLV,0.012791712,0,Low Risk,69,Two year,DSL,Yes,Mailed check,Continue regular engagement,66.9
3069-SSVSN,0.21833932,0,Low Risk,1,One year,DSL,No,Mailed check,Continue regular engagement,25.85
5222-IMUKT,0.35681683,1,Medium Risk,32,Month-to-month,Fiber optic,No,Electronic check,Offer contract upgrade incentive,91.05
3627-FCRDW,0.41369265,1,Medium Risk,9,Month-to-month,Fiber optic,No,Electronic check,Offer contract upgrade incentive,71.0
7562-GSUHK,0.41984412,1,Medium Risk,16,Month-to-month,Fiber optic,No,Credit card (automatic),Offer contract upgrade incentive,93.2
6685-XSHHU,0.00915715,0,Low Risk,60,Two year,No,No internet service,Bank transfer (automatic),Continue regular engagement,20.95
8901-UPRHR,0.053506207,0,Low Risk,72,Two year,Fiber optic,Yes,Bank transfer (automatic),Continue regular engagement,109.2
4903-UYAVB,0.1252786,0,Low Risk,5,Month-to-month,No,No internet service,Mailed check,Continue regular engagement,19.35
0118-JPNOY,0.27327242,0,Low Risk,26,Month-to-month,Fiber optic,No,Credit card (automatic),Continue regular engagement,85.8
6776-TLWOI,0.15134393,0,Low Risk,3,Month-to-month,No,No internet service,Mailed check,Continue regular engagement,19.85
3845-FXCYS,0.20605116,0,Low Risk,2,Month-to-month,No,No internet service,Electronic check,Continue regular engagement,19.65
5857-XRECV,0.06154401,0,Low Risk,2,One year,No,No internet service,Bank transfer (automatic),Continue regular engagement,20.5
0725-CXOTM,0.07243573,0,Low Risk,36,One year,DSL,Yes,Credit card (automatic),Continue regular engagement,89.65
4343-EJVQB,0.2998979,0,Low Risk,7,Month-to-month,Fiber optic,No,Mailed check,Continue regular engagement,74.35
9000-PLFUZ,0.05877985,0,Low Risk,60,Two year,DSL,No,Credit card (automatic),Continue regular engagement,49.45
3427-GGZZI,0.6008564,1,Medium Risk,19,Month-to-month,Fiber optic,No,Electronic check,Offer contract upgrade incentive,89.1
7779-ORAEL,0.03742818,0,Low Risk,45,Two year,DSL,Yes,Credit card (automatic),Continue regular engagement,75.15
0644-OQMDK,0.6134327,1,Medium Risk,4,Month-to-month,Fiber optic,No,Electronic check,Offer contract upgrade incentive,70.65
4077-CROMM,0.5130656,1,Medium Risk,31,Month-to-month,Fiber optic,Yes,Electronic check,Offer contract upgrade incentive,104.2
3154-CFSZG,0.1789424,0,Low Risk,47,Month-to-month,Fiber optic,No,Electronic check,Continue regular engagement,90.05
2868-MZAGQ,0.8731253,1,High Risk,1,Month-to-month,Fiber optic,No,Electronic check,Offer annual contract discount + proactive support,79.25
4847-QNOKA,0.51247203,1,Medium Risk,1,Month-to-month,DSL,No,Bank transfer (automatic),Offer contract upgrade incentive,44.9
2220-IAHLS,0.28533912,0,Low Risk,1,Month-to-month,No,No internet service,Credit card (automatic),Continue regular engagement,19.4
1658-XUHBX,0.23957868,0,Low Risk,59,Month-to-month,Fiber optic,No,Credit card (automatic),Continue regular engagement,88.75
6379-RXJRQ,0.5495567,1,Medium Risk,10,Month-to-month,Fiber optic,No,Electronic check,Offer contract upgrade incentive,70.1
2378-HTWFW,0.26166943,0,Low Risk,35,Month-to-month,Fiber optic,No,Credit card (automatic),Continue regular engagement,91.0
8650-RHRKE,0.5608002,1,Medium Risk,4,Month-to-month,DSL,No,Electronic check,Offer contract upgrade incentive,29.65
4377-VDHYI,0.14480805,0,Low Risk,32,One year,Fiber optic,No,Electronic check,Continue regular engagement,90.8
0475-RIJEP,0.45612434,1,Medium Risk,43,Month-to-month,Fiber optic,No,Electronic check,Offer contract upgrade incentive,77.85
1260-TTRXI,0.47661927,1,Medium Risk,4,Month-to-month,DSL,No,Electronic check,Offer contract upgrade incentive,54.3
3719-TDVQB,0.027258005,0,Low Risk,54,Two year,No,No internet service,Mailed check,Continue regular engagement,18.95
6328-ZPBGN,0.7372023,1,High Risk,11,Month-to-month,Fiber optic,No,Bank transfer (automatic),Offer annual contract discount + proactive support,95.15
0201-MIBOL,0.06744431,0,Low Risk,66,Two year,Fiber optic,No,Bank transfer (automatic),Continue regular engagement,102.4
4937-QPZPO,0.38413057,1,Medium Risk,61,One year,Fiber optic,No,Electronic check,Monitor customer + targeted engagement,99.9
2925-VDZHY,0.0045774956,0,Low Risk,72,Two year,DSL,Yes,Credit card (automatic),Continue regular engagement,88.7
6981-TDRFT,0.20866163,0,Low Risk,44,One year,DSL,Yes,Electronic check,Continue regular engagement,54.3
3413-CSSTH,0.1943811,0,Low Risk,41,Month-to-month,DSL,No,Bank transfer (automatic),Continue regular engagement,55.7
8033-VCZGH,0.40490112,1,Medium Risk,50,One year,Fiber optic,No,Electronic check,Monitor customer + targeted engagement,103.95
4789-KWMXN,0.34751207,0,Low Risk,47,One year,Fiber optic,Yes,Credit card (automatic),Continue regular engagement,110.85
0224-NIJLP,0.017139975,0,Low Risk,8,Two year,No,No internet service,Mailed check,Continue regular engagement,20.15
7542-CYDDM,0.08232654,0,Low Risk,18,Month-to-month,No,No internet service,Mailed check,Continue regular engagement,20.05
4718-WXBGI,0.00458495,0,Low Risk,72,Two year,DSL,Yes,Credit card (automatic),Continue regular engagement,91.95
2867-UIMSS,0.79168075,1,High Risk,1,Month-to-month,Fiber optic,No,Electronic check,Offer annual contract discount + proactive support,80.5
8495-PRWFH,0.28698957,0,Low Risk,42,Month-to-month,DSL,No,Electronic check,Continue regular engagement,55.65
0439-IFYUN,0.43903545,1,Medium Risk,18,Month-to-month,Fiber optic,No,Electronic check,Offer contract upgrade incentive,74.7
5716-LIBJC,0.35108453,1,Medium Risk,13,One year,Fiber optic,No,Credit card (automatic),Monitor customer + targeted engagement,104.15
2868-LLSKM,0.075009964,0,Low Risk,68,One year,Fiber optic,Yes,Bank transfer (automatic),Continue regular engagement,83.65
8111-RKSPX,0.6499079,1,Medium Risk,4,Month-to-month,Fiber optic,No,Bank transfer (automatic),Offer contract upgrade incentive,72.2
2988-QRAJY,0.1944207,0,Low Risk,69,Two year,Fiber optic,No,Credit card (automatic),Continue regular engagement,110.05
1585-MQSSU,0.16570342,0,Low Risk,17,Month-to-month,DSL,Yes,Mailed check,Continue regular engagement,51.5
0071-NDAFP,0.015050926,0,Low Risk,25,Two year,No,No internet service,Credit card (automatic),Continue regular engagement,25.5
2856-NNASM,0.3766015,1,Medium Risk,43,Month-to-month,Fiber optic,No,Mailed check,Offer contract upgrade incentive,89.55
7328-ZJAJO,0.010077397,0,Low Risk,59,Two year,No,No internet service,Credit card (automatic),Continue regular engagement,19.5
6458-CYIDZ,0.33859485,0,Low Risk,5,Month-to-month,Fiber optic,No,Electronic check,Continue regular engagement,80.7
8559-CIZFV,0.06306231,0,Low Risk,21,One year,DSL,Yes,Mailed check,Continue regular engagement,77.5
1090-PYKCI,0.05631624,0,Low Risk,69,One year,Fiber optic,Yes,Credit card (automatic),Continue regular engagement,105.1
3058-WQDRE,0.29164362,0,Low Risk,13,Month-to-month,DSL,No,Bank transfer (automatic),Continue regular engagement,25.15
7547-EKNFS,0.3394414,0,Low Risk,42,Month-to-month,Fiber optic,No,Bank transfer (automatic),Continue regular engagement,95.25
2279-AXJJK,0.18261437,0,Low Risk,52,Month-to-month,Fiber optic,Yes,Credit card (automatic),Continue regular engagement,95.65
6769-DYBQN,0.32670167,0,Low Risk,46,Month-to-month,Fiber optic,No,Electronic check,Continue regular engagement,85.0
0909-SELIE,0.01493874,0,Low Risk,61,Two year,DSL,Yes,Bank transfer (automatic),Continue regular engagement,80.8
3417-TSCIC,0.09690468,0,Low Risk,29,One year,DSL,No,Mailed check,Continue regular engagement,24.85
1042-HFUCW,0.05715344,0,Low Risk,25,One year,DSL,Yes,Credit card (automatic),Continue regular engagement,54.75
4439-JMPMT,0.7480436,1,High Risk,5,Month-to-month,Fiber optic,Yes,Electronic check,Offer annual contract discount + proactive support,85.75
6537-OTKMY,0.30780378,0,Low Risk,15,One year,DSL,No,Electronic check,Continue regular engagement,50.75
8999-EXMNO,0.012003239,0,Low Risk,19,Two year,No,No internet service,Mailed check,Continue regular engagement,20.15
6725-TPKJO,0.010334491,0,Low Risk,44,Two year,No,No internet service,Mailed check,Continue regular engagement,20.05
2446-BEGGB,0.90674186,1,High Risk,6,Month-to-month,Fiber optic,No,Electronic check,Offer annual contract discount + proactive support,98.25
7162-WPHPM,0.013097476,0,Low Risk,58,Two year,DSL,Yes,Credit card (automatic),Continue regular engagement,71.6
1599-MMYRQ,0.031500027,0,Low Risk,62,One year,Fiber optic,No,Credit card (automatic),Continue regular engagement,81.45
8821-KVZKQ,0.04764667,0,Low Risk,70,One year,DSL,Yes,Bank transfer (automatic),Continue regular engagement,58.4
1496-GGSUK,0.7571527,1,High Risk,1,Month-to-month,DSL,No,Mailed check,Offer annual contract discount + proactive support,25.7
6434-TTGJP,0.029655097,0,Low Risk,10,Two year,DSL,Yes,Credit card (automatic),Continue regular engagement,53.7
0042-JVWOJ,0.01833256,0,Low Risk,26,One year,No,No internet service,Bank transfer (automatic),Continue regular engagement,19.6
0130-SXOUN,0.23083395,0,Low Risk,66,Month-to-month,Fiber optic,No,Credit card (automatic),Continue regular engagement,89.4
2575-GFSOE,0.6024516,1,Medium Risk,7,Month-to-month,Fiber optic,No,Electronic check,Offer contract upgrade incentive,69.0
2330-PQGDQ,0.07834142,0,Low Risk,51,One year,Fiber optic,Yes,Bank transfer (automatic),Continue regular engagement,84.2
1452-UZOSF,0.017847944,0,Low Risk,72,Two year,Fiber optic,Yes,Credit card (automatic),Continue regular engagement,106.1
2097-YVPKN,0.006410284,0,Low Risk,65,Two year,No,No internet service,Mailed check,Continue regular engagement,25.75
2842-JTCCU,0.4626025,1,Medium Risk,2,Month-to-month,DSL,No,Bank transfer (automatic),Offer contract upgrade incentive,46.05
8597-CTXVJ,0.024220651,0,Low Risk,70,One year,DSL,Yes,Bank transfer (automatic),Continue regular engagement,64.95
6631-HMANX,0.008540963,0,Low Risk,72,Two year,DSL,Yes,Credit card (automatic),Continue regular engagement,85.45
9962-BFPDU,0.40427828,1,Medium Risk,1,Month-to-month,No,No internet service,Mailed check,Offer contract upgrade incentive,20.05
3296-SILRA,0.8327433,1,High Risk,1,Month-to-month,Fiber optic,No,Mailed check,Offer annual contract discount + proactive support,76.4
9681-OXGVC,0.88152343,1,High Risk,5,Month-to-month,Fiber optic,No,Electronic check,Offer annual contract discount + proactive support,100.5
6394-HHHZM,0.15042499,0,Low Risk,3,Month-to-month,No,No internet service,Mailed check,Continue regular engagement,20.7
5995-LFTLE,0.014834812,0,Low Risk,58,Two year,No,No internet service,Credit card (automatic),Continue regular engagement,25.3
5180-UCIIQ,0.2718066,0,Low Risk,22,Month-to-month,DSL,No,Mailed check,Continue regular engagement,40.05
1932-UEDCX,0.41716996,1,Medium Risk,33,Month-to-month,Fiber optic,No,Bank transfer (automatic),Offer contract upgrade incentive,100.6
7153-OANIO,0.75431395,1,High Risk,1,Month-to-month,Fiber optic,No,Electronic check,Offer annual contract discount + proactive support,69.95
5188-HGMLP,0.24647063,0,Low Risk,54,Month-to-month,Fiber optic,No,Bank transfer (automatic),Continue regular engagement,74.0
0665-XHDJU,0.08619212,0,Low Risk,72,Two year,Fiber optic,No,Electronic check,Continue regular engagement,99.4
6521-YYTYI,0.88566166,1,High Risk,1,Month-to-month,Fiber optic,No,Electronic check,Offer annual contract discount + proactive support,93.3
8878-HMWBV,0.5315151,1,Medium Risk,3,Month-to-month,DSL,No,Electronic check,Offer contract upgrade incentive,49.15
8265-HKSOW,0.029431412,0,Low Risk,72,Two year,Fiber optic,Yes,Credit card (automatic),Continue regular engagement,107.45
3544-FBCAS,0.0063523646,0,Low Risk,72,Two year,DSL,No,Credit card (automatic),Continue regular engagement,83.6
5331-RGMTT,0.51953375,1,Medium Risk,54,Month-to-month,Fiber optic,No,Credit card (automatic),Offer contract upgrade incentive,99.05
4759-PXTAN,0.08822013,0,Low Risk,59,One year,DSL,Yes,Electronic check,Continue regular engagement,80.1
7054-DMVAS,0.018712113,0,Low Risk,54,Two year,DSL,No,Bank transfer (automatic),Continue regular engagement,65.3
3428-MMGUB,0.105231754,0,Low Risk,60,Two year,Fiber optic,No,Electronic check,Continue regular engagement,89.55
6549-BTYPG,0.013101625,0,Low Risk,60,Two year,DSL,Yes,Credit card (automatic),Continue regular engagement,60.8
7823-JSOAG,0.59586704,1,Medium Risk,3,Month-to-month,Fiber optic,No,Electronic check,Offer contract upgrade incentive,74.5
3705-RHRFR,0.04465262,0,Low Risk,69,Two year,Fiber optic,No,Bank transfer (automatic),Continue regular engagement,99.15
9374-YOLBJ,0.37310368,1,Medium Risk,1,Month-to-month,No,No internet service,Electronic check,Offer contract upgrade incentive,19.25
9074-KGVOX,0.1266813,0,Low Risk,50,Month-to-month,DSL,No,Credit card (automatic),Continue regular engagement,39.45
6128-DAFVY,0.25337502,0,Low Risk,56,Month-to-month,DSL,No,Credit card (automatic),Continue regular engagement,44.85
9933-QRGTX,0.034743804,0,Low Risk,60,Two year,Fiber optic,Yes,Electronic check,Continue regular engagement,97.2
4476-OSWTN,0.29275343,0,Low Risk,69,One year,Fiber optic,Yes,Mailed check,Continue regular engagement,110.55
3751-KTZEL,0.54724675,1,Medium Risk,1,Month-to-month,DSL,No,Mailed check,Offer contract upgrade incentive,35.05
1977-STDKI,0.81658375,1,High Risk,1,Month-to-month,Fiber optic,No,Electronic check,Offer annual contract discount + proactive support,73.0
5066-GFJMM,0.13106011,0,Low Risk,3,Month-to-month,No,No internet service,Mailed check,Continue regular engagement,19.9
2661-GKBTK,0.014009118,0,Low Risk,60,Two year,DSL,Yes,Bank transfer (automatic),Continue regular engagement,76.95
0458-HEUZG,0.029744092,0,Low Risk,13,Two year,DSL,Yes,Mailed check,Continue regular engagement,35.4
7268-WNTCP,0.0076639564,0,Low Risk,62,Two year,No,No internet service,Bank transfer (automatic),Continue regular engagement,20.45
0824-VWDPO,0.086741395,0,Low Risk,45,One year,Fiber optic,No,Bank transfer (automatic),Continue regular engagement,96.75
8409-WQJUX,0.08345952,0,Low Risk,25,One year,DSL,Yes,Electronic check,Continue regular engagement,54.2
2578-JQPHZ,0.040743075,0,Low Risk,44,Two year,Fiber optic,Yes,Bank transfer (automatic),Continue regular engagement,100.1
3278-FSIXX,0.48640174,1,Medium Risk,2,Month-to-month,DSL,No,Mailed check,Offer contract upgrade incentive,45.25
5813-UECBU,0.4327311,1,Medium Risk,33,Month-to-month,Fiber optic,No,Credit card (automatic),Offer contract upgrade incentive,83.85
0328-GRPMV,0.8173674,1,High Risk,1,Month-to-month,Fiber optic,No,Electronic check,Offer annual contract discount + proactive support,70.1
9746-UGFAC,0.02260909,0,Low Risk,22,One year,No,No internet service,Bank transfer (automatic),Continue regular engagement,20.85
2946-KIQSP,0.17820981,0,Low Risk,35,Month-to-month,DSL,Yes,Mailed check,Continue regular engagement,33.45
0625-AFOHS,0.013948265,0,Low Risk,29,Two year,No,No internet service,Mailed check,Continue regular engagement,20.2
6726-WEXXK,0.13931888,0,Low Risk,27,One year,Fiber optic,No,Electronic check,Continue regular engagement,85.9
4636-OLWOE,0.060642205,0,Low Risk,54,One year,DSL,Yes,Electronic check,Continue regular engagement,61.0
4342-HENTK,0.70059025,1,High Risk,2,Month-to-month,Fiber optic,No,Electronic check,Offer annual contract discount + proactive support,70.65
4685-ERGHK,0.20276642,0,Low Risk,57,One year,Fiber optic,No,Electronic check,Continue regular engagement,86.9
0885-HMGPY,0.009936818,0,Low Risk,62,Two year,DSL,Yes,Bank transfer (automatic),Continue regular engagement,69.4
5003-OKNNK,0.02768509,0,Low Risk,15,One year,No,No internet service,Credit card (automatic),Continue regular engagement,20.35
4195-SMMNX,0.13858221,0,Low Risk,2,Month-to-month,No,No internet service,Mailed check,Continue regular engagement,20.35
7208-PSIHR,0.09866188,0,Low Risk,70,Two year,Fiber optic,Yes,Bank transfer (automatic),Continue regular engagement,104.3
4012-ZTHBR,0.2886394,0,Low Risk,21,Month-to-month,DSL,No,Electronic check,Continue regular engagement,44.95
0489-WMEMG,0.14224376,0,Low Risk,23,One year,DSL,Yes,Electronic check,Continue regular engagement,49.45
7435-ZNUYY,0.04687735,0,Low Risk,6,One year,No,No internet service,Mailed check,Continue regular engagement,20.6
1354-YZFNB,0.015738506,0,Low Risk,4,Two year,No,No internet service,Credit card (automatic),Continue regular engagement,19.55
6956-SMUCM,0.81918794,1,High Risk,3,Month-to-month,Fiber optic,No,Credit card (automatic),Offer annual contract discount + proactive support,99.0
2985-FMWYF,0.7132274,1,High Risk,23,Month-to-month,Fiber optic,No,Electronic check,Offer annual contract discount + proactive support,93.5
2812-ENYMO,0.0619449,0,Low Risk,26,One year,DSL,Yes,Credit card (automatic),Continue regular engagement,54.55
2717-HVIZY,0.084977984,0,Low Risk,8,Month-to-month,No,No internet service,Mailed check,Continue regular engagement,20.05
3223-WZWJM,0.6266813,1,Medium Risk,26,Month-to-month,Fiber optic,No,Electronic check,Offer contract upgrade incentive,83.95
3422-GALYP,0.77193147,1,High Risk,2,Month-to-month,Fiber optic,No,Electronic check,Offer annual contract discount + proactive support,79.45
9053-JZFKV,0.19737889,0,Low Risk,67,Two year,Fiber optic,Yes,Credit card (automatic),Continue regular engagement,116.2
2530-ENDWQ,0.066477425,0,Low Risk,71,Two year,Fiber optic,No,Bank transfer (automatic),Continue regular engagement,93.7
2890-WFBHU,0.074134104,0,Low Risk,59,One year,DSL,Yes,Credit card (automatic),Continue regular engagement,79.85
0327-WFZSY,0.2472295,0,Low Risk,39,One year,Fiber optic,No,Electronic check,Continue regular engagement,100.0
7977-HXJKU,0.014294465,0,Low Risk,21,Two year,No,No internet service,Mailed check,Continue regular engagement,19.6
6615-ZGEDR,0.38229802,1,Medium Risk,1,Month-to-month,No,No internet service,Mailed check,Offer contract upgrade incentive,19.7
7033-CLAMM,0.013089418,0,Low Risk,48,Two year,No,No internet service,Bank transfer (automatic),Continue regular engagement,20.2
4023-RTIQM,0.14872234,0,Low Risk,31,One year,DSL,No,Credit card (automatic),Continue regular engagement,50.4
0864-FVJNJ,0.058633763,0,Low Risk,64,One year,Fiber optic,Yes,Electronic check,Continue regular engagement,113.35
7356-IWLFW,0.3130831,0,Low Risk,46,Month-to-month,Fiber optic,No,Bank transfer (automatic),Continue regular engagement,80.0
9541-PWTWO,0.020322151,0,Low Risk,52,Two year,DSL,Yes,Bank transfer (automatic),Continue regular engagement,80.95
3967-VQOGC,0.0068916124,0,Low Risk,67,Two year,No,No internet service,Mailed check,Continue regular engagement,24.9
7872-RDDLZ,0.11044229,0,Low Risk,67,Month-to-month,DSL,No,Electronic check,Continue regular engagement,54.9
9250-WYPLL,0.66530746,1,Medium Risk,5,Month-to-month,Fiber optic,No,Electronic check,Offer contract upgrade incentive,75.55
6308-CQRBU,0.11508704,0,Low Risk,71,Two year,Fiber optic,Yes,Electronic check,Continue regular engagement,109.25
2754-XBHTB,0.56317073,1,Medium Risk,9,Month-to-month,Fiber optic,No,Bank transfer (automatic),Offer contract upgrade incentive,77.65
1597-LHYNC,0.5900366,1,Medium Risk,26,Month-to-month,Fiber optic,No,Electronic check,Offer contract upgrade incentive,95.0
0186-CAERR,0.21335426,0,Low Risk,71,One year,Fiber optic,Yes,Bank transfer (automatic),Continue regular engagement,116.3
3043-SUDUA,0.040284734,0,Low Risk,32,Month-to-month,No,No internet service,Bank transfer (automatic),Continue regular engagement,19.9
5442-BHQNG,0.5795419,1,Medium Risk,2,Month-to-month,Fiber optic,No,Electronic check,Offer contract upgrade incentive,70.35
2169-RRLFW,0.011507644,0,Low Risk,71,Two year,No,No internet service,Credit card (automatic),Continue regular engagement,25.6
5872-OEQNH,0.128564,0,Low Risk,60,One year,DSL,No,Electronic check,Continue regular engagement,44.45
3162-KKZXO,0.35931736,1,Medium Risk,55,One year,Fiber optic,No,Electronic check,Monitor customer + targeted engagement,100.15
7055-VKGDA,0.27642885,0,Low Risk,54,One year,Fiber optic,Yes,Credit card (automatic),Continue regular engagement,105.4
0754-UKWQP,0.7948641,1,High Risk,2,Month-to-month,Fiber optic,No,Electronic check,Offer annual contract discount + proactive support,95.85
8873-GLDMH,0.6366392,1,Medium Risk,6,Month-to-month,Fiber optic,No,Mailed check,Offer contract upgrade incentive,73.85
5696-JVVQY,0.020682747,0,Low Risk,48,Two year,DSL,No,Credit card (automatic),Continue regular engagement,70.1
8946-BFWSG,0.008015542,0,Low Risk,63,Two year,No,No internet service,Mailed check,Continue regular engagement,25.25
7493-TPUWZ,0.89469856,1,High Risk,1,Month-to-month,Fiber optic,No,Electronic check,Offer annual contract discount + proactive support,79.15
0547-HURJB,0.07569973,0,Low Risk,12,Month-to-month,No,No internet service,Credit card (automatic),Continue regular engagement,21.05
8904-OPDCK,0.18386698,0,Low Risk,54,Month-to-month,DSL,No,Bank transfer (automatic),Continue regular engagement,24.95
8845-LWKGE,0.065773696,0,Low Risk,30,One year,DSL,Yes,Electronic check,Continue regular engagement,64.5
1577-HKTFG,0.075576566,0,Low Risk,30,Month-to-month,No,No internet service,Bank transfer (automatic),Continue regular engagement,19.65
8752-STIVR,0.7098825,1,High Risk,4,Month-to-month,Fiber optic,No,Electronic check,Offer annual contract discount + proactive support,79.0
0691-NIKRI,0.33692026,0,Low Risk,40,One year,Fiber optic,Yes,Credit card (automatic),Continue regular engagement,105.95
5022-JNQEQ,0.5260684,1,Medium Risk,9,Month-to-month,Fiber optic,Yes,Electronic check,Offer contract upgrade incentive,75.85
4558-FANTW,0.4151847,1,Medium Risk,17,Month-to-month,Fiber optic,Yes,Electronic check,Offer contract upgrade incentive,91.85
3249-VHRIP,0.036111154,0,Low Risk,62,Two year,DSL,No,Credit card (automatic),Continue regular engagement,43.6
3736-BLEPA,0.10446961,0,Low Risk,28,One year,Fiber optic,Yes,Bank transfer (automatic),Continue regular engagement,91.25
4701-LKOZD,0.016664539,0,Low Risk,70,Two year,DSL,Yes,Credit card (automatic),Continue regular engagement,89.75
6603-QWSPR,0.17015922,0,Low Risk,46,Two year,Fiber optic,Yes,Bank transfer (automatic),Continue regular engagement,104.4
9921-QFQUL,0.28388187,0,Low Risk,23,Month-to-month,Fiber optic,No,Mailed check,Continue regular engagement,90.15
1929-ZCBHE,0.06169815,0,Low Risk,47,One year,DSL,Yes,Electronic check,Continue regular engagement,40.3
4378-MYPGO,0.08053481,0,Low Risk,68,Two year,Fiber optic,No,Bank transfer (automatic),Continue regular engagement,105.25
8651-ENBZX,0.293727,0,Low Risk,60,One year,Fiber optic,Yes,Electronic check,Continue regular engagement,106.0
4129-LYCOI,0.07577899,0,Low Risk,67,Two year,Fiber optic,Yes,Electronic check,Continue regular engagement,104.0
7798-JVXYM,0.30052036,0,Low Risk,14,Month-to-month,DSL,Yes,Electronic check,Continue regular engagement,69.65
8647-SDTWQ,0.34942615,0,Low Risk,57,Month-to-month,Fiber optic,No,Electronic check,Continue regular engagement,74.3
2696-ECXKC,0.09334446,0,Low Risk,55,One year,Fiber optic,No,Mailed check,Continue regular engagement,100.9
2081-KJSQF,0.32129225,0,Low Risk,1,Month-to-month,No,No internet service,Mailed check,Continue regular engagement,20.25
7623-TRNQN,0.2988853,0,Low Risk,1,Month-to-month,DSL,Yes,Mailed check,Continue regular engagement,49.9
3323-CPBWR,0.32173088,0,Low Risk,23,Month-to-month,Fiber optic,Yes,Credit card (automatic),Continue regular engagement,96.9
9330-IJWIO,0.7674634,1,High Risk,13,Month-to-month,Fiber optic,No,Electronic check,Offer annual contract discount + proactive support,100.35
3384-CTMSF,0.581989,1,Medium Risk,47,Month-to-month,Fiber optic,No,Electronic check,Offer contract upgrade incentive,104.1
0902-RFHOF,0.019093672,0,Low Risk,38,One year,No,No internet service,Mailed check,Continue regular engagement,20.1
9286-DOJGF,0.3974466,1,Medium Risk,38,Month-to-month,Fiber optic,No,Bank transfer (automatic),Offer contract upgrade incentive,74.95
6048-QBXKL,0.56351006,1,Medium Risk,2,Month-to-month,DSL,No,Credit card (automatic),Offer contract upgrade incentive,56.55
9661-MHUMO,0.461071,1,Medium Risk,1,Month-to-month,DSL,Yes,Credit card (automatic),Offer contract upgrade incentive,49.25
7718-RXDGG,0.3892129,1,Medium Risk,15,Month-to-month,Fiber optic,No,Bank transfer (automatic),Offer contract upgrade incentive,68.6
1025-FALIX,0.22583178,0,Low Risk,26,Month-to-month,Fiber optic,No,Credit card (automatic),Continue regular engagement,69.05
3451-VAWLI,0.011390991,0,Low Risk,35,Two year,No,No internet service,Credit card (automatic),Continue regular engagement,19.7
3407-QGWLG,0.13118863,0,Low Risk,3,Month-to-month,No,No internet service,Mailed check,Continue regular engagement,20.05
1842-EZJMK,0.3732849,1,Medium Risk,50,Month-to-month,Fiber optic,Yes,Electronic check,Offer contract upgrade incentive,103.7
2347-WKKAE,0.3431015,0,Low Risk,42,Month-to-month,Fiber optic,No,Electronic check,Continue regular engagement,94.4
8735-DCXNF,0.16753748,0,Low Risk,10,Month-to-month,DSL,Yes,Credit card (automatic),Continue regular engagement,54.95
3214-IYUUQ,0.049762215,0,Low Risk,61,One year,Fiber optic,Yes,Bank transfer (automatic),Continue regular engagement,93.7
1936-UAFEH,0.08451703,0,Low Risk,68,Two year,Fiber optic,Yes,Credit card (automatic),Continue regular engagement,110.25
3587-PMCOY,0.6416934,1,Medium Risk,10,One year,Fiber optic,No,Electronic check,Monitor customer + targeted engagement,98.9
8079-XRJRS,0.10181911,0,Low Risk,65,One year,Fiber optic,No,Electronic check,Continue regular engagement,89.75
1027-LKKQQ,0.004615516,0,Low Risk,72,Two year,DSL,Yes,Bank transfer (automatic),Continue regular engagement,80.45
7148-XZPHA,0.16256285,0,Low Risk,55,Month-to-month,Fiber optic,Yes,Electronic check,Continue regular engagement,79.4
8073-IJDCM,0.32637224,0,Low Risk,1,Month-to-month,No,No internet service,Mailed check,Continue regular engagement,20.3
5309-TAIKL,0.18274915,0,Low Risk,7,Month-to-month,DSL,Yes,Bank transfer (automatic),Continue regular engagement,62.8
6856-RAURS,0.69160223,1,Medium Risk,2,Month-to-month,Fiber optic,No,Mailed check,Offer contract upgrade incentive,74.9
8778-LMWTJ,0.4732813,1,Medium Risk,9,Month-to-month,Fiber optic,No,Electronic check,Offer contract upgrade incentive,74.85
9717-IOAAF,0.02502951,0,Low Risk,27,Two year,No,No internet service,Credit card (automatic),Continue regular engagement,25.85
8884-ADFVN,0.85745275,1,High Risk,7,Month-to-month,Fiber optic,No,Electronic check,Offer annual contract discount + proactive support,101.95
2845-KDHVX,0.010494977,0,Low Risk,64,Two year,DSL,Yes,Mailed check,Continue regular engagement,68.3
0848-SOMKO,0.015727894,0,Low Risk,70,Two year,DSL,Yes,Bank transfer (automatic),Continue regular engagement,48.4
2720-WGKHP,0.8720778,1,High Risk,2,Month-to-month,Fiber optic,No,Electronic check,Offer annual contract discount + proactive support,94.0
6734-FQAJX,0.17680722,0,Low Risk,67,Two year,Fiber optic,Yes,Electronic check,Continue regular engagement,105.05
2869-ADAWR,0.30204698,0,Low Risk,45,Month-to-month,Fiber optic,No,Credit card (automatic),Continue regular engagement,89.3
1535-VTJOQ,0.01754701,0,Low Risk,24,Two year,No,No internet service,Credit card (automatic),Continue regular engagement,25.15
6368-TZZDT,0.014041878,0,Low Risk,4,Two year,No,No internet service,Credit card (automatic),Continue regular engagement,19.5
0943-ZQPXH,0.30004635,0,Low Risk,44,Month-to-month,Fiber optic,No,Bank transfer (automatic),Continue regular engagement,92.95
1293-BSEUN,0.005267944,0,Low Risk,72,Two year,No,No internet service,Mailed check,Continue regular engagement,20.7
9894-EZEWG,0.750113,1,High Risk,1,Month-to-month,Fiber optic,No,Credit card (automatic),Offer annual contract discount + proactive support,74.3
1302-TPUBN,0.015118263,0,Low Risk,66,Two year,No,No internet service,Bank transfer (automatic),Continue regular engagement,19.35
7851-FLGGQ,0.41452828,1,Medium Risk,1,Month-to-month,DSL,Yes,Mailed check,Offer contract upgrade incentive,44.65
0637-UBJRP,0.43797806,1,Medium Risk,13,Month-to-month,Fiber optic,No,Electronic check,Offer contract upgrade incentive,84.05
0940-OUQEC,0.5908752,1,Medium Risk,10,Month-to-month,Fiber optic,No,Bank transfer (automatic),Offer contract upgrade incentive,80.7
2378-VTKDH,0.4970872,1,Medium Risk,65,Month-to-month,Fiber optic,No,Electronic check,Offer contract upgrade incentive,104.35
0927-CNGRH,0.3365667,0,Low Risk,1,Month-to-month,No,No internet service,Mailed check,Continue regular engagement,19.55
8608-OZTLB,0.085356936,0,Low Risk,38,One year,DSL,Yes,Electronic check,Continue regular engagement,74.05
2335-GSODA,0.016799077,0,Low Risk,23,Two year,DSL,Yes,Mailed check,Continue regular engagement,40.1
1952-DVVSW,0.027398081,0,Low Risk,10,One year,No,No internet service,Mailed check,Continue regular engagement,20.1
0702-PGIBZ,0.81968886,1,High Risk,4,Month-to-month,Fiber optic,No,Electronic check,Offer annual contract discount + proactive support,101.7
6656-GULJQ,0.006272125,0,Low Risk,72,Two year,DSL,Yes,Credit card (automatic),Continue regular engagement,83.55
9853-JFZDU,0.09524126,0,Low Risk,35,Month-to-month,DSL,Yes,Electronic check,Continue regular engagement,56.85
1963-VAUKV,0.26028332,0,Low Risk,1,Month-to-month,No,No internet service,Mailed check,Continue regular engagement,20.4
3777-XROBG,0.0131838685,0,Low Risk,58,Two year,No,No internet service,Credit card (automatic),Continue regular engagement,19.55
6994-FGRHH,0.23135275,0,Low Risk,70,One year,Fiber optic,Yes,Electronic check,Continue regular engagement,106.15
4000-VGMQP,0.12636086,0,Low Risk,38,One year,DSL,No,Credit card (automatic),Continue regular engagement,78.95
3999-WRNGR,0.24788515,0,Low Risk,60,Month-to-month,DSL,No,Electronic check,Continue regular engagement,49.75
3466-RITXD,0.3478232,0,Low Risk,26,Month-to-month,Fiber optic,No,Credit card (automatic),Continue regular engagement,92.4
2680-XKKNJ,0.06140101,0,Low Risk,8,One year,DSL,Yes,Bank transfer (automatic),Continue regular engagement,58.2
3058-HJCUY,0.43178582,1,Medium Risk,41,One year,Fiber optic,Yes,Electronic check,Monitor customer + targeted engagement,102.6
2974-GGUXS,0.3180994,0,Low Risk,36,Month-to-month,Fiber optic,No,Credit card (automatic),Continue regular engagement,91.95
7994-XIRTR,0.07585828,0,Low Risk,54,One year,DSL,Yes,Bank transfer (automatic),Continue regular engagement,65.25
3259-FDWOY,0.46234897,1,Medium Risk,71,Two year,Fiber optic,No,Bank transfer (automatic),Monitor customer + targeted engagement,106.0
2101-RANCD,0.38213363,1,Medium Risk,55,Month-to-month,Fiber optic,No,Electronic check,Offer contract upgrade incentive,73.1
7921-BEPCI,0.005003906,0,Low Risk,72,Two year,DSL,No,Bank transfer (automatic),Continue regular engagement,59.75
0807-ZABDG,0.27546138,0,Low Risk,3,Month-to-month,DSL,Yes,Mailed check,Continue regular engagement,55.1
8510-TMWYB,0.026055949,0,Low Risk,54,Two year,DSL,No,Bank transfer (automatic),Continue regular engagement,59.8
3258-ZKPAI,0.017527835,0,Low Risk,72,Two year,Fiber optic,Yes,Bank transfer (automatic),Continue regular engagement,116.6
1428-IEDPR,0.30729833,0,Low Risk,52,Two year,Fiber optic,Yes,Electronic check,Continue regular engagement,109.3
5298-GSTLM,0.18411647,0,Low Risk,60,One year,Fiber optic,No,Bank transfer (automatic),Continue regular engagement,101.4
4450-YOOHP,0.21455929,0,Low Risk,39,Month-to-month,DSL,No,Credit card (automatic),Continue regular engagement,50.65
6728-CZFEI,0.10447371,0,Low Risk,15,One year,DSL,No,Mailed check,Continue regular engagement,56.15
5748-RNCJT,0.64298534,1,Medium Risk,69,Two year,Fiber optic,Yes,Bank transfer (automatic),Monitor customer + targeted engagement,106.5
3653-NCRDJ,0.010534397,0,Low Risk,43,One year,No,No internet service,Mailed check,Continue regular engagement,19.2
6121-TNHBO,0.037306152,0,Low Risk,63,One year,DSL,Yes,Bank transfer (automatic),Continue regular engagement,83.0
5119-NZPTV,0.61754227,1,Medium Risk,2,Month-to-month,Fiber optic,No,Electronic check,Offer contract upgrade incentive,70.1
6519-ZHPXP,0.0409337,0,Low Risk,72,Two year,Fiber optic,Yes,Bank transfer (automatic),Continue regular engagement,108.3
7739-LAXOG,0.37645817,1,Medium Risk,32,Month-to-month,Fiber optic,No,Bank transfer (automatic),Offer contract upgrade incentive,91.05
3472-QPRCH,0.0112884035,0,Low Risk,40,Two year,No,No internet service,Credit card (automatic),Continue regular engagement,25.25
8224-UAXBZ,0.15829217,0,Low Risk,58,One year,DSL,No,Electronic check,Continue regular engagement,45.35
9610-WCESF,0.0705737,0,Low Risk,67,Two year,DSL,Yes,Electronic check,Continue regular engagement,43.9
9776-CLUJA,0.3270733,0,Low Risk,51,Month-to-month,Fiber optic,No,Electronic check,Continue regular engagement,77.5
2486-WYVVE,0.1525186,0,Low Risk,31,One year,DSL,Yes,Mailed check,Continue regular engagement,79.3
3865-ZYKAD,0.20242979,0,Low Risk,69,Month-to-month,Fiber optic,No,Credit card (automatic),Continue regular engagement,84.9
1422-DGUBX,0.25037247,0,Low Risk,32,One year,Fiber optic,Yes,Electronic check,Continue regular engagement,79.25
2999-AANRQ,0.02327013,0,Low Risk,21,Two year,DSL,Yes,Credit card (automatic),Continue regular engagement,71.05
8668-KNZTI,0.06936325,0,Low Risk,52,One year,DSL,No,Electronic check,Continue regular engagement,53.75
0480-KYJVA,0.004600198,0,Low Risk,72,Two year,No,No internet service,Credit card (automatic),Continue regular engagement,24.25
6034-ZRYCV,0.15527774,0,Low Risk,72,Two year,DSL,No,Electronic check,Continue regular engagement,54.2
9746-YKGXB,0.09042865,0,Low Risk,52,One year,DSL,No,Bank transfer (automatic),Continue regular engagement,44.25
3926-YZVVX,0.03344108,0,Low Risk,41,One year,DSL,Yes,Bank transfer (automatic),Continue regular engagement,50.05
6000-UKLWI,0.0118160825,0,Low Risk,41,Two year,No,No internet service,Mailed check,Continue regular engagement,20.15
2079-FBMZK,0.5674815,1,Medium Risk,6,Month-to-month,Fiber optic,No,Mailed check,Offer contract upgrade incentive,69.25
6332-FBZRI,0.051160097,0,Low Risk,67,One year,DSL,Yes,Credit card (automatic),Continue regular engagement,69.35
2096-XOTMO,0.063495465,0,Low Risk,16,Month-to-month,No,No internet service,Mailed check,Continue regular engagement,19.35
3266-FTKHB,0.009165166,0,Low Risk,17,Two year,No,No internet service,Mailed check,Continue regular engagement,19.15
8221-EQDGL,0.081458844,0,Low Risk,35,Month-to-month,DSL,No,Mailed check,Continue regular engagement,61.0
2346-LOCWC,0.01186756,0,Low Risk,58,Two year,No,No internet service,Credit card (automatic),Continue regular engagement,20.5
6608-QQLVK,0.6893331,1,Medium Risk,1,Month-to-month,DSL,No,Electronic check,Offer contract upgrade incentive,50.5
0298-XACET,0.020771086,0,Low Risk,52,Two year,DSL,Yes,Mailed check,Continue regular engagement,50.2
7560-QJAVJ,0.024823455,0,Low Risk,70,Two year,DSL,Yes,Bank transfer (automatic),Continue regular engagement,79.6
2995-YWTCD,0.017409174,0,Low Risk,19,Two year,No,No internet service,Bank transfer (automatic),Continue regular engagement,24.9
3551-HUAZH,0.86748576,1,High Risk,1,Month-to-month,Fiber optic,No,Electronic check,Offer annual contract discount + proactive support,74.4
9137-UIYPG,0.2579276,0,Low Risk,35,Month-to-month,Fiber optic,Yes,Electronic check,Continue regular engagement,106.9
2809-ZMYOQ,0.5508265,1,Medium Risk,32,Month-to-month,Fiber optic,No,Electronic check,Offer contract upgrade incentive,101.35
5084-OOVCJ,0.14583421,0,Low Risk,17,Month-to-month,DSL,Yes,Credit card (automatic),Continue regular engagement,55.35
0254-WWRKD,0.03750503,0,Low Risk,67,One year,DSL,No,Credit card (automatic),Continue regular engagement,50.55
7727-SHVZV,0.06919817,0,Low Risk,9,Month-to-month,No,No internet service,Bank transfer (automatic),Continue regular engagement,19.5
6302-JGYRJ,0.16919523,0,Low Risk,31,One year,DSL,Yes,Mailed check,Continue regular engagement,79.45
5339-PXDVH,0.5755607,1,Medium Risk,4,Month-to-month,Fiber optic,No,Electronic check,Offer contract upgrade incentive,90.65
2205-LPVGL,0.041786287,0,Low Risk,58,One year,Fiber optic,Yes,Bank transfer (automatic),Continue regular engagement,89.85
8782-NUUOL,0.04870984,0,Low Risk,60,One year,DSL,Yes,Mailed check,Continue regular engagement,79.0
3685-YLCMQ,0.4589436,1,Medium Risk,58,One year,Fiber optic,Yes,Electronic check,Monitor customer + targeted engagement,104.65
7601-WFVZV,0.34580573,0,Low Risk,1,Month-to-month,No,No internet service,Mailed check,Continue regular engagement,19.55
4609-KNNWG,0.010120748,0,Low Risk,27,Two year,No,No internet service,Mailed check,Continue regular engagement,19.9
4868-AADLV,0.21854703,0,Low Risk,66,One year,Fiber optic,Yes,Electronic check,Continue regular engagement,116.25
9529-OFXHY,0.32119754,0,Low Risk,15,Month-to-month,Fiber optic,No,Bank transfer (automatic),Continue regular engagement,87.75
8634-MPHTR,0.653398,1,Medium Risk,47,Month-to-month,Fiber optic,No,Electronic check,Offer contract upgrade incentive,100.05
2669-QVCRG,0.28637493,0,Low Risk,41,Month-to-month,Fiber optic,No,Credit card (automatic),Continue regular engagement,81.3
2478-EEWWM,0.5029934,1,Medium Risk,59,Month-to-month,DSL,No,Electronic check,Offer contract upgrade incentive,44.3
9174-IHETN,0.025403544,0,Low Risk,50,Two year,Fiber optic,No,Credit card (automatic),Continue regular engagement,70.35
2233-TXSIU,0.10137983,0,Low Risk,17,One year,DSL,No,Credit card (automatic),Continue regular engagement,44.45
9644-UMGQA,0.32322666,0,Low Risk,6,Month-to-month,DSL,No,Electronic check,Continue regular engagement,49.15
3256-EZDBI,0.18440548,0,Low Risk,51,Month-to-month,DSL,No,Credit card (automatic),Continue regular engagement,29.45
8761-NSOBC,0.2703995,0,Low Risk,44,Month-to-month,Fiber optic,Yes,Electronic check,Continue regular engagement,100.55
0419-YAAPX,0.32958582,0,Low Risk,49,Month-to-month,Fiber optic,No,Credit card (automatic),Continue regular engagement,85.3
8413-VONUO,0.63243383,1,Medium Risk,2,Month-to-month,Fiber optic,No,Electronic check,Offer contract upgrade incentive,95.65
0872-CASZJ,0.04112673,0,Low Risk,59,One year,DSL,Yes,Mailed check,Continue regular engagement,69.1
4726-DLWQN,0.108615234,0,Low Risk,50,Month-to-month,DSL,No,Bank transfer (automatic),Continue regular engagement,70.35
8164-OCKUJ,0.00856771,0,Low Risk,59,Two year,No,No internet service,Mailed check,Continue regular engagement,20.6
3094-JOJAI,0.25246432,0,Low Risk,18,Month-to-month,Fiber optic,No,Mailed check,Continue regular engagement,74.15
9494-MRNYX,0.5338239,1,Medium Risk,10,Month-to-month,Fiber optic,No,Electronic check,Offer contract upgrade incentive,75.05
2599-CZABP,0.15840733,0,Low Risk,14,One year,DSL,No,Electronic check,Continue regular engagement,44.6
7945-PRBVF,0.010730373,0,Low Risk,35,Two year,No,No internet service,Bank transfer (automatic),Continue regular engagement,21.45
4544-RXFMG,0.13499835,0,Low Risk,8,One year,DSL,No,Mailed check,Continue regular engagement,43.45
0859-YGKFW,0.045111585,0,Low Risk,18,One year,No,No internet service,Bank transfer (automatic),Continue regular engagement,20.05
1150-FTQGN,0.04515127,0,Low Risk,60,One year,Fiber optic,No,Bank transfer (automatic),Continue regular engagement,94.15
9223-UCPVT,0.8398771,1,High Risk,1,Month-to-month,Fiber optic,No,Electronic check,Offer annual contract discount + proactive support,94.4
7196-LIWRH,0.019044466,0,Low Risk,6,Two year,No,No internet service,Mailed check,Continue regular engagement,19.55
5448-VWNAM,0.12635598,0,Low Risk,19,Month-to-month,DSL,Yes,Mailed check,Continue regular engagement,75.9
1177-XZBJL,0.02842109,0,Low Risk,53,One year,DSL,Yes,Bank transfer (automatic),Continue regular engagement,64.15
3518-FSTWG,0.01401775,0,Low Risk,72,Two year,Fiber optic,No,Bank transfer (automatic),Continue regular engagement,109.55
9330-VOFSZ,0.06971805,0,Low Risk,60,Two year,Fiber optic,Yes,Credit card (automatic),Continue regular engagement,110.8
4351-QLCSU,0.66211665,1,Medium Risk,1,Month-to-month,DSL,No,Credit card (automatic),Offer contract upgrade incentive,55.0
0939-EREMR,0.12552366,0,Low Risk,13,Month-to-month,DSL,Yes,Mailed check,Continue regular engagement,53.45
9389-ACWBI,0.49080607,1,Medium Risk,5,Month-to-month,Fiber optic,No,Credit card (automatic),Offer contract upgrade incentive,69.95
5419-JPRRN,0.91639084,1,High Risk,1,Month-to-month,Fiber optic,No,Electronic check,Offer annual contract discount + proactive support,101.45
3644-QXEHN,0.48234585,1,Medium Risk,13,Month-to-month,Fiber optic,No,Electronic check,Offer contract upgrade incentive,97.0
2911-IJORQ,0.071477674,0,Low Risk,37,One year,DSL,Yes,Bank transfer (automatic),Continue regular engagement,90.6
5921-NGYRH,0.10120329,0,Low Risk,64,Month-to-month,Fiber optic,No,Mailed check,Continue regular engagement,73.55
2100-BDNSN,0.2839822,0,Low Risk,5,Month-to-month,DSL,Yes,Bank transfer (automatic),Continue regular engagement,67.95
5998-DZLYR,0.023544194,0,Low Risk,61,Two year,Fiber optic,Yes,Bank transfer (automatic),Continue regular engagement,94.35
0488-GSLFR,0.8484485,1,High Risk,1,Month-to-month,Fiber optic,No,Electronic check,Offer annual contract discount + proactive support,69.5
9318-NKNFC,0.2548104,0,Low Risk,1,Month-to-month,No,No internet service,Mailed check,Continue regular engagement,18.85
3985-HOYPM,0.024004735,0,Low Risk,26,One year,No,No internet service,Mailed check,Continue regular engagement,19.4
9728-FTTVZ,0.8484485,1,High Risk,1,Month-to-month,Fiber optic,No,Electronic check,Offer annual contract discount + proactive support,69.2
9548-LERKT,0.017182102,0,Low Risk,24,Two year,No,No internet service,Mailed check,Continue regular engagement,19.75
6576-FBXOJ,0.2010647,0,Low Risk,17,One year,DSL,Yes,Electronic check,Continue regular engagement,54.6
4310-KEDTB,0.16803391,0,Low Risk,26,Month-to-month,DSL,No,Mailed check,Continue regular engagement,29.8
7254-IQWOZ,0.84775716,1,High Risk,1,Month-to-month,Fiber optic,No,Electronic check,Offer annual contract discount + proactive support,69.65
2474-BRUCM,0.51644576,1,Medium Risk,40,Month-to-month,Fiber optic,No,Electronic check,Offer contract upgrade incentive,101.85
4062-HBMOS,0.5679969,1,Medium Risk,52,Month-to-month,Fiber optic,No,Electronic check,Offer contract upgrade incentive,103.05
0742-NXBGR,0.83998984,1,High Risk,1,Month-to-month,Fiber optic,No,Electronic check,Offer annual contract discount + proactive support,82.3
2676-ISHSF,0.23757936,0,Low Risk,1,Month-to-month,No,No internet service,Mailed check,Continue regular engagement,20.3
9236-NDUCW,0.02578766,0,Low Risk,21,Two year,DSL,Yes,Mailed check,Continue regular engagement,35.1
4753-PADAS,0.2496874,0,Low Risk,67,One year,Fiber optic,No,Bank transfer (automatic),Continue regular engagement,105.7
6103-QCKFX,0.08561352,0,Low Risk,44,Month-to-month,DSL,Yes,Bank transfer (automatic),Continue regular engagement,56.25
7781-EWARA,0.079174615,0,Low Risk,70,One year,DSL,Yes,Electronic check,Continue regular engagement,60.35
6110-OHIHY,0.6914847,1,Medium Risk,3,Month-to-month,Fiber optic,No,Electronic check,Offer contract upgrade incentive,79.25
7018-FPXHH,0.013640608,0,Low Risk,56,Two year,DSL,No,Bank transfer (automatic),Continue regular engagement,59.8
5889-LFOLL,0.73543155,1,High Risk,13,Month-to-month,Fiber optic,No,Electronic check,Offer annual contract discount + proactive support,84.6
5708-EVONK,0.18193491,0,Low Risk,58,Month-to-month,Fiber optic,No,Bank transfer (automatic),Continue regular engagement,93.4
8708-XPXHZ,0.54195786,1,Medium Risk,42,Month-to-month,Fiber optic,No,Electronic check,Offer contract upgrade incentive,94.2
0616-ATFGB,0.7695974,1,High Risk,1,Month-to-month,DSL,No,Electronic check,Offer annual contract discount + proactive support,25.05
0572-ZJKLT,0.03243093,0,Low Risk,46,Two year,Fiber optic,Yes,Mailed check,Continue regular engagement,99.65
5135-RDDQL,0.017758727,0,Low Risk,63,Two year,DSL,No,Bank transfer (automatic),Continue regular engagement,50.65
1353-LJWEM,0.23468497,0,Low Risk,11,Month-to-month,DSL,Yes,Electronic check,Continue regular engagement,60.9
1794-SWWKL,0.18634921,0,Low Risk,15,Month-to-month,DSL,Yes,Bank transfer (automatic),Continue regular engagement,59.65
6166-YIPFO,0.033079937,0,Low Risk,72,Two year,DSL,Yes,Electronic check,Continue regular engagement,64.7
7016-BPGEU,0.21219994,0,Low Risk,29,Month-to-month,DSL,No,Credit card (automatic),Continue regular engagement,25.1
6876-ADESB,0.5889743,1,Medium Risk,1,Month-to-month,DSL,No,Electronic check,Offer contract upgrade incentive,48.95
9332-GYWLO,0.3405616,0,Low Risk,6,Month-to-month,DSL,No,Electronic check,Continue regular engagement,54.85
1963-SVUCV,0.63187593,1,Medium Risk,1,Month-to-month,DSL,No,Electronic check,Offer contract upgrade incentive,45.3
4184-VODJZ,0.14501408,0,Low Risk,63,One year,Fiber optic,No,Electronic check,Continue regular engagement,91.35
0220-EBGCE,0.7534756,1,High Risk,2,Month-to-month,Fiber optic,No,Electronic check,Offer annual contract discount + proactive support,85.85
1092-WPIVQ,0.019345073,0,Low Risk,18,Two year,No,No internet service,Mailed check,Continue regular engagement,25.1
7233-IOQNP,0.1041779,0,Low Risk,43,Month-to-month,DSL,Yes,Bank transfer (automatic),Continue regular engagement,34.0
2834-JKOOW,0.070907265,0,Low Risk,15,One year,DSL,Yes,Mailed check,Continue regular engagement,45.9
2754-VDLTR,0.6488142,1,Medium Risk,10,Month-to-month,Fiber optic,No,Electronic check,Offer contract upgrade incentive,95.2
2400-FEQME,0.012546019,0,Low Risk,55,Two year,No,No internet service,Mailed check,Continue regular engagement,20.5
3190-XFANI,0.26638943,0,Low Risk,49,One year,Fiber optic,Yes,Bank transfer (automatic),Continue regular engagement,100.6
7551-DACSP,0.29706508,0,Low Risk,6,Month-to-month,DSL,No,Mailed check,Continue regular engagement,55.3
4957-SREEC,0.005385939,0,Low Risk,70,Two year,No,No internet service,Credit card (automatic),Continue regular engagement,20.35
7235-NXZCP,0.7278573,1,High Risk,2,Month-to-month,Fiber optic,No,Mailed check,Offer annual contract discount + proactive support,74.85
0230-UBYPQ,0.043410122,0,Low Risk,63,One year,DSL,Yes,Bank transfer (automatic),Continue regular engagement,36.1
4923-ADWXJ,0.103130646,0,Low Risk,25,Month-to-month,DSL,Yes,Bank transfer (automatic),Continue regular engagement,65.8
1763-KUAAW,0.03739378,0,Low Risk,18,One year,No,No internet service,Bank transfer (automatic),Continue regular engagement,20.35
1104-TNLZA,0.4916599,1,Medium Risk,28,Month-to-month,Fiber optic,Yes,Electronic check,Offer contract upgrade incentive,105.8
5195-KPUNQ,0.07896706,0,Low Risk,53,One year,Fiber optic,Yes,Mailed check,Continue regular engagement,96.75
0520-FDVVT,0.25579116,0,Low Risk,35,One year,Fiber optic,No,Bank transfer (automatic),Continue regular engagement,102.35
3439-GVUSX,0.4857725,1,Medium Risk,1,Month-to-month,DSL,No,Mailed check,Offer contract upgrade incentive,24.4
1444-VVSGW,0.34095874,0,Low Risk,70,One year,Fiber optic,Yes,Credit card (automatic),Continue regular engagement,115.65
5712-PTIWW,0.6624811,1,Medium Risk,2,Month-to-month,Fiber optic,Yes,Electronic check,Offer contract upgrade incentive,79.85
5949-HGVJL,0.15045518,0,Low Risk,26,Month-to-month,DSL,Yes,Electronic check,Continue regular engagement,73.05
5203-XEHAX,0.049320128,0,Low Risk,34,One year,DSL,No,Electronic check,Continue regular engagement,64.35
1635-HDGFT,0.010001608,0,Low Risk,19,Two year,No,No internet service,Mailed check,Continue regular engagement,20.5
3315-TOTBP,0.48601133,1,Medium Risk,15,Month-to-month,Fiber optic,No,Mailed check,Offer contract upgrade incentive,76.0
8050-XGRVL,0.032028656,0,Low Risk,62,One year,DSL,No,Credit card (automatic),Continue regular engagement,54.75
6661-HBGWL,0.55929315,1,Medium Risk,42,Month-to-month,Fiber optic,No,Bank transfer (automatic),Offer contract upgrade incentive,104.75
1518-VOWAV,0.27985564,0,Low Risk,9,Month-to-month,DSL,No,Electronic check,Continue regular engagement,74.65
9828-QHFBK,0.1473464,0,Low Risk,24,Month-to-month,DSL,No,Electronic check,Continue regular engagement,51.15
3908-MKIMJ,0.1243534,0,Low Risk,68,Two year,DSL,No,Electronic check,Continue regular engagement,41.95
5012-YSPJJ,0.06801184,0,Low Risk,31,Month-to-month,DSL,Yes,Mailed check,Continue regular engagement,54.35
5909-ECHUI,0.71631944,1,High Risk,1,Month-to-month,DSL,No,Electronic check,Offer annual contract discount + proactive support,56.25
1309-BXVOQ,0.719265,1,High Risk,21,Month-to-month,Fiber optic,Yes,Electronic check,Offer annual contract discount + proactive support,106.1
6728-VOIFY,0.15810719,0,Low Risk,63,One year,Fiber optic,No,Electronic check,Continue regular engagement,96.0
9317-WZPGV,0.76040316,1,High Risk,2,Month-to-month,Fiber optic,No,Bank transfer (automatic),Offer annual contract discount + proactive support,79.75
4891-NLUBA,0.008537386,0,Low Risk,61,Two year,DSL,Yes,Bank transfer (automatic),Continue regular engagement,61.45
2856-HYAPG,0.7585065,1,High Risk,1,Month-to-month,Fiber optic,No,Electronic check,Offer annual contract discount + proactive support,68.65
8969-PRHFK,0.02868599,0,Low Risk,18,One year,No,No internet service,Mailed check,Continue regular engagement,19.65
0661-KQHNK,0.014024909,0,Low Risk,6,One year,No,No internet service,Credit card (automatic),Continue regular engagement,19.0
8709-KRDVL,0.5845561,1,Medium Risk,33,Month-to-month,Fiber optic,No,Electronic check,Offer contract upgrade incentive,100.0
4488-PSYCG,0.07957084,0,Low Risk,16,Month-to-month,No,No internet service,Bank transfer (automatic),Continue regular engagement,20.25
1427-VERSM,0.32426935,0,Low Risk,56,Month-to-month,Fiber optic,Yes,Electronic check,Continue regular engagement,98.7
9801-NOSHQ,0.022309877,0,Low Risk,23,One year,No,No internet service,Mailed check,Continue regular engagement,19.8
6339-YPSAH,0.540709,1,Medium Risk,9,Month-to-month,Fiber optic,No,Electronic check,Offer contract upgrade incentive,73.8
3621-CEOVK,0.80482423,1,High Risk,14,Month-to-month,Fiber optic,No,Electronic check,Offer annual contract discount + proactive support,100.2
6906-ANDWJ,0.48210546,1,Medium Risk,15,Month-to-month,Fiber optic,No,Bank transfer (automatic),Offer contract upgrade incentive,74.9
2159-TURXX,0.107706435,0,Low Risk,5,Month-to-month,No,No internet service,Credit card (automatic),Continue regular engagement,20.05
1548-FEHVL,0.30130258,0,Low Risk,61,Month-to-month,Fiber optic,No,Electronic check,Continue regular engagement,106.2
3795-CAWEX,0.063657485,0,Low Risk,70,Two year,Fiber optic,Yes,Credit card (automatic),Continue regular engagement,116.55
6215-NQCPY,0.7361694,1,High Risk,15,Month-to-month,Fiber optic,No,Electronic check,Offer annual contract discount + proactive support,99.7
5647-URDKA,0.017981932,0,Low Risk,8,Two year,No,No internet service,Mailed check,Continue regular engagement,19.7
2229-DPMBI,0.014778234,0,Low Risk,8,Two year,No,No internet service,Mailed check,Continue regular engagement,19.5
9626-WEQRM,0.3382145,0,Low Risk,4,Month-to-month,DSL,No,Mailed check,Continue regular engagement,29.15
2188-SXWVT,0.03451471,0,Low Risk,34,One year,DSL,No,Mailed check,Continue regular engagement,55.0
6258-PVZWJ,0.017921297,0,Low Risk,68,Two year,DSL,Yes,Credit card (automatic),Continue regular engagement,90.8
1094-BKOSX,0.093137704,0,Low Risk,45,One year,DSL,Yes,Bank transfer (automatic),Continue regular engagement,51.0
6969-MVBAI,0.81493646,1,High Risk,9,Month-to-month,Fiber optic,No,Electronic check,Offer annual contract discount + proactive support,90.1
2978-XXSOG,0.12050667,0,Low Risk,22,Month-to-month,DSL,Yes,Mailed check,Continue regular engagement,59.05
2342-CKIAO,0.112418,0,Low Risk,2,Month-to-month,No,No internet service,Mailed check,Continue regular engagement,20.3
6953-PBDIN,0.04750684,0,Low Risk,70,Two year,DSL,Yes,Bank transfer (automatic),Continue regular engagement,72.95
3898-BSJYF,0.10439776,0,Low Risk,10,One year,DSL,Yes,Credit card (automatic),Continue regular engagement,73.55
3938-YFPXD,0.0066034016,0,Low Risk,72,Two year,DSL,Yes,Credit card (automatic),Continue regular engagement,84.3
7696-AMHOD,0.07551136,0,Low Risk,49,One year,DSL,No,Credit card (automatic),Continue regular engagement,78.0
2453-SAFNS,0.04486768,0,Low Risk,54,One year,DSL,Yes,Mailed check,Continue regular engagement,72.1
9558-IHEZX,0.028134812,0,Low Risk,71,Two year,Fiber optic,No,Credit card (automatic),Continue regular engagement,106.75
9617-UDPEU,0.029855438,0,Low Risk,22,One year,No,No internet service,Mailed check,Continue regular engagement,19.25
6340-DACFT,0.011139328,0,Low Risk,50,Two year,No,No internet service,Credit card (automatic),Continue regular engagement,20.55
4955-VCWBI,0.014934826,0,Low Risk,43,One year,No,No internet service,Mailed check,Continue regular engagement,20.0
6813-GZQCG,0.016378986,0,Low Risk,45,Two year,No,No internet service,Credit card (automatic),Continue regular engagement,24.65
7426-GSWPO,0.27645805,0,Low Risk,64,Month-to-month,Fiber optic,No,Bank transfer (automatic),Continue regular engagement,103.5
3389-KTRXV,0.017312558,0,Low Risk,23,Two year,No,No internet service,Mailed check,Continue regular engagement,23.85
3118-UHVVQ,0.0106346505,0,Low Risk,68,Two year,No,No internet service,Credit card (automatic),Continue regular engagement,25.8
1031-IIDEO,0.8173674,1,High Risk,1,Month-to-month,Fiber optic,No,Electronic check,Offer annual contract discount + proactive support,70.85
5832-XKAES,0.62637246,1,Medium Risk,2,Month-to-month,Fiber optic,No,Credit card (automatic),Offer contract upgrade incentive,69.8
3205-MXZRA,0.040716078,0,Low Risk,26,One year,DSL,Yes,Credit card (automatic),Continue regular engagement,59.45
4701-AHWMW,0.1203884,0,Low Risk,55,Month-to-month,DSL,Yes,Bank transfer (automatic),Continue regular engagement,54.55
8317-BVKSO,0.14401445,0,Low Risk,14,Month-to-month,No,No internet service,Electronic check,Continue regular engagement,20.05
5702-KVQRD,0.014305394,0,Low Risk,71,Two year,DSL,Yes,Electronic check,Continue regular engagement,82.55
0083-PIVIK,0.06092228,0,Low Risk,64,One year,DSL,Yes,Electronic check,Continue regular engagement,81.25
9210-IAHGH,0.2664258,0,Low Risk,7,Month-to-month,DSL,Yes,Credit card (automatic),Continue regular engagement,70.75
6169-PGNCD,0.013749923,0,Low Risk,57,Two year,DSL,Yes,Credit card (automatic),Continue regular engagement,74.3
0023-XUOPT,0.606763,1,Medium Risk,13,Month-to-month,Fiber optic,No,Electronic check,Offer contract upgrade incentive,94.1
4592-IWTJI,0.29091883,0,Low Risk,3,Month-to-month,DSL,No,Credit card (automatic),Continue regular engagement,29.7
4909-JOUPP,0.025780797,0,Low Risk,72,Two year,Fiber optic,Yes,Credit card (automatic),Continue regular engagement,109.7
4657-FWVFY,0.31224,0,Low Risk,40,Month-to-month,Fiber optic,No,Credit card (automatic),Continue regular engagement,96.35
2257-BOVXD,0.21728092,0,Low Risk,14,Month-to-month,DSL,Yes,Credit card (automatic),Continue regular engagement,66.6
7729-JTEEC,0.51587564,1,Medium Risk,2,Month-to-month,DSL,No,Electronic check,Offer contract upgrade incentive,44.5
7632-MNYOY,0.51262885,1,Medium Risk,66,One year,Fiber optic,Yes,Credit card (automatic),Monitor customer + targeted engagement,110.9
6518-LGAOV,0.59918535,1,Medium Risk,38,Month-to-month,Fiber optic,Yes,Electronic check,Offer contract upgrade incentive,105.0
7242-QZLXF,0.7130979,1,High Risk,1,Month-to-month,DSL,No,Electronic check,Offer annual contract discount + proactive support,25.3
4576-CSAJH,0.15016565,0,Low Risk,22,One year,DSL,Yes,Credit card (automatic),Continue regular engagement,55.15
1000-AJSLD,0.5190774,1,Medium Risk,1,Month-to-month,No,No internet service,Mailed check,Offer contract upgrade incentive,20.1
9696-RMYBA,0.65336263,1,Medium Risk,5,Month-to-month,Fiber optic,No,Mailed check,Offer contract upgrade incentive,80.1
8690-UPCZI,0.025682766,0,Low Risk,29,One year,DSL,Yes,Bank transfer (automatic),Continue regular engagement,69.05
1062-LHZOD,0.76412094,1,High Risk,1,Month-to-month,Fiber optic,No,Mailed check,Offer annual contract discount + proactive support,69.9
9770-LXDBK,0.11475279,0,Low Risk,3,Month-to-month,No,No internet service,Mailed check,Continue regular engagement,20.4
4086-WITJG,0.006939177,0,Low Risk,71,Two year,No,No internet service,Credit card (automatic),Continue regular engagement,19.7
8344-WFMFH,0.2944796,0,Low Risk,9,Month-to-month,DSL,No,Electronic check,Continue regular engagement,50.1
9600-NAXZN,0.63657063,1,Medium Risk,43,Month-to-month,Fiber optic,No,Electronic check,Offer contract upgrade incentive,101.4
8822-KNBHV,0.10469671,0,Low Risk,48,One year,DSL,No,Credit card (automatic),Continue regular engagement,83.45
8404-FYDIB,0.2622749,0,Low Risk,26,Month-to-month,Fiber optic,No,Credit card (automatic),Continue regular engagement,86.65
2791-SFVEW,0.100061834,0,Low Risk,9,Month-to-month,No,No internet service,Bank transfer (automatic),Continue regular engagement,20.15
6457-USBER,0.8392473,1,High Risk,1,Month-to-month,Fiber optic,No,Electronic check,Offer annual contract discount + proactive support,80.8
6762-NSODU,0.010955319,0,Low Risk,46,Two year,No,No internet service,Credit card (automatic),Continue regular engagement,19.4
4662-EKDPQ,0.40474805,1,Medium Risk,2,Month-to-month,DSL,No,Bank transfer (automatic),Offer contract upgrade incentive,62.05
9248-OJYKK,0.9088995,1,High Risk,1,Month-to-month,Fiber optic,No,Electronic check,Offer annual contract discount + proactive support,76.45
9888-ZCUMM,0.011852389,0,Low Risk,64,Two year,DSL,Yes,Bank transfer (automatic),Continue regular engagement,60.05
3398-FSHON,0.82446086,1,High Risk,12,Month-to-month,Fiber optic,No,Electronic check,Offer annual contract discount + proactive support,91.3
3319-DWOEP,0.795499,1,High Risk,6,Month-to-month,Fiber optic,No,Electronic check,Offer annual contract discount + proactive support,95.75
1074-WVEVG,0.017763326,0,Low Risk,59,One year,No,No internet service,Mailed check,Continue regular engagement,20.35
9979-RGMZT,0.57358676,1,Medium Risk,7,One year,Fiber optic,No,Mailed check,Monitor customer + targeted engagement,94.05
6437-UDQJM,0.009901111,0,Low Risk,72,Two year,DSL,No,Credit card (automatic),Continue regular engagement,84.1
1226-IENZN,0.52883834,1,Medium Risk,16,Month-to-month,Fiber optic,No,Electronic check,Offer contract upgrade incentive,78.75
2108-GLPQB,0.12252098,0,Low Risk,25,Month-to-month,DSL,No,Credit card (automatic),Continue regular engagement,55.55
9259-PACGQ,0.100581154,0,Low Risk,34,Month-to-month,DSL,Yes,Electronic check,Continue regular engagement,62.65
4415-IJZTP,0.853738,1,High Risk,1,Month-to-month,Fiber optic,No,Electronic check,Offer annual contract discount + proactive support,74.5
1465-VINDH,0.829417,1,High Risk,10,Month-to-month,Fiber optic,No,Credit card (automatic),Offer annual contract discount + proactive support,102.1
5474-LAMUQ,0.022999056,0,Low Risk,24,One year,No,No internet service,Mailed check,Continue regular engagement,20.1
3468-DRVQJ,0.10500045,0,Low Risk,10,One year,DSL,No,Electronic check,Continue regular engagement,70.3
1122-YJBCS,0.032734565,0,Low Risk,69,One year,DSL,No,Credit card (automatic),Continue regular engagement,53.65
4990-ALDGW,0.01793946,0,Low Risk,57,Two year,No,No internet service,Mailed check,Continue regular engagement,20.75
4816-OKWNX,0.17918041,0,Low Risk,50,One year,Fiber optic,Yes,Bank transfer (automatic),Continue regular engagement,103.4
3315-IKYZQ,0.034896325,0,Low Risk,28,One year,DSL,Yes,Mailed check,Continue regular engagement,50.8
2810-FTLEM,0.3461189,0,Low Risk,16,Month-to-month,DSL,No,Electronic check,Continue regular engagement,50.15
4747-LCAQL,0.095524624,0,Low Risk,25,Month-to-month,DSL,Yes,Mailed check,Continue regular engagement,79.0
3411-WLRSQ,0.5593479,1,Medium Risk,3,Month-to-month,Fiber optic,No,Bank transfer (automatic),Offer contract upgrade incentive,74.6
0898-XCGTF,0.18525778,0,Low Risk,61,One year,Fiber optic,No,Bank transfer (automatic),Continue regular engagement,96.5
8006-PYCSW,0.16058701,0,Low Risk,2,Month-to-month,No,No internet service,Mailed check,Continue regular engagement,20.1
8249-THVEC,0.03003133,0,Low Risk,51,One year,No,No internet service,Mailed check,Continue regular engagement,19.4
8722-PRFDV,0.015943104,0,Low Risk,71,Two year,DSL,No,Credit card (automatic),Continue regular engagement,77.55
2164-SOQXL,0.05018532,0,Low Risk,20,Month-to-month,No,No internet service,Mailed check,Continue regular engagement,20.05
4020-KIUDI,0.094804235,0,Low Risk,6,Month-to-month,No,No internet service,Credit card (automatic),Continue regular engagement,19.85
5850-BDWCY,0.09379957,0,Low Risk,6,Month-to-month,No,No internet service,Mailed check,Continue regular engagement,20.2
2038-YSEZE,0.057816945,0,Low Risk,29,Month-to-month,DSL,Yes,Mailed check,Continue regular engagement,67.45
0827-ITJPH,0.0071541937,0,Low Risk,36,Two year,No,No internet service,Credit card (automatic),Continue regular engagement,18.55
8799-OXZMD,0.21339694,0,Low Risk,28,Month-to-month,DSL,No,Mailed check,Continue regular engagement,29.75
1925-TIBLE,0.81030077,1,High Risk,7,Month-to-month,Fiber optic,No,Electronic check,Offer annual contract discount + proactive support,86.5
1705-GUHPV,0.0073538176,0,Low Risk,63,Two year,No,No internet service,Mailed check,Continue regular engagement,24.2
4779-ZGICK,0.012492259,0,Low Risk,48,Two year,No,No internet service,Mailed check,Continue regular engagement,23.55
0048-PIHNL,0.01700054,0,Low Risk,49,One year,No,No internet service,Bank transfer (automatic),Continue regular engagement,20.45
0818-OCPZO,0.51580286,1,Medium Risk,27,Month-to-month,Fiber optic,No,Electronic check,Offer contract upgrade incentive,81.45
3967-KXAPS,0.0039149425,0,Low Risk,72,Two year,DSL,Yes,Credit card (automatic),Continue regular engagement,92.3
1447-GIQMR,0.84859985,1,High Risk,1,Month-to-month,Fiber optic,No,Electronic check,Offer annual contract discount + proactive support,69.15
3704-IEAXF,0.007145366,0,Low Risk,72,Two year,DSL,Yes,Credit card (automatic),Continue regular engagement,53.65
6810-VCAEX,0.049400408,0,Low Risk,47,One year,DSL,Yes,Credit card (automatic),Continue regular engagement,39.65
0674-EYYZV,0.720361,1,High Risk,1,Month-to-month,DSL,No,Electronic check,Offer annual contract discount + proactive support,54.65
4480-MBMLB,0.2847221,0,Low Risk,36,One year,Fiber optic,No,Bank transfer (automatic),Continue regular engagement,104.8
1395-OFUWC,0.15721637,0,Low Risk,43,Month-to-month,DSL,No,Credit card (automatic),Continue regular engagement,29.3
0822-QGCXA,0.22526236,0,Low Risk,27,Month-to-month,DSL,Yes,Electronic check,Continue regular engagement,83.85
0872-NXJYS,0.63827544,1,Medium Risk,9,Month-to-month,Fiber optic,No,Electronic check,Offer contract upgrade incentive,79.55
2832-KJCRD,0.50566626,1,Medium Risk,38,Month-to-month,Fiber optic,Yes,Electronic check,Offer contract upgrade incentive,103.65
3588-WSTTJ,0.5880792,1,Medium Risk,35,Month-to-month,Fiber optic,No,Electronic check,Offer contract upgrade incentive,99.05
4075-WKNIU,0.04853962,0,Low Risk,0,Two year,DSL,Yes,Mailed check,Continue regular engagement,73.35
5090-EMGTC,0.03201606,0,Low Risk,59,Two year,Fiber optic,Yes,Mailed check,Continue regular engagement,100.05
2346-CZYIL,0.008447205,0,Low Risk,27,Two year,No,No internet service,Credit card (automatic),Continue regular engagement,20.35
3798-EPWRR,0.53369933,1,Medium Risk,2,Month-to-month,DSL,No,Electronic check,Offer contract upgrade incentive,43.95
6258-NGCNG,0.08122487,0,Low Risk,7,Month-to-month,No,No internet service,Mailed check,Continue regular engagement,23.5
4186-ZBUEW,0.11301994,0,Low Risk,36,One year,DSL,Yes,Mailed check,Continue regular engagement,70.7
5274-XHAKY,0.22149104,0,Low Risk,41,Month-to-month,Fiber optic,No,Bank transfer (automatic),Continue regular engagement,94.3
1442-BQPVU,0.26236162,0,Low Risk,13,Month-to-month,DSL,No,Electronic check,Continue regular engagement,29.15
3978-YNKDD,0.009709554,0,Low Risk,19,Two year,No,No internet service,Credit card (automatic),Continue regular engagement,20.85
4940-KHCWD,0.017843615,0,Low Risk,60,Two year,DSL,Yes,Bank transfer (automatic),Continue regular engagement,37.7
9412-ARGBX,0.02238291,0,Low Risk,48,Two year,Fiber optic,Yes,Mailed check,Continue regular engagement,95.5
1389-CXMLU,0.82377964,1,High Risk,3,Month-to-month,Fiber optic,No,Electronic check,Offer annual contract discount + proactive support,91.05
9589-ABEPT,0.022271136,0,Low Risk,69,Two year,Fiber optic,Yes,Mailed check,Continue regular engagement,92.45
9388-ZEYVT,0.088282764,0,Low Risk,43,One year,DSL,Yes,Electronic check,Continue regular engagement,44.15
0305-SQECB,0.07228577,0,Low Risk,11,One year,DSL,Yes,Mailed check,Continue regular engagement,36.05
7605-SNLQG,0.124004826,0,Low Risk,45,Month-to-month,DSL,No,Credit card (automatic),Continue regular engagement,50.25
4670-TABXH,0.044825073,0,Low Risk,72,Two year,Fiber optic,Yes,Credit card (automatic),Continue regular engagement,109.75
5561-NWEVX,0.81679875,1,High Risk,2,Month-to-month,Fiber optic,No,Electronic check,Offer annual contract discount + proactive support,79.2
0064-SUDOG,0.017625447,0,Low Risk,12,Two year,No,No internet service,Bank transfer (automatic),Continue regular engagement,20.3
8561-NMTBD,0.10347369,0,Low Risk,67,One year,Fiber optic,Yes,Credit card (automatic),Continue regular engagement,112.35
5161-XEUVX,0.034452964,0,Low Risk,37,Two year,Fiber optic,Yes,Mailed check,Continue regular engagement,94.3
8292-FRFZQ,0.04997681,0,Low Risk,39,One year,DSL,Yes,Bank transfer (automatic),Continue regular engagement,41.15
8591-NXRCV,0.12839869,0,Low Risk,41,Month-to-month,DSL,Yes,Bank transfer (automatic),Continue regular engagement,74.65
7895-VONWT,0.29306406,0,Low Risk,25,Month-to-month,DSL,No,Electronic check,Continue regular engagement,48.25
4526-RMTLL,0.029209808,0,Low Risk,8,Two year,DSL,Yes,Credit card (automatic),Continue regular engagement,76.15
6253-GNHWH,0.010366904,0,Low Risk,71,Two year,DSL,Yes,Mailed check,Continue regular engagement,71.1
4566-NECEV,0.6397644,1,Medium Risk,5,Month-to-month,Fiber optic,No,Electronic check,Offer contract upgrade incentive,96.55
8080-POTJR,0.16688395,0,Low Risk,30,One year,DSL,No,Credit card (automatic),Continue regular engagement,79.3
6906-MPARY,0.13790406,0,Low Risk,40,One year,Fiber optic,Yes,Credit card (automatic),Continue regular engagement,89.6
3662-FXJFO,0.017912697,0,Low Risk,54,Two year,No,No internet service,Mailed check,Continue regular engagement,20.5
8107-RZLNV,0.062484395,0,Low Risk,72,Two year,Fiber optic,No,Bank transfer (automatic),Continue regular engagement,106.3
0516-OOHAR,0.1330138,0,Low Risk,28,One year,Fiber optic,No,Bank transfer (automatic),Continue regular engagement,100.35
2027-CWDNU,0.44593102,1,Medium Risk,18,Month-to-month,Fiber optic,Yes,Electronic check,Offer contract upgrade incentive,85.6
2737-WFVYW,0.7472049,1,High Risk,2,Month-to-month,DSL,No,Electronic check,Offer annual contract discount + proactive support,45.25
9912-OMZDS,0.26520404,0,Low Risk,59,One year,Fiber optic,No,Electronic check,Continue regular engagement,106.15
3733-ZEECP,0.23008984,0,Low Risk,22,Month-to-month,DSL,Yes,Electronic check,Continue regular engagement,51.1
7878-RTCZG,0.42308852,1,Medium Risk,1,Month-to-month,No,No internet service,Mailed check,Offer contract upgrade incentive,19.9
2452-MRMZF,0.014228898,0,Low Risk,72,Two year,No,No internet service,Credit card (automatic),Continue regular engagement,25.7
2272-QAGFO,0.69477165,1,Medium Risk,14,Month-to-month,Fiber optic,No,Electronic check,Offer contract upgrade incentive,74.3
7103-IPXPJ,0.23175485,0,Low Risk,50,One year,Fiber optic,Yes,Electronic check,Continue regular engagement,99.4
4342-HFXWS,0.041615628,0,Low Risk,48,One year,DSL,Yes,Bank transfer (automatic),Continue regular engagement,69.7
3545-CNWRG,0.45677266,1,Medium Risk,49,Month-to-month,Fiber optic,No,Electronic check,Offer contract upgrade incentive,98.35
1785-BPHTP,0.33641544,0,Low Risk,28,Month-to-month,Fiber optic,No,Electronic check,Continue regular engagement,85.45
4989-LIXVT,0.33327964,0,Low Risk,68,Month-to-month,Fiber optic,No,Electronic check,Continue regular engagement,95.9
7315-WYOAW,0.5560894,1,Medium Risk,13,Month-to-month,Fiber optic,Yes,Electronic check,Offer contract upgrade incentive,100.75
1173-XZPYF,0.70409584,1,High Risk,11,Month-to-month,Fiber optic,No,Electronic check,Offer annual contract discount + proactive support,89.2
9850-OWRHQ,0.6621438,1,Medium Risk,3,Month-to-month,Fiber optic,No,Credit card (automatic),Offer contract upgrade incentive,74.1
3768-NLUBH,0.5354726,1,Medium Risk,57,Month-to-month,Fiber optic,No,Electronic check,Offer contract upgrade incentive,100.6
8676-TRMJS,0.5855656,1,Medium Risk,3,Month-to-month,Fiber optic,No,Mailed check,Offer contract upgrade incentive,75.0
2509-TFPJU,0.0055417777,0,Low Risk,72,Two year,No,No internet service,Credit card (automatic),Continue regular engagement,25.75
9530-GRMJG,0.03718805,0,Low Risk,70,Two year,DSL,Yes,Electronic check,Continue regular engagement,84.1
6898-RBTLU,0.015901504,0,Low Risk,49,Two year,DSL,Yes,Bank transfer (automatic),Continue regular engagement,79.3
5481-NTDOH,0.24520597,0,Low Risk,67,One year,Fiber optic,No,Credit card (automatic),Continue regular engagement,107.05
2068-WWXQZ,0.012452291,0,Low Risk,46,Two year,No,No internet service,Bank transfer (automatic),Continue regular engagement,20.05
7359-SSBJK,0.033372615,0,Low Risk,64,Two year,DSL,Yes,Credit card (automatic),Continue regular engagement,70.2
2061-VVFST,0.068274826,0,Low Risk,37,Month-to-month,No,No internet service,Bank transfer (automatic),Continue regular engagement,19.5
0685-MLYYM,0.62456876,1,Medium Risk,2,Month-to-month,Fiber optic,No,Electronic check,Offer contract upgrade incentive,70.75
0749-IRGQE,0.4815461,1,Medium Risk,13,Month-to-month,DSL,No,Electronic check,Offer contract upgrade incentive,45.3
2380-DAMQP,0.013701123,0,Low Risk,72,Two year,Fiber optic,Yes,Electronic check,Continue regular engagement,115.15
2256-YLYLP,0.040488947,0,Low Risk,68,Two year,DSL,Yes,Bank transfer (automatic),Continue regular engagement,72.95
1272-ILHFG,0.030785492,0,Low Risk,15,One year,No,No internet service,Mailed check,Continue regular engagement,19.65
0164-XAIRP,0.019377166,0,Low Risk,24,Two year,No,No internet service,Bank transfer (automatic),Continue regular engagement,19.55
5666-CYCYZ,0.5224978,1,Medium Risk,24,Month-to-month,Fiber optic,Yes,Electronic check,Offer contract upgrade incentive,89.55
4011-ARPHK,0.06694937,0,Low Risk,27,Month-to-month,DSL,No,Mailed check,Continue regular engagement,50.35
8182-PNAGI,0.15345323,0,Low Risk,12,Month-to-month,DSL,Yes,Bank transfer (automatic),Continue regular engagement,50.25
6365-HITVU,0.005984558,0,Low Risk,71,Two year,DSL,Yes,Credit card (automatic),Continue regular engagement,87.25
7558-IMLMT,0.006595771,0,Low Risk,67,Two year,No,No internet service,Mailed check,Continue regular engagement,20.8
9488-FYQAU,0.09418271,0,Low Risk,63,Two year,Fiber optic,Yes,Bank transfer (automatic),Continue regular engagement,109.25
3590-TCXTB,0.23757936,0,Low Risk,1,Month-to-month,No,No internet service,Mailed check,Continue regular engagement,20.35
6994-KERXL,0.41905075,1,Medium Risk,4,Month-to-month,DSL,No,Electronic check,Offer contract upgrade incentive,55.9
7957-RYHQD,0.36103246,1,Medium Risk,40,Month-to-month,Fiber optic,No,Credit card (automatic),Offer contract upgrade incentive,79.2
2180-DXNEG,0.72661155,1,High Risk,12,Month-to-month,Fiber optic,No,Electronic check,Offer annual contract discount + proactive support,96.0
1960-UOTYM,0.024839448,0,Low Risk,52,Two year,DSL,No,Electronic check,Continue regular engagement,79.2
2740-JFBOK,0.17795265,0,Low Risk,10,Month-to-month,No,No internet service,Electronic check,Continue regular engagement,24.0
6500-JVEGC,0.12953857,0,Low Risk,68,One year,Fiber optic,No,Bank transfer (automatic),Continue regular engagement,101.35
5515-AKOAJ,0.48749822,1,Medium Risk,54,Month-to-month,Fiber optic,Yes,Electronic check,Offer contract upgrade incentive,100.1
8976-OQHGT,0.20121804,0,Low Risk,4,Month-to-month,DSL,Yes,Mailed check,Continue regular engagement,56.5
5245-VDBUR,0.053157132,0,Low Risk,52,One year,DSL,No,Mailed check,Continue regular engagement,35.45
6230-BSUXY,0.9017726,1,High Risk,1,Month-to-month,Fiber optic,No,Electronic check,Offer annual contract discount + proactive support,85.0
8469-SNFFH,0.06332024,0,Low Risk,70,One year,DSL,Yes,Bank transfer (automatic),Continue regular engagement,79.4
2144-ESWKO,0.06936365,0,Low Risk,43,One year,DSL,No,Credit card (automatic),Continue regular engagement,35.2
1241-FPMOF,0.022105427,0,Low Risk,52,Two year,No,No internet service,Mailed check,Continue regular engagement,19.65
9928-BZVLZ,0.037889674,0,Low Risk,12,Two year,DSL,Yes,Mailed check,Continue regular engagement,49.85
4114-QMKVN,0.035171583,0,Low Risk,56,One year,DSL,No,Bank transfer (automatic),Continue regular engagement,68.75
2775-SEFEE,0.030112738,0,Low Risk,0,Two year,DSL,Yes,Bank transfer (automatic),Continue regular engagement,61.9
9003-CPATH,0.37737796,1,Medium Risk,42,Month-to-month,Fiber optic,No,Electronic check,Offer contract upgrade incentive,79.9
1754-GKYPY,0.44696483,1,Medium Risk,22,Month-to-month,Fiber optic,No,Bank transfer (automatic),Offer contract upgrade incentive,89.75
5294-CDGWY,0.18087888,0,Low Risk,51,One year,DSL,No,Electronic check,Continue regular engagement,59.3
7956-XQWGU,0.04271437,0,Low Risk,27,Month-to-month,No,No internet service,Credit card (automatic),Continue regular engagement,19.4
1591-MQJTP,0.19271141,0,Low Risk,51,One year,Fiber optic,No,Bank transfer (automatic),Continue regular engagement,93.65
5295-PCJOO,0.4494555,1,Medium Risk,4,Month-to-month,DSL,No,Electronic check,Offer contract upgrade incentive,49.4
2369-FEVNO,0.49331278,1,Medium Risk,1,Month-to-month,No,No internet service,Mailed check,Offer contract upgrade incentive,19.9
9863-JZAIC,0.13399845,0,Low Risk,35,Month-to-month,DSL,No,Mailed check,Continue regular engagement,55.0
7471-MQPOS,0.058525175,0,Low Risk,71,One year,DSL,Yes,Bank transfer (automatic),Continue regular engagement,72.9
7660-HDPJV,0.8484485,1,High Risk,1,Month-to-month,Fiber optic,No,Electronic check,Offer annual contract discount + proactive support,69.2
5115-SQAAU,0.006841813,0,Low Risk,69,Two year,No,No internet service,Bank transfer (automatic),Continue regular engagement,25.6
9845-QOMAD,0.03007634,0,Low Risk,14,One year,No,No internet service,Mailed check,Continue regular engagement,19.75
7672-VFMXZ,0.08204161,0,Low Risk,57,Month-to-month,DSL,Yes,Electronic check,Continue regular engagement,55.7
9739-JLPQJ,0.011169633,0,Low Risk,72,Two year,Fiber optic,Yes,Credit card (automatic),Continue regular engagement,117.5
9916-AYHTC,0.010416451,0,Low Risk,48,Two year,No,No internet service,Credit card (automatic),Continue regular engagement,19.85
3855-ONCAR,0.6473563,1,Medium Risk,4,Month-to-month,Fiber optic,No,Mailed check,Offer contract upgrade incentive,78.9
1488-SYSFC,0.05735937,0,Low Risk,31,Month-to-month,No,No internet service,Electronic check,Continue regular engagement,20.65
7931-PXHFC,0.13235918,0,Low Risk,38,One year,DSL,Yes,Mailed check,Continue regular engagement,62.3
3990-QYKBE,0.5296406,1,Medium Risk,37,Month-to-month,Fiber optic,No,Electronic check,Offer contract upgrade incentive,92.5
0970-QXPXW,0.38342124,1,Medium Risk,1,Month-to-month,No,No internet service,Mailed check,Offer contract upgrade incentive,19.65
3259-KNMRR,0.050331783,0,Low Risk,57,Two year,DSL,No,Bank transfer (automatic),Continue regular engagement,79.75
6120-RJKLU,0.037835978,0,Low Risk,62,Two year,DSL,Yes,Credit card (automatic),Continue regular engagement,79.95
9572-WUKSB,0.5478331,1,Medium Risk,3,Month-to-month,DSL,Yes,Electronic check,Offer contract upgrade incentive,29.9
5893-KCLGT,0.009289132,0,Low Risk,72,Two year,No,No internet service,Mailed check,Continue regular engagement,19.75
0076-LVEPS,0.07750245,0,Low Risk,29,Month-to-month,DSL,Yes,Mailed check,Continue regular engagement,45.0
3640-JQGJG,0.14793546,0,Low Risk,13,Month-to-month,DSL,No,Bank transfer (automatic),Continue regular engagement,44.8
4919-MOAVT,0.5241773,1,Medium Risk,3,Month-to-month,Fiber optic,No,Electronic check,Offer contract upgrade incentive,69.65
1596-OQSPS,0.23461305,0,Low Risk,11,Month-to-month,DSL,No,Electronic check,Continue regular engagement,51.1
9867-XOBQA,0.02311745,0,Low Risk,21,Two year,DSL,Yes,Mailed check,Continue regular engagement,53.15
9546-KDTRB,0.06551427,0,Low Risk,19,Month-to-month,No,No internet service,Bank transfer (automatic),Continue regular engagement,24.7
3090-HAWSU,0.29435593,0,Low Risk,61,Two year,Fiber optic,Yes,Credit card (automatic),Continue regular engagement,111.6
9820-RMCQV,0.18363297,0,Low Risk,11,Month-to-month,DSL,No,Credit card (automatic),Continue regular engagement,48.55
3174-RKMOW,0.3420081,0,Low Risk,35,Month-to-month,Fiber optic,Yes,Electronic check,Continue regular engagement,109.95
1760-CAZHT,0.025267169,0,Low Risk,25,Month-to-month,No,No internet service,Mailed check,Continue regular engagement,20.8
7839-QRKXN,0.4347441,1,Medium Risk,1,Month-to-month,No,No internet service,Mailed check,Offer contract upgrade incentive,20.2
8441-SHIPE,0.013705472,0,Low Risk,67,Two year,No,No internet service,Bank transfer (automatic),Continue regular engagement,25.6
5204-QZXPU,0.55929613,1,Medium Risk,19,Month-to-month,DSL,No,Electronic check,Offer contract upgrade incentive,39.65
4597-ELFTS,0.05073228,0,Low Risk,56,One year,No,No internet service,Electronic check,Continue regular engagement,24.9
1320-GVNHT,0.030641062,0,Low Risk,72,Two year,Fiber optic,No,Credit card (automatic),Continue regular engagement,108.4
1047-RNXZV,0.011397436,0,Low Risk,43,Two year,No,No internet service,Mailed check,Continue regular engagement,19.55
3541-ZNUHK,0.21405123,0,Low Risk,55,Month-to-month,Fiber optic,No,Electronic check,Continue regular engagement,85.1
8450-JOVAH,0.27468666,0,Low Risk,2,Month-to-month,DSL,No,Mailed check,Continue regular engagement,56.7
8725-JEDFD,0.22627626,0,Low Risk,27,Month-to-month,Fiber optic,No,Mailed check,Continue regular engagement,69.05
7562-UXTPG,0.3841346,1,Medium Risk,13,Month-to-month,Fiber optic,No,Mailed check,Offer contract upgrade incentive,70.15
8071-SBTRN,0.07603375,0,Low Risk,70,Two year,Fiber optic,No,Mailed check,Continue regular engagement,111.15
1113-IUJYX,0.3588156,1,Medium Risk,14,One year,Fiber optic,Yes,Mailed check,Monitor customer + targeted engagement,105.95
6668-CNMFP,0.19498019,0,Low Risk,19,One year,Fiber optic,Yes,Bank transfer (automatic),Continue regular engagement,89.35
5626-MGTUK,0.40074947,1,Medium Risk,20,Month-to-month,Fiber optic,No,Bank transfer (automatic),Offer contract upgrade incentive,89.1
5681-LLOEI,0.054003466,0,Low Risk,43,One year,Fiber optic,Yes,Credit card (automatic),Continue regular engagement,91.25
8212-DJRCH,0.52803934,1,Medium Risk,5,Month-to-month,Fiber optic,No,Mailed check,Offer contract upgrade incentive,90.35
4323-OHFOW,0.15706603,0,Low Risk,70,One year,Fiber optic,Yes,Bank transfer (automatic),Continue regular engagement,105.55
4933-BSAIP,0.011018225,0,Low Risk,40,Two year,No,No internet service,Mailed check,Continue regular engagement,19.1
2030-BTZRO,0.01787987,0,Low Risk,6,Two year,No,No internet service,Credit card (automatic),Continue regular engagement,20.4
1116-DXXDF,0.08004291,0,Low Risk,39,Two year,Fiber optic,No,Electronic check,Continue regular engagement,100.45
9274-CNFMO,0.65084827,1,Medium Risk,4,Month-to-month,Fiber optic,No,Electronic check,Offer contract upgrade incentive,74.95
7758-XKCBS,0.4337087,1,Medium Risk,15,Month-to-month,DSL,Yes,Electronic check,Offer contract upgrade incentive,29.7
8992-JQYUN,0.81933784,1,High Risk,1,Month-to-month,DSL,No,Electronic check,Offer annual contract discount + proactive support,50.35
6563-VNPMN,0.13391992,0,Low Risk,45,Month-to-month,Fiber optic,Yes,Bank transfer (automatic),Continue regular engagement,85.7
0617-AQNWT,0.080871135,0,Low Risk,64,Two year,DSL,Yes,Electronic check,Continue regular engagement,47.85
2267-WTPYD,0.28779468,0,Low Risk,57,Month-to-month,Fiber optic,No,Credit card (automatic),Continue regular engagement,94.0
0270-THENM,0.0071623074,0,Low Risk,72,Two year,DSL,Yes,Bank transfer (automatic),Continue regular engagement,69.85
2446-PLQVO,0.8165649,1,High Risk,1,Month-to-month,Fiber optic,No,Electronic check,Offer annual contract discount + proactive support,70.3
4707-MAXGU,0.0055417777,0,Low Risk,72,Two year,No,No internet service,Credit card (automatic),Continue regular engagement,25.85
2710-WYVXG,0.02315451,0,Low Risk,3,Two year,DSL,Yes,Mailed check,Continue regular engagement,71.1
3005-NFMTA,0.5595098,1,Medium Risk,55,Month-to-month,Fiber optic,No,Electronic check,Offer contract upgrade incentive,98.8
6300-BWMJX,0.196437,0,Low Risk,59,Month-to-month,Fiber optic,Yes,Electronic check,Continue regular engagement,93.35
8784-CGILN,0.585949,1,Medium Risk,18,Month-to-month,Fiber optic,Yes,Bank transfer (automatic),Offer contract upgrade incentive,99.85
5389-FFVKB,0.40543804,1,Medium Risk,32,Month-to-month,Fiber optic,No,Credit card (automatic),Offer contract upgrade incentive,80.3
7009-LGECI,0.25843066,0,Low Risk,4,Month-to-month,DSL,No,Bank transfer (automatic),Continue regular engagement,50.55
8444-WRIDW,0.36804423,1,Medium Risk,66,Month-to-month,Fiber optic,No,Credit card (automatic),Offer contract upgrade incentive,80.45
5022-KVDQT,0.49982357,1,Medium Risk,27,Month-to-month,Fiber optic,No,Electronic check,Offer contract upgrade incentive,81.3
7976-CICYS,0.11297758,0,Low Risk,4,Month-to-month,No,No internet service,Credit card (automatic),Continue regular engagement,20.7
1036-GUDCL,0.06899923,0,Low Risk,60,Month-to-month,DSL,Yes,Credit card (automatic),Continue regular engagement,79.05
2005-DWQZJ,0.009814158,0,Low Risk,8,Two year,No,No internet service,Mailed check,Continue regular engagement,19.05
8148-WOCMK,0.01353714,0,Low Risk,8,Two year,No,No internet service,Credit card (automatic),Continue regular engagement,19.6
7815-PDTHL,0.01177483,0,Low Risk,35,Two year,No,No internet service,Mailed check,Continue regular engagement,20.2
9451-LPGOO,0.8072862,1,High Risk,7,Month-to-month,Fiber optic,No,Electronic check,Offer annual contract discount + proactive support,86.8
9173-IVZVP,0.014228806,0,Low Risk,53,Two year,No,No internet service,Mailed check,Continue regular engagement,20.9
9129-UXERG,0.44985962,1,Medium Risk,18,Month-to-month,Fiber optic,Yes,Credit card (automatic),Offer contract upgrade incentive,103.6
3635-JBPSG,0.05464738,0,Low Risk,15,Two year,DSL,No,Mailed check,Continue regular engagement,38.8
7964-ZRKKG,0.14213024,0,Low Risk,67,One year,Fiber optic,No,Bank transfer (automatic),Continue regular engagement,88.4
5868-YWPDW,0.729437,1,High Risk,6,Month-to-month,Fiber optic,No,Electronic check,Offer annual contract discount + proactive support,84.2
6229-LSCKB,0.7441714,1,High Risk,6,Month-to-month,Fiber optic,No,Electronic check,Offer annual contract discount + proactive support,79.7
2025-JKFWI,0.6549084,1,Medium Risk,13,Month-to-month,Fiber optic,Yes,Mailed check,Offer contract upgrade incentive,99.0
4078-SAYYN,0.87555987,1,High Risk,11,Month-to-month,Fiber optic,No,Electronic check,Offer annual contract discount + proactive support,100.75
1724-IQWNM,0.33040968,0,Low Risk,1,Month-to-month,No,No internet service,Mailed check,Continue regular engagement,19.3
8217-QYOHV,0.22435895,0,Low Risk,5,Month-to-month,DSL,Yes,Mailed check,Continue regular engagement,55.75
5546-QUERU,0.04739131,0,Low Risk,13,One year,No,No internet service,Mailed check,Continue regular engagement,19.95
9940-HPQPG,0.61237,1,Medium Risk,9,Month-to-month,Fiber optic,No,Bank transfer (automatic),Offer contract upgrade incentive,91.75
6897-UUBNU,0.22445004,0,Low Risk,29,Month-to-month,Fiber optic,Yes,Mailed check,Continue regular engagement,89.65
6127-IYJOZ,0.6907234,1,Medium Risk,1,Month-to-month,DSL,No,Mailed check,Offer contract upgrade incentive,45.85
6618-RYATB,0.85943174,1,High Risk,1,Month-to-month,Fiber optic,No,Mailed check,Offer annual contract discount + proactive support,79.55
8930-XOTDP,0.22485186,0,Low Risk,18,Month-to-month,DSL,No,Mailed check,Continue regular engagement,55.95
5916-QEWPT,0.3747148,1,Medium Risk,2,Month-to-month,DSL,No,Credit card (automatic),Offer contract upgrade incentive,69.0
5060-TQUQN,0.3055778,0,Low Risk,30,Month-to-month,Fiber optic,Yes,Bank transfer (automatic),Continue regular engagement,83.55
0531-XBKMM,0.010708973,0,Low Risk,66,Two year,DSL,Yes,Bank transfer (automatic),Continue regular engagement,65.7
8465-SBRXP,0.047298733,0,Low Risk,38,Two year,Fiber optic,Yes,Bank transfer (automatic),Continue regular engagement,94.9
2408-PSJVE,0.09818635,0,Low Risk,44,Month-to-month,DSL,Yes,Mailed check,Continue regular engagement,61.9
9079-YEXQJ,0.26201862,0,Low Risk,54,Month-to-month,Fiber optic,Yes,Electronic check,Continue regular engagement,111.1
9700-ZCLOT,0.13318017,0,Low Risk,2,Month-to-month,No,No internet service,Mailed check,Continue regular engagement,20.0
8738-JOKAR,0.07896323,0,Low Risk,42,One year,DSL,Yes,Mailed check,Continue regular engagement,67.7
4534-WGCIR,0.011325515,0,Low Risk,58,Two year,No,No internet service,Credit card (automatic),Continue regular engagement,25.15
1930-WNXSB,0.2722184,0,Low Risk,58,Month-to-month,Fiber optic,No,Electronic check,Continue regular engagement,92.85
2685-SREOM,0.67319995,1,Medium Risk,25,Month-to-month,Fiber optic,No,Electronic check,Offer contract upgrade incentive,89.1
3508-CFVZL,0.018243475,0,Low Risk,71,Two year,Fiber optic,Yes,Mailed check,Continue regular engagement,111.3
0402-CQAJN,0.415863,1,Medium Risk,37,Month-to-month,Fiber optic,No,Bank transfer (automatic),Offer contract upgrade incentive,101.9
6692-UDPJC,0.5994128,1,Medium Risk,14,Month-to-month,Fiber optic,Yes,Electronic check,Offer contract upgrade incentive,91.65
1273-MTETI,0.8677598,1,High Risk,4,Month-to-month,Fiber optic,No,Electronic check,Offer annual contract discount + proactive support,88.85
0657-DOGUM,0.04477719,0,Low Risk,48,One year,DSL,Yes,Bank transfer (automatic),Continue regular engagement,60.6
5480-HPRRX,0.65130824,1,Medium Risk,3,Month-to-month,DSL,No,Electronic check,Offer contract upgrade incentive,25.3
8792-AOROI,0.024944514,0,Low Risk,8,Two year,DSL,Yes,Mailed check,Continue regular engagement,65.5
0295-PPHDO,0.90780723,1,High Risk,1,Month-to-month,Fiber optic,No,Electronic check,Offer annual contract discount + proactive support,95.45
5146-YYFRZ,0.010428077,0,Low Risk,67,Two year,No,No internet service,Bank transfer (automatic),Continue regular engagement,19.95
1195-OIYEJ,0.70208424,1,High Risk,13,Month-to-month,Fiber optic,No,Electronic check,Offer annual contract discount + proactive support,91.1
5906-CVLHP,0.08594562,0,Low Risk,45,One year,DSL,Yes,Credit card (automatic),Continue regular engagement,54.15
3452-SRFEG,0.2688476,0,Low Risk,49,Month-to-month,Fiber optic,No,Bank transfer (automatic),Continue regular engagement,74.6
4070-OKWVH,0.22988728,0,Low Risk,52,Month-to-month,Fiber optic,No,Bank transfer (automatic),Continue regular engagement,94.6
5297-MDOIR,0.038477667,0,Low Risk,63,One year,Fiber optic,No,Credit card (automatic),Continue regular engagement,81.15
6369-MCAKO,0.015069988,0,Low Risk,68,Two year,DSL,Yes,Bank transfer (automatic),Continue regular engagement,89.05
4926-UMJZD,0.09203593,0,Low Risk,31,Month-to-month,DSL,Yes,Mailed check,Continue regular engagement,49.2
6848-HJTXY,0.012381656,0,Low Risk,64,Two year,No,No internet service,Credit card (automatic),Continue regular engagement,19.45
6341-AEVKX,0.21621653,0,Low Risk,62,One year,Fiber optic,Yes,Electronic check,Continue regular engagement,104.3
4501-EQDRN,0.75134504,1,High Risk,1,Month-to-month,Fiber optic,No,Bank transfer (automatic),Offer annual contract discount + proactive support,69.7
2990-HWIML,0.7997012,1,High Risk,6,Month-to-month,Fiber optic,No,Electronic check,Offer annual contract discount + proactive support,89.5
0682-USIXD,0.4812694,1,Medium Risk,21,Month-to-month,Fiber optic,Yes,Electronic check,Offer contract upgrade incentive,86.05
6976-BWGLQ,0.0052841627,0,Low Risk,72,Two year,No,No internet service,Bank transfer (automatic),Continue regular engagement,25.2
7078-NVFAM,0.2162928,0,Low Risk,32,Month-to-month,DSL,No,Electronic check,Continue regular engagement,35.15
8065-QBYTO,0.032555517,0,Low Risk,71,One year,Fiber optic,Yes,Credit card (automatic),Continue regular engagement,99.65
2133-TSRRM,0.22080626,0,Low Risk,34,Month-to-month,Fiber optic,No,Bank transfer (automatic),Continue regular engagement,105.35
7384-GHBPI,0.73017466,1,High Risk,3,Month-to-month,DSL,No,Electronic check,Offer annual contract discount + proactive support,35.15
7603-USHJS,0.4463071,1,Medium Risk,12,Month-to-month,Fiber optic,No,Credit card (automatic),Offer contract upgrade incentive,73.75
7234-FECYN,0.79655105,1,High Risk,8,Month-to-month,Fiber optic,No,Electronic check,Offer annual contract discount + proactive support,101.35
2511-ALLCS,0.01188545,0,Low Risk,35,Two year,No,No internet service,Bank transfer (automatic),Continue regular engagement,24.3
3191-CSNMG,0.6349766,1,Medium Risk,3,Month-to-month,Fiber optic,No,Electronic check,Offer contract upgrade incentive,80.7
7952-OBOYL,0.58541113,1,Medium Risk,3,Month-to-month,Fiber optic,Yes,Mailed check,Offer contract upgrade incentive,89.85
7470-DYNOE,0.12212369,0,Low Risk,53,One year,DSL,No,Electronic check,Continue regular engagement,61.1
7853-OETYL,0.4498579,1,Medium Risk,4,Month-to-month,DSL,No,Electronic check,Offer contract upgrade incentive,29.05
1545-ACTAS,0.19338913,0,Low Risk,48,One year,Fiber optic,No,Bank transfer (automatic),Continue regular engagement,99.7
5876-HZVZM,0.17753991,0,Low Risk,6,Month-to-month,DSL,No,Credit card (automatic),Continue regular engagement,55.9
1400-MMYXY,0.78479356,1,High Risk,3,Month-to-month,Fiber optic,No,Electronic check,Offer annual contract discount + proactive support,105.9
5126-RCXYW,0.020613877,0,Low Risk,54,Two year,DSL,Yes,Credit card (automatic),Continue regular engagement,46.0
3085-QUOZK,0.44441196,1,Medium Risk,1,Month-to-month,DSL,No,Mailed check,Offer contract upgrade incentive,43.95
2363-BJLSL,0.071743414,0,Low Risk,62,Month-to-month,DSL,Yes,Bank transfer (automatic),Continue regular engagement,80.4
1956-YIFGE,0.3823783,1,Medium Risk,22,One year,Fiber optic,No,Mailed check,Monitor customer + targeted engagement,100.05
3926-CUQZX,0.5950332,1,Medium Risk,1,Month-to-month,DSL,No,Bank transfer (automatic),Offer contract upgrade incentive,45.1
7921-LMDFQ,0.18879758,0,Low Risk,51,One year,Fiber optic,No,Bank transfer (automatic),Continue regular engagement,94.0
2925-MXLSX,0.062006924,0,Low Risk,30,One year,DSL,No,Credit card (automatic),Continue regular engagement,68.95
5820-PTRYM,0.04858752,0,Low Risk,56,One year,DSL,Yes,Credit card (automatic),Continue regular engagement,68.45
9609-BENEA,0.12665184,0,Low Risk,35,One year,DSL,Yes,Electronic check,Continue regular engagement,69.0
6211-WHMYA,0.18468788,0,Low Risk,64,Month-to-month,DSL,Yes,Electronic check,Continue regular engagement,43.85
4459-BBGHE,0.25985828,0,Low Risk,30,Month-to-month,DSL,No,Electronic check,Continue regular engagement,44.5
9945-PSVIP,0.007999195,0,Low Risk,25,Two year,No,No internet service,Mailed check,Continue regular engagement,18.7
1041-RXHRA,0.24432054,0,Low Risk,41,Month-to-month,Fiber optic,No,Bank transfer (automatic),Continue regular engagement,70.25
1750-CSKKM,0.2994532,0,Low Risk,9,Month-to-month,DSL,No,Electronic check,Continue regular engagement,55.35
9108-EJFJP,0.46951813,1,Medium Risk,1,Month-to-month,DSL,No,Mailed check,Offer contract upgrade incentive,53.55
0530-IJVDB,0.06706218,0,Low Risk,70,Two year,Fiber optic,Yes,Electronic check,Continue regular engagement,114.6
0508-SQWPL,0.023722861,0,Low Risk,57,Two year,No,No internet service,Bank transfer (automatic),Continue regular engagement,20.1
2215-ZAFGX,0.74088746,1,High Risk,9,Month-to-month,Fiber optic,No,Electronic check,Offer annual contract discount + proactive support,85.5
8213-TAZPM,0.12854388,0,Low Risk,69,One year,Fiber optic,Yes,Bank transfer (automatic),Continue regular engagement,108.75
7142-HVGBG,0.6612995,1,Medium Risk,43,Month-to-month,Fiber optic,No,Electronic check,Offer contract upgrade incentive,103.0
1304-SEGFY,0.06591356,0,Low Risk,72,Two year,Fiber optic,No,Electronic check,Continue regular engagement,97.85
7242-EDTYC,0.010105467,0,Low Risk,44,Two year,No,No internet service,Bank transfer (automatic),Continue regular engagement,19.55
2904-GGUAZ,0.0072813733,0,Low Risk,72,Two year,Fiber optic,No,Bank transfer (automatic),Continue regular engagement,84.05
8267-ZNYVZ,0.25954422,0,Low Risk,33,One year,Fiber optic,Yes,Electronic check,Continue regular engagement,103.75
5136-GFPMB,0.24716692,0,Low Risk,54,Month-to-month,Fiber optic,No,Credit card (automatic),Continue regular engagement,89.4
2595-KIWPV,0.009048707,0,Low Risk,27,Two year,No,No internet service,Credit card (automatic),Continue regular engagement,19.7
5243-SAOTC,0.3004482,0,Low Risk,54,Month-to-month,Fiber optic,No,Bank transfer (automatic),Continue regular engagement,79.85
9398-MMQTO,0.45952687,1,Medium Risk,3,Month-to-month,Fiber optic,No,Credit card (automatic),Offer contract upgrade incentive,74.45
7619-PLRLP,0.06175069,0,Low Risk,53,One year,DSL,No,Bank transfer (automatic),Continue regular engagement,74.1
6457-GIRWB,0.84775716,1,High Risk,1,Month-to-month,Fiber optic,No,Electronic check,Offer annual contract discount + proactive support,69.35
6508-NJYRO,0.0210705,0,Low Risk,15,One year,No,No internet service,Mailed check,Continue regular engagement,18.8
1450-SKCVI,0.30443645,0,Low Risk,56,Month-to-month,Fiber optic,No,Electronic check,Continue regular engagement,73.85
4710-NKCAW,0.14003195,0,Low Risk,5,Month-to-month,DSL,Yes,Credit card (automatic),Continue regular engagement,64.4
5306-BVTKJ,0.09281084,0,Low Risk,48,One year,DSL,No,Credit card (automatic),Continue regular engagement,55.8
0357-NVCRI,0.03284901,0,Low Risk,25,Month-to-month,No,No internet service,Credit card (automatic),Continue regular engagement,20.05
5570-PTWEH,0.6506365,1,Medium Risk,3,Month-to-month,Fiber optic,No,Credit card (automatic),Offer contract upgrade incentive,75.15
2371-KFUOG,0.10488344,0,Low Risk,58,One year,Fiber optic,No,Bank transfer (automatic),Continue regular engagement,99.15
0463-ZSDNT,0.28629658,0,Low Risk,10,Month-to-month,DSL,No,Bank transfer (automatic),Continue regular engagement,56.75
6502-MJQAE,0.84775716,1,High Risk,1,Month-to-month,Fiber optic,No,Electronic check,Offer annual contract discount + proactive support,69.6
6257-DTAYD,0.08024629,0,Low Risk,71,Two year,Fiber optic,Yes,Credit card (automatic),Continue regular engagement,104.15
4616-ULAOA,0.046926197,0,Low Risk,65,Two year,Fiber optic,Yes,Credit card (automatic),Continue regular engagement,110.8
7693-LCKZL,0.7277384,1,High Risk,5,Month-to-month,Fiber optic,No,Electronic check,Offer annual contract discount + proactive support,80.15
7746-AWNQW,0.13356747,0,Low Risk,28,Month-to-month,DSL,Yes,Mailed check,Continue regular engagement,35.75
5996-EBTKM,0.0219035,0,Low Risk,67,Two year,DSL,Yes,Bank transfer (automatic),Continue regular engagement,69.9
2758-RNWXS,0.13121076,0,Low Risk,35,One year,Fiber optic,Yes,Electronic check,Continue regular engagement,89.2
2314-TNDJQ,0.0041594445,0,Low Risk,72,Two year,DSL,Yes,Credit card (automatic),Continue regular engagement,55.65
2405-LBMUW,0.044902824,0,Low Risk,61,One year,DSL,Yes,Bank transfer (automatic),Continue regular engagement,50.7
3454-JFUBC,0.012584493,0,Low Risk,68,Two year,No,No internet service,Credit card (automatic),Continue regular engagement,20.0
0032-PGELS,0.40394494,1,Medium Risk,1,Month-to-month,DSL,No,Bank transfer (automatic),Offer contract upgrade incentive,30.5
9039-ZVJDC,0.06241012,0,Low Risk,3,Month-to-month,No,No internet service,Mailed check,Continue regular engagement,19.1
6797-LNAQX,0.037760332,0,Low Risk,70,Two year,Fiber optic,No,Bank transfer (automatic),Continue regular engagement,98.3
9013-AQORL,0.18443467,0,Low Risk,48,Month-to-month,DSL,No,Credit card (automatic),Continue regular engagement,45.55
2898-MRKPI,0.16228873,0,Low Risk,68,One year,Fiber optic,No,Credit card (automatic),Continue regular engagement,101.05
2750-BJLSB,0.23736927,0,Low Risk,47,One year,Fiber optic,Yes,Electronic check,Continue regular engagement,103.7
3648-GZPHF,0.090048425,0,Low Risk,32,One year,DSL,Yes,Mailed check,Continue regular engagement,36.25
2075-RMJIK,0.2821758,0,Low Risk,5,Month-to-month,DSL,No,Mailed check,Continue regular engagement,49.4
9588-YRFHY,0.011470499,0,Low Risk,49,Two year,No,No internet service,Credit card (automatic),Continue regular engagement,19.9
6394-MFYNG,0.48902315,1,Medium Risk,48,Month-to-month,Fiber optic,No,Bank transfer (automatic),Offer contract upgrade incentive,107.4
1564-NTYXF,0.77426666,1,High Risk,13,Month-to-month,Fiber optic,No,Electronic check,Offer annual contract discount + proactive support,82.0
9364-YKUVW,0.1172352,0,Low Risk,15,Month-to-month,No,No internet service,Mailed check,Continue regular engagement,19.8
5392-AKEMH,0.33566928,0,Low Risk,12,Month-to-month,DSL,No,Electronic check,Continue regular engagement,45.05
2451-YMUXS,0.01682281,0,Low Risk,67,Two year,DSL,Yes,Bank transfer (automatic),Continue regular engagement,64.55
3914-FDRHP,0.47112465,1,Medium Risk,9,Month-to-month,Fiber optic,Yes,Electronic check,Offer contract upgrade incentive,86.25
3078-ZKNTS,0.027182065,0,Low Risk,13,Two year,No,No internet service,Bank transfer (automatic),Continue regular engagement,19.75
1024-KPRBB,0.15889023,0,Low Risk,38,One year,Fiber optic,No,Mailed check,Continue regular engagement,89.1
4690-PKDQG,0.46607536,1,Medium Risk,42,Month-to-month,Fiber optic,No,Electronic check,Offer contract upgrade incentive,95.55
8155-IBNHG,0.30408147,0,Low Risk,24,Month-to-month,Fiber optic,No,Credit card (automatic),Continue regular engagement,75.4
0886-QGENL,0.606049,1,Medium Risk,27,Month-to-month,Fiber optic,No,Electronic check,Offer contract upgrade incentive,101.25
9547-ITEFG,0.72863114,1,High Risk,9,Month-to-month,Fiber optic,No,Credit card (automatic),Offer annual contract discount + proactive support,102.6
1264-FUHCX,0.15316086,0,Low Risk,49,One year,DSL,Yes,Credit card (automatic),Continue regular engagement,56.3
7789-CRUVC,0.117160745,0,Low Risk,61,Month-to-month,Fiber optic,Yes,Credit card (automatic),Continue regular engagement,94.2
6598-KELSS,0.05692151,0,Low Risk,50,One year,DSL,No,Bank transfer (automatic),Continue regular engagement,43.05
8739-WWKDU,0.61322063,1,Medium Risk,25,Month-to-month,Fiber optic,No,Electronic check,Offer contract upgrade incentive,89.5
8685-WHQPW,0.41762084,1,Medium Risk,22,Month-to-month,Fiber optic,No,Bank transfer (automatic),Offer contract upgrade incentive,74.4
4745-LSPLO,0.31657597,0,Low Risk,1,Month-to-month,No,No internet service,Mailed check,Continue regular engagement,20.5
8083-YTZES,0.6835878,1,Medium Risk,4,Month-to-month,Fiber optic,No,Electronic check,Offer contract upgrade incentive,74.35
7240-FQLHE,0.5734361,1,Medium Risk,18,Month-to-month,Fiber optic,Yes,Bank transfer (automatic),Offer contract upgrade incentive,99.75
6664-FPDAC,0.2140012,0,Low Risk,56,One year,Fiber optic,Yes,Electronic check,Continue regular engagement,111.95
9972-VAFJJ,0.11425997,0,Low Risk,53,One year,Fiber optic,Yes,Electronic check,Continue regular engagement,94.0
0422-UXFAP,0.3505281,1,Medium Risk,51,One year,Fiber optic,No,Electronic check,Monitor customer + targeted engagement,98.85
1904-WAJAA,0.026482804,0,Low Risk,24,Two year,DSL,No,Electronic check,Continue regular engagement,64.35
5130-YPIRV,0.014927034,0,Low Risk,62,Two year,DSL,No,Credit card (automatic),Continue regular engagement,72.0
2843-CQMEG,0.13473892,0,Low Risk,24,Month-to-month,DSL,No,Mailed check,Continue regular engagement,49.7
6439-PKTRR,0.022674626,0,Low Risk,70,Two year,DSL,Yes,Electronic check,Continue regular engagement,80.7
5351-QESIO,0.5337092,1,Medium Risk,1,Month-to-month,DSL,No,Mailed check,Offer contract upgrade incentive,24.2
0786-VSSUD,0.42177632,1,Medium Risk,16,Month-to-month,DSL,No,Mailed check,Offer contract upgrade incentive,39.0
5568-DMXZS,0.3014291,0,Low Risk,8,Month-to-month,DSL,Yes,Electronic check,Continue regular engagement,65.45
8468-FZTOE,0.015980216,0,Low Risk,72,Two year,DSL,Yes,Electronic check,Continue regular engagement,74.35
6633-SYEUS,0.18900423,0,Low Risk,23,Month-to-month,Fiber optic,Yes,Bank transfer (automatic),Continue regular engagement,83.2
6447-GORXK,0.11683186,0,Low Risk,31,Month-to-month,DSL,No,Credit card (automatic),Continue regular engagement,25.0
6967-PEJLL,0.07311122,0,Low Risk,37,One year,DSL,Yes,Electronic check,Continue regular engagement,40.2
3976-BWUCK,0.3371775,0,Low Risk,30,Month-to-month,Fiber optic,Yes,Credit card (automatic),Continue regular engagement,94.1
5981-ZVXOT,0.23075023,0,Low Risk,35,One year,Fiber optic,No,Electronic check,Continue regular engagement,108.35
1684-FLBGS,0.10329219,0,Low Risk,23,Month-to-month,DSL,Yes,Credit card (automatic),Continue regular engagement,69.5
1389-WNUIB,0.09158153,0,Low Risk,20,One year,DSL,No,Bank transfer (automatic),Continue regular engagement,76.0
0376-OIWME,0.29778838,0,Low Risk,36,Month-to-month,Fiber optic,No,Electronic check,Continue regular engagement,93.6
3585-ISXZP,0.72627044,1,High Risk,8,Month-to-month,Fiber optic,No,Bank transfer (automatic),Offer annual contract discount + proactive support,95.65
0218-QNVAS,0.082057856,0,Low Risk,71,One year,Fiber optic,No,Bank transfer (automatic),Continue regular engagement,100.55
6583-QGCSI,0.48910245,1,Medium Risk,50,Month-to-month,Fiber optic,No,Electronic check,Offer contract upgrade incentive,88.05
0804-YGEQV,0.02928182,0,Low Risk,43,One year,No,No internet service,Bank transfer (automatic),Continue regular engagement,24.45
7164-BPTUT,0.013260903,0,Low Risk,57,Two year,DSL,Yes,Mailed check,Continue regular engagement,89.55
4174-LPGTI,0.11870757,0,Low Risk,41,One year,DSL,Yes,Bank transfer (automatic),Continue regular engagement,66.5
2523-EWWZL,0.36515632,1,Medium Risk,27,Month-to-month,Fiber optic,No,Electronic check,Offer contract upgrade incentive,76.1
0928-XUTSN,0.48923123,1,Medium Risk,13,Month-to-month,Fiber optic,No,Electronic check,Offer contract upgrade incentive,80.5
2108-XWMPY,0.4808425,1,Medium Risk,3,Month-to-month,DSL,No,Mailed check,Offer contract upgrade incentive,35.45
0052-YNYOT,0.02847869,0,Low Risk,67,One year,No,No internet service,Electronic check,Continue regular engagement,20.55
6304-IJFSQ,0.41356492,1,Medium Risk,3,Month-to-month,DSL,No,Mailed check,Offer contract upgrade incentive,49.9
9586-JGQKH,0.10499819,0,Low Risk,64,Two year,Fiber optic,Yes,Bank transfer (automatic),Continue regular engagement,105.4
4501-VCPFK,0.15315332,0,Low Risk,26,Month-to-month,DSL,Yes,Electronic check,Continue regular engagement,35.75
6075-SLNIL,0.28004116,0,Low Risk,38,Month-to-month,Fiber optic,No,Credit card (automatic),Continue regular engagement,95.1
9347-AERRL,0.014307956,0,Low Risk,23,One year,No,No internet service,Credit card (automatic),Continue regular engagement,19.3
0093-XWZFY,0.5367187,1,Medium Risk,40,Month-to-month,Fiber optic,No,Credit card (automatic),Offer contract upgrade incentive,104.5
2274-XUATA,0.009382613,0,Low Risk,72,Two year,DSL,Yes,Bank transfer (automatic),Continue regular engagement,63.1
1980-KXVPM,0.7709742,1,High Risk,3,Month-to-month,Fiber optic,No,Credit card (automatic),Offer annual contract discount + proactive support,75.05
7703-ZEKEF,0.50842625,1,Medium Risk,23,Month-to-month,Fiber optic,No,Electronic check,Offer contract upgrade incentive,81.0
0723-DRCLG,0.87478656,1,High Risk,1,Month-to-month,Fiber optic,No,Electronic check,Offer annual contract discount + proactive support,74.45
5482-NUPNA,0.21757975,0,Low Risk,4,Month-to-month,DSL,Yes,Mailed check,Continue regular engagement,60.4
6691-CCIHA,0.024052227,0,Low Risk,62,Two year,DSL,Yes,Electronic check,Continue regular engagement,84.95
1685-BQULA,0.2884411,0,Low Risk,40,Month-to-month,Fiber optic,No,Bank transfer (automatic),Continue regular engagement,93.4
9053-EJUNL,0.4414168,1,Medium Risk,41,Month-to-month,Fiber optic,No,Electronic check,Offer contract upgrade incentive,89.2
0666-UXTJO,0.3628998,1,Medium Risk,34,Month-to-month,Fiber optic,No,Credit card (automatic),Offer contract upgrade incentive,85.2
1471-GIQKQ,0.439194,1,Medium Risk,1,Month-to-month,DSL,No,Electronic check,Offer contract upgrade incentive,49.95
4807-IZYOZ,0.014477009,0,Low Risk,51,Two year,No,No internet service,Bank transfer (automatic),Continue regular engagement,20.65
1122-JWTJW,0.7418566,1,High Risk,1,Month-to-month,Fiber optic,No,Mailed check,Offer annual contract discount + proactive support,70.65
9710-NJERN,0.015026756,0,Low Risk,39,Two year,No,No internet service,Mailed check,Continue regular engagement,20.15
9837-FWLCH,0.07726632,0,Low Risk,12,Month-to-month,No,No internet service,Electronic check,Continue regular engagement,19.2
1699-HPSBG,0.19784363,0,Low Risk,12,One year,DSL,Yes,Electronic check,Continue regular engagement,59.8
7203-OYKCT,0.16659337,0,Low Risk,72,One year,Fiber optic,No,Electronic check,Continue regular engagement,104.95
1035-IPQPU,0.3782145,1,Medium Risk,63,Month-to-month,Fiber optic,No,Electronic check,Offer contract upgrade incentive,103.5
7398-LXGYX,0.24530469,0,Low Risk,44,Month-to-month,Fiber optic,No,Credit card (automatic),Continue regular engagement,84.8
2823-LKABH,0.3646231,1,Medium Risk,18,Month-to-month,Fiber optic,Yes,Bank transfer (automatic),Offer contract upgrade incentive,95.05
8775-CEBBJ,0.26900643,0,Low Risk,9,Month-to-month,DSL,No,Bank transfer (automatic),Continue regular engagement,44.2
0550-DCXLH,0.14973243,0,Low Risk,13,Month-to-month,DSL,Yes,Mailed check,Continue regular engagement,73.35
9281-CEDRU,0.01202618,0,Low Risk,68,Two year,DSL,Yes,Bank transfer (automatic),Continue regular engagement,64.1
2235-DWLJU,0.5990754,1,Medium Risk,6,Month-to-month,DSL,No,Electronic check,Offer contract upgrade incentive,44.4
0871-OPBXW,0.19036023,0,Low Risk,2,Month-to-month,No,No internet service,Mailed check,Continue regular engagement,20.05
3605-JISKB,0.06376495,0,Low Risk,55,One year,DSL,No,Credit card (automatic),Continue regular engagement,60.0
6894-LFHLY,0.89518243,1,High Risk,1,Month-to-month,Fiber optic,No,Electronic check,Offer annual contract discount + proactive support,75.75
9767-FFLEM,0.31731042,0,Low Risk,38,Month-to-month,Fiber optic,No,Credit card (automatic),Continue regular engagement,69.5
0639-TSIQW,0.36149272,1,Medium Risk,67,Month-to-month,Fiber optic,No,Credit card (automatic),Offer contract upgrade incentive,102.95
8456-QDAVC,0.40830985,1,Medium Risk,19,Month-to-month,Fiber optic,No,Bank transfer (automatic),Offer contract upgrade incentive,78.7
7750-EYXWZ,0.13920502,0,Low Risk,12,One year,DSL,Yes,Electronic check,Continue regular engagement,60.65
2569-WGERO,0.007526924,0,Low Risk,72,Two year,No,No internet service,Bank transfer (automatic),Continue regular engagement,21.15
6840-RESVB,0.085205615,0,Low Risk,24,One year,DSL,Yes,Mailed check,Continue regular engagement,84.8
2234-XADUH,0.073793426,0,Low Risk,72,One year,Fiber optic,No,Credit card (automatic),Continue regular engagement,103.2
4801-JZAZL,0.2789676,0,Low Risk,11,Month-to-month,DSL,No,Electronic check,Continue regular engagement,29.6
8361-LTMKD,0.67131495,1,Medium Risk,4,Month-to-month,Fiber optic,No,Mailed check,Offer contract upgrade incentive,74.4
3186-AJIEK,0.09055396,0,Low Risk,66,Two year,Fiber optic,Yes,Bank transfer (automatic),Continue regular engagement,105.65
